999
DXF file: C:\Users\sesa63760\Dev\_Creo\CAD\MCADPD0004498_3D-CAD\drw0001_4.dxf
999
Pro/ENGINEER 2019471 by Parametric Technology Corporation
  0
SECTION
  2
HEADER
  9
$ACADVER
  1
AC1024
  9
$DWGCODEPAGE
  3
ANSI_1252
  9
$EXTMAX
 10
96.3345256325
 20
136.2445433946
 30
0.0
  9
$EXTMIN
 10
0.0
 20
0.0
 30
0.0
  9
$LIMMIN
 10
0.0
 20
0.0
  9
$LIMMAX
 10
96.3345256325
 20
136.2445433946
  9
$VIEWCTR
 10
48.1672628163
 20
68.1222716973
  9
$VIEWSIZE
 40
136.2445433946
  9
$CLAYER
  8
0
  9
$LTSCALE
 40
8.8811257916
  9
$CELTYPE
  6
BYLAYER
  9
$DIMSCALE
 40
1.0
  9
$DIMASZ
 40
1.1468395909
  9
$DIMEXO
 40
1.0
  9
$DIMDLI
 40
6.136050547
  9
$DIMEXE
 40
1.0
  9
$DIMCEN
 40
1.4532751295
  9
$DIMLFAC
 40
1.0
  9
$DIMBLK
  1
_FILLED
  9
$DIMALT
 70
0
  9
$DIMALTF
 40
0.0393700787
  9
$DIMTXT
 40
1.6055754272
  9
$DIMTOL
 70
1
  9
$DIMLIM
 70
0
  9
$DIMTFAC
 40
1.0
  9
$DIMTP
 40
0.01
  9
$DIMTM
 40
0.01
  9
$DIMGAP
 40
0.625
  9
$DIMDSEP
 70
46
  9
$AUNITS
 70
0
  9
$PDMODE
 70
3
  9
$PDSIZE
 40
0.3125
  9
$HANDSEED
  5
C10
  9
$TILEMODE
 70
1
  9
$MEASUREMENT
 70
1
  9
$INSUNITS
 70
4
  0
ENDSEC
  0
SECTION
  2
CLASSES
  0
CLASS
  1
ACDBDICTIONARYWDFLT
  2
AcDbDictionaryWithDefault
  3
AutoCAD 2000
 90
0
 91
1
280
0
281
0
  0
CLASS
  1
ACDBPLACEHOLDER
  2
AcDbPlaceHolder
  3
AutoCAD 2000
 90
0
 91
1
280
0
281
0
  0
CLASS
  1
LAYOUT
  2
AcDbLayout
  3
AutoCAD 2000
 90
0
 91
0
280
0
281
0
  0
ENDSEC
  0
SECTION
  2
TABLES
  0
TABLE
  2
VPORT
  5
8
100
AcDbSymbolTable
 70
2
  0
VPORT
  5
1F4
100
AcDbSymbolTableRecord
100
AcDbViewportTableRecord
  2
*ACTIVE
 70
0
 10
0.0
 20
0.0
 11
1.0
 21
1.0
 12
48.1672628163
 22
68.1222716973
 13
0.0
 23
0.0
 14
1.0
 24
1.0
 15
0.0
 25
0.0
 16
0.0
 26
0.0
 36
1.0
 17
0.0
 27
0.0
 37
0.0
 40
136.2445433946
 41
0.7070707071
 42
50.0
 43
0.0
 44
0.0
 50
0.0
 51
0.0
 71
0
 72
100
 73
1
 74
1
 75
0
 76
0
 77
0
 78
0
  0
ENDTAB
  0
TABLE
  2
LTYPE
  5
5
100
AcDbSymbolTable
 70
6
  0
LTYPE
  5
14
100
AcDbSymbolTableRecord
100
AcDbLinetypeTableRecord
  2
BYBLOCK
 70
0
  3

 72
65
 73
0
 40
0.0
  0
LTYPE
  5
15
100
AcDbSymbolTableRecord
100
AcDbLinetypeTableRecord
  2
BYLAYER
 70
0
  3

 72
65
 73
0
 40
0.0
  0
LTYPE
  5
16
100
AcDbSymbolTableRecord
100
AcDbLinetypeTableRecord
  2
CONTINUOUS
 70
64
  3
Solid line
 72
65
 73
0
 40
0.0
  0
LTYPE
  5
1F5
100
AcDbSymbolTableRecord
100
AcDbLinetypeTableRecord
  2
CENTER
 70
64
  3
____ _ ____ _ ____ _ ____ _ ____ _ ____ _ ____
 72
65
 73
4
 40
0.6
 49
0.375
 74
0
 49
-0.075
 74
0
 49
0.075
 74
0
 49
-0.075
 74
0
  0
LTYPE
  5
1F6
100
AcDbSymbolTableRecord
100
AcDbLinetypeTableRecord
  2
HIDDEN
 70
64
  3
- - - - - - - - - - - - - - - - - - - -
 72
65
 73
2
 40
0.2
 49
0.1
 74
0
 49
-0.1
 74
0
  0
LTYPE
  5
1F7
100
AcDbSymbolTableRecord
100
AcDbLinetypeTableRecord
  2
PHANTOM
 70
64
  3
_____ _ _ _____ _ _ _____ _ _ _____
 72
65
 73
6
 40
0.8
 49
0.45
 74
0
 49
-0.05
 74
0
 49
0.1
 74
0
 49
-0.05
 74
0
 49
0.1
 74
0
 49
-0.05
 74
0
  0
LTYPE
  5
1F8
100
AcDbSymbolTableRecord
100
AcDbLinetypeTableRecord
  2
DOT
 70
64
  3
. . . . . . . . . . . . . . . . . . . .
 72
65
 73
2
 40
0.2
 49
0.1
 74
0
 49
-0.1
 74
0
  0
LTYPE
  5
1F9
100
AcDbSymbolTableRecord
100
AcDbLinetypeTableRecord
  2
DASHED
 70
64
  3
- - - - - - - - - - - - - - - - - - - -
 72
65
 73
2
 40
0.2
 49
0.1
 74
0
 49
-0.1
 74
0
  0
ENDTAB
  0
TABLE
  2
LAYER
  5
2
100
AcDbSymbolTable
 70
36
  0
LAYER
  5
10
100
AcDbSymbolTableRecord
100
AcDbLayerTableRecord
  2
0
 70
0
 62
7
  6
CONTINUOUS
370
-3
390
F
  0
LAYER
  5
1FA
100
AcDbSymbolTableRecord
100
AcDbLayerTableRecord
  2
DEFAULT_1
 70
0
 62
7
  6
CENTER
370
-3
390
F
  0
LAYER
  5
1FB
100
AcDbSymbolTableRecord
100
AcDbLayerTableRecord
  2
DEFAULT_2
 70
0
 62
7
  6
HIDDEN
370
-3
390
F
  0
LAYER
  5
1FC
100
AcDbSymbolTableRecord
100
AcDbLayerTableRecord
  2
DEFAULT_3
 70
0
 62
7
  6
PHANTOM
370
-3
390
F
  0
LAYER
  5
1FD
100
AcDbSymbolTableRecord
100
AcDbLayerTableRecord
  2
00_COMPONENTS
 70
0
 62
7
  6
CONTINUOUS
370
-3
390
F
  0
LAYER
  5
1FE
100
AcDbSymbolTableRecord
100
AcDbLayerTableRecord
  2
01_1_DEFAULT_DATUMS
 70
0
 62
7
  6
CONTINUOUS
370
-3
390
F
  0
LAYER
  5
1FF
100
AcDbSymbolTableRecord
100
AcDbLayerTableRecord
  2
01_PLANES
 70
0
 62
7
  6
CONTINUOUS
370
-3
390
F
  0
LAYER
  5
200
100
AcDbSymbolTableRecord
100
AcDbLayerTableRecord
  2
02_COORD_SYS
 70
0
 62
7
  6
CONTINUOUS
370
-3
390
F
  0
LAYER
  5
201
100
AcDbSymbolTableRecord
100
AcDbLayerTableRecord
  2
03_AXES
 70
0
 62
7
  6
CONTINUOUS
370
-3
390
F
  0
LAYER
  5
202
100
AcDbSymbolTableRecord
100
AcDbLayerTableRecord
  2
04_POINTS
 70
0
 62
7
  6
CONTINUOUS
370
-3
390
F
  0
LAYER
  5
203
100
AcDbSymbolTableRecord
100
AcDbLayerTableRecord
  2
05_CURVES
 70
0
 62
7
  6
CONTINUOUS
370
-3
390
F
  0
LAYER
  5
204
100
AcDbSymbolTableRecord
100
AcDbLayerTableRecord
  2
06_SURFS
 70
0
 62
7
  6
CONTINUOUS
370
-3
390
F
  0
LAYER
  5
205
100
AcDbSymbolTableRecord
100
AcDbLayerTableRecord
  2
07_COSMETICS
 70
0
 62
7
  6
CONTINUOUS
370
-3
390
F
  0
LAYER
  5
206
100
AcDbSymbolTableRecord
100
AcDbLayerTableRecord
  2
10_NOTES
 70
0
 62
7
  6
CONTINUOUS
370
-3
390
F
  0
LAYER
  5
207
100
AcDbSymbolTableRecord
100
AcDbLayerTableRecord
  2
11_NOTES_PUB
 70
0
 62
7
  6
CONTINUOUS
370
-3
390
F
  0
LAYER
  5
208
100
AcDbSymbolTableRecord
100
AcDbLayerTableRecord
  2
13_REF_GTOL
 70
0
 62
7
  6
CONTINUOUS
370
-3
390
F
  0
LAYER
  5
209
100
AcDbSymbolTableRecord
100
AcDbLayerTableRecord
  2
16_MISC
 70
0
 62
7
  6
CONTINUOUS
370
-3
390
F
  0
LAYER
  5
20A
100
AcDbSymbolTableRecord
100
AcDbLayerTableRecord
  2
17_NO_PRINT
 70
0
 62
7
  6
CONTINUOUS
370
-3
390
F
  0
LAYER
  5
20B
100
AcDbSymbolTableRecord
100
AcDbLayerTableRecord
  2
18_DATUM_CAMS_JOINTS
 70
0
 62
7
  6
CONTINUOUS
370
-3
390
F
  0
LAYER
  5
20C
100
AcDbSymbolTableRecord
100
AcDbLayerTableRecord
  2
19_DATUM_FUNCTIONAL
 70
0
 62
7
  6
CONTINUOUS
370
-3
390
F
  0
LAYER
  5
20D
100
AcDbSymbolTableRecord
100
AcDbLayerTableRecord
  2
20_DATUM_KINEMATIC_SCHEME
 70
0
 62
7
  6
CONTINUOUS
370
-3
390
F
  0
ENDTAB
  0
TABLE
  2
STYLE
  5
3
100
AcDbSymbolTable
 70
1
  0
STYLE
  5
11
100
AcDbSymbolTableRecord
100
AcDbTextStyleTableRecord
  2
STANDARD
 70
0
 40
0.0
 41
1.0
 50
0.0
 71
0
 42
0.2
  3
ARIAL.TTF
  4

  0
STYLE
  5
20E
100
AcDbSymbolTableRecord
100
AcDbTextStyleTableRecord
  2
TEXTSTYLE_1
 70
0
 40
0.0
 41
0.8
 50
0.0
 71
0
 42
0.2
  3
gdt
  4

  0
ENDTAB
  0
TABLE
  2
VIEW
  5
6
100
AcDbSymbolTable
 70
0
  0
ENDTAB
  0
TABLE
  2
UCS
  5
7
100
AcDbSymbolTable
 70
0
  0
ENDTAB
  0
TABLE
  2
APPID
  5
9
100
AcDbSymbolTable
 70
1
  0
APPID
  5
20F
100
AcDbSymbolTableRecord
100
AcDbRegAppTableRecord
  2
ACAD
 70
0
  0
ENDTAB
  0
TABLE
  2
BLOCK_RECORD
  5
1
100
AcDbSymbolTable
 70
0
  0
BLOCK_RECORD
  5
210
100
AcDbSymbolTableRecord
100
AcDbBlockTableRecord
  2
*Model_Space
  0
BLOCK_RECORD
  5
211
100
AcDbSymbolTableRecord
100
AcDbBlockTableRecord
  2
*Paper_Space
  0
BLOCK_RECORD
  5
212
100
AcDbSymbolTableRecord
100
AcDbBlockTableRecord
  2
_FILLED
  0
ENDTAB
  0
TABLE
  2
DIMSTYLE
  5
A
100
AcDbSymbolTable
 70
1
100
AcDbDimStyleTable
 71
0
  0
DIMSTYLE
105
213
100
AcDbSymbolTableRecord
100
AcDbDimStyleTableRecord
  2
STANDARD
 70
0
  3

  4

 40
1.0
 41
1.1468395909
 42
1.0
 43
0.38
 44
1.0
 45
0.0
 46
0.0
 47
0.01
 48
0.01
140
1.6055754272
141
0.09
142
0.0
143
25.4
144
1.0
145
0.0
146
1.0
147
0.625
 71
1
 72
0
 73
0
 74
0
 75
0
 76
0
 77
1
 78
8
 79
2
170
0
171
1
172
0
173
0
174
0
175
0
176
0
177
0
178
0
270
2
179
2
271
2
272
2
273
2
274
2
275
0
280
0
281
0
282
0
283
1
284
8
285
0
286
0
287
3
288
0
340
11
278
46
341
212
342
212
343
212
344
212
  0
ENDTAB
  0
ENDSEC
  0
SECTION
  2
BLOCKS
  0
BLOCK
  5
20
100
AcDbEntity
  8
0
100
AcDbBlockBegin
  2
*Model_Space
 70
0
 10
0.0
 20
0.0
 30
0.0
  3
*Model_Space
  1

  0
ENDBLK
  5
21
100
AcDbEntity
  8
0
100
AcDbBlockEnd
  0
BLOCK
  5
1C
100
AcDbEntity
  8
0
100
AcDbBlockBegin
  2
*Paper_Space
 70
0
 10
0.0
 20
0.0
 30
0.0
  3
*Paper_Space
  1

  0
ENDBLK
  5
1D
100
AcDbEntity
  8
0
100
AcDbBlockEnd
  0
BLOCK
  5
214
100
AcDbEntity
  8
0
100
AcDbBlockBegin
  2
_FILLED
 70
64
 10
0.0
 20
0.0
  3
_FILLED
  1

  0
SOLID
  5
215
100
AcDbEntity
  8
0
  6
BYBLOCK
 62
0
100
AcDbTrace
 10
0.0
 20
0.0
 11
-1.0
 21
0.25
 12
-1.0
 22
-0.25
 13
-1.0
 23
-0.25
  0
ENDBLK
  5
216
100
AcDbEntity
  8
0
  6
BYBLOCK
 62
0
100
AcDbBlockEnd
  0
ENDSEC
  0
SECTION
  2
ENTITIES
  0
LINE
  5
217
100
AcDbEntity
  8
0
100
AcDbLine
 62
7
  6
BYLAYER
 10
78.2754593135
 20
13.614514656
 11
79.4179777189
 21
13.9355762406
  0
LINE
  5
218
100
AcDbEntity
  8
0
100
AcDbLine
 62
7
  6
BYLAYER
 10
20.5604961243
 20
13.614514656
 11
19.4179777189
 21
13.9355762406
  0
LINE
  5
219
100
AcDbEntity
  8
0
100
AcDbLine
 62
7
  6
BYLAYER
 10
23.2179777189
 20
11.8724893504
 11
19.7469676472
 21
13.1358336993
  0
LINE
  5
21A
100
AcDbEntity
  8
0
100
AcDbLine
 62
7
  6
BYLAYER
 10
22.2742737324
 20
12.414514656
 11
20.5604961243
 21
13.614514656
  0
LINE
  5
21B
100
AcDbEntity
  8
0
100
AcDbLine
 62
7
  6
BYLAYER
 10
86.9179777189
 20
9.7555762406
 11
11.9179777189
 21
9.7555762406
  0
LINE
  5
21C
100
AcDbEntity
  8
0
100
AcDbLine
 62
7
  6
BYLAYER
 10
56.4179777189
 20
10.2555762406
 11
37.4179777189
 21
10.2555762406
  0
LINE
  5
21D
100
AcDbEntity
  8
0
100
AcDbLine
 62
7
  6
BYLAYER
 10
37.4179777189
 20
10.6118564626
 11
56.4179777189
 21
10.6118564626
  0
LINE
  5
21E
100
AcDbEntity
  8
0
100
AcDbLine
 62
7
  6
BYLAYER
 10
81.6179777189
 20
11.7555762406
 11
57.4179777189
 21
11.7555762406
  0
LINE
  5
21F
100
AcDbEntity
  8
0
100
AcDbLine
 62
7
  6
BYLAYER
 10
41.4179777189
 20
11.7555762406
 11
37.4179777189
 21
11.7555762406
  0
LINE
  5
220
100
AcDbEntity
  8
0
100
AcDbLine
 62
7
  6
BYLAYER
 10
35.4179777189
 20
11.7555762406
 11
17.2179777189
 21
11.7555762406
  0
LINE
  5
221
100
AcDbEntity
  8
0
100
AcDbLine
 62
7
  6
BYLAYER
 10
35.4179777189
 20
11.7555762406
 11
37.4179777189
 21
11.7555762406
  0
LINE
  5
222
100
AcDbEntity
  8
0
100
AcDbLine
 62
7
  6
BYLAYER
 10
75.6179777189
 20
11.8724893504
 11
63.2179777189
 21
11.8724893504
  0
LINE
  5
223
100
AcDbEntity
  8
0
100
AcDbLine
 62
7
  6
BYLAYER
 10
35.6179777189
 20
11.8724893504
 11
23.2179777189
 21
11.8724893504
  0
LINE
  5
224
100
AcDbEntity
  8
0
100
AcDbLine
 62
7
  6
BYLAYER
 10
17.2179777189
 20
12.126166718
 11
41.4179777189
 21
12.126166718
  0
LINE
  5
225
100
AcDbEntity
  8
0
100
AcDbLine
 62
7
  6
BYLAYER
 10
57.4179777189
 20
12.126166718
 11
81.6179777189
 21
12.126166718
  0
LINE
  5
226
100
AcDbEntity
  8
0
100
AcDbLine
 62
7
  6
BYLAYER
 10
22.2742737324
 20
12.414514656
 11
36.5616817054
 21
12.414514656
  0
LINE
  5
227
100
AcDbEntity
  8
0
100
AcDbLine
 62
7
  6
BYLAYER
 10
62.2742737324
 20
12.414514656
 11
76.5616817054
 21
12.414514656
  0
LINE
  5
228
100
AcDbEntity
  8
0
100
AcDbLine
 62
7
  6
BYLAYER
 10
46.5429777189
 20
12.7055762406
 11
44.2929777189
 21
12.7055762406
  0
LINE
  5
229
100
AcDbEntity
  8
0
100
AcDbLine
 62
7
  6
BYLAYER
 10
86.9179777189
 20
12.7555762406
 11
58.9179777189
 21
12.7555762406
  0
LINE
  5
22A
100
AcDbEntity
  8
0
100
AcDbLine
 62
7
  6
BYLAYER
 10
37.4179777189
 20
12.7555762406
 11
11.9179777189
 21
12.7555762406
  0
LINE
  5
22B
100
AcDbEntity
  8
0
100
AcDbLine
 62
7
  6
BYLAYER
 10
50.4179777189
 20
12.8116584333
 11
43.4179777189
 21
12.8116584333
  0
LINE
  5
22C
100
AcDbEntity
  8
0
100
AcDbLine
 62
7
  6
BYLAYER
 10
19.7469676472
 20
13.1358336993
 11
39.0889877906
 21
13.1358336993
  0
LINE
  5
22D
100
AcDbEntity
  8
0
100
AcDbLine
 62
7
  6
BYLAYER
 10
59.7469676472
 20
13.1358336993
 11
79.0889877906
 21
13.1358336993
  0
LINE
  5
22E
100
AcDbEntity
  8
0
100
AcDbLine
 62
7
  6
BYLAYER
 10
43.4179777189
 20
13.2622622779
 11
50.4179777189
 21
13.2622622779
  0
LINE
  5
22F
100
AcDbEntity
  8
0
100
AcDbLine
 62
7
  6
BYLAYER
 10
56.4179777189
 20
13.2804270188
 11
50.4179777189
 21
13.2804270188
  0
LINE
  5
230
100
AcDbEntity
  8
0
100
AcDbLine
 62
7
  6
BYLAYER
 10
37.4179777189
 20
13.2804270188
 11
43.4179777189
 21
13.2804270188
  0
LINE
  5
231
100
AcDbEntity
  8
0
100
AcDbLine
 62
7
  6
BYLAYER
 10
56.4179777189
 20
13.3737029583
 11
37.4179777189
 21
13.3737029583
  0
LINE
  5
232
100
AcDbEntity
  8
0
100
AcDbLine
 62
7
  6
BYLAYER
 10
79.4179777189
 20
13.6056800097
 11
59.4179777189
 21
13.6056800097
  0
LINE
  5
233
100
AcDbEntity
  8
0
100
AcDbLine
 62
7
  6
BYLAYER
 10
39.4179777189
 20
13.6056800097
 11
19.4179777189
 21
13.6056800097
  0
LINE
  5
234
100
AcDbEntity
  8
0
100
AcDbLine
 62
7
  6
BYLAYER
 10
78.2754593135
 20
13.614514656
 11
60.5604961243
 21
13.614514656
  0
LINE
  5
235
100
AcDbEntity
  8
0
100
AcDbLine
 62
7
  6
BYLAYER
 10
38.2754593135
 20
13.614514656
 11
20.5604961243
 21
13.614514656
  0
LINE
  5
236
100
AcDbEntity
  8
0
100
AcDbLine
 62
7
  6
BYLAYER
 10
37.4179777189
 20
13.8686777051
 11
56.4179777189
 21
13.8686777051
  0
LINE
  5
237
100
AcDbEntity
  8
0
100
AcDbLine
 62
7
  6
BYLAYER
 10
79.4179777189
 20
13.9355762406
 11
59.4179777189
 21
13.9355762406
  0
LINE
  5
238
100
AcDbEntity
  8
0
100
AcDbLine
 62
7
  6
BYLAYER
 10
39.4179777189
 20
13.9355762406
 11
19.4179777189
 21
13.9355762406
  0
LINE
  5
239
100
AcDbEntity
  8
0
100
AcDbLine
 62
7
  6
BYLAYER
 10
56.4179777189
 20
14.363652452
 11
37.4179777189
 21
14.363652452
  0
LINE
  5
23A
100
AcDbEntity
  8
0
100
AcDbLine
 62
7
  6
BYLAYER
 10
77.9179777189
 20
14.5055762406
 11
74.4179777189
 21
14.5055762406
  0
LINE
  5
23B
100
AcDbEntity
  8
0
100
AcDbLine
 62
7
  6
BYLAYER
 10
64.4179777189
 20
14.5055762406
 11
60.9179777189
 21
14.5055762406
  0
LINE
  5
23C
100
AcDbEntity
  8
0
100
AcDbLine
 62
7
  6
BYLAYER
 10
37.9179777189
 20
14.5055762406
 11
34.4179777189
 21
14.5055762406
  0
LINE
  5
23D
100
AcDbEntity
  8
0
100
AcDbLine
 62
7
  6
BYLAYER
 10
24.4179777189
 20
14.5055762406
 11
20.9179777189
 21
14.5055762406
  0
LINE
  5
23E
100
AcDbEntity
  8
0
100
AcDbLine
 62
7
  6
BYLAYER
 10
56.4179777189
 20
14.725856473
 11
37.4179777189
 21
14.725856473
  0
LINE
  5
23F
100
AcDbEntity
  8
0
100
AcDbLine
 62
7
  6
BYLAYER
 10
39.9179777189
 20
14.7555762406
 11
41.4179777189
 21
14.7555762406
  0
LINE
  5
240
100
AcDbEntity
  8
0
100
AcDbLine
 62
7
  6
BYLAYER
 10
49.4179777189
 20
14.7555762406
 11
50.9179777189
 21
14.7555762406
  0
LINE
  5
241
100
AcDbEntity
  8
0
100
AcDbLine
 62
7
  6
BYLAYER
 10
37.4179777189
 20
14.9190416382
 11
56.4179777189
 21
14.9190416382
  0
LINE
  5
242
100
AcDbEntity
  8
0
100
AcDbLine
 62
7
  6
BYLAYER
 10
84.8179777189
 20
14.9555762406
 11
57.4179777189
 21
14.9555762406
  0
LINE
  5
243
100
AcDbEntity
  8
0
100
AcDbLine
 62
7
  6
BYLAYER
 10
47.3179777189
 20
14.9555762406
 11
43.5179777189
 21
14.9555762406
  0
LINE
  5
244
100
AcDbEntity
  8
0
100
AcDbLine
 62
7
  6
BYLAYER
 10
41.4179777189
 20
14.9555762406
 11
14.0179777189
 21
14.9555762406
  0
LINE
  5
245
100
AcDbEntity
  8
0
100
AcDbLine
 62
7
  6
BYLAYER
 10
81.6179777189
 20
15.0143952857
 11
57.4179777189
 21
15.0143952857
  0
LINE
  5
246
100
AcDbEntity
  8
0
100
AcDbLine
 62
7
  6
BYLAYER
 10
41.4179777189
 20
15.0143952857
 11
17.2179777189
 21
15.0143952857
  0
LINE
  5
247
100
AcDbEntity
  8
0
100
AcDbLine
 62
7
  6
BYLAYER
 10
11.9179777189
 20
15.2555762406
 11
37.4179777189
 21
15.2555762406
  0
LINE
  5
248
100
AcDbEntity
  8
0
100
AcDbLine
 62
7
  6
BYLAYER
 10
44.4179777189
 20
15.2555762406
 11
54.4179777189
 21
15.2555762406
  0
LINE
  5
249
100
AcDbEntity
  8
0
100
AcDbLine
 62
7
  6
BYLAYER
 10
58.9179777189
 20
15.2555762406
 11
86.9179777189
 21
15.2555762406
  0
LINE
  5
24A
100
AcDbEntity
  8
0
100
AcDbLine
 62
7
  6
BYLAYER
 10
11.9179777189
 20
15.7555762406
 11
86.9179777189
 21
15.7555762406
  0
LINE
  5
24B
100
AcDbEntity
  8
0
100
AcDbLine
 62
7
  6
BYLAYER
 10
11.9179777189
 20
16.2555762406
 11
17.2179777189
 21
16.2555762406
  0
LINE
  5
24C
100
AcDbEntity
  8
0
100
AcDbLine
 62
7
  6
BYLAYER
 10
17.2179777189
 20
16.2555762406
 11
81.6179777189
 21
16.2555762406
  0
LINE
  5
24D
100
AcDbEntity
  8
0
100
AcDbLine
 62
7
  6
BYLAYER
 10
81.6179777189
 20
16.2555762406
 11
86.9179777189
 21
16.2555762406
  0
LINE
  5
24E
100
AcDbEntity
  8
0
100
AcDbLine
 62
7
  6
BYLAYER
 10
56.4179777189
 20
16.7555762406
 11
42.9179777189
 21
16.7555762406
  0
LINE
  5
24F
100
AcDbEntity
  8
0
100
AcDbLine
 62
7
  6
BYLAYER
 10
37.4179777189
 20
17.2555762406
 11
42.9179777189
 21
17.2555762406
  0
LINE
  5
250
100
AcDbEntity
  8
0
100
AcDbLine
 62
7
  6
BYLAYER
 10
18.4179777189
 20
101.3565470169
 11
18.4326075312
 21
101.3734529934
  0
LINE
  5
251
100
AcDbEntity
  8
0
100
AcDbLine
 62
7
  6
BYLAYER
 10
16.4047926857
 20
102.9974452568
 11
17.5216227118
 21
103.5566031903
  0
LINE
  5
252
100
AcDbEntity
  8
0
100
AcDbLine
 62
7
  6
BYLAYER
 10
17.527291372
 20
103.5324067001
 11
16.5248826194
 21
103.0305355168
  0
LINE
  5
253
100
AcDbEntity
  8
0
100
AcDbLine
 62
7
  6
BYLAYER
 10
16.5399990471
 20
102.966011543
 11
17.5424077999
 21
103.4678827264
  0
LINE
  5
254
100
AcDbEntity
  8
0
100
AcDbLine
 62
7
  6
BYLAYER
 10
17.5480764602
 20
103.4436862362
 11
16.4312464341
 21
102.8845283027
  0
LINE
  5
255
100
AcDbEntity
  8
0
100
AcDbLine
 62
7
  6
BYLAYER
 10
38.2754593135
 20
13.614514656
 11
39.4179777189
 21
13.9355762406
  0
LINE
  5
256
100
AcDbEntity
  8
0
100
AcDbLine
 62
7
  6
BYLAYER
 10
42.4179777189
 20
18.6555762406
 11
19.4179777189
 21
18.0555762406
  0
LINE
  5
257
100
AcDbEntity
  8
0
100
AcDbLine
 62
7
  6
BYLAYER
 10
17.2179777189
 20
17.7555762406
 11
13.4179777189
 21
17.7555762406
  0
LINE
  5
258
100
AcDbEntity
  8
0
100
AcDbLine
 62
7
  6
BYLAYER
 10
17.2179777189
 20
17.7555762406
 11
56.4179777189
 21
17.7555762406
  0
LINE
  5
259
100
AcDbEntity
  8
0
100
AcDbLine
 62
7
  6
BYLAYER
 10
60.4179777189
 20
17.7555762406
 11
81.6179777189
 21
17.7555762406
  0
LINE
  5
25A
100
AcDbEntity
  8
0
100
AcDbLine
 62
7
  6
BYLAYER
 10
56.4179777189
 20
17.7555762406
 11
60.4179777189
 21
17.7555762406
  0
LINE
  5
25B
100
AcDbEntity
  8
0
100
AcDbLine
 62
7
  6
BYLAYER
 10
81.6179777189
 20
17.7555762406
 11
85.4179777189
 21
17.7555762406
  0
LINE
  5
25C
100
AcDbEntity
  8
0
100
AcDbLine
 62
7
  6
BYLAYER
 10
85.4179777189
 20
18.2555762406
 11
13.4179777189
 21
18.2555762406
  0
LINE
  5
25D
100
AcDbEntity
  8
0
100
AcDbLine
 62
7
  6
BYLAYER
 10
37.4179777189
 20
18.6555762406
 11
61.4179777189
 21
18.6555762406
  0
LINE
  5
25E
100
AcDbEntity
  8
0
100
AcDbLine
 62
7
  6
BYLAYER
 10
86.9179777189
 20
18.7555762406
 11
11.9179777189
 21
18.7555762406
  0
LINE
  5
25F
100
AcDbEntity
  8
0
100
AcDbLine
 62
7
  6
BYLAYER
 10
17.2179777189
 20
19.7555762406
 11
12.9179813167
 21
19.7555762406
  0
LINE
  5
260
100
AcDbEntity
  8
0
100
AcDbLine
 62
7
  6
BYLAYER
 10
17.2179777189
 20
19.7555762406
 11
37.4179777189
 21
19.7555762406
  0
LINE
  5
261
100
AcDbEntity
  8
0
100
AcDbLine
 62
7
  6
BYLAYER
 10
37.4179777189
 20
19.7555762406
 11
61.4179777189
 21
19.7555762406
  0
LINE
  5
262
100
AcDbEntity
  8
0
100
AcDbLine
 62
7
  6
BYLAYER
 10
81.6179777189
 20
19.7555762406
 11
85.917974122
 21
19.7555762406
  0
LINE
  5
263
100
AcDbEntity
  8
0
100
AcDbLine
 62
7
  6
BYLAYER
 10
61.4179777189
 20
19.7555762406
 11
81.6179777189
 21
19.7555762406
  0
LINE
  5
264
100
AcDbEntity
  8
0
100
AcDbLine
 62
7
  6
BYLAYER
 10
56.5179777189
 20
19.9555762406
 11
53.4179777189
 21
19.9555762406
  0
LINE
  5
265
100
AcDbEntity
  8
0
100
AcDbLine
 62
7
  6
BYLAYER
 10
45.4179777189
 20
19.9555762406
 11
42.3179777189
 21
19.9555762406
  0
LINE
  5
266
100
AcDbEntity
  8
0
100
AcDbLine
 62
7
  6
BYLAYER
 10
85.9179777124
 20
20.2555721429
 11
51.9179777189
 21
20.2555762406
  0
LINE
  5
267
100
AcDbEntity
  8
0
100
AcDbLine
 62
7
  6
BYLAYER
 10
35.9179777189
 20
20.2555762406
 11
12.9179777186
 21
20.2555762406
  0
LINE
  5
268
100
AcDbEntity
  8
0
100
AcDbLine
 62
7
  6
BYLAYER
 10
86.9179777189
 20
20.3555762406
 11
83.8226710088
 21
20.3555762406
  0
LINE
  5
269
100
AcDbEntity
  8
0
100
AcDbLine
 62
7
  6
BYLAYER
 10
56.5179777189
 20
20.3555762406
 11
42.3179777189
 21
20.3555762406
  0
LINE
  5
26A
100
AcDbEntity
  8
0
100
AcDbLine
 62
7
  6
BYLAYER
 10
15.013284429
 20
20.3555762406
 11
11.9179777189
 21
20.3555762406
  0
LINE
  5
26B
100
AcDbEntity
  8
0
100
AcDbLine
 62
7
  6
BYLAYER
 10
86.7679777189
 20
21.8555762405
 11
84.8179777189
 21
21.8555762405
  0
LINE
  5
26C
100
AcDbEntity
  8
0
100
AcDbLine
 62
7
  6
BYLAYER
 10
14.0179777189
 20
21.8555762406
 11
12.0679777189
 21
21.8555762406
  0
LINE
  5
26D
100
AcDbEntity
  8
0
100
AcDbLine
 62
7
  6
BYLAYER
 10
19.414464042
 20
19.6208852931
 11
37.4179777189
 21
19.1512284145
  0
LINE
  5
26E
100
AcDbEntity
  8
0
100
AcDbLine
 62
7
  6
BYLAYER
 10
79.3736600523
 20
18.0567323537
 11
79.4179777189
 21
18.0555762406
  0
LINE
  5
26F
100
AcDbEntity
  8
0
100
AcDbLine
 62
7
  6
BYLAYER
 10
56.4179777189
 20
18.6555762406
 11
79.3736600523
 21
18.0567323537
  0
LINE
  5
270
100
AcDbEntity
  8
0
100
AcDbLine
 62
7
  6
BYLAYER
 10
60.5604961243
 20
13.614514656
 11
59.4179777189
 21
13.9355762406
  0
LINE
  5
271
100
AcDbEntity
  8
0
100
AcDbLine
 62
7
  6
BYLAYER
 10
63.2179777189
 20
11.8724893504
 11
59.7469676472
 21
13.1358336993
  0
LINE
  5
272
100
AcDbEntity
  8
0
100
AcDbLine
 62
7
  6
BYLAYER
 10
21.9179777189
 20
101.1637670882
 11
21.9035476928
 21
101.1469663143
  0
LINE
  5
273
100
AcDbEntity
  8
0
100
AcDbLine
 62
7
  6
BYLAYER
 10
21.9179777189
 20
101.7636561405
 11
21.9034600551
 21
101.7467963766
  0
LINE
  5
274
100
AcDbEntity
  8
0
100
AcDbLine
 62
7
  6
BYLAYER
 10
21.9179777189
 20
101.0339927466
 11
21.9148865244
 21
101.0304135175
  0
LINE
  5
275
100
AcDbEntity
  8
0
100
AcDbLine
 62
7
  6
BYLAYER
 10
18.4179777189
 20
100.7566684863
 11
18.4326250754
 21
100.773585434
  0
LINE
  5
276
100
AcDbEntity
  8
0
100
AcDbLine
 62
7
  6
BYLAYER
 10
18.4179972447
 20
100.8867227214
 11
18.4210275736
 21
100.8899912621
  0
LINE
  5
277
100
AcDbEntity
  8
0
100
AcDbLine
 62
7
  6
BYLAYER
 10
44.3683967407
 20
123.7555762406
 11
46.1215311095
 21
125.5087106094
  0
LINE
  5
278
100
AcDbEntity
  8
0
100
AcDbLine
 62
7
  6
BYLAYER
 10
45.6679777189
 20
122.1555762406
 11
44.6679777189
 21
121.1555762406
  0
LINE
  5
279
100
AcDbEntity
  8
0
100
AcDbLine
 62
7
  6
BYLAYER
 10
45.1466312147
 20
121.63438077
 11
44.789997877
 21
121.2776698785
  0
LINE
  5
27A
100
AcDbEntity
  8
0
100
AcDbLine
 62
7
  6
BYLAYER
 10
18.5016210425
 20
101.4134429033
 11
18.4326077001
 21
101.3734290338
  0
LINE
  5
27B
100
AcDbEntity
  8
0
100
AcDbLine
 62
7
  6
BYLAYER
 10
18.9238176118
 20
101.1818582824
 11
18.4210275197
 21
100.8900080002
  0
LINE
  5
27C
100
AcDbEntity
  8
0
100
AcDbLine
 62
7
  6
BYLAYER
 10
18.5015656524
 20
100.81357098
 11
18.4326249677
 21
100.7736007041
  0
LINE
  5
27D
100
AcDbEntity
  8
0
100
AcDbLine
 62
7
  6
BYLAYER
 10
21.400643223
 20
101.4549639655
 11
21.9034596111
 21
101.7468595421
  0
LINE
  5
27E
100
AcDbEntity
  8
0
100
AcDbLine
 62
7
  6
BYLAYER
 10
21.4007581267
 20
100.8551457762
 11
21.9035474196
 21
101.1470053147
  0
LINE
  5
27F
100
AcDbEntity
  8
0
100
AcDbLine
 62
7
  6
BYLAYER
 10
21.5410302651
 20
100.8135671211
 11
21.9148863031
 21
101.0304818437
  0
LINE
  5
280
100
AcDbEntity
  8
0
100
AcDbLine
 62
7
  6
BYLAYER
 10
52.0679777189
 20
25.3555762406
 11
46.7679777189
 21
25.3555762406
  0
LWPOLYLINE
  5
281
100
AcDbEntity
  8
0
100
AcDbPolyline
 62
7
  6
BYLAYER
 90
8
 70
0
 10
85.9179776788
 20
19.7555552581
 10
86.1641987364
 20
19.724791514
 10
86.3870583816
 20
19.6387600151
 10
86.5706010227
 20
19.5132792605
 10
86.7155567149
 20
19.3588105561
 10
86.8232897865
 20
19.1803283009
 10
86.8926595595
 20
18.9791820198
 10
86.9179778021
 20
18.7553595263
  0
LWPOLYLINE
  5
282
100
AcDbEntity
  8
0
100
AcDbPolyline
 62
7
  6
BYLAYER
 90
5
 70
0
 10
85.9179776811
 20
19.7555792489
 10
86.1966747537
 20
19.7159553152
 10
86.4870755647
 20
19.5778459713
 10
86.7737943382
 20
19.2728558408
 10
86.9179777193
 20
18.7555650345
  0
LINE
  5
283
100
AcDbEntity
  8
0
100
AcDbLine
 62
7
  6
BYLAYER
 10
13.9179777189
 20
44.7555762406
 11
15.6057384578
 21
42.7555762406
  0
LINE
  5
284
100
AcDbEntity
  8
0
100
AcDbLine
 62
7
  6
BYLAYER
 10
12.6741360508
 20
57.3555762406
 11
12.1679777189
 21
115.3555762406
  0
LINE
  5
285
100
AcDbEntity
  8
0
100
AcDbLine
 62
7
  6
BYLAYER
 10
11.9179777189
 20
57.3555762406
 11
11.9179777189
 21
15.7555762406
  0
LINE
  5
286
100
AcDbEntity
  8
0
100
AcDbLine
 62
7
  6
BYLAYER
 10
11.9179777189
 20
61.3555762406
 11
11.9179777189
 21
57.3555762406
  0
LINE
  5
287
100
AcDbEntity
  8
0
100
AcDbLine
 62
7
  6
BYLAYER
 10
11.9179777189
 20
15.7555762406
 11
11.9179777189
 21
9.7555762406
  0
LINE
  5
288
100
AcDbEntity
  8
0
100
AcDbLine
 62
7
  6
BYLAYER
 10
12.0679777189
 20
44.3555762406
 11
12.0679777189
 21
21.8555762406
  0
LINE
  5
289
100
AcDbEntity
  8
0
100
AcDbLine
 62
7
  6
BYLAYER
 10
12.1679777189
 20
107.5555762406
 11
12.1679777189
 21
115.2216016444
  0
LINE
  5
28A
100
AcDbEntity
  8
0
100
AcDbLine
 62
7
  6
BYLAYER
 10
12.1679777189
 20
115.3555762406
 11
12.1679777189
 21
116.055576255
  0
LINE
  5
28B
100
AcDbEntity
  8
0
100
AcDbLine
 62
7
  6
BYLAYER
 10
12.4810944457
 20
60.7951957496
 11
12.4810944457
 21
61.0922761702
  0
LINE
  5
28C
100
AcDbEntity
  8
0
100
AcDbLine
 62
7
  6
BYLAYER
 10
12.5930777785
 20
60.6574915101
 11
12.5930777785
 21
60.9545719307
  0
LINE
  5
28D
100
AcDbEntity
  8
0
100
AcDbLine
 62
7
  6
BYLAYER
 10
12.7333027189
 20
60.3080898962
 11
12.7333027189
 21
60.9277972657
  0
LINE
  5
28E
100
AcDbEntity
  8
0
100
AcDbLine
 62
7
  6
BYLAYER
 10
12.7679777189
 20
57.3555762406
 11
12.7679777189
 21
115.2216016444
  0
LINE
  5
28F
100
AcDbEntity
  8
0
100
AcDbLine
 62
7
  6
BYLAYER
 10
12.7963547421
 20
60.5769456702
 11
12.7963547421
 21
60.9636446989
  0
LINE
  5
290
100
AcDbEntity
  8
0
100
AcDbLine
 62
7
  6
BYLAYER
 10
12.8430777189
 20
60.894381883
 11
12.8430777189
 21
61.5112643345
  0
LINE
  5
291
100
AcDbEntity
  8
0
100
AcDbLine
 62
7
  6
BYLAYER
 10
12.8594069457
 20
60.7951957496
 11
12.8594069457
 21
61.0922761702
  0
LINE
  5
292
100
AcDbEntity
  8
0
100
AcDbLine
 62
7
  6
BYLAYER
 10
12.9055776593
 20
60.8588483296
 11
12.9055776593
 21
61.2447626587
  0
LINE
  5
293
100
AcDbEntity
  8
0
100
AcDbLine
 62
7
  6
BYLAYER
 10
12.9179777189
 20
57.3555762406
 11
12.9179777189
 21
15.2555762406
  0
LINE
  5
294
100
AcDbEntity
  8
0
100
AcDbLine
 62
7
  6
BYLAYER
 10
12.9224589689
 20
60.5500600953
 11
12.9224589689
 21
60.8471405159
  0
LINE
  5
295
100
AcDbEntity
  8
0
100
AcDbLine
 62
7
  6
BYLAYER
 10
12.9680777785
 20
60.6574915101
 11
12.9680777785
 21
60.9545719307
  0
LINE
  5
296
100
AcDbEntity
  8
0
100
AcDbLine
 62
7
  6
BYLAYER
 10
13.0305777189
 20
60.9743324032
 11
13.0305777189
 21
61.2714128238
  0
LINE
  5
297
100
AcDbEntity
  8
0
100
AcDbLine
 62
7
  6
BYLAYER
 10
13.0485631957
 20
60.7024117114
 11
13.0485631957
 21
60.999492132
  0
LINE
  5
298
100
AcDbEntity
  8
0
100
AcDbLine
 62
7
  6
BYLAYER
 10
13.1116152189
 20
60.6127931034
 11
13.1116152189
 21
61.1998184823
  0
LINE
  5
299
100
AcDbEntity
  8
0
100
AcDbLine
 62
7
  6
BYLAYER
 10
13.1555777785
 20
60.8233147761
 11
13.1555777785
 21
61.1203951968
  0
LINE
  5
29A
100
AcDbEntity
  8
0
100
AcDbLine
 62
7
  6
BYLAYER
 10
13.1679777189
 20
118.7554734042
 11
13.1679777189
 21
118.4058884561
  0
LINE
  5
29B
100
AcDbEntity
  8
0
100
AcDbLine
 62
7
  6
BYLAYER
 10
13.1679166439
 20
116.0555762691
 11
13.1677390569
 21
118.4058884562
  0
LINE
  5
29C
100
AcDbEntity
  8
0
100
AcDbLine
 62
7
  6
BYLAYER
 10
13.1746672421
 20
60.9385854949
 11
13.1746672421
 21
61.2356659155
  0
LINE
  5
29D
100
AcDbEntity
  8
0
100
AcDbLine
 62
7
  6
BYLAYER
 10
13.2179777189
 20
57.3555762406
 11
13.2179777189
 21
47.3555762406
  0
LINE
  5
29E
100
AcDbEntity
  8
0
100
AcDbLine
 62
7
  6
BYLAYER
 10
13.2180777189
 20
60.5508908373
 11
13.2180777189
 21
60.8479712579
  0
LINE
  5
29F
100
AcDbEntity
  8
0
100
AcDbLine
 62
7
  6
BYLAYER
 10
13.2180777189
 20
60.894381883
 11
13.2180777189
 21
61.2092291053
  0
LINE
  5
2A0
100
AcDbEntity
  8
0
100
AcDbLine
 62
7
  6
BYLAYER
 10
20.5679777189
 20
108.2555762406
 11
21.0554777189
 21
110.2555762406
  0
LINE
  5
2A1
100
AcDbEntity
  8
0
100
AcDbLine
 62
7
  6
BYLAYER
 10
20.8179777189
 20
108.6812172663
 11
21.0554777189
 21
109.6555762406
  0
LINE
  5
2A2
100
AcDbEntity
  8
0
100
AcDbLine
 62
7
  6
BYLAYER
 10
19.3179777189
 20
106.2555762406
 11
19.0679777189
 21
105.2555762406
  0
LINE
  5
2A3
100
AcDbEntity
  8
0
100
AcDbLine
 62
7
  6
BYLAYER
 10
20.8179777189
 20
100.1782259714
 11
21.0679777189
 21
100.7555762406
  0
LINE
  5
2A4
100
AcDbEntity
  8
0
100
AcDbLine
 62
7
  6
BYLAYER
 10
22.1321291079
 20
101.7698782899
 11
22.2584333972
 21
102.0221143164
  0
LINE
  5
2A5
100
AcDbEntity
  8
0
100
AcDbLine
 62
7
  6
BYLAYER
 10
13.2679777189
 20
87.5582804141
 11
12.7679777189
 21
87.1236370452
  0
LINE
  5
2A6
100
AcDbEntity
  8
0
100
AcDbLine
 62
7
  6
BYLAYER
 10
13.2679777189
 20
86.8555762406
 11
12.7679777189
 21
86.4209328717
  0
LINE
  5
2A7
100
AcDbEntity
  8
0
100
AcDbLine
 62
7
  6
BYLAYER
 10
23.6786560698
 20
101.201783969
 11
23.6171104539
 21
101.1798856525
  0
LINE
  5
2A8
100
AcDbEntity
  8
0
100
AcDbLine
 62
7
  6
BYLAYER
 10
37.4179777189
 20
28.3555762406
 11
61.4179777189
 21
28.3555762406
  0
LINE
  5
2A9
100
AcDbEntity
  8
0
100
AcDbLine
 62
7
  6
BYLAYER
 10
64.9179777189
 20
29.2555762406
 11
41.9179777189
 21
29.2555762406
  0
LINE
  5
2AA
100
AcDbEntity
  8
0
100
AcDbLine
 62
7
  6
BYLAYER
 10
62.2742737324
 20
12.414514656
 11
60.5604961243
 21
13.614514656
  0
LINE
  5
2AB
100
AcDbEntity
  8
0
100
AcDbLine
 62
7
  6
BYLAYER
 10
18.8886053739
 20
46.4901867508
 11
18.8679777189
 21
46.5133230319
  0
LINE
  5
2AC
100
AcDbEntity
  8
0
100
AcDbLine
 62
7
  6
BYLAYER
 10
18.8886038633
 20
45.3021404483
 11
18.8679777189
 21
45.325277235
  0
LINE
  5
2AD
100
AcDbEntity
  8
0
100
AcDbLine
 62
7
  6
BYLAYER
 10
18.8885430472
 20
47.0842611438
 11
18.8679777189
 21
47.1073629768
  0
LINE
  5
2AE
100
AcDbEntity
  8
0
100
AcDbLine
 62
7
  6
BYLAYER
 10
18.888524083
 20
44.7081456941
 11
18.8679777189
 21
44.7312366758
  0
LINE
  5
2AF
100
AcDbEntity
  8
0
100
AcDbLine
 62
7
  6
BYLAYER
 10
18.8885023004
 20
45.8962366545
 11
18.8679777189
 21
45.9193172992
  0
LINE
  5
2B0
100
AcDbEntity
  8
0
100
AcDbLine
 62
7
  6
BYLAYER
 10
18.8883319639
 20
44.1142136537
 11
18.8679777189
 21
44.1371966868
  0
LINE
  5
2B1
100
AcDbEntity
  8
0
100
AcDbLine
 62
7
  6
BYLAYER
 10
15.6057384578
 20
42.7555762406
 11
17.6179777189
 21
19.7555762406
  0
LINE
  5
2B2
100
AcDbEntity
  8
0
100
AcDbLine
 62
7
  6
BYLAYER
 10
16.4834879329
 20
75.9275464776
 11
16.4834786012
 21
75.9277394255
  0
LINE
  5
2B3
100
AcDbEntity
  8
0
100
AcDbLine
 62
7
  6
BYLAYER
 10
16.4861297151
 20
75.7967562607
 11
16.4834879423
 21
75.9275464678
  0
LINE
  5
2B4
100
AcDbEntity
  8
0
100
AcDbLine
 62
7
  6
BYLAYER
 10
16.5024971025
 20
74.9864386026
 11
16.4998553073
 21
75.1172240839
  0
LINE
  5
2B5
100
AcDbEntity
  8
0
100
AcDbLine
 62
7
  6
BYLAYER
 10
16.4834879422
 20
77.5887192857
 11
16.4851214294
 21
77.5078485157
  0
LINE
  5
2B6
100
AcDbEntity
  8
0
100
AcDbLine
 62
7
  6
BYLAYER
 10
16.5008636422
 20
76.7284822297
 11
16.5024971294
 21
76.6476114632
  0
LINE
  5
2B7
100
AcDbEntity
  8
0
100
AcDbLine
 62
7
  6
BYLAYER
 10
17.0680070435
 20
104.4636466297
 11
17.0680123075
 21
104.4632410547
  0
LINE
  5
2B8
100
AcDbEntity
  8
0
100
AcDbLine
 62
7
  6
BYLAYER
 10
13.2377194457
 20
60.5769456702
 11
13.2377194457
 21
60.9546828406
  0
LINE
  5
2B9
100
AcDbEntity
  8
0
100
AcDbLine
 62
7
  6
BYLAYER
 10
13.2679777189
 20
57.3555762406
 11
13.2679777189
 21
114.3555762406
  0
LINE
  5
2BA
100
AcDbEntity
  8
0
100
AcDbLine
 62
7
  6
BYLAYER
 10
13.2805776593
 20
60.5153572838
 11
13.2805776593
 21
60.8124377044
  0
LINE
  5
2BB
100
AcDbEntity
  8
0
100
AcDbLine
 62
7
  6
BYLAYER
 10
13.3007714689
 20
60.720335428
 11
13.3007714689
 21
61.0174158486
  0
LINE
  5
2BC
100
AcDbEntity
  8
0
100
AcDbLine
 62
7
  6
BYLAYER
 10
13.3430777785
 20
60.867731718
 11
13.3430777785
 21
61.2447626587
  0
LINE
  5
2BD
100
AcDbEntity
  8
0
100
AcDbLine
 62
7
  6
BYLAYER
 10
13.4055777189
 20
60.8055479994
 11
13.4055777189
 21
61.10262842
  0
LINE
  5
2BE
100
AcDbEntity
  8
0
100
AcDbLine
 62
7
  6
BYLAYER
 10
13.4179777189
 20
57.3555762406
 11
13.4179777189
 21
18.2555762406
  0
LINE
  5
2BF
100
AcDbEntity
  8
0
100
AcDbLine
 62
7
  6
BYLAYER
 10
13.4179777189
 20
17.7555762406
 11
13.4179777189
 21
9.7555762406
  0
LINE
  5
2C0
100
AcDbEntity
  8
0
100
AcDbLine
 62
7
  6
BYLAYER
 10
13.4268756957
 20
60.6755261365
 11
13.4268756957
 21
60.9726065571
  0
LINE
  5
2C1
100
AcDbEntity
  8
0
100
AcDbLine
 62
7
  6
BYLAYER
 10
13.4679777189
 20
119.0555762422
 11
13.4679777189
 21
118.7097164356
  0
LINE
  5
2C2
100
AcDbEntity
  8
0
100
AcDbLine
 62
7
  6
BYLAYER
 10
13.4899277189
 20
61.2164031397
 11
13.4899277189
 21
61.5134835603
  0
LINE
  5
2C3
100
AcDbEntity
  8
0
100
AcDbLine
 62
7
  6
BYLAYER
 10
13.5305777785
 20
60.8499649412
 11
13.5305777785
 21
61.1470453618
  0
LINE
  5
2C4
100
AcDbEntity
  8
0
100
AcDbLine
 62
7
  6
BYLAYER
 10
13.5307234605
 20
57.3555762406
 11
13.5307234605
 21
20.3555762406
  0
LINE
  5
2C5
100
AcDbEntity
  8
0
100
AcDbLine
 62
7
  6
BYLAYER
 10
13.5930777189
 20
60.2399722072
 11
13.5930777189
 21
60.5370526278
  0
LINE
  5
2C6
100
AcDbEntity
  8
0
100
AcDbLine
 62
7
  6
BYLAYER
 10
13.6790839689
 20
60.7292972863
 11
13.6790839689
 21
61.0263777069
  0
LINE
  5
2C7
100
AcDbEntity
  8
0
100
AcDbLine
 62
7
  6
BYLAYER
 10
13.7179777189
 20
44.3555762406
 11
13.7179777189
 21
16.2555762406
  0
LINE
  5
2C8
100
AcDbEntity
  8
0
100
AcDbLine
 62
7
  6
BYLAYER
 10
13.7421360823
 20
60.6844879948
 11
13.7421360823
 21
60.9815684154
  0
LINE
  5
2C9
100
AcDbEntity
  8
0
100
AcDbLine
 62
7
  6
BYLAYER
 10
13.7421360823
 20
61.1805557065
 11
13.7421360823
 21
61.4776361271
  0
LINE
  5
2CA
100
AcDbEntity
  8
0
100
AcDbLine
 62
7
  6
BYLAYER
 10
13.7805777189
 20
60.796664611
 11
13.7805777189
 21
61.0937450317
  0
LINE
  5
2CB
100
AcDbEntity
  8
0
100
AcDbLine
 62
7
  6
BYLAYER
 10
13.8430777487
 20
60.2755057607
 11
13.8430777487
 21
60.5725861813
  0
LINE
  5
2CC
100
AcDbEntity
  8
0
100
AcDbLine
 62
7
  6
BYLAYER
 10
13.8430777487
 20
60.8410815529
 11
13.8430777487
 21
61.1381619735
  0
LINE
  5
2CD
100
AcDbEntity
  8
0
100
AcDbLine
 62
7
  6
BYLAYER
 10
13.9179777189
 20
57.3555762406
 11
13.9179777189
 21
17.7555762406
  0
LINE
  5
2CE
100
AcDbEntity
  8
0
100
AcDbLine
 62
7
  6
BYLAYER
 10
13.9179777189
 20
15.7555762406
 11
13.9179777189
 21
15.2555762406
  0
LINE
  5
2CF
100
AcDbEntity
  8
0
100
AcDbLine
 62
7
  6
BYLAYER
 10
13.9312923323
 20
60.7292972863
 11
13.9312923323
 21
61.0263777069
  0
LINE
  5
2D0
100
AcDbEntity
  8
0
100
AcDbLine
 62
7
  6
BYLAYER
 10
13.9943153878
 20
57.3555762406
 11
13.9943153878
 21
20.3555762406
  0
LINE
  5
2D1
100
AcDbEntity
  8
0
100
AcDbLine
 62
7
  6
BYLAYER
 10
13.9943443555
 20
60.6844879948
 11
13.9943443555
 21
60.9815684154
  0
LINE
  5
2D2
100
AcDbEntity
  8
0
100
AcDbLine
 62
7
  6
BYLAYER
 10
13.9943443555
 20
61.2164031397
 11
13.9943443555
 21
61.5134835603
  0
LINE
  5
2D3
100
AcDbEntity
  8
0
100
AcDbLine
 62
7
  6
BYLAYER
 10
14.0179777189
 20
44.3555762406
 11
14.0179777189
 21
14.9555762406
  0
LINE
  5
2D4
100
AcDbEntity
  8
0
100
AcDbLine
 62
7
  6
BYLAYER
 10
14.0305777487
 20
60.796664611
 11
14.0305777487
 21
61.0937450317
  0
LINE
  5
2D5
100
AcDbEntity
  8
0
100
AcDbLine
 62
7
  6
BYLAYER
 10
14.0930776891
 20
60.2399722072
 11
14.0930776891
 21
60.5370526278
  0
LINE
  5
2D6
100
AcDbEntity
  8
0
100
AcDbLine
 62
7
  6
BYLAYER
 10
14.0930776891
 20
60.8410815529
 11
14.0930776891
 21
61.1381619735
  0
LINE
  5
2D7
100
AcDbEntity
  8
0
100
AcDbLine
 62
7
  6
BYLAYER
 10
14.3096047872
 20
60.6755261365
 11
14.3096047872
 21
61.2356659155
  0
LINE
  5
2D8
100
AcDbEntity
  8
0
100
AcDbLine
 62
7
  6
BYLAYER
 10
14.3726569006
 20
60.720335428
 11
14.3726569006
 21
61.1998184823
  0
LINE
  5
2D9
100
AcDbEntity
  8
0
100
AcDbLine
 62
7
  6
BYLAYER
 10
14.405577704
 20
60.5153572838
 11
14.405577704
 21
60.8124377044
  0
LINE
  5
2DA
100
AcDbEntity
  8
0
100
AcDbLine
 62
7
  6
BYLAYER
 10
14.405577704
 20
60.8499649412
 11
14.405577704
 21
61.1470453618
  0
LINE
  5
2DB
100
AcDbEntity
  8
0
100
AcDbLine
 62
7
  6
BYLAYER
 10
14.4179777189
 20
17.7555762406
 11
14.4179777189
 21
57.3555762406
  0
LINE
  5
2DC
100
AcDbEntity
  8
0
100
AcDbLine
 62
7
  6
BYLAYER
 10
14.4680777338
 20
60.5508908373
 11
14.4680777338
 21
61.10262842
  0
LINE
  5
2DD
100
AcDbEntity
  8
0
100
AcDbLine
 62
7
  6
BYLAYER
 10
14.4987610372
 20
60.352899194
 11
14.4987610372
 21
60.6499796146
  0
LINE
  5
2DE
100
AcDbEntity
  8
0
100
AcDbLine
 62
7
  6
BYLAYER
 10
14.4987610372
 20
60.6576024199
 11
14.4987610372
 21
60.9546828406
  0
LINE
  5
2DF
100
AcDbEntity
  8
0
100
AcDbLine
 62
7
  6
BYLAYER
 10
14.5496925017
 20
57.3555762406
 11
14.5496925017
 21
20.3555762406
  0
LINE
  5
2E0
100
AcDbEntity
  8
0
100
AcDbLine
 62
7
  6
BYLAYER
 10
14.593077704
 20
60.867731718
 11
14.593077704
 21
61.1648121386
  0
LINE
  5
2E1
100
AcDbEntity
  8
0
100
AcDbLine
 62
7
  6
BYLAYER
 10
14.593077704
 20
61.1697669659
 11
14.593077704
 21
61.4668473865
  0
LINE
  5
2E2
100
AcDbEntity
  8
0
100
AcDbLine
 62
7
  6
BYLAYER
 10
14.6248652189
 20
60.6307168451
 11
14.6248652189
 21
61.0922761702
  0
LINE
  5
2E3
100
AcDbEntity
  8
0
100
AcDbLine
 62
7
  6
BYLAYER
 10
14.7180777189
 20
60.6574915101
 11
14.7180777189
 21
61.1914623037
  0
LINE
  5
2E4
100
AcDbEntity
  8
0
100
AcDbLine
 62
7
  6
BYLAYER
 10
14.8770735485
 20
60.6665642782
 11
14.8770735485
 21
60.9636446989
  0
LINE
  5
2E5
100
AcDbEntity
  8
0
100
AcDbLine
 62
7
  6
BYLAYER
 10
14.9179777189
 20
45.3873432103
 11
14.9179777189
 21
9.7555762406
  0
LINE
  5
2E6
100
AcDbEntity
  8
0
100
AcDbLine
 62
7
  6
BYLAYER
 10
14.9401256337
 20
60.6307168451
 11
14.9401256337
 21
60.9277972657
  0
LINE
  5
2E7
100
AcDbEntity
  8
0
100
AcDbLine
 62
7
  6
BYLAYER
 10
14.9680777152
 20
60.8588483296
 11
14.9680777152
 21
61.1559287502
  0
LINE
  5
2E8
100
AcDbEntity
  8
0
100
AcDbLine
 62
7
  6
BYLAYER
 10
15.0031777189
 20
60.3080898962
 11
15.0031777189
 21
60.6499796146
  0
LINE
  5
2E9
100
AcDbEntity
  8
0
100
AcDbLine
 62
7
  6
BYLAYER
 10
15.0031777189
 20
60.7951957496
 11
15.0031777189
 21
61.0922761702
  0
LINE
  5
2EA
100
AcDbEntity
  8
0
100
AcDbLine
 62
7
  6
BYLAYER
 10
15.013284429
 20
57.3555762406
 11
15.013284429
 21
20.3555762406
  0
LINE
  5
2EB
100
AcDbEntity
  8
0
100
AcDbLine
 62
7
  6
BYLAYER
 10
15.0179777189
 20
82.2360143618
 11
15.0179777189
 21
85.6751381195
  0
LINE
  5
2EC
100
AcDbEntity
  8
0
100
AcDbLine
 62
7
  6
BYLAYER
 10
15.030577717
 20
60.894381883
 11
15.030577717
 21
61.1914623037
  0
LINE
  5
2ED
100
AcDbEntity
  8
0
100
AcDbLine
 62
7
  6
BYLAYER
 10
15.0930777189
 20
60.6574915101
 11
15.0930777189
 21
60.9545719307
  0
LINE
  5
2EE
100
AcDbEntity
  8
0
100
AcDbLine
 62
7
  6
BYLAYER
 10
15.0930777189
 20
61.1697669659
 11
15.0930777189
 21
61.5112643345
  0
LINE
  5
2EF
100
AcDbEntity
  8
0
100
AcDbLine
 62
7
  6
BYLAYER
 10
15.6179777189
 20
61.3555762406
 11
15.6179777189
 21
39.2555762406
  0
LINE
  5
2F0
100
AcDbEntity
  8
0
100
AcDbLine
 62
7
  6
BYLAYER
 10
15.6679777189
 20
54.1709131747
 11
15.6679777189
 21
57.1555762406
  0
LINE
  5
2F1
100
AcDbEntity
  8
0
100
AcDbLine
 62
7
  6
BYLAYER
 10
15.7929777189
 20
72.870389316
 11
15.7929777189
 21
76.541006046
  0
LINE
  5
2F2
100
AcDbEntity
  8
0
100
AcDbLine
 62
7
  6
BYLAYER
 10
15.7929777189
 20
84.7555762406
 11
15.7929777189
 21
91.3751381195
  0
LINE
  5
2F3
100
AcDbEntity
  8
0
100
AcDbLine
 62
7
  6
BYLAYER
 10
15.9179735996
 20
44.4214636134
 11
15.9179777189
 21
18.2555762406
  0
LINE
  5
2F4
100
AcDbEntity
  8
0
100
AcDbLine
 62
7
  6
BYLAYER
 10
15.9929777189
 20
61.16890945
 11
15.9929777189
 21
39.2555762406
  0
LINE
  5
2F5
100
AcDbEntity
  8
0
100
AcDbLine
 62
7
  6
BYLAYER
 10
16.1429777189
 20
57.3555762406
 11
16.1429777189
 21
73.515843937
  0
LINE
  5
2F6
100
AcDbEntity
  8
0
100
AcDbLine
 62
7
  6
BYLAYER
 10
16.1429777189
 20
76.041006046
 11
16.1429777189
 21
83.1555762406
  0
LINE
  5
2F7
100
AcDbEntity
  8
0
100
AcDbLine
 62
7
  6
BYLAYER
 10
16.1429777189
 20
90.4555762406
 11
16.1429777189
 21
115.3555762406
  0
LINE
  5
2F8
100
AcDbEntity
  8
0
100
AcDbLine
 62
7
  6
BYLAYER
 10
16.1929777189
 20
115.2555762406
 11
16.1929777189
 21
105.2555762406
  0
LINE
  5
2F9
100
AcDbEntity
  8
0
100
AcDbLine
 62
7
  6
BYLAYER
 10
16.1929777189
 20
50.5555762406
 11
16.1929777189
 21
74.3555762406
  0
LINE
  5
2FA
100
AcDbEntity
  8
0
100
AcDbLine
 62
7
  6
BYLAYER
 10
16.1929777189
 20
78.8555762406
 11
16.1929777189
 21
100.7555762406
  0
LINE
  5
2FB
100
AcDbEntity
  8
0
100
AcDbLine
 62
7
  6
BYLAYER
 10
16.3679777189
 20
49.335012423
 11
16.3679777189
 21
50.5555762406
  0
LINE
  5
2FC
100
AcDbEntity
  8
0
100
AcDbLine
 62
7
  6
BYLAYER
 10
16.4064870654
 20
102.4539519186
 11
16.4064870432
 21
101.3130547038
  0
LINE
  5
2FD
100
AcDbEntity
  8
0
100
AcDbLine
 62
7
  6
BYLAYER
 10
16.4179777189
 20
46.3555762404
 11
16.4179777188
 21
17.7555762406
  0
LINE
  5
2FE
100
AcDbEntity
  8
0
100
AcDbLine
 62
7
  6
BYLAYER
 10
16.4295519939
 20
101.214597824
 11
16.429551987
 21
102.355496095
  0
LINE
  5
2FF
100
AcDbEntity
  8
0
100
AcDbLine
 62
7
  6
BYLAYER
 10
16.4339914013
 20
102.8728115004
 11
16.433991403
 21
101.1956543392
  0
LINE
  5
300
100
AcDbEntity
  8
0
100
AcDbLine
 62
7
  6
BYLAYER
 10
16.4834859666
 20
77.5889158808
 11
16.4834859666
 21
75.9277430831
  0
LINE
  5
301
100
AcDbEntity
  8
0
100
AcDbLine
 62
7
  6
BYLAYER
 10
16.4861297283
 20
76.926779531
 11
16.4861297151
 21
75.7967562607
  0
LINE
  5
302
100
AcDbEntity
  8
0
100
AcDbLine
 62
7
  6
BYLAYER
 10
16.4998553073
 20
75.1172240839
 11
16.4998553032
 21
76.2472491336
  0
LINE
  5
303
100
AcDbEntity
  8
0
100
AcDbLine
 62
7
  6
BYLAYER
 10
16.5024971294
 20
76.6476114632
 11
16.5024971304
 21
74.9864384993
  0
LINE
  5
304
100
AcDbEntity
  8
0
100
AcDbLine
 62
7
  6
BYLAYER
 10
16.7179777189
 20
57.3555762406
 11
16.7179777189
 21
14.9555762406
  0
LINE
  5
305
100
AcDbEntity
  8
0
100
AcDbLine
 62
7
  6
BYLAYER
 10
16.7496081416
 20
49.0323403937
 11
16.7496081416
 21
47.3715003778
  0
LINE
  5
306
100
AcDbEntity
  8
0
100
AcDbLine
 62
7
  6
BYLAYER
 10
16.8179777189
 20
60.6450481382
 11
16.8179777189
 21
60.4919577272
  0
LINE
  5
307
100
AcDbEntity
  8
0
100
AcDbLine
 62
7
  6
BYLAYER
 10
16.8179777189
 20
82.8555762406
 11
16.8179777189
 21
84.8555762406
  0
LINE
  5
308
100
AcDbEntity
  8
0
100
AcDbLine
 62
7
  6
BYLAYER
 10
16.8179777189
 20
87.2453088424
 11
16.8179777189
 21
88.3399998197
  0
LINE
  5
309
100
AcDbEntity
  8
0
100
AcDbLine
 62
7
  6
BYLAYER
 10
16.8242584066
 20
101.380070794
 11
16.8242584066
 21
103.0572249478
  0
LINE
  5
30A
100
AcDbEntity
  8
0
100
AcDbLine
 62
7
  6
BYLAYER
 10
16.8918348594
 20
75.1111274307
 11
16.8918348594
 21
76.7722973737
  0
LINE
  5
30B
100
AcDbEntity
  8
0
100
AcDbLine
 62
7
  6
BYLAYER
 10
17.1679777189
 20
39.4555762406
 11
17.1679777189
 21
46.992335586
  0
LINE
  5
30C
100
AcDbEntity
  8
0
100
AcDbLine
 62
7
  6
BYLAYER
 10
17.2179777189
 20
47.1246454164
 11
17.2179777189
 21
15.7555762406
  0
LINE
  5
30D
100
AcDbEntity
  8
0
100
AcDbLine
 62
7
  6
BYLAYER
 10
17.2179777189
 20
15.7555762406
 11
17.2179777189
 21
11.7555762406
  0
LINE
  5
30E
100
AcDbEntity
  8
0
100
AcDbLine
 62
7
  6
BYLAYER
 10
17.2179777189
 20
47.1246454164
 11
17.2179777189
 21
57.3555762406
  0
LINE
  5
30F
100
AcDbEntity
  8
0
100
AcDbLine
 62
7
  6
BYLAYER
 10
17.2368950008
 20
47.124645408
 11
17.2368949592
 21
48.7854797895
  0
LINE
  5
310
100
AcDbEntity
  8
0
100
AcDbLine
 62
7
  6
BYLAYER
 10
17.4179777189
 20
74.6546307498
 11
17.4179777189
 21
75.1449573291
  0
LINE
  5
311
100
AcDbEntity
  8
0
100
AcDbLine
 62
7
  6
BYLAYER
 10
17.4179777189
 20
78.1367861577
 11
17.4179777189
 21
78.4601202841
  0
LINE
  5
312
100
AcDbEntity
  8
0
100
AcDbLine
 62
7
  6
BYLAYER
 10
17.4179777189
 20
83.0132832415
 11
17.4179777189
 21
83.2767175332
  0
LINE
  5
313
100
AcDbEntity
  8
0
100
AcDbLine
 62
7
  6
BYLAYER
 10
17.4179777189
 20
84.4430253099
 11
17.4179777189
 21
84.7101848727
  0
LINE
  5
314
100
AcDbEntity
  8
0
100
AcDbLine
 62
7
  6
BYLAYER
 10
17.4179777189
 20
86.9948532777
 11
17.4179777189
 21
87.4967091582
  0
LINE
  5
315
100
AcDbEntity
  8
0
100
AcDbLine
 62
7
  6
BYLAYER
 10
17.6179777189
 20
17.7555762406
 11
17.6179777189
 21
19.7555762406
  0
LINE
  5
316
100
AcDbEntity
  8
0
100
AcDbLine
 62
7
  6
BYLAYER
 10
17.7179777189
 20
57.3555762406
 11
17.7179777189
 21
17.755576241
  0
LINE
  5
317
100
AcDbEntity
  8
0
100
AcDbLine
 62
7
  6
BYLAYER
 10
17.8179777189
 20
48.7854797895
 11
17.8179777189
 21
49.4961197801
  0
LINE
  5
318
100
AcDbEntity
  8
0
100
AcDbLine
 62
7
  6
BYLAYER
 10
17.1432623126
 20
78.6326222468
 11
17.1429899675
 21
78.626104695
  0
LINE
  5
319
100
AcDbEntity
  8
0
100
AcDbLine
 62
7
  6
BYLAYER
 10
19.3179777189
 20
99.2555762406
 11
19.5679777189
 21
102.9555762406
  0
LINE
  5
31A
100
AcDbEntity
  8
0
100
AcDbLine
 62
7
  6
BYLAYER
 10
18.4179972447
 20
100.8641252322
 11
18.4179777189
 21
100.8638399206
  0
LINE
  5
31B
100
AcDbEntity
  8
0
100
AcDbLine
 62
7
  6
BYLAYER
 10
18.4179777189
 20
101.4863180839
 11
18.4179972447
 21
101.486602374
  0
LINE
  5
31C
100
AcDbEntity
  8
0
100
AcDbLine
 62
7
  6
BYLAYER
 10
18.4179972447
 20
101.4639888281
 11
18.4179777189
 21
101.4637041473
  0
LINE
  5
31D
100
AcDbEntity
  8
0
100
AcDbLine
 62
7
  6
BYLAYER
 10
18.4179777189
 20
100.8864388401
 11
18.4179972447
 21
100.8867227297
  0
LINE
  5
31E
100
AcDbEntity
  8
0
100
AcDbLine
 62
7
  6
BYLAYER
 10
17.1372816051
 20
105.2555762406
 11
17.0679825446
 21
104.4636466311
  0
LINE
  5
31F
100
AcDbEntity
  8
0
100
AcDbLine
 62
7
  6
BYLAYER
 10
17.1629111886
 20
78.8555762406
 11
17.1432120645
 21
78.6326223386
  0
LWPOLYLINE
  5
320
100
AcDbEntity
  8
0
100
AcDbPolyline
 62
7
  6
BYLAYER
 90
8
 70
0
 10
11.9179776357
 20
18.7553595263
 10
11.9432958781
 20
18.9791820193
 10
12.012665651
 20
19.1803283001
 10
12.1203987223
 20
19.3588105553
 10
12.2653544145
 20
19.51327926
 10
12.4488970556
 20
19.6387600148
 10
12.6717567013
 20
19.724791514
 10
12.9179777597
 20
19.7555552581
  0
LINE
  5
321
100
AcDbEntity
  8
0
100
AcDbLine
 62
7
  6
BYLAYER
 10
19.1429777189
 20
79.9895662808
 11
18.8594802089
 21
78.8555762406
  0
LINE
  5
322
100
AcDbEntity
  8
0
100
AcDbLine
 62
7
  6
BYLAYER
 10
22.3431794379
 20
103.7708838417
 11
22.3431515101
 21
103.7707798848
  0
LINE
  5
323
100
AcDbEntity
  8
0
100
AcDbLine
 62
7
  6
BYLAYER
 10
22.3639645263
 20
103.6821633776
 11
22.3639365982
 21
103.6820594209
  0
LINE
  5
324
100
AcDbEntity
  8
0
100
AcDbLine
 62
7
  6
BYLAYER
 10
57.1144243283
 20
125.5087106094
 11
56.7608711121
 21
125.1551573932
  0
LINE
  5
325
100
AcDbEntity
  8
0
100
AcDbLine
 62
7
  6
BYLAYER
 10
32.7432927501
 20
95.7563544546
 11
31.6679777189
 21
95.0055762406
  0
LINE
  5
326
100
AcDbEntity
  8
0
100
AcDbLine
 62
7
  6
BYLAYER
 10
18.968902293
 20
44.0225548573
 11
19.276129822
 21
43.8513416885
  0
LINE
  5
327
100
AcDbEntity
  8
0
100
AcDbLine
 62
7
  6
BYLAYER
 10
18.9688289277
 20
44.6166741541
 11
19.2761691059
 21
44.4453914462
  0
LINE
  5
328
100
AcDbEntity
  8
0
100
AcDbLine
 62
7
  6
BYLAYER
 10
18.9690783461
 20
45.2105971256
 11
19.2761595409
 21
45.0394468143
  0
LINE
  5
329
100
AcDbEntity
  8
0
100
AcDbLine
 62
7
  6
BYLAYER
 10
18.9693530058
 20
45.8044653286
 11
19.2761121745
 21
45.6334906275
  0
LINE
  5
32A
100
AcDbEntity
  8
0
100
AcDbLine
 62
7
  6
BYLAYER
 10
22.2668298046
 20
43.9772422794
 11
21.9598016449
 21
44.1483647966
  0
LINE
  5
32B
100
AcDbEntity
  8
0
100
AcDbLine
 62
7
  6
BYLAYER
 10
18.9689884708
 20
46.3987242434
 11
19.2761679577
 21
46.2275222631
  0
LINE
  5
32C
100
AcDbEntity
  8
0
100
AcDbLine
 62
7
  6
BYLAYER
 10
22.2671027682
 20
44.5711465577
 11
21.9597842185
 21
44.7424195155
  0
LINE
  5
32D
100
AcDbEntity
  8
0
100
AcDbLine
 62
7
  6
BYLAYER
 10
18.9692885423
 20
46.9925901883
 11
19.2761268506
 21
46.8215711825
  0
LINE
  5
32E
100
AcDbEntity
  8
0
100
AcDbLine
 62
7
  6
BYLAYER
 10
22.2670945508
 20
45.1652302721
 11
21.9598179932
 21
45.3364711895
  0
LINE
  5
32F
100
AcDbEntity
  8
0
100
AcDbLine
 62
7
  6
BYLAYER
 10
22.2670388777
 20
45.7592529359
 11
21.9597841409
 21
45.9304940674
  0
LINE
  5
330
100
AcDbEntity
  8
0
100
AcDbLine
 62
7
  6
BYLAYER
 10
22.2671423166
 20
46.3532720703
 11
21.9598040889
 21
46.5245486112
  0
LINE
  5
331
100
AcDbEntity
  8
0
100
AcDbLine
 62
7
  6
BYLAYER
 10
18.8883320946
 20
44.1141979449
 11
19.3761659414
 21
43.8421029281
  0
LINE
  5
332
100
AcDbEntity
  8
0
100
AcDbLine
 62
7
  6
BYLAYER
 10
18.8885243441
 20
44.7081144416
 11
19.3762889921
 21
44.4360828301
  0
LINE
  5
333
100
AcDbEntity
  8
0
100
AcDbLine
 62
7
  6
BYLAYER
 10
18.888603824
 20
45.3021451464
 11
19.3763247425
 21
45.0301304621
  0
LINE
  5
334
100
AcDbEntity
  8
0
100
AcDbLine
 62
7
  6
BYLAYER
 10
18.8885020164
 20
45.896270654
 11
19.3762640573
 21
45.6242128183
  0
LINE
  5
335
100
AcDbEntity
  8
0
100
AcDbLine
 62
7
  6
BYLAYER
 10
18.8886051645
 20
46.4902117613
 11
19.3763256168
 21
46.2182021701
  0
LINE
  5
336
100
AcDbEntity
  8
0
100
AcDbLine
 62
7
  6
BYLAYER
 10
18.8885425338
 20
47.084322547
 11
19.3762891619
 21
46.8122789699
  0
LINE
  5
337
100
AcDbEntity
  8
0
100
AcDbLine
 62
7
  6
BYLAYER
 10
18.6479653768
 20
50.3169874895
 11
19.0104108202
 21
50.0299900957
  0
LINE
  5
338
100
AcDbEntity
  8
0
100
AcDbLine
 62
7
  6
BYLAYER
 10
18.6479784704
 20
50.3169906371
 11
18.8560836343
 21
50.1031098178
  0
LINE
  5
339
100
AcDbEntity
  8
0
100
AcDbLine
 62
7
  6
BYLAYER
 10
18.866882562
 20
50.462349011
 11
19.0104268112
 21
50.3099881172
  0
LINE
  5
33A
100
AcDbEntity
  8
0
100
AcDbLine
 62
7
  6
BYLAYER
 10
21.3832231116
 20
45.7053141339
 11
21.6893512514
 21
45.3638889017
  0
LINE
  5
33B
100
AcDbEntity
  8
0
100
AcDbLine
 62
7
  6
BYLAYER
 10
18.7179777189
 20
47.7555762406
 11
21.7179777189
 21
39.5131439823
  0
LINE
  5
33C
100
AcDbEntity
  8
0
100
AcDbLine
 62
7
  6
BYLAYER
 10
19.5187743806
 20
41.4085966878
 11
18.9271147679
 21
43.5931825241
  0
LINE
  5
33D
100
AcDbEntity
  8
0
100
AcDbLine
 62
7
  6
BYLAYER
 10
18.4679882506
 20
104.1635973304
 11
18.4679966868
 21
104.1634354019
  0
LINE
  5
33E
100
AcDbEntity
  8
0
100
AcDbLine
 62
7
  6
BYLAYER
 10
21.3179777189
 20
77.6743539987
 11
21.2764752289
 21
78.8555762406
  0
LINE
  5
33F
100
AcDbEntity
  8
0
100
AcDbLine
 62
7
  6
BYLAYER
 10
21.5978278776
 20
77.730397766
 11
21.5915848674
 21
78.0393269494
  0
LINE
  5
340
100
AcDbEntity
  8
0
100
AcDbLine
 62
7
  6
BYLAYER
 10
18.0504576899
 20
78.2142641705
 11
18.0510199118
 21
78.1864296603
  0
LINE
  5
341
100
AcDbEntity
  8
0
100
AcDbLine
 62
7
  6
BYLAYER
 10
18.0628265714
 20
77.6019049458
 11
18.0633887933
 21
77.5740704356
  0
LINE
  5
342
100
AcDbEntity
  8
0
100
AcDbLine
 62
7
  6
BYLAYER
 10
18.4929846335
 20
74.4675292543
 11
18.4929777189
 21
74.4679473579
  0
LINE
  5
343
100
AcDbEntity
  8
0
100
AcDbLine
 62
7
  6
BYLAYER
 10
18.4929777189
 20
74.490333124
 11
18.4929846335
 21
74.4899147874
  0
LINE
  5
344
100
AcDbEntity
  8
0
100
AcDbLine
 62
7
  6
BYLAYER
 10
18.4929846335
 20
75.0616912423
 11
18.4929777189
 21
75.062109489
  0
LINE
  5
345
100
AcDbEntity
  8
0
100
AcDbLine
 62
7
  6
BYLAYER
 10
18.4929777189
 20
75.0844923241
 11
18.4929846335
 21
75.084073373
  0
LINE
  5
346
100
AcDbEntity
  8
0
100
AcDbLine
 62
7
  6
BYLAYER
 10
18.4929846335
 20
75.6558378048
 11
18.4929777189
 21
75.6562564588
  0
LINE
  5
347
100
AcDbEntity
  8
0
100
AcDbLine
 62
7
  6
BYLAYER
 10
18.4929777189
 20
75.6786547626
 11
18.4929846335
 21
75.6782358311
  0
LINE
  5
348
100
AcDbEntity
  8
0
100
AcDbLine
 62
7
  6
BYLAYER
 10
21.9929777189
 20
74.7874163594
 11
21.9929708071
 21
74.7883684851
  0
LINE
  5
349
100
AcDbEntity
  8
0
100
AcDbLine
 62
7
  6
BYLAYER
 10
21.9929777189
 20
75.3815685647
 11
21.9929708037
 21
75.3825190008
  0
LINE
  5
34A
100
AcDbEntity
  8
0
100
AcDbLine
 62
7
  6
BYLAYER
 10
22.3884768742
 20
50.3480903036
 11
22.3882756929
 21
50.439570527
  0
LINE
  5
34B
100
AcDbEntity
  8
0
100
AcDbLine
 62
7
  6
BYLAYER
 10
17.8552097594
 20
101.3135364322
 11
17.8552095309
 21
101.3865775452
  0
LINE
  5
34C
100
AcDbEntity
  8
0
100
AcDbLine
 62
7
  6
BYLAYER
 10
17.9179777189
 20
15.7555762406
 11
17.9179777189
 21
15.2555762406
  0
LINE
  5
34D
100
AcDbEntity
  8
0
100
AcDbLine
 62
7
  6
BYLAYER
 10
18.1766613437
 20
48.2544379311
 11
18.1766566436
 21
47.1246442263
  0
LINE
  5
34E
100
AcDbEntity
  8
0
100
AcDbLine
 62
7
  6
BYLAYER
 10
18.2304890554
 20
65.0555762406
 11
18.2304890554
 21
67.0555762406
  0
LINE
  5
34F
100
AcDbEntity
  8
0
100
AcDbLine
 62
7
  6
BYLAYER
 10
18.3179777189
 20
65.0555762406
 11
18.3179777189
 21
67.0555762406
  0
LINE
  5
350
100
AcDbEntity
  8
0
100
AcDbLine
 62
7
  6
BYLAYER
 10
18.3179717632
 20
48.2462592732
 11
18.3179777189
 21
49.7806031896
  0
LINE
  5
351
100
AcDbEntity
  8
0
100
AcDbLine
 62
7
  6
BYLAYER
 10
18.4179777189
 20
100.8638375718
 11
18.4179777189
 21
100.886460455
  0
LINE
  5
352
100
AcDbEntity
  8
0
100
AcDbLine
 62
7
  6
BYLAYER
 10
18.4179777189
 20
101.333998951
 11
18.4179777189
 21
101.3565223742
  0
LINE
  5
353
100
AcDbEntity
  8
0
100
AcDbLine
 62
7
  6
BYLAYER
 10
18.4179777189
 20
101.4636967592
 11
18.4180009682
 21
101.9811318014
  0
LINE
  5
354
100
AcDbEntity
  8
0
100
AcDbLine
 62
7
  6
BYLAYER
 10
18.4679777189
 20
104.1635973307
 11
18.4679777189
 21
104.4116637858
  0
LINE
  5
355
100
AcDbEntity
  8
0
100
AcDbLine
 62
7
  6
BYLAYER
 10
18.4929777189
 20
74.467984686
 11
18.4929777189
 21
74.4903353991
  0
LINE
  5
356
100
AcDbEntity
  8
0
100
AcDbLine
 62
7
  6
BYLAYER
 10
18.4929777189
 20
75.0621077219
 11
18.4929777189
 21
75.084514411
  0
LINE
  5
357
100
AcDbEntity
  8
0
100
AcDbLine
 62
7
  6
BYLAYER
 10
18.4929777189
 20
75.6562486182
 11
18.4929878261
 21
75.8490000392
  0
LINE
  5
358
100
AcDbEntity
  8
0
100
AcDbLine
 62
7
  6
BYLAYER
 10
18.5179777029
 20
48.2651290345
 11
18.517977719
 21
49.7806031896
  0
LINE
  5
359
100
AcDbEntity
  8
0
100
AcDbLine
 62
7
  6
BYLAYER
 10
18.7179777189
 20
57.3555762406
 11
18.7179777189
 21
18.2555762406
  0
LINE
  5
35A
100
AcDbEntity
  8
0
100
AcDbLine
 62
7
  6
BYLAYER
 10
18.7929777189
 20
102.2639836262
 11
18.7929777189
 21
102.3587025629
  0
LINE
  5
35B
100
AcDbEntity
  8
0
100
AcDbLine
 62
7
  6
BYLAYER
 10
18.8179777189
 20
77.6743539987
 11
18.8179777189
 21
74.3555762406
  0
LINE
  5
35C
100
AcDbEntity
  8
0
100
AcDbLine
 62
7
  6
BYLAYER
 10
18.8679777189
 20
44.1371980683
 11
18.8679777189
 21
44.1595231958
  0
LINE
  5
35D
100
AcDbEntity
  8
0
100
AcDbLine
 62
7
  6
BYLAYER
 10
18.8679777189
 20
44.731269208
 11
18.8679777189
 21
44.7535712512
  0
LINE
  5
35E
100
AcDbEntity
  8
0
100
AcDbLine
 62
7
  6
BYLAYER
 10
18.8679777189
 20
45.3253024712
 11
18.8679777189
 21
45.3476492035
  0
LINE
  5
35F
100
AcDbEntity
  8
0
100
AcDbLine
 62
7
  6
BYLAYER
 10
18.8679777189
 20
45.9193043473
 11
18.8679777189
 21
45.9416440937
  0
LINE
  5
360
100
AcDbEntity
  8
0
100
AcDbLine
 62
7
  6
BYLAYER
 10
18.8679777189
 20
46.5133883556
 11
18.8679777189
 21
46.5357166996
  0
LINE
  5
361
100
AcDbEntity
  8
0
100
AcDbLine
 62
7
  6
BYLAYER
 10
18.8679777189
 20
47.1073961967
 11
18.8679777189
 21
47.1246988502
  0
LINE
  5
362
100
AcDbEntity
  8
0
100
AcDbLine
 62
7
  6
BYLAYER
 10
19.0179777189
 20
49.49611978
 11
19.0179777189
 21
48.8582861528
  0
LINE
  5
363
100
AcDbEntity
  8
0
100
AcDbLine
 62
7
  6
BYLAYER
 10
19.0179777189
 20
47.1251202773
 11
19.0179777189
 21
47.1974503511
  0
LINE
  5
364
100
AcDbEntity
  8
0
100
AcDbLine
 62
7
  6
BYLAYER
 10
19.0679777189
 20
105.2555762406
 11
19.0679777189
 21
100.7555762406
  0
LINE
  5
365
100
AcDbEntity
  8
0
100
AcDbLine
 62
7
  6
BYLAYER
 10
19.0679777189
 20
70.923525433
 11
19.0679777189
 21
73.3555762406
  0
LINE
  5
366
100
AcDbEntity
  8
0
100
AcDbLine
 62
7
  6
BYLAYER
 10
19.0804777189
 20
110.2555762406
 11
19.0804777189
 21
109.6555762406
  0
LINE
  5
367
100
AcDbEntity
  8
0
100
AcDbLine
 62
7
  6
BYLAYER
 10
19.1429777189
 20
81.8680118059
 11
19.1429777189
 21
79.9895662808
  0
LINE
  5
368
100
AcDbEntity
  8
0
100
AcDbLine
 62
7
  6
BYLAYER
 10
19.2429777189
 20
49.8592731088
 11
19.2429777189
 21
50.3250787445
  0
LINE
  5
369
100
AcDbEntity
  8
0
100
AcDbLine
 62
7
  6
BYLAYER
 10
19.3179777189
 20
108.6812172663
 11
19.3179777189
 21
106.2555762406
  0
LINE
  5
36A
100
AcDbEntity
  8
0
100
AcDbLine
 62
7
  6
BYLAYER
 10
19.3179777189
 20
100.1782259714
 11
19.3179777189
 21
99.2555762406
  0
LINE
  5
36B
100
AcDbEntity
  8
0
100
AcDbLine
 62
7
  6
BYLAYER
 10
19.3179777189
 20
72.6555762406
 11
19.3179777189
 21
80.6555762406
  0
LINE
  5
36C
100
AcDbEntity
  8
0
100
AcDbLine
 62
7
  6
BYLAYER
 10
19.4179777189
 20
19.7555762406
 11
19.4179777189
 21
18.0555762406
  0
LINE
  5
36D
100
AcDbEntity
  8
0
100
AcDbLine
 62
7
  6
BYLAYER
 10
19.4179777189
 20
13.9355762406
 11
19.4179777189
 21
9.7555762406
  0
LINE
  5
36E
100
AcDbEntity
  8
0
100
AcDbLine
 62
7
  6
BYLAYER
 10
19.4179777189
 20
14.9555762406
 11
19.4179777189
 21
17.7555762406
  0
LINE
  5
36F
100
AcDbEntity
  8
0
100
AcDbLine
 62
7
  6
BYLAYER
 10
19.4179777189
 20
39.7555762406
 11
19.4179777189
 21
46.3458477464
  0
LINE
  5
370
100
AcDbEntity
  8
0
100
AcDbLine
 62
7
  6
BYLAYER
 10
19.5679777189
 20
102.9555762406
 11
19.5679777189
 21
108.2555762406
  0
LINE
  5
371
100
AcDbEntity
  8
0
100
AcDbLine
 62
7
  6
BYLAYER
 10
19.5679777189
 20
118.9377395936
 11
19.5679777189
 21
119.0555762406
  0
LINE
  5
372
100
AcDbEntity
  8
0
100
AcDbLine
 62
7
  6
BYLAYER
 10
20.4179777189
 20
17.7555762406
 11
20.4179777189
 21
14.9555762406
  0
LINE
  5
373
100
AcDbEntity
  8
0
100
AcDbLine
 62
7
  6
BYLAYER
 10
20.5466573753
 20
9.7555762406
 11
20.5466573753
 21
17.7555762406
  0
LINE
  5
374
100
AcDbEntity
  8
0
100
AcDbLine
 62
7
  6
BYLAYER
 10
20.5679777189
 20
102.9555762406
 11
20.5679777189
 21
108.2555762406
  0
LINE
  5
375
100
AcDbEntity
  8
0
100
AcDbLine
 62
7
  6
BYLAYER
 10
20.7537641565
 20
19.7555762406
 11
20.7537641565
 21
9.7555762406
  0
LINE
  5
376
100
AcDbEntity
  8
0
100
AcDbLine
 62
7
  6
BYLAYER
 10
20.8179777189
 20
108.6812172663
 11
20.8179777189
 21
106.2555762406
  0
LINE
  5
377
100
AcDbEntity
  8
0
100
AcDbLine
 62
7
  6
BYLAYER
 10
20.8179777189
 20
100.1782259714
 11
20.8179777189
 21
99.2555762406
  0
LINE
  5
378
100
AcDbEntity
  8
0
100
AcDbLine
 62
7
  6
BYLAYER
 10
20.8179777189
 20
72.6555762406
 11
20.8179777189
 21
80.6555762406
  0
LINE
  5
379
100
AcDbEntity
  8
0
100
AcDbLine
 62
7
  6
BYLAYER
 10
20.9179777189
 20
14.9555762406
 11
20.9179777189
 21
14.5055762406
  0
LINE
  5
37A
100
AcDbEntity
  8
0
100
AcDbLine
 62
7
  6
BYLAYER
 10
20.9179777189
 20
39.7555762406
 11
20.9179777189
 21
46.3458477464
  0
LINE
  5
37B
100
AcDbEntity
  8
0
100
AcDbLine
 62
7
  6
BYLAYER
 10
20.9929777189
 20
81.8680118059
 11
20.9929777189
 21
79.9895662808
  0
LINE
  5
37C
100
AcDbEntity
  8
0
100
AcDbLine
 62
7
  6
BYLAYER
 10
21.0554777189
 20
109.6555762406
 11
21.0554777189
 21
110.2555762406
  0
LINE
  5
37D
100
AcDbEntity
  8
0
100
AcDbLine
 62
7
  6
BYLAYER
 10
21.0679777189
 20
105.2555762406
 11
21.0679777189
 21
100.7555762406
  0
LINE
  5
37E
100
AcDbEntity
  8
0
100
AcDbLine
 62
7
  6
BYLAYER
 10
21.0679777189
 20
70.923525433
 11
21.0679777189
 21
73.3555762406
  0
LINE
  5
37F
100
AcDbEntity
  8
0
100
AcDbLine
 62
7
  6
BYLAYER
 10
21.3179777189
 20
77.6743539987
 11
21.3179777189
 21
74.3555762406
  0
LINE
  5
380
100
AcDbEntity
  8
0
100
AcDbLine
 62
7
  6
BYLAYER
 10
21.4608709377
 20
9.7555762406
 11
21.4608709377
 21
18.7555762406
  0
LINE
  5
381
100
AcDbEntity
  8
0
100
AcDbLine
 62
7
  6
BYLAYER
 10
21.5429777189
 20
102.2639836262
 11
21.5429777189
 21
102.3786837434
  0
LINE
  5
382
100
AcDbEntity
  8
0
100
AcDbLine
 62
7
  6
BYLAYER
 10
21.6179777189
 20
78.0284099123
 11
21.6179777189
 21
78.1321834762
  0
LINE
  5
383
100
AcDbEntity
  8
0
100
AcDbLine
 62
7
  6
BYLAYER
 10
21.7179777189
 20
39.5131439823
 11
21.7179777189
 21
17.7555762406
  0
LINE
  5
384
100
AcDbEntity
  8
0
100
AcDbLine
 62
7
  6
BYLAYER
 10
21.7868032898
 20
101.3482959206
 11
21.7868028776
 21
101.6792246386
  0
LINE
  5
385
100
AcDbEntity
  8
0
100
AcDbLine
 62
7
  6
BYLAYER
 10
21.786802382
 20
102.0770541694
 11
21.7868022107
 21
102.2145094774
  0
LINE
  5
386
100
AcDbEntity
  8
0
100
AcDbLine
 62
7
  6
BYLAYER
 10
21.8179777189
 20
65.0555762406
 11
21.8179777189
 21
67.0555762406
  0
LINE
  5
387
100
AcDbEntity
  8
0
100
AcDbLine
 62
7
  6
BYLAYER
 10
21.8679777189
 20
104.1635973307
 11
21.8679777189
 21
104.4117513419
  0
LINE
  5
388
100
AcDbEntity
  8
0
100
AcDbLine
 62
7
  6
BYLAYER
 10
21.9054663824
 20
65.0555762406
 11
21.9054663824
 21
67.0555762406
  0
LINE
  5
389
100
AcDbEntity
  8
0
100
AcDbLine
 62
7
  6
BYLAYER
 10
21.9179777189
 20
101.0340498653
 11
21.9179777189
 21
101.0565715044
  0
LINE
  5
38A
100
AcDbEntity
  8
0
100
AcDbLine
 62
7
  6
BYLAYER
 10
21.9179777189
 20
101.163759933
 11
21.9179777189
 21
101.1863845886
  0
LINE
  5
38B
100
AcDbEntity
  8
0
100
AcDbLine
 62
7
  6
BYLAYER
 10
21.9179777189
 20
101.7636497937
 11
21.9179777189
 21
102.0176743422
  0
LINE
  5
38C
100
AcDbEntity
  8
0
100
AcDbLine
 62
7
  6
BYLAYER
 10
21.9929777189
 20
49.8574952524
 11
21.9929777189
 21
50.3250787445
  0
LINE
  5
38D
100
AcDbEntity
  8
0
100
AcDbLine
 62
7
  6
BYLAYER
 10
21.9929777189
 20
74.7650480656
 11
21.9929777189
 21
74.7874319931
  0
LINE
  5
38E
100
AcDbEntity
  8
0
100
AcDbLine
 62
7
  6
BYLAYER
 10
21.9929777189
 20
75.3591712366
 11
21.9929777189
 21
75.3815806342
  0
LINE
  5
38F
100
AcDbEntity
  8
0
100
AcDbLine
 62
7
  6
BYLAYER
 10
22.2179777189
 20
47.1974545812
 11
22.2179777189
 21
47.1251202203
  0
LINE
  5
390
100
AcDbEntity
  8
0
100
AcDbLine
 62
7
  6
BYLAYER
 10
22.2179777189
 20
48.8582861528
 11
22.2179777189
 21
49.4961197801
  0
LINE
  5
391
100
AcDbEntity
  8
0
100
AcDbLine
 62
7
  6
BYLAYER
 10
22.2742737324
 20
11.7555762406
 11
22.2742737324
 21
12.414514656
  0
LINE
  5
392
100
AcDbEntity
  8
0
100
AcDbLine
 62
7
  6
BYLAYER
 10
18.847392397
 20
50.348090975
 11
18.8475916451
 21
50.4395721855
  0
LINE
  5
393
100
AcDbEntity
  8
0
100
AcDbLine
 62
7
  6
BYLAYER
 10
19.414464042
 20
19.6208852931
 11
19.4179777189
 21
19.7555762406
  0
LINE
  5
394
100
AcDbEntity
  8
0
100
AcDbLine
 62
7
  6
BYLAYER
 10
18.8179777189
 20
77.6743539987
 11
18.8594802089
 21
78.8555762406
  0
LINE
  5
395
100
AcDbEntity
  8
0
100
AcDbLine
 62
7
  6
BYLAYER
 10
19.3179777189
 20
72.6555762406
 11
19.0679777189
 21
70.923525433
  0
LINE
  5
396
100
AcDbEntity
  8
0
100
AcDbLine
 62
7
  6
BYLAYER
 10
20.8179777189
 20
80.6555762406
 11
20.9929777189
 21
81.8680118059
  0
LINE
  5
397
100
AcDbEntity
  8
0
100
AcDbLine
 62
7
  6
BYLAYER
 10
22.4234836191
 20
78.2200178877
 11
22.4225666445
 21
78.215974681
  0
LINE
  5
398
100
AcDbEntity
  8
0
100
AcDbLine
 62
7
  6
BYLAYER
 10
22.4358525016
 20
77.6076586626
 11
22.434935526
 21
77.6036154563
  0
LINE
  5
399
100
AcDbEntity
  8
0
100
AcDbLine
 62
7
  6
BYLAYER
 10
21.0679777189
 20
73.3555762406
 11
21.3179777189
 21
74.3555762406
  0
LINE
  5
39A
100
AcDbEntity
  8
0
100
AcDbLine
 62
7
  6
BYLAYER
 10
22.2017873995
 20
75.6261479842
 11
22.2645122179
 21
75.7502364922
  0
LINE
  5
39B
100
AcDbEntity
  8
0
100
AcDbLine
 62
7
  6
BYLAYER
 10
18.5126322247
 20
74.5125299824
 11
18.4929777189
 21
74.490333124
  0
LINE
  5
39C
100
AcDbEntity
  8
0
100
AcDbLine
 62
7
  6
BYLAYER
 10
18.5127136444
 20
75.1067577708
 11
18.4929777189
 21
75.0844923241
  0
LINE
  5
39D
100
AcDbEntity
  8
0
100
AcDbLine
 62
7
  6
BYLAYER
 10
39.1179777189
 20
98.3555762406
 11
39.6679777189
 21
98.9055762406
  0
LINE
  5
39E
100
AcDbEntity
  8
0
100
AcDbLine
 62
7
  6
BYLAYER
 10
52.9179777189
 20
37.8555762406
 11
34.9179777189
 21
37.8555762406
  0
LINE
  5
39F
100
AcDbEntity
  8
0
100
AcDbLine
 62
7
  6
BYLAYER
 10
66.7179777189
 20
38.2555762406
 11
51.9179777189
 21
38.2555762406
  0
LINE
  5
3A0
100
AcDbEntity
  8
0
100
AcDbLine
 62
7
  6
BYLAYER
 10
27.1679777189
 20
38.2555762406
 11
11.9179777189
 21
38.2555762406
  0
LINE
  5
3A1
100
AcDbEntity
  8
0
100
AcDbLine
 62
7
  6
BYLAYER
 10
24.7179777189
 20
39.2555762406
 11
15.6179777189
 21
39.2555762406
  0
LINE
  5
3A2
100
AcDbEntity
  8
0
100
AcDbLine
 62
7
  6
BYLAYER
 10
51.9179777189
 20
39.3555762406
 11
37.4179777189
 21
39.3555762406
  0
LINE
  5
3A3
100
AcDbEntity
  8
0
100
AcDbLine
 62
7
  6
BYLAYER
 10
62.7179777189
 20
39.4555762406
 11
53.6179777189
 21
39.4555762406
  0
LINE
  5
3A4
100
AcDbEntity
  8
0
100
AcDbLine
 62
7
  6
BYLAYER
 10
24.7179777189
 20
39.4555762406
 11
15.6179777189
 21
39.4555762406
  0
LINE
  5
3A5
100
AcDbEntity
  8
0
100
AcDbLine
 62
7
  6
BYLAYER
 10
58.9179777189
 20
39.7555762406
 11
57.4179777189
 21
39.7555762406
  0
LINE
  5
3A6
100
AcDbEntity
  8
0
100
AcDbLine
 62
7
  6
BYLAYER
 10
20.9179777189
 20
39.7555762406
 11
19.4179777189
 21
39.7555762406
  0
LINE
  5
3A7
100
AcDbEntity
  8
0
100
AcDbLine
 62
7
  6
BYLAYER
 10
22.2667859713
 20
46.9475327103
 11
21.9598521894
 21
47.1185880496
  0
LINE
  5
3A8
100
AcDbEntity
  8
0
100
AcDbLine
 62
7
  6
BYLAYER
 10
18.0628265714
 20
77.6019049458
 11
18.0618745991
 21
77.6056698586
  0
LINE
  5
3A9
100
AcDbEntity
  8
0
100
AcDbLine
 62
7
  6
BYLAYER
 10
18.0504576899
 20
78.2142641705
 11
18.0495057176
 21
78.2180290833
  0
LINE
  5
3AA
100
AcDbEntity
  8
0
100
AcDbLine
 62
7
  6
BYLAYER
 10
18.8179777189
 20
74.3555762406
 11
19.0679777189
 21
73.3555762406
  0
LINE
  5
3AB
100
AcDbEntity
  8
0
100
AcDbLine
 62
7
  6
BYLAYER
 10
16.48345741
 20
77.5889016254
 11
16.4834879422
 21
77.5887192857
  0
LINE
  5
3AC
100
AcDbEntity
  8
0
100
AcDbLine
 62
7
  6
BYLAYER
 10
19.3179777189
 20
80.6555762406
 11
19.1429777189
 21
81.8680118059
  0
LINE
  5
3AD
100
AcDbEntity
  8
0
100
AcDbLine
 62
7
  6
BYLAYER
 10
21.0679777189
 20
70.923525433
 11
20.8179777189
 21
72.6555762406
  0
LINE
  5
3AE
100
AcDbEntity
  8
0
100
AcDbLine
 62
7
  6
BYLAYER
 10
23.3230442492
 20
78.8555762406
 11
23.3427433733
 21
78.6326223386
  0
LINE
  5
3AF
100
AcDbEntity
  8
0
100
AcDbLine
 62
7
  6
BYLAYER
 10
23.1986738327
 20
105.2555762406
 11
23.2679728932
 21
104.4636466311
  0
LINE
  5
3B0
100
AcDbEntity
  8
0
100
AcDbLine
 62
7
  6
BYLAYER
 10
20.8179777189
 20
99.2555762406
 11
20.5679777189
 21
102.9555762406
  0
LINE
  5
3B1
100
AcDbEntity
  8
0
100
AcDbLine
 62
7
  6
BYLAYER
 10
23.3429654703
 20
78.6285303261
 11
23.3427286721
 21
78.6326223126
  0
LINE
  5
3B2
100
AcDbEntity
  8
0
100
AcDbLine
 62
7
  6
BYLAYER
 10
21.9179777189
 20
101.1863732146
 11
21.9179581921
 21
101.1869909523
  0
LINE
  5
3B3
100
AcDbEntity
  8
0
100
AcDbLine
 62
7
  6
BYLAYER
 10
22.4354977479
 20
77.5757809461
 11
22.434935526
 21
77.6036154563
  0
LINE
  5
3B4
100
AcDbEntity
  8
0
100
AcDbLine
 62
7
  6
BYLAYER
 10
22.4231288664
 20
78.1881401708
 11
22.4225666445
 21
78.215974681
  0
LINE
  5
3B5
100
AcDbEntity
  8
0
100
AcDbLine
 62
7
  6
BYLAYER
 10
23.9834583084
 20
77.5916535133
 11
23.9850917956
 21
77.5107827468
  0
LINE
  5
3B6
100
AcDbEntity
  8
0
100
AcDbLine
 62
7
  6
BYLAYER
 10
24.0008340084
 20
76.7314164609
 11
24.0024674956
 21
76.6505456908
  0
LINE
  5
3B7
100
AcDbEntity
  8
0
100
AcDbLine
 62
7
  6
BYLAYER
 10
23.7928741531
 20
77.2260341891
 11
23.7929299682
 21
77.2201559731
  0
LINE
  5
3B8
100
AcDbEntity
  8
0
100
AcDbLine
 62
7
  6
BYLAYER
 10
22.7065368466
 20
101.3820613414
 11
22.7065368528
 21
101.3521949495
  0
LINE
  5
3B9
100
AcDbEntity
  8
0
100
AcDbLine
 62
7
  6
BYLAYER
 10
22.7179777189
 20
49.7806031896
 11
22.7179778829
 21
48.2651289714
  0
LINE
  5
3BA
100
AcDbEntity
  8
0
100
AcDbLine
 62
7
  6
BYLAYER
 10
22.9179777189
 20
84.6939336402
 11
22.9179777189
 21
84.4430253099
  0
LINE
  5
3BB
100
AcDbEntity
  8
0
100
AcDbLine
 62
7
  6
BYLAYER
 10
22.9179777189
 20
83.2767175332
 11
22.9179777189
 21
83.0265392245
  0
LINE
  5
3BC
100
AcDbEntity
  8
0
100
AcDbLine
 62
7
  6
BYLAYER
 10
22.9179777189
 20
78.4191239839
 11
22.9179777189
 21
78.2057796464
  0
LINE
  5
3BD
100
AcDbEntity
  8
0
100
AcDbLine
 62
7
  6
BYLAYER
 10
22.9179777189
 20
75.1983882258
 11
22.9179777189
 21
74.6546307498
  0
LINE
  5
3BE
100
AcDbEntity
  8
0
100
AcDbLine
 62
7
  6
BYLAYER
 10
22.9179799863
 20
48.2462593162
 11
22.9179777189
 21
49.7806031896
  0
LINE
  5
3BF
100
AcDbEntity
  8
0
100
AcDbLine
 62
7
  6
BYLAYER
 10
22.9179777189
 20
87.0525377509
 11
22.9179777189
 21
87.4707130819
  0
LINE
  5
3C0
100
AcDbEntity
  8
0
100
AcDbLine
 62
7
  6
BYLAYER
 10
23.0592812775
 20
47.1246393766
 11
23.0592798252
 21
48.2544340044
  0
LINE
  5
3C1
100
AcDbEntity
  8
0
100
AcDbLine
 62
7
  6
BYLAYER
 10
23.1179777189
 20
122.4551572185
 11
23.1179777189
 21
121.555157219
  0
LINE
  5
3C2
100
AcDbEntity
  8
0
100
AcDbLine
 62
7
  6
BYLAYER
 10
23.1679777189
 20
39.4555762406
 11
23.1679777189
 21
46.992335586
  0
LINE
  5
3C3
100
AcDbEntity
  8
0
100
AcDbLine
 62
7
  6
BYLAYER
 10
23.2179777189
 20
11.8724893504
 11
23.2179777189
 21
9.7555762406
  0
LINE
  5
3C4
100
AcDbEntity
  8
0
100
AcDbLine
 62
7
  6
BYLAYER
 10
23.3179777189
 20
84.8555762406
 11
23.3179777189
 21
82.8555762406
  0
LINE
  5
3C5
100
AcDbEntity
  8
0
100
AcDbLine
 62
7
  6
BYLAYER
 10
23.3179777189
 20
60.4919577272
 11
23.3179777189
 21
60.6450481382
  0
LINE
  5
3C6
100
AcDbEntity
  8
0
100
AcDbLine
 62
7
  6
BYLAYER
 10
23.3179777189
 20
87.245308887
 11
23.3179777189
 21
88.3399998197
  0
LINE
  5
3C7
100
AcDbEntity
  8
0
100
AcDbLine
 62
7
  6
BYLAYER
 10
23.4179777189
 20
49.4961197801
 11
23.4179777189
 21
48.7854797895
  0
LINE
  5
3C8
100
AcDbEntity
  8
0
100
AcDbLine
 62
7
  6
BYLAYER
 10
23.5482476118
 20
103.0578655935
 11
23.5482476118
 21
101.3807028521
  0
LINE
  5
3C9
100
AcDbEntity
  8
0
100
AcDbLine
 62
7
  6
BYLAYER
 10
23.6158725224
 20
76.7749282824
 11
23.6158725224
 21
75.1137498336
  0
LINE
  5
3CA
100
AcDbEntity
  8
0
100
AcDbLine
 62
7
  6
BYLAYER
 10
23.9339132983
 20
102.8734810581
 11
23.9339132983
 21
101.1963240222
  0
LINE
  5
3CB
100
AcDbEntity
  8
0
100
AcDbLine
 62
7
  6
BYLAYER
 10
23.9429777189
 20
50.5555762406
 11
23.9429777189
 21
74.3555762406
  0
LINE
  5
3CC
100
AcDbEntity
  8
0
100
AcDbLine
 62
7
  6
BYLAYER
 10
23.9429777189
 20
78.8555762406
 11
23.9429777189
 21
100.7555762406
  0
LINE
  5
3CD
100
AcDbEntity
  8
0
100
AcDbLine
 62
7
  6
BYLAYER
 10
23.9429777189
 20
105.2555762406
 11
23.9429777189
 21
115.2555762406
  0
LINE
  5
3CE
100
AcDbEntity
  8
0
100
AcDbLine
 62
7
  6
BYLAYER
 10
23.9861001339
 20
76.7387156876
 11
23.9861001346
 21
76.9297078508
  0
LINE
  5
3CF
100
AcDbEntity
  8
0
100
AcDbLine
 62
7
  6
BYLAYER
 10
23.9990604534
 20
48.7854797895
 11
23.999060806
 21
47.1246453053
  0
LINE
  5
3D0
100
AcDbEntity
  8
0
100
AcDbLine
 62
7
  6
BYLAYER
 10
24.0024694712
 20
76.6503510547
 11
24.0024694712
 21
74.989178257
  0
LINE
  5
3D1
100
AcDbEntity
  8
0
100
AcDbLine
 62
7
  6
BYLAYER
 10
24.1929777189
 20
115.3555762406
 11
24.1929777189
 21
110.4555762406
  0
LINE
  5
3D2
100
AcDbEntity
  8
0
100
AcDbLine
 62
7
  6
BYLAYER
 10
24.1929777189
 20
108.8555762406
 11
24.1929777189
 21
101.3555762406
  0
LINE
  5
3D3
100
AcDbEntity
  8
0
100
AcDbLine
 62
7
  6
BYLAYER
 10
24.1929777189
 20
99.9555762406
 11
24.1929777189
 21
90.4555762406
  0
LINE
  5
3D4
100
AcDbEntity
  8
0
100
AcDbLine
 62
7
  6
BYLAYER
 10
24.1929777189
 20
83.1555762406
 11
24.1929777189
 21
76.041006046
  0
LINE
  5
3D5
100
AcDbEntity
  8
0
100
AcDbLine
 62
7
  6
BYLAYER
 10
24.1929777189
 20
57.3555762406
 11
24.1929777189
 21
73.515843937
  0
LINE
  5
3D6
100
AcDbEntity
  8
0
100
AcDbLine
 62
7
  6
BYLAYER
 10
24.2179777189
 20
17.7555762406
 11
24.2179777189
 21
56.3555762406
  0
LINE
  5
3D7
100
AcDbEntity
  8
0
100
AcDbLine
 62
7
  6
BYLAYER
 10
24.3429777189
 20
60.9555762406
 11
24.3429777189
 21
39.2555762406
  0
LINE
  5
3D8
100
AcDbEntity
  8
0
100
AcDbLine
 62
7
  6
BYLAYER
 10
24.4179777189
 20
14.9555762406
 11
24.4179777189
 21
14.5055762406
  0
LINE
  5
3D9
100
AcDbEntity
  8
0
100
AcDbLine
 62
7
  6
BYLAYER
 10
24.4679777189
 20
54.1709131747
 11
24.4679777189
 21
57.1555762406
  0
LINE
  5
3DA
100
AcDbEntity
  8
0
100
AcDbLine
 62
7
  6
BYLAYER
 10
24.4863480297
 20
47.3715092128
 11
24.4863480297
 21
49.0323407258
  0
LINE
  5
3DB
100
AcDbEntity
  8
0
100
AcDbLine
 62
7
  6
BYLAYER
 10
24.5429777189
 20
71.464980969
 11
24.5429777189
 21
115.3555762406
  0
LINE
  5
3DC
100
AcDbEntity
  8
0
100
AcDbLine
 62
7
  6
BYLAYER
 10
24.6679777189
 20
17.7555762406
 11
24.6679777189
 21
9.7555762406
  0
LINE
  5
3DD
100
AcDbEntity
  8
0
100
AcDbLine
 62
7
  6
BYLAYER
 10
24.7179777189
 20
59.5555762406
 11
24.7179777189
 21
18.2555762406
  0
LINE
  5
3DE
100
AcDbEntity
  8
0
100
AcDbLine
 62
7
  6
BYLAYER
 10
24.8679777189
 20
49.335012423
 11
24.8679777189
 21
50.8201119053
  0
LINE
  5
3DF
100
AcDbEntity
  8
0
100
AcDbLine
 62
7
  6
BYLAYER
 10
25.017977719
 20
57.3555762406
 11
25.0179777189
 21
9.7555762406
  0
LINE
  5
3E0
100
AcDbEntity
  8
0
100
AcDbLine
 62
7
  6
BYLAYER
 10
25.1679777189
 20
117.8555762406
 11
25.1679777189
 21
115.3555762406
  0
LINE
  5
3E1
100
AcDbEntity
  8
0
100
AcDbLine
 62
7
  6
BYLAYER
 10
25.7179777189
 20
44.2555762406
 11
25.7179777189
 21
19.7555762406
  0
LINE
  5
3E2
100
AcDbEntity
  8
0
100
AcDbLine
 62
7
  6
BYLAYER
 10
25.8679777189
 20
121.5551572189
 11
25.8679777189
 21
118.9246466328
  0
LINE
  5
3E3
100
AcDbEntity
  8
0
100
AcDbLine
 62
7
  6
BYLAYER
 10
25.8750845001
 20
18.7555762406
 11
25.8750845001
 21
9.7555762406
  0
LINE
  5
3E4
100
AcDbEntity
  8
0
100
AcDbLine
 62
7
  6
BYLAYER
 10
26.1679777189
 20
18.7555762406
 11
26.1679777189
 21
9.7555762406
  0
LINE
  5
3E5
100
AcDbEntity
  8
0
100
AcDbLine
 62
7
  6
BYLAYER
 10
26.2179777189
 20
59.5555762406
 11
26.2179777189
 21
46.8555762406
  0
LINE
  5
3E6
100
AcDbEntity
  8
0
100
AcDbLine
 62
7
  6
BYLAYER
 10
26.2179777189
 20
44.3555762406
 11
26.2179777189
 21
9.7555762406
  0
LINE
  5
3E7
100
AcDbEntity
  8
0
100
AcDbLine
 62
7
  6
BYLAYER
 10
26.6679777189
 20
45.8555762406
 11
26.6679777189
 21
57.3555762406
  0
LINE
  5
3E8
100
AcDbEntity
  8
0
100
AcDbLine
 62
7
  6
BYLAYER
 10
26.7179777189
 20
46.8555762406
 11
26.7179777189
 21
59.5555762406
  0
LWPOLYLINE
  5
3E9
100
AcDbEntity
  8
0
100
AcDbPolyline
 62
7
  6
BYLAYER
 90
5
 70
0
 10
11.9179777185
 20
18.7555650345
 10
12.0621610996
 20
19.2728558407
 10
12.3488798729
 20
19.5778459712
 10
12.6392806839
 20
19.7159553151
 10
12.9179777565
 20
19.7555792489
  0
LINE
  5
3EA
100
AcDbEntity
  8
0
100
AcDbLine
 62
7
  6
BYLAYER
 10
21.9929777189
 20
74.7650287062
 11
21.8932645631
 21
74.6518923432
  0
LINE
  5
3EB
100
AcDbEntity
  8
0
100
AcDbLine
 62
7
  6
BYLAYER
 10
21.9929777189
 20
75.3591779247
 11
21.8930857597
 21
75.2459536058
  0
LINE
  5
3EC
100
AcDbEntity
  8
0
100
AcDbLine
 62
7
  6
BYLAYER
 10
16.4851214294
 20
77.5078485157
 11
17.601959504
 21
78.0620089389
  0
LINE
  5
3ED
100
AcDbEntity
  8
0
100
AcDbLine
 62
7
  6
BYLAYER
 10
17.6053328351
 20
77.8950018775
 11
16.6029168586
 21
77.3976162006
  0
LINE
  5
3EE
100
AcDbEntity
  8
0
100
AcDbLine
 62
7
  6
BYLAYER
 10
16.6119124088
 20
76.9522640372
 11
17.6143283855
 21
77.4496497142
  0
LINE
  5
3EF
100
AcDbEntity
  8
0
100
AcDbLine
 62
7
  6
BYLAYER
 10
16.5091436922
 20
76.8957609257
 11
16.5646873811
 21
76.9233209501
  0
LINE
  5
3F0
100
AcDbEntity
  8
0
100
AcDbLine
 62
7
  6
BYLAYER
 10
16.5547883095
 20
76.8902948746
 11
16.5393615483
 21
76.8826403178
  0
LINE
  5
3F1
100
AcDbEntity
  8
0
100
AcDbLine
 62
7
  6
BYLAYER
 10
17.6177017167
 20
77.2826426529
 11
16.5008636422
 21
76.7284822297
  0
LINE
  5
3F2
100
AcDbEntity
  8
0
100
AcDbLine
 62
7
  6
BYLAYER
 10
24.3429777189
 20
42.0055762406
 11
20.9179777189
 21
42.0055762406
  0
LINE
  5
3F3
100
AcDbEntity
  8
0
100
AcDbLine
 62
7
  6
BYLAYER
 10
19.4179777189
 20
42.0055762406
 11
15.9929777189
 21
42.0055762406
  0
LINE
  5
3F4
100
AcDbEntity
  8
0
100
AcDbLine
 62
7
  6
BYLAYER
 10
53.9929777189
 20
42.0055762406
 11
57.4179777189
 21
42.0055762406
  0
LINE
  5
3F5
100
AcDbEntity
  8
0
100
AcDbLine
 62
7
  6
BYLAYER
 10
58.9179777189
 20
42.0055762406
 11
62.3429777189
 21
42.0055762406
  0
LINE
  5
3F6
100
AcDbEntity
  8
0
100
AcDbLine
 62
7
  6
BYLAYER
 10
62.3429777189
 20
43.7402215355
 11
53.9929777189
 21
43.7396836806
  0
LINE
  5
3F7
100
AcDbEntity
  8
0
100
AcDbLine
 62
7
  6
BYLAYER
 10
24.3429777189
 20
43.7402215355
 11
15.9929777189
 21
43.7396836806
  0
LINE
  5
3F8
100
AcDbEntity
  8
0
100
AcDbLine
 62
7
  6
BYLAYER
 10
86.9179777189
 20
44.2555762406
 11
60.9179777189
 21
44.2555762406
  0
LINE
  5
3F9
100
AcDbEntity
  8
0
100
AcDbLine
 62
7
  6
BYLAYER
 10
53.9929777189
 20
44.2555762406
 11
51.9179777189
 21
44.2555762406
  0
LINE
  5
3FA
100
AcDbEntity
  8
0
100
AcDbLine
 62
7
  6
BYLAYER
 10
35.9179777189
 20
44.2555762406
 11
24.3429777189
 21
44.2555762406
  0
LINE
  5
3FB
100
AcDbEntity
  8
0
100
AcDbLine
 62
7
  6
BYLAYER
 10
15.9929777189
 20
44.2555762406
 11
11.9179777189
 21
44.2555762406
  0
LINE
  5
3FC
100
AcDbEntity
  8
0
100
AcDbLine
 62
7
  6
BYLAYER
 10
58.9179777189
 20
44.3555762406
 11
53.9179777189
 21
44.3555762406
  0
LINE
  5
3FD
100
AcDbEntity
  8
0
100
AcDbLine
 62
7
  6
BYLAYER
 10
40.2179777189
 20
44.3555762406
 11
26.2179777189
 21
44.3555762406
  0
LINE
  5
3FE
100
AcDbEntity
  8
0
100
AcDbLine
 62
7
  6
BYLAYER
 10
15.9179777189
 20
44.3555762406
 11
11.9179777189
 21
44.3555762406
  0
LINE
  5
3FF
100
AcDbEntity
  8
0
100
AcDbLine
 62
7
  6
BYLAYER
 10
82.9179777189
 20
44.3555762334
 11
86.9179777189
 21
44.3555762406
  0
LINE
  5
400
100
AcDbEntity
  8
0
100
AcDbLine
 62
7
  6
BYLAYER
 10
53.9929777189
 20
44.7922128412
 11
62.3429777189
 21
44.7927728632
  0
LINE
  5
401
100
AcDbEntity
  8
0
100
AcDbLine
 62
7
  6
BYLAYER
 10
15.9929777189
 20
44.7922128412
 11
24.3429777189
 21
44.7927728632
  0
LINE
  5
402
100
AcDbEntity
  8
0
100
AcDbLine
 62
7
  6
BYLAYER
 10
15.9929777189
 20
43.7402215355
 11
24.3429777189
 21
43.7396836806
  0
LINE
  5
403
100
AcDbEntity
  8
0
100
AcDbLine
 62
7
  6
BYLAYER
 10
24.3429777189
 20
44.7922128412
 11
15.9929777189
 21
44.7927728632
  0
LWPOLYLINE
  5
404
100
AcDbEntity
  8
0
100
AcDbPolyline
 62
7
  6
BYLAYER
 90
6
 70
0
 10
27.6679760622
 20
46.3555685706
 10
27.5133004442
 20
46.3801043599
 10
27.3740890203
 20
46.4510747802
 10
27.2634678434
 20
46.5617000134
 10
27.1925068549
 20
46.7008995949
 10
27.167971188
 20
46.8555757351
  0
LINE
  5
405
100
AcDbEntity
  8
0
100
AcDbLine
 62
7
  6
BYLAYER
 10
33.6933537265
 20
50.1285931874
 11
34.0424879885
 21
49.9414725998
  0
LINE
  5
406
100
AcDbEntity
  8
0
100
AcDbLine
 62
7
  6
BYLAYER
 10
34.0424879885
 20
49.9414725998
 11
34.1429777189
 21
49.8872543622
  0
LINE
  5
407
100
AcDbEntity
  8
0
100
AcDbLine
 62
7
  6
BYLAYER
 10
12.7963547421
 20
60.5769456702
 11
12.7333027189
 21
60.6127931034
  0
LINE
  5
408
100
AcDbEntity
  8
0
100
AcDbLine
 62
7
  6
BYLAYER
 10
12.7333027189
 20
60.909873524
 11
12.7963547421
 21
60.8740260908
  0
LINE
  5
409
100
AcDbEntity
  8
0
100
AcDbLine
 62
7
  6
BYLAYER
 10
12.8430777189
 20
60.894381883
 11
12.9055776593
 21
60.8588483296
  0
LINE
  5
40A
100
AcDbEntity
  8
0
100
AcDbLine
 62
7
  6
BYLAYER
 10
12.9055776593
 20
61.1559287502
 11
12.8430777189
 21
61.1914623037
  0
LINE
  5
40B
100
AcDbEntity
  8
0
100
AcDbLine
 62
7
  6
BYLAYER
 10
14.8770735485
 20
60.6665642782
 11
14.9401256337
 21
60.6307168451
  0
LINE
  5
40C
100
AcDbEntity
  8
0
100
AcDbLine
 62
7
  6
BYLAYER
 10
14.9401256337
 20
60.9277972657
 11
14.8770735485
 21
60.9636446988
  0
LINE
  5
40D
100
AcDbEntity
  8
0
100
AcDbLine
 62
7
  6
BYLAYER
 10
18.2386157755
 20
75.7458323436
 11
18.2999102511
 21
75.6246214436
  0
LINE
  5
40E
100
AcDbEntity
  8
0
100
AcDbLine
 62
7
  6
BYLAYER
 10
40.4538761038
 20
9.7555762406
 11
39.9179777189
 21
11.7555762406
  0
LINE
  5
40F
100
AcDbEntity
  8
0
100
AcDbLine
 62
7
  6
BYLAYER
 10
21.2764752289
 20
78.8555762406
 11
20.9929777189
 21
79.9895662808
  0
LINE
  5
410
100
AcDbEntity
  8
0
100
AcDbLine
 62
7
  6
BYLAYER
 10
16.4064870432
 20
101.3130547038
 11
16.4047926856
 21
101.3202881565
  0
LINE
  5
411
100
AcDbEntity
  8
0
100
AcDbLine
 62
7
  6
BYLAYER
 10
16.4295519939
 20
101.214597824
 11
16.4339913752
 21
101.1956544435
  0
LINE
  5
412
100
AcDbEntity
  8
0
100
AcDbLine
 62
7
  6
BYLAYER
 10
16.4047926856
 20
101.3202881565
 11
16.4020477185
 21
101.3320050082
  0
LINE
  5
413
100
AcDbEntity
  8
0
100
AcDbLine
 62
7
  6
BYLAYER
 10
16.4312464341
 20
102.8845283027
 11
16.4339914013
 21
102.8728115004
  0
LINE
  5
414
100
AcDbEntity
  8
0
100
AcDbLine
 62
7
  6
BYLAYER
 10
17.9710740629
 20
103.77036343
 11
17.9720188396
 21
103.7663306817
  0
LINE
  5
415
100
AcDbEntity
  8
0
100
AcDbLine
 62
7
  6
BYLAYER
 10
17.9918591509
 20
103.6816429661
 11
17.9928039277
 21
103.6776102177
  0
LINE
  5
416
100
AcDbEntity
  8
0
100
AcDbLine
 62
7
  6
BYLAYER
 10
24.0024980279
 20
76.6503369919
 11
24.0024674956
 21
76.6505456908
  0
LINE
  5
417
100
AcDbEntity
  8
0
100
AcDbLine
 62
7
  6
BYLAYER
 10
18.7929777189
 20
102.2639836262
 11
18.7929930606
 21
102.2638526544
  0
LINE
  5
418
100
AcDbEntity
  8
0
100
AcDbLine
 62
7
  6
BYLAYER
 10
27.1679777189
 20
38.2555762406
 11
27.1679777189
 21
60.9555762406
  0
LINE
  5
419
100
AcDbEntity
  8
0
100
AcDbLine
 62
7
  6
BYLAYER
 10
27.1929777189
 20
57.3555762406
 11
27.1929777189
 21
59.8555762406
  0
LINE
  5
41A
100
AcDbEntity
  8
0
100
AcDbLine
 62
7
  6
BYLAYER
 10
27.2179777188
 20
46.3555762406
 11
27.2179777189
 21
57.3555762406
  0
LINE
  5
41B
100
AcDbEntity
  8
0
100
AcDbLine
 62
7
  6
BYLAYER
 10
27.6179777189
 20
118.9246466328
 11
27.6179777189
 21
122.4551572177
  0
LINE
  5
41C
100
AcDbEntity
  8
0
100
AcDbLine
 62
7
  6
BYLAYER
 10
27.6679777189
 20
57.3555762406
 11
27.6679777189
 21
46.3555762406
  0
LINE
  5
41D
100
AcDbEntity
  8
0
100
AcDbLine
 62
7
  6
BYLAYER
 10
27.9179777189
 20
57.3555762406
 11
27.9179777189
 21
60.3555762406
  0
LINE
  5
41E
100
AcDbEntity
  8
0
100
AcDbLine
 62
7
  6
BYLAYER
 10
28.9179777189
 20
57.3555762406
 11
28.9179777189
 21
60.3555762406
  0
LINE
  5
41F
100
AcDbEntity
  8
0
100
AcDbLine
 62
7
  6
BYLAYER
 10
28.9179777189
 20
67.8146872322
 11
28.9179777189
 21
115.3555762406
  0
LINE
  5
420
100
AcDbEntity
  8
0
100
AcDbLine
 62
7
  6
BYLAYER
 10
29.0679777189
 20
115.3555762406
 11
29.0679777189
 21
106.3555762406
  0
LINE
  5
421
100
AcDbEntity
  8
0
100
AcDbLine
 62
7
  6
BYLAYER
 10
29.2179777189
 20
82.3555762406
 11
29.2179777189
 21
80.3555762406
  0
LINE
  5
422
100
AcDbEntity
  8
0
100
AcDbLine
 62
7
  6
BYLAYER
 10
29.2179777189
 20
76.1555762406
 11
29.2179777189
 21
66.6555762406
  0
LINE
  5
423
100
AcDbEntity
  8
0
100
AcDbLine
 62
7
  6
BYLAYER
 10
29.4179856796
 20
74.1555763239
 11
29.417989331
 21
67.3967219704
  0
LINE
  5
424
100
AcDbEntity
  8
0
100
AcDbLine
 62
7
  6
BYLAYER
 10
29.6179777183
 20
76.1555762406
 11
29.6179777183
 21
75.4143952857
  0
LINE
  5
425
100
AcDbEntity
  8
0
100
AcDbLine
 62
7
  6
BYLAYER
 10
30.1179797602
 20
81.0281191304
 11
30.117978078
 21
80.3555762406
  0
LINE
  5
426
100
AcDbEntity
  8
0
100
AcDbLine
 62
7
  6
BYLAYER
 10
30.1262563473
 20
82.3555762406
 11
30.1262563473
 21
82.1332219646
  0
LINE
  5
427
100
AcDbEntity
  8
0
100
AcDbLine
 62
7
  6
BYLAYER
 10
30.4337155933
 20
86.9555762406
 11
30.4337155933
 21
117.8555762406
  0
LINE
  5
428
100
AcDbEntity
  8
0
100
AcDbLine
 62
7
  6
BYLAYER
 10
30.9179777189
 20
67.6555757515
 11
30.9179777189
 21
73.5626391567
  0
LINE
  5
429
100
AcDbEntity
  8
0
100
AcDbLine
 62
7
  6
BYLAYER
 10
31.1179777189
 20
74.1555761524
 11
31.1179777189
 21
75.1555761867
  0
LINE
  5
42A
100
AcDbEntity
  8
0
100
AcDbLine
 62
7
  6
BYLAYER
 10
31.1679777189
 20
100.4699545183
 11
31.1679777189
 21
89.3555762406
  0
LINE
  5
42B
100
AcDbEntity
  8
0
100
AcDbLine
 62
7
  6
BYLAYER
 10
31.4179777189
 20
89.742394305
 11
31.4179777189
 21
89.4405289353
  0
LINE
  5
42C
100
AcDbEntity
  8
0
100
AcDbLine
 62
7
  6
BYLAYER
 10
31.4179777189
 20
46.8555762406
 11
31.4179777189
 21
57.3555762406
  0
LINE
  5
42D
100
AcDbEntity
  8
0
100
AcDbLine
 62
7
  6
BYLAYER
 10
29.6087789731
 20
74.1543316734
 11
29.6179780335
 21
75.4143952744
  0
LWPOLYLINE
  5
42E
100
AcDbEntity
  8
0
100
AcDbPolyline
 62
7
  6
BYLAYER
 90
3
 70
0
 10
30.9180076322
 20
73.5548556261
 10
30.9198775169
 20
73.616990427
 10
30.9285905951
 20
73.7008274555
  0
LWPOLYLINE
  5
42F
100
AcDbEntity
  8
0
100
AcDbPolyline
 62
7
  6
BYLAYER
 90
4
 70
0
 10
30.9285905951
 20
73.7008274555
 10
30.9466463429
 20
73.7932827805
 10
30.9596526389
 20
73.841239581
 10
30.9937703353
 20
73.9374577305
  0
LINE
  5
430
100
AcDbEntity
  8
0
100
AcDbLine
 62
7
  6
BYLAYER
 10
22.1825191829
 20
43.2642708947
 11
22.3122301293
 21
43.7546189611
  0
LINE
  5
431
100
AcDbEntity
  8
0
100
AcDbLine
 62
7
  6
BYLAYER
 10
21.7171810572
 20
41.4085966878
 11
22.2375862321
 21
43.3300896372
  0
LINE
  5
432
100
AcDbEntity
  8
0
100
AcDbLine
 62
7
  6
BYLAYER
 10
18.8882893064
 20
45.9648620437
 11
18.887977574
 21
45.9641630419
  0
LINE
  5
433
100
AcDbEntity
  8
0
100
AcDbLine
 62
7
  6
BYLAYER
 10
18.8882751439
 20
44.7767069811
 11
18.8880507244
 21
44.7762042419
  0
LINE
  5
434
100
AcDbEntity
  8
0
100
AcDbLine
 62
7
  6
BYLAYER
 10
18.8883392386
 20
44.1828088047
 11
18.8879693056
 21
44.1819801132
  0
LWPOLYLINE
  5
435
100
AcDbEntity
  8
0
100
AcDbPolyline
 62
7
  6
BYLAYER
 90
4
 70
0
 10
30.9937703353
 20
73.9374577305
 10
31.038998591
 20
74.0324307247
 10
31.0949341372
 20
74.1235508841
 10
31.1179774514
 20
74.1555728797
  0
LINE
  5
436
100
AcDbEntity
  8
0
100
AcDbLine
 62
7
  6
BYLAYER
 10
52.7432927501
 20
95.7563544546
 11
51.6679777189
 21
95.0055762406
  0
LINE
  5
437
100
AcDbEntity
  8
0
100
AcDbLine
 62
7
  6
BYLAYER
 10
18.8179777189
 20
75.2769974956
 11
18.5127132587
 21
75.1067106723
  0
LINE
  5
438
100
AcDbEntity
  8
0
100
AcDbLine
 62
7
  6
BYLAYER
 10
18.8179777189
 20
74.6828677799
 11
18.5126322887
 21
74.5125378145
  0
LINE
  5
439
100
AcDbEntity
  8
0
100
AcDbLine
 62
7
  6
BYLAYER
 10
21.4061135444
 20
75.5682861578
 11
21.8933397237
 21
75.8402557952
  0
LINE
  5
43A
100
AcDbEntity
  8
0
100
AcDbLine
 62
7
  6
BYLAYER
 10
21.4057739786
 20
74.9739405867
 11
21.8930852041
 21
75.2459836649
  0
LINE
  5
43B
100
AcDbEntity
  8
0
100
AcDbLine
 62
7
  6
BYLAYER
 10
21.4057441996
 20
74.3797914051
 11
21.8932633969
 21
74.6519554956
  0
LINE
  5
43C
100
AcDbEntity
  8
0
100
AcDbLine
 62
7
  6
BYLAYER
 10
21.8872884919
 20
74.6709999567
 11
21.8888218438
 21
74.6718323465
  0
LINE
  5
43D
100
AcDbEntity
  8
0
100
AcDbLine
 62
7
  6
BYLAYER
 10
18.8139399144
 20
77.6821269156
 11
18.8181983274
 21
77.6841822215
  0
LINE
  5
43E
100
AcDbEntity
  8
0
100
AcDbLine
 62
7
  6
BYLAYER
 10
53.6364098255
 20
48.2687874287
 11
53.2433208883
 21
48.2686388114
  0
LINE
  5
43F
100
AcDbEntity
  8
0
100
AcDbLine
 62
7
  6
BYLAYER
 10
84.4179777189
 20
45.3555762406
 11
83.9179777189
 21
45.3555762406
  0
LINE
  5
440
100
AcDbEntity
  8
0
100
AcDbLine
 62
7
  6
BYLAYER
 10
14.9179777189
 20
45.3555762406
 11
14.4179777189
 21
45.3555762406
  0
LINE
  5
441
100
AcDbEntity
  8
0
100
AcDbLine
 62
7
  6
BYLAYER
 10
36.4179777189
 20
45.8555762406
 11
26.6679777189
 21
45.8555762406
  0
LINE
  5
442
100
AcDbEntity
  8
0
100
AcDbLine
 62
7
  6
BYLAYER
 10
56.4179777189
 20
45.8555762406
 11
84.9180666109
 21
45.8555762406
  0
LINE
  5
443
100
AcDbEntity
  8
0
100
AcDbLine
 62
7
  6
BYLAYER
 10
19.4179777189
 20
46.1350364943
 11
20.9179777189
 21
46.1350364943
  0
LINE
  5
444
100
AcDbEntity
  8
0
100
AcDbLine
 62
7
  6
BYLAYER
 10
57.4179777189
 20
46.1350364943
 11
58.9179777189
 21
46.1350364943
  0
LINE
  5
445
100
AcDbEntity
  8
0
100
AcDbLine
 62
7
  6
BYLAYER
 10
58.9179777189
 20
46.3458477464
 11
57.4179777189
 21
46.3458477464
  0
LINE
  5
446
100
AcDbEntity
  8
0
100
AcDbLine
 62
7
  6
BYLAYER
 10
20.9179777189
 20
46.3458477464
 11
19.4179777189
 21
46.3458477464
  0
LINE
  5
447
100
AcDbEntity
  8
0
100
AcDbLine
 62
7
  6
BYLAYER
 10
84.9179777189
 20
46.3555762406
 11
59.2463818907
 21
46.3555762406
  0
LINE
  5
448
100
AcDbEntity
  8
0
100
AcDbLine
 62
7
  6
BYLAYER
 10
16.417977718
 20
46.3555762401
 11
13.9179777189
 21
46.3555762406
  0
LINE
  5
449
100
AcDbEntity
  8
0
100
AcDbLine
 62
7
  6
BYLAYER
 10
27.0840031227
 20
46.3555762406
 11
40.2519523151
 21
46.3555762406
  0
LINE
  5
44A
100
AcDbEntity
  8
0
100
AcDbLine
 62
7
  6
BYLAYER
 10
15.9929777189
 20
46.4863885811
 11
17.1679777189
 21
46.4863885811
  0
LINE
  5
44B
100
AcDbEntity
  8
0
100
AcDbLine
 62
7
  6
BYLAYER
 10
23.1679777189
 20
46.4863885811
 11
24.3429777189
 21
46.4863885811
  0
LINE
  5
44C
100
AcDbEntity
  8
0
100
AcDbLine
 62
7
  6
BYLAYER
 10
53.9929777189
 20
46.4863885811
 11
55.1679777189
 21
46.4863885811
  0
LINE
  5
44D
100
AcDbEntity
  8
0
100
AcDbLine
 62
7
  6
BYLAYER
 10
61.1679777189
 20
46.4863885811
 11
62.3429777189
 21
46.4863885811
  0
LINE
  5
44E
100
AcDbEntity
  8
0
100
AcDbLine
 62
7
  6
BYLAYER
 10
62.3429777189
 20
46.6550375827
 11
61.1679777189
 21
46.6550375827
  0
LINE
  5
44F
100
AcDbEntity
  8
0
100
AcDbLine
 62
7
  6
BYLAYER
 10
55.1679777189
 20
46.6550375827
 11
53.9929777189
 21
46.6550375827
  0
LINE
  5
450
100
AcDbEntity
  8
0
100
AcDbLine
 62
7
  6
BYLAYER
 10
24.3429777189
 20
46.6550375827
 11
23.1679777189
 21
46.6550375827
  0
LINE
  5
451
100
AcDbEntity
  8
0
100
AcDbLine
 62
7
  6
BYLAYER
 10
17.1679777189
 20
46.6550375827
 11
15.9929777189
 21
46.6550375827
  0
LINE
  5
452
100
AcDbEntity
  8
0
100
AcDbLine
 62
7
  6
BYLAYER
 10
15.6179777189
 20
46.8236865844
 11
17.1679777189
 21
46.8236865844
  0
LINE
  5
453
100
AcDbEntity
  8
0
100
AcDbLine
 62
7
  6
BYLAYER
 10
23.1679777189
 20
46.8236865844
 11
24.7179777189
 21
46.8236865844
  0
LINE
  5
454
100
AcDbEntity
  8
0
100
AcDbLine
 62
7
  6
BYLAYER
 10
53.6179777189
 20
46.8236865844
 11
55.1679777189
 21
46.8236865844
  0
LINE
  5
455
100
AcDbEntity
  8
0
100
AcDbLine
 62
7
  6
BYLAYER
 10
61.1679777189
 20
46.8236865844
 11
62.7179777189
 21
46.8236865844
  0
LINE
  5
456
100
AcDbEntity
  8
0
100
AcDbLine
 62
7
  6
BYLAYER
 10
24.7179777189
 20
46.8517947513
 11
24.3429777189
 21
46.8517947513
  0
LINE
  5
457
100
AcDbEntity
  8
0
100
AcDbLine
 62
7
  6
BYLAYER
 10
41.1179777189
 20
46.8555762406
 11
26.2179777189
 21
46.8555762406
  0
LINE
  5
458
100
AcDbEntity
  8
0
100
AcDbLine
 62
7
  6
BYLAYER
 10
58.9321351688
 20
46.8555762406
 11
85.4179777189
 21
46.8555731645
  0
LINE
  5
459
100
AcDbEntity
  8
0
100
AcDbLine
 62
7
  6
BYLAYER
 10
62.7179777189
 20
46.992335586
 11
61.1679777189
 21
46.992335586
  0
LINE
  5
45A
100
AcDbEntity
  8
0
100
AcDbLine
 62
7
  6
BYLAYER
 10
55.1679777189
 20
46.992335586
 11
53.6179777189
 21
46.992335586
  0
LINE
  5
45B
100
AcDbEntity
  8
0
100
AcDbLine
 62
7
  6
BYLAYER
 10
24.7179777189
 20
46.992335586
 11
23.1679777189
 21
46.992335586
  0
LINE
  5
45C
100
AcDbEntity
  8
0
100
AcDbLine
 62
7
  6
BYLAYER
 10
17.1679777189
 20
46.992335586
 11
15.6179777189
 21
46.992335586
  0
LINE
  5
45D
100
AcDbEntity
  8
0
100
AcDbLine
 62
7
  6
BYLAYER
 10
18.1766566436
 20
47.1246442263
 11
17.2368950008
 21
47.124645408
  0
LINE
  5
45E
100
AcDbEntity
  8
0
100
AcDbLine
 62
7
  6
BYLAYER
 10
60.7592812775
 20
47.1246393766
 11
61.699060806
 21
47.1246454047
  0
LINE
  5
45F
100
AcDbEntity
  8
0
100
AcDbLine
 62
7
  6
BYLAYER
 10
55.8766566436
 20
47.1246442263
 11
54.9368950008
 21
47.124645408
  0
LINE
  5
460
100
AcDbEntity
  8
0
100
AcDbLine
 62
7
  6
BYLAYER
 10
23.999060806
 20
47.1246454047
 11
23.0592812775
 21
47.1246393766
  0
LINE
  5
461
100
AcDbEntity
  8
0
100
AcDbLine
 62
7
  6
BYLAYER
 10
24.3429777189
 20
47.2053069117
 11
15.9929777189
 21
47.2053069117
  0
LINE
  5
462
100
AcDbEntity
  8
0
100
AcDbLine
 62
7
  6
BYLAYER
 10
53.9929777189
 20
47.2053069117
 11
62.3429777189
 21
47.2053069117
  0
LINE
  5
463
100
AcDbEntity
  8
0
100
AcDbLine
 62
7
  6
BYLAYER
 10
85.6179777189
 20
47.3555762406
 11
84.9179777189
 21
47.3555762406
  0
LINE
  5
464
100
AcDbEntity
  8
0
100
AcDbLine
 62
7
  6
BYLAYER
 10
13.9179777189
 20
47.3555762406
 11
13.2179777189
 21
47.3555762406
  0
LINE
  5
465
100
AcDbEntity
  8
0
100
AcDbLine
 62
7
  6
BYLAYER
 10
68.4179777189
 20
48.2531137351
 11
68.9179777189
 21
48.2531137351
  0
LINE
  5
466
100
AcDbEntity
  8
0
100
AcDbLine
 62
7
  6
BYLAYER
 10
35.9179777189
 20
48.3555762406
 11
52.3647240212
 21
48.3555762406
  0
LINE
  5
467
100
AcDbEntity
  8
0
100
AcDbLine
 62
7
  6
BYLAYER
 10
68.4179777189
 20
48.4574120583
 11
52.4179777189
 21
48.4574120583
  0
LINE
  5
468
100
AcDbEntity
  8
0
100
AcDbLine
 62
7
  6
BYLAYER
 10
34.324962836
 20
48.6555762406
 11
36.5109926018
 21
48.6555762406
  0
LINE
  5
469
100
AcDbEntity
  8
0
100
AcDbLine
 62
7
  6
BYLAYER
 10
17.2368949592
 20
48.7854797895
 11
17.8179777189
 21
48.7854797895
  0
LINE
  5
46A
100
AcDbEntity
  8
0
100
AcDbLine
 62
7
  6
BYLAYER
 10
23.4179777189
 20
48.7854797895
 11
23.9990604534
 21
48.7854797895
  0
LINE
  5
46B
100
AcDbEntity
  8
0
100
AcDbLine
 62
7
  6
BYLAYER
 10
54.9368949592
 20
48.7854797895
 11
55.5179777189
 21
48.7854797895
  0
LINE
  5
46C
100
AcDbEntity
  8
0
100
AcDbLine
 62
7
  6
BYLAYER
 10
61.1179777189
 20
48.7854797895
 11
61.6990604534
 21
48.7854797895
  0
LINE
  5
46D
100
AcDbEntity
  8
0
100
AcDbLine
 62
7
  6
BYLAYER
 10
60.6179784313
 20
49.0849395402
 11
60.4179777383
 21
49.0849395402
  0
LINE
  5
46E
100
AcDbEntity
  8
0
100
AcDbLine
 62
7
  6
BYLAYER
 10
56.2179777189
 20
49.0849395402
 11
56.0179762317
 21
49.0849395402
  0
LINE
  5
46F
100
AcDbEntity
  8
0
100
AcDbLine
 62
7
  6
BYLAYER
 10
22.9179784313
 20
49.0849395402
 11
22.7179777383
 21
49.0849395402
  0
LINE
  5
470
100
AcDbEntity
  8
0
100
AcDbLine
 62
7
  6
BYLAYER
 10
18.5179777189
 20
49.0849395402
 11
18.3179762317
 21
49.0849395402
  0
LINE
  5
471
100
AcDbEntity
  8
0
100
AcDbLine
 62
7
  6
BYLAYER
 10
34.1429777189
 20
49.1555762406
 11
36.6929777189
 21
49.1555762406
  0
LINE
  5
472
100
AcDbEntity
  8
0
100
AcDbLine
 62
7
  6
BYLAYER
 10
18.317977719
 20
49.7806031896
 11
18.5179777189
 21
49.7806031896
  0
LINE
  5
473
100
AcDbEntity
  8
0
100
AcDbLine
 62
7
  6
BYLAYER
 10
22.717977719
 20
49.7806031896
 11
22.9179777189
 21
49.7806031896
  0
LINE
  5
474
100
AcDbEntity
  8
0
100
AcDbLine
 62
7
  6
BYLAYER
 10
56.017977719
 20
49.7806031896
 11
56.2179777189
 21
49.7806031896
  0
LINE
  5
475
100
AcDbEntity
  8
0
100
AcDbLine
 62
7
  6
BYLAYER
 10
60.417977719
 20
49.7806031896
 11
60.6179777189
 21
49.7806031896
  0
LINE
  5
476
100
AcDbEntity
  8
0
100
AcDbLine
 62
7
  6
BYLAYER
 10
62.1429777189
 20
49.8555762406
 11
54.1429777189
 21
49.8555762406
  0
LINE
  5
477
100
AcDbEntity
  8
0
100
AcDbLine
 62
7
  6
BYLAYER
 10
56.8625844695
 20
48.2656462053
 11
54.3163299678
 21
48.2663176949
  0
LINE
  5
478
100
AcDbEntity
  8
0
100
AcDbLine
 62
7
  6
BYLAYER
 10
19.18747404
 20
50.4393678423
 11
19.1924023848
 21
50.4390145606
  0
LINE
  5
479
100
AcDbEntity
  8
0
100
AcDbLine
 62
7
  6
BYLAYER
 10
19.1700002186
 20
50.4347171426
 11
19.1749533407
 21
50.4343500506
  0
LINE
  5
47A
100
AcDbEntity
  8
0
100
AcDbLine
 62
7
  6
BYLAYER
 10
12.5930777785
 20
60.6574915101
 11
13.5930777189
 21
60.2399722072
  0
LINE
  5
47B
100
AcDbEntity
  8
0
100
AcDbLine
 62
7
  6
BYLAYER
 10
13.5930777189
 20
60.5370526278
 11
12.5930777785
 21
60.9545719307
  0
LINE
  5
47C
100
AcDbEntity
  8
0
100
AcDbLine
 62
7
  6
BYLAYER
 10
13.9943443555
 20
61.2164031397
 11
15.0031777189
 21
60.7951957496
  0
LINE
  5
47D
100
AcDbEntity
  8
0
100
AcDbLine
 62
7
  6
BYLAYER
 10
15.0031777189
 20
61.0922761702
 11
13.9943443555
 21
61.5134835603
  0
LINE
  5
47E
100
AcDbEntity
  8
0
100
AcDbLine
 62
7
  6
BYLAYER
 10
13.8430777487
 20
60.2755057607
 11
13.2805776593
 21
60.5153572838
  0
LINE
  5
47F
100
AcDbEntity
  8
0
100
AcDbLine
 62
7
  6
BYLAYER
 10
13.2180777189
 20
60.5508908373
 11
12.9680777785
 21
60.6574915101
  0
LINE
  5
480
100
AcDbEntity
  8
0
100
AcDbLine
 62
7
  6
BYLAYER
 10
13.2805776593
 20
60.8124377044
 11
13.8430777487
 21
60.5725861813
  0
LINE
  5
481
100
AcDbEntity
  8
0
100
AcDbLine
 62
7
  6
BYLAYER
 10
12.9680777785
 20
60.9545719307
 11
13.2180777189
 21
60.8479712579
  0
LINE
  5
482
100
AcDbEntity
  8
0
100
AcDbLine
 62
7
  6
BYLAYER
 10
14.6248652189
 20
60.7951957496
 11
14.3726569006
 21
60.9027380617
  0
LINE
  5
483
100
AcDbEntity
  8
0
100
AcDbLine
 62
7
  6
BYLAYER
 10
14.3096047872
 20
60.9385854949
 11
13.7421360823
 21
61.1805557065
  0
LINE
  5
484
100
AcDbEntity
  8
0
100
AcDbLine
 62
7
  6
BYLAYER
 10
14.3726569006
 20
61.1998184823
 11
14.6248652189
 21
61.0922761702
  0
LINE
  5
485
100
AcDbEntity
  8
0
100
AcDbLine
 62
7
  6
BYLAYER
 10
13.7421360823
 20
61.4776361271
 11
14.3096047872
 21
61.2356659155
  0
LINE
  5
486
100
AcDbEntity
  8
0
100
AcDbLine
 62
7
  6
BYLAYER
 10
36.6929599488
 20
49.9054558486
 11
37.1677257712
 21
49.6555634771
  0
LINE
  5
487
100
AcDbEntity
  8
0
100
AcDbLine
 62
7
  6
BYLAYER
 10
33.6937310294
 20
51.1284966766
 11
34.0428591157
 21
50.94133334
  0
LINE
  5
488
100
AcDbEntity
  8
0
100
AcDbLine
 62
7
  6
BYLAYER
 10
37.1420431097
 20
49.6829801393
 11
36.7906384909
 21
49.8713703587
  0
LINE
  5
489
100
AcDbEntity
  8
0
100
AcDbLine
 62
7
  6
BYLAYER
 10
33.693880822
 20
53.1284384398
 11
34.0429458304
 21
52.9412919776
  0
LINE
  5
48A
100
AcDbEntity
  8
0
100
AcDbLine
 62
7
  6
BYLAYER
 10
33.6941237064
 20
52.1283193599
 11
34.0431651359
 21
51.941159134
  0
LINE
  5
48B
100
AcDbEntity
  8
0
100
AcDbLine
 62
7
  6
BYLAYER
 10
37.1416674905
 20
50.6830598243
 11
36.7901441506
 21
50.8715658381
  0
LINE
  5
48C
100
AcDbEntity
  8
0
100
AcDbLine
 62
7
  6
BYLAYER
 10
37.1416578418
 20
51.6829583564
 11
36.7899943768
 21
51.8715477205
  0
LINE
  5
48D
100
AcDbEntity
  8
0
100
AcDbLine
 62
7
  6
BYLAYER
 10
33.6942265145
 20
54.1282539508
 11
34.0431861786
 21
53.9411273455
  0
LINE
  5
48E
100
AcDbEntity
  8
0
100
AcDbLine
 62
7
  6
BYLAYER
 10
37.1416349913
 20
52.6830361893
 11
36.7900979746
 21
52.871556033
  0
LINE
  5
48F
100
AcDbEntity
  8
0
100
AcDbLine
 62
7
  6
BYLAYER
 10
33.6943202894
 20
55.1281163759
 11
34.0431469866
 21
54.9410563596
  0
LINE
  5
490
100
AcDbEntity
  8
0
100
AcDbLine
 62
7
  6
BYLAYER
 10
37.1417287567
 20
53.6828986195
 11
36.7900575187
 21
53.8714857504
  0
LINE
  5
491
100
AcDbEntity
  8
0
100
AcDbLine
 62
7
  6
BYLAYER
 10
36.7906384909
 20
49.8713703587
 11
36.6929777189
 21
49.9240680731
  0
LINE
  5
492
100
AcDbEntity
  8
0
100
AcDbLine
 62
7
  6
BYLAYER
 10
34.0428591157
 20
50.94133334
 11
34.1429777189
 21
50.8872999068
  0
LINE
  5
493
100
AcDbEntity
  8
0
100
AcDbLine
 62
7
  6
BYLAYER
 10
34.0431651359
 20
51.941159134
 11
34.1429777189
 21
51.8872784976
  0
LINE
  5
494
100
AcDbEntity
  8
0
100
AcDbLine
 62
7
  6
BYLAYER
 10
36.7901441506
 20
50.8715658381
 11
36.6929777189
 21
50.9240173308
  0
LINE
  5
495
100
AcDbEntity
  8
0
100
AcDbLine
 62
7
  6
BYLAYER
 10
34.0429458304
 20
52.9412919776
 11
34.1429777189
 21
52.8873002419
  0
LINE
  5
496
100
AcDbEntity
  8
0
100
AcDbLine
 62
7
  6
BYLAYER
 10
34.0431861786
 20
53.9411273455
 11
34.1429777189
 21
53.8872557383
  0
LINE
  5
497
100
AcDbEntity
  8
0
100
AcDbLine
 62
7
  6
BYLAYER
 10
36.7900979746
 20
52.871556033
 11
36.6929777189
 21
52.9239860841
  0
LINE
  5
498
100
AcDbEntity
  8
0
100
AcDbLine
 62
7
  6
BYLAYER
 10
34.0431469866
 20
54.9410563596
 11
34.1429777189
 21
54.8871655349
  0
LINE
  5
499
100
AcDbEntity
  8
0
100
AcDbLine
 62
7
  6
BYLAYER
 10
36.7899943768
 20
51.8715477205
 11
36.6929777189
 21
51.9239246625
  0
LINE
  5
49A
100
AcDbEntity
  8
0
100
AcDbLine
 62
7
  6
BYLAYER
 10
36.7900575187
 20
53.8714857504
 11
36.6929777189
 21
53.9238958738
  0
LINE
  5
49B
100
AcDbEntity
  8
0
100
AcDbLine
 62
7
  6
BYLAYER
 10
33.9679387705
 20
56.3555482708
 11
32.9679304151
 21
57.3555104767
  0
LINE
  5
49C
100
AcDbEntity
  8
0
100
AcDbLine
 62
7
  6
BYLAYER
 10
36.0554761724
 20
52.7387571866
 11
36.2928097175
 21
52.488863314
  0
LINE
  5
49D
100
AcDbEntity
  8
0
100
AcDbLine
 62
7
  6
BYLAYER
 10
34.5431541095
 20
55.3223096763
 11
34.7804869745
 21
55.0724158558
  0
LINE
  5
49E
100
AcDbEntity
  8
0
100
AcDbLine
 62
7
  6
BYLAYER
 10
37.1676795416
 20
49.6556511451
 11
37.1420568271
 21
49.6829873465
  0
LINE
  5
49F
100
AcDbEntity
  8
0
100
AcDbLine
 62
7
  6
BYLAYER
 10
18.5129085257
 20
74.4455608943
 11
18.4929846335
 21
74.4675292215
  0
LINE
  5
4A0
100
AcDbEntity
  8
0
100
AcDbLine
 62
7
  6
BYLAYER
 10
18.5128060986
 20
75.0397791905
 11
18.4929846335
 21
75.0616912379
  0
LINE
  5
4A1
100
AcDbEntity
  8
0
100
AcDbLine
 62
7
  6
BYLAYER
 10
16.4020477091
 20
101.332005018
 11
16.4020299192
 21
101.3320493239
  0
LINE
  5
4A2
100
AcDbEntity
  8
0
100
AcDbLine
 62
7
  6
BYLAYER
 10
34.1429777189
 20
49.1555762406
 11
34.324962836
 21
48.6555762406
  0
LINE
  5
4A3
100
AcDbEntity
  8
0
100
AcDbLine
 62
7
  6
BYLAYER
 10
21.0679777189
 20
105.2555762406
 11
20.8179777189
 21
106.2555762406
  0
LINE
  5
4A4
100
AcDbEntity
  8
0
100
AcDbLine
 62
7
  6
BYLAYER
 10
19.0804777189
 20
109.6555762406
 11
19.3179777189
 21
108.6812172663
  0
LINE
  5
4A5
100
AcDbEntity
  8
0
100
AcDbLine
 62
7
  6
BYLAYER
 10
19.0804777189
 20
110.2555762406
 11
19.5679777189
 21
108.2555762406
  0
LINE
  5
4A6
100
AcDbEntity
  8
0
100
AcDbLine
 62
7
  6
BYLAYER
 10
18.8342245328
 20
104.1063147292
 11
18.8447122522
 21
104.0615571955
  0
LINE
  5
4A7
100
AcDbEntity
  8
0
100
AcDbLine
 62
7
  6
BYLAYER
 10
21.5308322301
 20
104.0618105874
 11
21.5203433476
 21
104.1065704984
  0
LINE
  5
4A8
100
AcDbEntity
  8
0
100
AcDbLine
 62
7
  6
BYLAYER
 10
22.3648813749
 20
103.6780266725
 11
22.3639365982
 21
103.6820594209
  0
LINE
  5
4A9
100
AcDbEntity
  8
0
100
AcDbLine
 62
7
  6
BYLAYER
 10
22.3440962869
 20
103.7667471365
 11
22.3431515101
 21
103.7707798848
  0
LINE
  5
4AA
100
AcDbEntity
  8
0
100
AcDbLine
 62
7
  6
BYLAYER
 10
23.7177431314
 20
103.0431538243
 11
23.7179049525
 21
103.0418063132
  0
LINE
  5
4AB
100
AcDbEntity
  8
0
100
AcDbLine
 62
7
  6
BYLAYER
 10
34.9179777191
 20
69.3555762312
 11
34.9467822326
 21
68.2555762406
  0
LINE
  5
4AC
100
AcDbEntity
  8
0
100
AcDbLine
 62
7
  6
BYLAYER
 10
33.6942098947
 20
54.1282628312
 11
33.6935003885
 21
54.1828037898
  0
LINE
  5
4AD
100
AcDbEntity
  8
0
100
AcDbLine
 62
7
  6
BYLAYER
 10
33.6938510272
 20
53.1284543569
 11
33.6932537576
 21
53.1825756061
  0
LINE
  5
4AE
100
AcDbEntity
  8
0
100
AcDbLine
 62
7
  6
BYLAYER
 10
33.6943044771
 20
55.1281248254
 11
33.6940541948
 21
55.1830340021
  0
LINE
  5
4AF
100
AcDbEntity
  8
0
100
AcDbLine
 62
7
  6
BYLAYER
 10
31.6679777189
 20
95.0055762406
 11
31.6679777189
 21
93.0055762406
  0
LINE
  5
4B0
100
AcDbEntity
  8
0
100
AcDbLine
 62
7
  6
BYLAYER
 10
31.6679777189
 20
98.9055762406
 11
31.6679777189
 21
100.7543578373
  0
LINE
  5
4B1
100
AcDbEntity
  8
0
100
AcDbLine
 62
7
  6
BYLAYER
 10
31.6679777189
 20
103.3555762406
 11
31.6679777189
 21
108.5442513752
  0
LINE
  5
4B2
100
AcDbEntity
  8
0
100
AcDbLine
 62
7
  6
BYLAYER
 10
31.9179777189
 20
60.3555762406
 11
31.9179777189
 21
57.3555762406
  0
LINE
  5
4B3
100
AcDbEntity
  8
0
100
AcDbLine
 62
7
  6
BYLAYER
 10
32.1679777189
 20
95.1241773132
 11
32.1679777189
 21
93.1241773132
  0
LINE
  5
4B4
100
AcDbEntity
  8
0
100
AcDbLine
 62
7
  6
BYLAYER
 10
32.2179777189
 20
17.7555762406
 11
32.2179777189
 21
9.7555762406
  0
LINE
  5
4B5
100
AcDbEntity
  8
0
100
AcDbLine
 62
7
  6
BYLAYER
 10
32.2179777189
 20
96.3555762406
 11
32.2179777189
 21
98.3555762406
  0
LINE
  5
4B6
100
AcDbEntity
  8
0
100
AcDbLine
 62
7
  6
BYLAYER
 10
32.6679777189
 20
9.7555762406
 11
32.6679777189
 21
18.7555762406
  0
LINE
  5
4B7
100
AcDbEntity
  8
0
100
AcDbLine
 62
7
  6
BYLAYER
 10
32.6679777189
 20
84.8555762406
 11
32.6679777189
 21
86.8555762406
  0
LINE
  5
4B8
100
AcDbEntity
  8
0
100
AcDbLine
 62
7
  6
BYLAYER
 10
33.4179777189
 20
17.7555762406
 11
33.4179777189
 21
9.7555762406
  0
LINE
  5
4B9
100
AcDbEntity
  8
0
100
AcDbLine
 62
7
  6
BYLAYER
 10
33.9679777189
 20
44.3555762406
 11
33.9679777189
 21
56.3555093243
  0
LINE
  5
4BA
100
AcDbEntity
  8
0
100
AcDbLine
 62
7
  6
BYLAYER
 10
34.1429777189
 20
56.9057311971
 11
34.1429777189
 21
56.4240614443
  0
LINE
  5
4BB
100
AcDbEntity
  8
0
100
AcDbLine
 62
7
  6
BYLAYER
 10
34.1429777189
 20
55.905694865
 11
34.1429777189
 21
55.4240635702
  0
LINE
  5
4BC
100
AcDbEntity
  8
0
100
AcDbLine
 62
7
  6
BYLAYER
 10
34.1429777189
 20
54.9057210379
 11
34.1429777189
 21
54.4240428032
  0
LINE
  5
4BD
100
AcDbEntity
  8
0
100
AcDbLine
 62
7
  6
BYLAYER
 10
34.1429777189
 20
53.9056736799
 11
34.1429777189
 21
53.4239576635
  0
LINE
  5
4BE
100
AcDbEntity
  8
0
100
AcDbLine
 62
7
  6
BYLAYER
 10
34.1429777189
 20
52.9056088856
 11
34.1429777189
 21
52.4240158434
  0
LINE
  5
4BF
100
AcDbEntity
  8
0
100
AcDbLine
 62
7
  6
BYLAYER
 10
34.1429777189
 20
51.9056502649
 11
34.1429777189
 21
51.4239257316
  0
LINE
  5
4C0
100
AcDbEntity
  8
0
100
AcDbLine
 62
7
  6
BYLAYER
 10
34.1429777189
 20
50.9055906182
 11
34.1429777189
 21
50.4238608041
  0
LINE
  5
4C1
100
AcDbEntity
  8
0
100
AcDbLine
 62
7
  6
BYLAYER
 10
34.1429777189
 20
49.9055827747
 11
34.1429777189
 21
49.1555762406
  0
LINE
  5
4C2
100
AcDbEntity
  8
0
100
AcDbLine
 62
7
  6
BYLAYER
 10
34.1679777189
 20
17.7555762406
 11
34.1679777189
 21
9.7555762406
  0
LINE
  5
4C3
100
AcDbEntity
  8
0
100
AcDbLine
 62
7
  6
BYLAYER
 10
34.1679777189
 20
86.8555762406
 11
34.1679777189
 21
89.3547072777
  0
LINE
  5
4C4
100
AcDbEntity
  8
0
100
AcDbLine
 62
7
  6
BYLAYER
 10
34.4179777189
 20
9.7555762406
 11
34.4179777189
 21
17.7555762406
  0
LINE
  5
4C5
100
AcDbEntity
  8
0
100
AcDbLine
 62
7
  6
BYLAYER
 10
34.6679777189
 20
96.2127985886
 11
34.6679777189
 21
96.3555762406
  0
LINE
  5
4C6
100
AcDbEntity
  8
0
100
AcDbLine
 62
7
  6
BYLAYER
 10
34.9179777189
 20
57.3555762406
 11
34.9179777189
 21
46.3743238009
  0
LINE
  5
4C7
100
AcDbEntity
  8
0
100
AcDbLine
 62
7
  6
BYLAYER
 10
34.9179777189
 20
44.2555762406
 11
34.9179777189
 21
37.8555762406
  0
LINE
  5
4C8
100
AcDbEntity
  8
0
100
AcDbLine
 62
7
  6
BYLAYER
 10
35.4179777189
 20
17.7555762406
 11
35.4179777189
 21
16.2555762406
  0
LINE
  5
4C9
100
AcDbEntity
  8
0
100
AcDbLine
 62
7
  6
BYLAYER
 10
35.4179777189
 20
15.7555762406
 11
35.4179777189
 21
11.7555762406
  0
LINE
  5
4CA
100
AcDbEntity
  8
0
100
AcDbLine
 62
7
  6
BYLAYER
 10
35.4179777189
 20
46.3555762406
 11
35.4179777189
 21
57.3555762406
  0
LINE
  5
4CB
100
AcDbEntity
  8
0
100
AcDbLine
 62
7
  6
BYLAYER
 10
35.6179777189
 20
11.8724893504
 11
35.6179777189
 21
9.7555762406
  0
LINE
  5
4CC
100
AcDbEntity
  8
0
100
AcDbLine
 62
7
  6
BYLAYER
 10
35.9179777189
 20
9.7555762406
 11
35.9179777189
 21
17.7555762406
  0
LINE
  5
4CD
100
AcDbEntity
  8
0
100
AcDbLine
 62
7
  6
BYLAYER
 10
35.9179777189
 20
19.1903588493
 11
35.9179777189
 21
57.3555762406
  0
LINE
  5
4CE
100
AcDbEntity
  8
0
100
AcDbLine
 62
7
  6
BYLAYER
 10
35.9179777189
 20
17.7555762406
 11
35.9179777189
 21
19.1903588493
  0
LINE
  5
4CF
100
AcDbEntity
  8
0
100
AcDbLine
 62
7
  6
BYLAYER
 10
35.8891732052
 20
68.2555762406
 11
35.9179777187
 21
69.3555762312
  0
LINE
  5
4D0
100
AcDbEntity
  8
0
100
AcDbLine
 62
7
  6
BYLAYER
 10
32.5222517008
 20
68.9904385377
 11
32.3179777189
 21
66.6555762406
  0
LINE
  5
4D1
100
AcDbEntity
  8
0
100
AcDbLine
 62
7
  6
BYLAYER
 10
59.1179777189
 20
98.3555762406
 11
59.6679777189
 21
98.9055762406
  0
LINE
  5
4D2
100
AcDbEntity
  8
0
100
AcDbLine
 62
7
  6
BYLAYER
 10
21.886534779
 20
74.6710163871
 11
21.8888068603
 21
74.6718159365
  0
LINE
  5
4D3
100
AcDbEntity
  8
0
100
AcDbLine
 62
7
  6
BYLAYER
 10
62.1708739274
 20
50.3169928361
 11
62.5077290057
 21
50.3169930174
  0
LINE
  5
4D4
100
AcDbEntity
  8
0
100
AcDbLine
 62
7
  6
BYLAYER
 10
22.5879786285
 20
50.316991823
 11
24.8077290057
 21
50.3169930174
  0
LINE
  5
4D5
100
AcDbEntity
  8
0
100
AcDbLine
 62
7
  6
BYLAYER
 10
16.4282353789
 20
50.3169890208
 11
18.6479784704
 21
50.3169906371
  0
LINE
  5
4D6
100
AcDbEntity
  8
0
100
AcDbLine
 62
7
  6
BYLAYER
 10
16.1929777189
 20
50.5555762406
 11
23.9429777189
 21
50.5555762406
  0
LINE
  5
4D7
100
AcDbEntity
  8
0
100
AcDbLine
 62
7
  6
BYLAYER
 10
23.9429777189
 20
50.8499129408
 11
24.8620459423
 21
50.8499129408
  0
LINE
  5
4D8
100
AcDbEntity
  8
0
100
AcDbLine
 62
7
  6
BYLAYER
 10
54.0739094955
 20
50.8499129408
 11
54.0828623608
 21
50.8499129408
  0
LINE
  5
4D9
100
AcDbEntity
  8
0
100
AcDbLine
 62
7
  6
BYLAYER
 10
62.2030930771
 20
50.8499129408
 11
62.5620459423
 21
50.8499129408
  0
LINE
  5
4DA
100
AcDbEntity
  8
0
100
AcDbLine
 62
7
  6
BYLAYER
 10
23.9429777189
 20
52.0555762406
 11
16.1929777189
 21
52.0555762406
  0
LINE
  5
4DB
100
AcDbEntity
  8
0
100
AcDbLine
 62
7
  6
BYLAYER
 10
53.9981616643
 20
52.2509028635
 11
62.2877937735
 21
52.2509028635
  0
LINE
  5
4DC
100
AcDbEntity
  8
0
100
AcDbLine
 62
7
  6
BYLAYER
 10
62.3429777189
 20
53.1636716449
 11
62.1429777189
 21
53.1636716449
  0
LINE
  5
4DD
100
AcDbEntity
  8
0
100
AcDbLine
 62
7
  6
BYLAYER
 10
54.1429777189
 20
53.1636716449
 11
53.9429777189
 21
53.1636716449
  0
LINE
  5
4DE
100
AcDbEntity
  8
0
100
AcDbLine
 62
7
  6
BYLAYER
 10
62.6679777189
 20
54.0108584799
 11
62.1429777189
 21
54.0108584799
  0
LINE
  5
4DF
100
AcDbEntity
  8
0
100
AcDbLine
 62
7
  6
BYLAYER
 10
53.6179777189
 20
54.0108584799
 11
54.1429777189
 21
54.0108584799
  0
LINE
  5
4E0
100
AcDbEntity
  8
0
100
AcDbLine
 62
7
  6
BYLAYER
 10
24.4679777189
 20
54.1709131747
 11
23.9429777189
 21
54.1709131747
  0
LINE
  5
4E1
100
AcDbEntity
  8
0
100
AcDbLine
 62
7
  6
BYLAYER
 10
16.1929777189
 20
54.1709131747
 11
15.6679777189
 21
54.1709131747
  0
LINE
  5
4E2
100
AcDbEntity
  8
0
100
AcDbLine
 62
7
  6
BYLAYER
 10
12.9224589689
 20
60.5500600953
 11
12.7963547421
 21
60.5769456702
  0
LINE
  5
4E3
100
AcDbEntity
  8
0
100
AcDbLine
 62
7
  6
BYLAYER
 10
12.7963547421
 20
60.8740260908
 11
12.9224589689
 21
60.8471405159
  0
LINE
  5
4E4
100
AcDbEntity
  8
0
100
AcDbLine
 62
7
  6
BYLAYER
 10
13.3430777785
 20
60.8677317179
 11
13.2180777189
 21
60.894381883
  0
LINE
  5
4E5
100
AcDbEntity
  8
0
100
AcDbLine
 62
7
  6
BYLAYER
 10
14.6248652189
 20
60.6307168451
 11
14.4987610372
 21
60.6576024199
  0
LINE
  5
4E6
100
AcDbEntity
  8
0
100
AcDbLine
 62
7
  6
BYLAYER
 10
13.2180777189
 20
61.1914623037
 11
13.3430777785
 21
61.1648121386
  0
LINE
  5
4E7
100
AcDbEntity
  8
0
100
AcDbLine
 62
7
  6
BYLAYER
 10
14.4987610372
 20
60.9546828406
 11
14.6248652189
 21
60.9277972657
  0
LWPOLYLINE
  5
4E8
100
AcDbEntity
  8
0
100
AcDbPolyline
 62
7
  6
BYLAYER
 90
4
 70
0
 10
67.1750009773
 20
46.3574267173
 10
67.0214526931
 20
46.3958187617
 10
66.8877341406
 20
46.4801587847
 10
66.7869562357
 20
46.6021583354
  0
LINE
  5
4E9
100
AcDbEntity
  8
0
100
AcDbLine
 62
7
  6
BYLAYER
 10
13.1116152189
 20
60.6127931034
 11
13.2377194457
 21
60.5769456702
  0
LINE
  5
4EA
100
AcDbEntity
  8
0
100
AcDbLine
 62
7
  6
BYLAYER
 10
13.2377194457
 20
60.8740260908
 11
13.1116152189
 21
60.909873524
  0
LINE
  5
4EB
100
AcDbEntity
  8
0
100
AcDbLine
 62
7
  6
BYLAYER
 10
37.1422242292
 20
56.6826559004
 11
36.7903834065
 21
56.8712799821
  0
LINE
  5
4EC
100
AcDbEntity
  8
0
100
AcDbLine
 62
7
  6
BYLAYER
 10
33.6942974328
 20
56.128194212
 11
34.0432498334
 21
55.9410651338
  0
LINE
  5
4ED
100
AcDbEntity
  8
0
100
AcDbLine
 62
7
  6
BYLAYER
 10
37.1420744398
 20
54.6827141354
 11
36.7902968473
 21
54.8713213969
  0
LINE
  5
4EE
100
AcDbEntity
  8
0
100
AcDbLine
 62
7
  6
BYLAYER
 10
33.6942877936
 20
57.1280927391
 11
34.043101378
 21
56.9410461688
  0
LINE
  5
4EF
100
AcDbEntity
  8
0
100
AcDbLine
 62
7
  6
BYLAYER
 10
37.1418315614
 20
55.6828332121
 11
36.7900782467
 21
55.8714540632
  0
LINE
  5
4F0
100
AcDbEntity
  8
0
100
AcDbLine
 62
7
  6
BYLAYER
 10
34.0432498334
 20
55.9410651338
 11
34.1429777189
 21
55.8872269505
  0
LINE
  5
4F1
100
AcDbEntity
  8
0
100
AcDbLine
 62
7
  6
BYLAYER
 10
36.7902968473
 20
54.8713213969
 11
36.6929777189
 21
54.9238513746
  0
LINE
  5
4F2
100
AcDbEntity
  8
0
100
AcDbLine
 62
7
  6
BYLAYER
 10
34.043101378
 20
56.9410461688
 11
34.1429777189
 21
56.887134294
  0
LINE
  5
4F3
100
AcDbEntity
  8
0
100
AcDbLine
 62
7
  6
BYLAYER
 10
36.7900782467
 20
55.8714540632
 11
36.6929777189
 21
55.923873115
  0
LINE
  5
4F4
100
AcDbEntity
  8
0
100
AcDbLine
 62
7
  6
BYLAYER
 10
36.7903834065
 20
56.8712799821
 11
36.6929777189
 21
56.9238517131
  0
LINE
  5
4F5
100
AcDbEntity
  8
0
100
AcDbLine
 62
7
  6
BYLAYER
 10
59.9668298046
 20
43.9772422794
 11
59.6598016449
 21
44.1483647966
  0
LINE
  5
4F6
100
AcDbEntity
  8
0
100
AcDbLine
 62
7
  6
BYLAYER
 10
59.9671027682
 20
44.5711465577
 11
59.6597842185
 21
44.7424195155
  0
LINE
  5
4F7
100
AcDbEntity
  8
0
100
AcDbLine
 62
7
  6
BYLAYER
 10
59.9670945508
 20
45.1652302721
 11
59.6598179932
 21
45.3364711895
  0
LINE
  5
4F8
100
AcDbEntity
  8
0
100
AcDbLine
 62
7
  6
BYLAYER
 10
59.9670388777
 20
45.7592529359
 11
59.6597841409
 21
45.9304940674
  0
LINE
  5
4F9
100
AcDbEntity
  8
0
100
AcDbLine
 62
7
  6
BYLAYER
 10
59.9671423166
 20
46.3532720703
 11
59.6598040889
 21
46.5245486112
  0
LINE
  5
4FA
100
AcDbEntity
  8
0
100
AcDbLine
 62
7
  6
BYLAYER
 10
56.5883320946
 20
44.1141979449
 11
57.0761659414
 21
43.8421029281
  0
LINE
  5
4FB
100
AcDbEntity
  8
0
100
AcDbLine
 62
7
  6
BYLAYER
 10
56.5885243441
 20
44.7081144416
 11
57.0762889921
 21
44.4360828301
  0
LINE
  5
4FC
100
AcDbEntity
  8
0
100
AcDbLine
 62
7
  6
BYLAYER
 10
56.588603824
 20
45.3021451464
 11
57.0763247425
 21
45.0301304621
  0
LINE
  5
4FD
100
AcDbEntity
  8
0
100
AcDbLine
 62
7
  6
BYLAYER
 10
56.5885020164
 20
45.896270654
 11
57.0762640573
 21
45.6242128183
  0
LINE
  5
4FE
100
AcDbEntity
  8
0
100
AcDbLine
 62
7
  6
BYLAYER
 10
56.5886051645
 20
46.4902117613
 11
57.0763256168
 21
46.2182021701
  0
LINE
  5
4FF
100
AcDbEntity
  8
0
100
AcDbLine
 62
7
  6
BYLAYER
 10
56.5885425338
 20
47.084322547
 11
57.0762891619
 21
46.8122789699
  0
LINE
  5
500
100
AcDbEntity
  8
0
100
AcDbLine
 62
7
  6
BYLAYER
 10
18.5126696697
 20
75.6340135935
 11
18.4929846335
 21
75.6558377956
  0
LINE
  5
501
100
AcDbEntity
  8
0
100
AcDbLine
 62
7
  6
BYLAYER
 10
21.9929708037
 20
75.3825190008
 11
21.8931159805
 21
75.4947547211
  0
LINE
  5
502
100
AcDbEntity
  8
0
100
AcDbLine
 62
7
  6
BYLAYER
 10
21.9929708071
 20
74.7883684852
 11
21.8931773293
 21
74.9005695892
  0
LINE
  5
503
100
AcDbEntity
  8
0
100
AcDbLine
 62
7
  6
BYLAYER
 10
19.0679777189
 20
100.7555762406
 11
19.3179777189
 21
100.1782259714
  0
LINE
  5
504
100
AcDbEntity
  8
0
100
AcDbLine
 62
7
  6
BYLAYER
 10
23.9311627521
 20
102.8852426944
 11
23.9339077195
 21
102.8735258917
  0
LINE
  5
505
100
AcDbEntity
  8
0
100
AcDbLine
 62
7
  6
BYLAYER
 10
38.313703737
 20
68.9904385377
 11
38.5179777189
 21
66.6555762406
  0
LINE
  5
506
100
AcDbEntity
  8
0
100
AcDbLine
 62
7
  6
BYLAYER
 10
37.1424443801
 20
53.6283554025
 11
37.1417464948
 21
53.6829079414
  0
LINE
  5
507
100
AcDbEntity
  8
0
100
AcDbLine
 62
7
  6
BYLAYER
 10
37.1427101673
 20
54.6285648619
 11
37.1421060561
 21
54.6827307537
  0
LINE
  5
508
100
AcDbEntity
  8
0
100
AcDbLine
 62
7
  6
BYLAYER
 10
37.1418997608
 20
52.6281263795
 11
37.1416511982
 21
52.6830447043
  0
LINE
  5
509
100
AcDbEntity
  8
0
100
AcDbLine
 62
7
  6
BYLAYER
 10
36.4179777189
 20
57.3555762406
 11
36.4179777189
 21
45.8555762406
  0
LINE
  5
50A
100
AcDbEntity
  8
0
100
AcDbLine
 62
7
  6
BYLAYER
 10
36.5616817054
 20
11.7555762406
 11
36.5616817054
 21
12.414514656
  0
LINE
  5
50B
100
AcDbEntity
  8
0
100
AcDbLine
 62
7
  6
BYLAYER
 10
36.6679777189
 20
96.2128023515
 11
36.6679777189
 21
96.3555762406
  0
LINE
  5
50C
100
AcDbEntity
  8
0
100
AcDbLine
 62
7
  6
BYLAYER
 10
36.6929777189
 20
57.3555762406
 11
36.6929777189
 21
56.9055618942
  0
LINE
  5
50D
100
AcDbEntity
  8
0
100
AcDbLine
 62
7
  6
BYLAYER
 10
36.6929777189
 20
56.3872259049
 11
36.6929777189
 21
55.9055023095
  0
LINE
  5
50E
100
AcDbEntity
  8
0
100
AcDbLine
 62
7
  6
BYLAYER
 10
36.6929777189
 20
55.3871358041
 11
36.6929777189
 21
54.9055430385
  0
LINE
  5
50F
100
AcDbEntity
  8
0
100
AcDbLine
 62
7
  6
BYLAYER
 10
36.6929777189
 20
54.3871939773
 11
36.6929777189
 21
53.9054788147
  0
LINE
  5
510
100
AcDbEntity
  8
0
100
AcDbLine
 62
7
  6
BYLAYER
 10
36.6929777189
 20
53.3871088471
 11
36.6929777189
 21
52.9054311145
  0
LINE
  5
511
100
AcDbEntity
  8
0
100
AcDbLine
 62
7
  6
BYLAYER
 10
36.6929777189
 20
52.387088073
 11
36.6929777189
 21
51.9054568843
  0
LINE
  5
512
100
AcDbEntity
  8
0
100
AcDbLine
 62
7
  6
BYLAYER
 10
36.6929777189
 20
51.387090208
 11
36.6929777189
 21
50.9054208432
  0
LINE
  5
513
100
AcDbEntity
  8
0
100
AcDbLine
 62
7
  6
BYLAYER
 10
36.6929777189
 20
50.3871069472
 11
36.6929777189
 21
49.1555762406
  0
LINE
  5
514
100
AcDbEntity
  8
0
100
AcDbLine
 62
7
  6
BYLAYER
 10
36.8679777189
 20
44.3555762406
 11
36.8679777189
 21
56.3555093243
  0
LINE
  5
515
100
AcDbEntity
  8
0
100
AcDbLine
 62
7
  6
BYLAYER
 10
36.9179775844
 20
48.3555762406
 11
36.9179775844
 21
37.8555762406
  0
LINE
  5
516
100
AcDbEntity
  8
0
100
AcDbLine
 62
7
  6
BYLAYER
 10
36.9179777189
 20
11.7555762406
 11
36.9179777189
 21
15.7555762406
  0
LINE
  5
517
100
AcDbEntity
  8
0
100
AcDbLine
 62
7
  6
BYLAYER
 10
36.9179777189
 20
16.2555762406
 11
36.9179777189
 21
17.7555762406
  0
LINE
  5
518
100
AcDbEntity
  8
0
100
AcDbLine
 62
7
  6
BYLAYER
 10
37.1679777189
 20
89.3547072777
 11
37.1679777189
 21
86.8555762406
  0
LINE
  5
519
100
AcDbEntity
  8
0
100
AcDbLine
 62
7
  6
BYLAYER
 10
37.4179777189
 20
57.3555762406
 11
37.4179777189
 21
39.3555762406
  0
LINE
  5
51A
100
AcDbEntity
  8
0
100
AcDbLine
 62
7
  6
BYLAYER
 10
37.4179777189
 20
17.7555762406
 11
37.4179777189
 21
16.2555762406
  0
LINE
  5
51B
100
AcDbEntity
  8
0
100
AcDbLine
 62
7
  6
BYLAYER
 10
37.4179777189
 20
15.7555762406
 11
37.4179777189
 21
10.2555762406
  0
LINE
  5
51C
100
AcDbEntity
  8
0
100
AcDbLine
 62
7
  6
BYLAYER
 10
37.4179777189
 20
9.7555762406
 11
37.4179777189
 21
10.2555762406
  0
LINE
  5
51D
100
AcDbEntity
  8
0
100
AcDbLine
 62
7
  6
BYLAYER
 10
37.4179777189
 20
15.7555762406
 11
37.4179777189
 21
16.2555762406
  0
LINE
  5
51E
100
AcDbEntity
  8
0
100
AcDbLine
 62
7
  6
BYLAYER
 10
37.4179777189
 20
18.6555762406
 11
37.4179777189
 21
28.3555762406
  0
LINE
  5
51F
100
AcDbEntity
  8
0
100
AcDbLine
 62
7
  6
BYLAYER
 10
37.9179777189
 20
14.9555762406
 11
37.9179777189
 21
14.5055762406
  0
LINE
  5
520
100
AcDbEntity
  8
0
100
AcDbLine
 62
7
  6
BYLAYER
 10
37.9179777189
 20
39.3555762406
 11
37.9179777189
 21
57.3555762406
  0
LINE
  5
521
100
AcDbEntity
  8
0
100
AcDbLine
 62
7
  6
BYLAYER
 10
38.4179777189
 20
14.9555762406
 11
38.4179777189
 21
17.7555762406
  0
LINE
  5
522
100
AcDbEntity
  8
0
100
AcDbLine
 62
7
  6
BYLAYER
 10
38.6679777189
 20
84.8555762406
 11
38.6679777189
 21
86.8555762406
  0
LINE
  5
523
100
AcDbEntity
  8
0
100
AcDbLine
 62
7
  6
BYLAYER
 10
39.1179777189
 20
96.3555762406
 11
39.1179777189
 21
98.3555762406
  0
LINE
  5
524
100
AcDbEntity
  8
0
100
AcDbLine
 62
7
  6
BYLAYER
 10
39.1679777189
 20
93.1241773132
 11
39.1679777189
 21
95.1241773132
  0
LINE
  5
525
100
AcDbEntity
  8
0
100
AcDbLine
 62
7
  6
BYLAYER
 10
39.4179777189
 20
17.7555762406
 11
39.4179777189
 21
14.9555762406
  0
LINE
  5
526
100
AcDbEntity
  8
0
100
AcDbLine
 62
7
  6
BYLAYER
 10
39.4179777189
 20
9.7555762406
 11
39.4179777189
 21
13.9355762406
  0
LINE
  5
527
100
AcDbEntity
  8
0
100
AcDbLine
 62
7
  6
BYLAYER
 10
39.4179777189
 20
46.8555762406
 11
39.4179777189
 21
57.3555762406
  0
LINE
  5
528
100
AcDbEntity
  8
0
100
AcDbLine
 62
7
  6
BYLAYER
 10
39.4179777189
 20
57.3555762406
 11
39.4179777189
 21
60.3555762406
  0
LINE
  5
529
100
AcDbEntity
  8
0
100
AcDbLine
 62
7
  6
BYLAYER
 10
39.6679777189
 20
93.0055762406
 11
39.6679777189
 21
95.0055762406
  0
LINE
  5
52A
100
AcDbEntity
  8
0
100
AcDbLine
 62
7
  6
BYLAYER
 10
39.6679777189
 20
98.9055762406
 11
39.6679777189
 21
100.7543485606
  0
LINE
  5
52B
100
AcDbEntity
  8
0
100
AcDbLine
 62
7
  6
BYLAYER
 10
39.6679777189
 20
103.3555762406
 11
39.6679777189
 21
108.5442513752
  0
LINE
  5
52C
100
AcDbEntity
  8
0
100
AcDbLine
 62
7
  6
BYLAYER
 10
39.7179777189
 20
75.155576202
 11
39.7179777189
 21
74.155576265
  0
LINE
  5
52D
100
AcDbEntity
  8
0
100
AcDbLine
 62
7
  6
BYLAYER
 10
39.9179777189
 20
89.742394345
 11
39.9179777189
 21
89.4405289354
  0
LINE
  5
52E
100
AcDbEntity
  8
0
100
AcDbLine
 62
7
  6
BYLAYER
 10
39.9179777189
 20
73.5626225007
 11
39.9179777189
 21
67.6555765499
  0
LINE
  5
52F
100
AcDbEntity
  8
0
100
AcDbLine
 62
7
  6
BYLAYER
 10
39.9179777189
 20
11.7555762406
 11
39.9179777189
 21
14.7555762406
  0
LINE
  5
530
100
AcDbEntity
  8
0
100
AcDbLine
 62
7
  6
BYLAYER
 10
39.9679777189
 20
118.7097164356
 11
39.9679777189
 21
118.6442516317
  0
LINE
  5
531
100
AcDbEntity
  8
0
100
AcDbLine
 62
7
  6
BYLAYER
 10
40.1179777189
 20
57.3555762406
 11
40.1179777189
 21
46.3555762406
  0
LINE
  5
532
100
AcDbEntity
  8
0
100
AcDbLine
 62
7
  6
BYLAYER
 10
40.1679777189
 20
89.3555762406
 11
40.1679777189
 21
100.4699545183
  0
LINE
  5
533
100
AcDbEntity
  8
0
100
AcDbLine
 62
7
  6
BYLAYER
 10
40.2179777189
 20
44.3555762406
 11
40.2179777189
 21
17.7555762406
  0
LINE
  5
534
100
AcDbEntity
  8
0
100
AcDbLine
 62
7
  6
BYLAYER
 10
40.3179777189
 20
18.6555762406
 11
40.3179777189
 21
17.7555762406
  0
LINE
  5
535
100
AcDbEntity
  8
0
100
AcDbLine
 62
7
  6
BYLAYER
 10
40.3179777189
 20
18.6555762406
 11
40.3179777189
 21
28.3555762406
  0
LINE
  5
536
100
AcDbEntity
  8
0
100
AcDbLine
 62
7
  6
BYLAYER
 10
40.6179777189
 20
57.3555762406
 11
40.6179777189
 21
46.8555762406
  0
LINE
  5
537
100
AcDbEntity
  8
0
100
AcDbLine
 62
7
  6
BYLAYER
 10
40.6679777189
 20
121.1555762406
 11
40.6679777189
 21
122.9555762406
  0
LINE
  5
538
100
AcDbEntity
  8
0
100
AcDbLine
 62
7
  6
BYLAYER
 10
40.7096993745
 20
82.3555762406
 11
40.7096993745
 21
82.1332219659
  0
LINE
  5
539
100
AcDbEntity
  8
0
100
AcDbLine
 62
7
  6
BYLAYER
 10
40.7179777191
 20
80.3555762406
 11
40.7179759747
 21
81.0281191307
  0
LWPOLYLINE
  5
53A
100
AcDbEntity
  8
0
100
AcDbPolyline
 62
7
  6
BYLAYER
 90
6
 70
0
 10
35.9179841371
 20
46.8555733312
 10
35.893446778
 20
46.700897858
 10
35.8224846507
 20
46.5616987509
 10
35.7118629209
 20
46.4510737258
 10
35.5726515644
 20
46.3801033292
 10
35.4179771738
 20
46.3555673943
  0
LINE
  5
53B
100
AcDbEntity
  8
0
100
AcDbLine
 62
7
  6
BYLAYER
 10
22.3679777189
 20
43.8401727547
 11
22.3121749362
 21
43.7545776961
  0
LINE
  5
53C
100
AcDbEntity
  8
0
100
AcDbLine
 62
7
  6
BYLAYER
 10
18.8837360629
 20
45.9649562314
 11
18.8832571192
 21
45.9642589489
  0
LINE
  5
53D
100
AcDbEntity
  8
0
100
AcDbLine
 62
7
  6
BYLAYER
 10
18.8837813816
 20
44.1829033869
 11
18.8832135812
 21
44.1820767132
  0
LINE
  5
53E
100
AcDbEntity
  8
0
100
AcDbLine
 62
7
  6
BYLAYER
 10
18.883683951
 20
44.7768016998
 11
18.8833393165
 21
44.7763001883
  0
LINE
  5
53F
100
AcDbEntity
  8
0
100
AcDbLine
 62
7
  6
BYLAYER
 10
18.948990784
 20
43.6223112845
 11
18.9271153065
 21
43.5931805355
  0
LINE
  5
540
100
AcDbEntity
  8
0
100
AcDbLine
 62
7
  6
BYLAYER
 10
18.8883283819
 20
46.5587002478
 11
18.8679777189
 21
46.5357192264
  0
LINE
  5
541
100
AcDbEntity
  8
0
100
AcDbLine
 62
7
  6
BYLAYER
 10
72.7432927501
 20
95.7563544546
 11
71.6679777189
 21
95.0055762406
  0
LINE
  5
542
100
AcDbEntity
  8
0
100
AcDbLine
 62
7
  6
BYLAYER
 10
12.8430777189
 20
61.2092291053
 11
12.9055776593
 21
61.2447626587
  0
LINE
  5
543
100
AcDbEntity
  8
0
100
AcDbLine
 62
7
  6
BYLAYER
 10
12.7963547421
 20
60.9636446988
 11
12.7333027189
 21
60.9277972657
  0
LINE
  5
544
100
AcDbEntity
  8
0
100
AcDbLine
 62
7
  6
BYLAYER
 10
12.9055776593
 20
60.9476822381
 11
12.8430777189
 21
60.9121486847
  0
LINE
  5
545
100
AcDbEntity
  8
0
100
AcDbLine
 62
7
  6
BYLAYER
 10
12.7333027189
 20
60.6307168451
 11
12.7963547421
 21
60.6665642782
  0
LINE
  5
546
100
AcDbEntity
  8
0
100
AcDbLine
 62
7
  6
BYLAYER
 10
15.030577717
 20
61.1914623037
 11
14.9680777152
 21
61.1559287502
  0
LINE
  5
547
100
AcDbEntity
  8
0
100
AcDbLine
 62
7
  6
BYLAYER
 10
14.9680777152
 20
60.8588483296
 11
15.030577717
 21
60.894381883
  0
LINE
  5
548
100
AcDbEntity
  8
0
100
AcDbLine
 62
7
  6
BYLAYER
 10
62.7179777189
 20
55.8555762406
 11
53.6179777189
 21
55.8555762406
  0
LINE
  5
549
100
AcDbEntity
  8
0
100
AcDbLine
 62
7
  6
BYLAYER
 10
51.9179777189
 20
55.8555762406
 11
40.9179777189
 21
55.8555762406
  0
LINE
  5
54A
100
AcDbEntity
  8
0
100
AcDbLine
 62
7
  6
BYLAYER
 10
24.7179777189
 20
55.8555762406
 11
15.6179777189
 21
55.8555762406
  0
LINE
  5
54B
100
AcDbEntity
  8
0
100
AcDbLine
 62
7
  6
BYLAYER
 10
33.9679387705
 20
56.3555482708
 11
36.8680166673
 21
56.3555482708
  0
LINE
  5
54C
100
AcDbEntity
  8
0
100
AcDbLine
 62
7
  6
BYLAYER
 10
62.7179777189
 20
56.3555762406
 11
53.6179777189
 21
56.3555762406
  0
LINE
  5
54D
100
AcDbEntity
  8
0
100
AcDbLine
 62
7
  6
BYLAYER
 10
24.7179777189
 20
56.3555762406
 11
15.6179777189
 21
56.3555762406
  0
LINE
  5
54E
100
AcDbEntity
  8
0
100
AcDbLine
 62
7
  6
BYLAYER
 10
24.4679777189
 20
57.1555762406
 11
23.9429777189
 21
57.1555762406
  0
LINE
  5
54F
100
AcDbEntity
  8
0
100
AcDbLine
 62
7
  6
BYLAYER
 10
16.1929777189
 20
57.1555762406
 11
15.6679777189
 21
57.1555762406
  0
LINE
  5
550
100
AcDbEntity
  8
0
100
AcDbLine
 62
7
  6
BYLAYER
 10
11.9179777189
 20
57.3555762406
 11
16.1929777189
 21
57.3555762406
  0
LINE
  5
551
100
AcDbEntity
  8
0
100
AcDbLine
 62
7
  6
BYLAYER
 10
16.1929777189
 20
57.3555762406
 11
18.7179777189
 21
57.3555762406
  0
LINE
  5
552
100
AcDbEntity
  8
0
100
AcDbLine
 62
7
  6
BYLAYER
 10
23.9429777189
 20
57.3555762406
 11
53.6179777189
 21
57.3555762406
  0
LINE
  5
553
100
AcDbEntity
  8
0
100
AcDbLine
 62
7
  6
BYLAYER
 10
53.6179777189
 20
57.3555762406
 11
62.6679777189
 21
57.3555762406
  0
LINE
  5
554
100
AcDbEntity
  8
0
100
AcDbLine
 62
7
  6
BYLAYER
 10
62.6679777189
 20
57.3555762406
 11
86.9179777189
 21
57.3555762406
  0
LINE
  5
555
100
AcDbEntity
  8
0
100
AcDbLine
 62
7
  6
BYLAYER
 10
62.1429777189
 20
58.6162594946
 11
54.1429777189
 21
58.6162594946
  0
LINE
  5
556
100
AcDbEntity
  8
0
100
AcDbLine
 62
7
  6
BYLAYER
 10
54.1429777189
 20
59.1113935289
 11
62.1429777189
 21
59.1113935289
  0
LINE
  5
557
100
AcDbEntity
  8
0
100
AcDbLine
 62
7
  6
BYLAYER
 10
14.3726569006
 20
60.720335428
 11
14.6248652189
 21
60.7024117114
  0
LINE
  5
558
100
AcDbEntity
  8
0
100
AcDbLine
 62
7
  6
BYLAYER
 10
13.1555777785
 20
60.8233147761
 11
13.4055777189
 21
60.8055479994
  0
LINE
  5
559
100
AcDbEntity
  8
0
100
AcDbLine
 62
7
  6
BYLAYER
 10
14.6248652189
 20
60.999492132
 11
14.3726569006
 21
61.0174158486
  0
LINE
  5
55A
100
AcDbEntity
  8
0
100
AcDbLine
 62
7
  6
BYLAYER
 10
13.4055777189
 20
61.10262842
 11
13.1555777785
 21
61.1203951968
  0
LINE
  5
55B
100
AcDbEntity
  8
0
100
AcDbLine
 62
7
  6
BYLAYER
 10
14.4987610372
 20
60.6576024199
 11
14.3096047872
 21
60.6755261365
  0
LINE
  5
55C
100
AcDbEntity
  8
0
100
AcDbLine
 62
7
  6
BYLAYER
 10
13.5305777785
 20
60.8499649412
 11
13.3430777785
 21
60.8677317179
  0
LINE
  5
55D
100
AcDbEntity
  8
0
100
AcDbLine
 62
7
  6
BYLAYER
 10
14.3096047872
 20
60.9726065571
 11
14.4987610372
 21
60.9546828406
  0
LINE
  5
55E
100
AcDbEntity
  8
0
100
AcDbLine
 62
7
  6
BYLAYER
 10
13.3430777785
 20
61.1648121386
 11
13.5305777785
 21
61.1470453618
  0
LINE
  5
55F
100
AcDbEntity
  8
0
100
AcDbLine
 62
7
  6
BYLAYER
 10
14.4987610372
 20
60.352899194
 11
12.9224589689
 21
60.5500600953
  0
LINE
  5
560
100
AcDbEntity
  8
0
100
AcDbLine
 62
7
  6
BYLAYER
 10
12.9224589689
 20
60.8471405159
 11
14.4987610372
 21
60.6499796146
  0
LINE
  5
561
100
AcDbEntity
  8
0
100
AcDbLine
 62
7
  6
BYLAYER
 10
13.2377194457
 20
60.5769456702
 11
15.0031777189
 21
60.352899194
  0
LINE
  5
562
100
AcDbEntity
  8
0
100
AcDbLine
 62
7
  6
BYLAYER
 10
15.0031777189
 20
60.6499796146
 11
13.2377194457
 21
60.8740260908
  0
LINE
  5
563
100
AcDbEntity
  8
0
100
AcDbLine
 62
7
  6
BYLAYER
 10
12.9055776593
 20
60.8588483296
 11
13.1555777785
 21
60.8233147761
  0
LINE
  5
564
100
AcDbEntity
  8
0
100
AcDbLine
 62
7
  6
BYLAYER
 10
14.6248652189
 20
60.7024117114
 11
14.8770735485
 21
60.6665642782
  0
LINE
  5
565
100
AcDbEntity
  8
0
100
AcDbLine
 62
7
  6
BYLAYER
 10
13.1555777785
 20
61.1203951968
 11
12.9055776593
 21
61.1559287502
  0
LINE
  5
566
100
AcDbEntity
  8
0
100
AcDbLine
 62
7
  6
BYLAYER
 10
14.8770735485
 20
60.9636446988
 11
14.6248652189
 21
60.999492132
  0
LINE
  5
567
100
AcDbEntity
  8
0
100
AcDbLine
 62
7
  6
BYLAYER
 10
18.5129082338
 20
74.4455963964
 11
18.6743940903
 21
74.3555762406
  0
LINE
  5
568
100
AcDbEntity
  8
0
100
AcDbLine
 62
7
  6
BYLAYER
 10
59.9667859713
 20
46.9475327103
 11
59.6598521894
 21
47.1185880496
  0
LINE
  5
569
100
AcDbEntity
  8
0
100
AcDbLine
 62
7
  6
BYLAYER
 10
18.5128055772
 20
75.039842759
 11
18.8179777189
 21
74.8696130711
  0
LINE
  5
56A
100
AcDbEntity
  8
0
100
AcDbLine
 62
7
  6
BYLAYER
 10
56.5886053739
 20
46.4901867508
 11
56.5679777189
 21
46.5133230319
  0
LINE
  5
56B
100
AcDbEntity
  8
0
100
AcDbLine
 62
7
  6
BYLAYER
 10
56.5886038633
 20
45.3021404483
 11
56.5679777189
 21
45.325277235
  0
LINE
  5
56C
100
AcDbEntity
  8
0
100
AcDbLine
 62
7
  6
BYLAYER
 10
56.588524083
 20
44.7081456941
 11
56.5679777189
 21
44.7312366758
  0
LINE
  5
56D
100
AcDbEntity
  8
0
100
AcDbLine
 62
7
  6
BYLAYER
 10
56.5885023004
 20
45.8962366545
 11
56.5679777189
 21
45.9193172992
  0
LINE
  5
56E
100
AcDbEntity
  8
0
100
AcDbLine
 62
7
  6
BYLAYER
 10
56.5883319639
 20
44.1142136537
 11
56.5679777189
 21
44.1371966868
  0
LINE
  5
56F
100
AcDbEntity
  8
0
100
AcDbLine
 62
7
  6
BYLAYER
 10
17.9918591509
 20
103.6816429661
 11
17.9918347706
 21
103.6816848835
  0
LINE
  5
570
100
AcDbEntity
  8
0
100
AcDbLine
 62
7
  6
BYLAYER
 10
17.9710740629
 20
103.77036343
 11
17.9710496826
 21
103.7704053475
  0
LINE
  5
571
100
AcDbEntity
  8
0
100
AcDbLine
 62
7
  6
BYLAYER
 10
18.1064247743
 20
102.0168283103
 11
18.2302800783
 21
101.7695066259
  0
LINE
  5
572
100
AcDbEntity
  8
0
100
AcDbLine
 62
7
  6
BYLAYER
 10
41.2179770973
 20
75.4143952755
 11
41.2272517131
 21
74.1545747966
  0
LINE
  5
573
100
AcDbEntity
  8
0
100
AcDbLine
 62
7
  6
BYLAYER
 10
40.9022398446
 20
117.8555762406
 11
40.9022398446
 21
86.9555762406
  0
LINE
  5
574
100
AcDbEntity
  8
0
100
AcDbLine
 62
7
  6
BYLAYER
 10
40.9179777189
 20
19.7555762406
 11
40.9179777189
 21
55.8555762406
  0
LINE
  5
575
100
AcDbEntity
  8
0
100
AcDbLine
 62
7
  6
BYLAYER
 10
41.1179777189
 20
46.8555762406
 11
41.1179777189
 21
57.3555762406
  0
LINE
  5
576
100
AcDbEntity
  8
0
100
AcDbLine
 62
7
  6
BYLAYER
 10
41.2179767851
 20
75.4143952857
 11
41.2179767851
 21
76.1555762406
  0
LINE
  5
577
100
AcDbEntity
  8
0
100
AcDbLine
 62
7
  6
BYLAYER
 10
41.4179661134
 20
67.3967207499
 11
41.4179697628
 21
74.1555763239
  0
LINE
  5
578
100
AcDbEntity
  8
0
100
AcDbLine
 62
7
  6
BYLAYER
 10
41.4179777189
 20
9.7555762406
 11
41.4179777189
 21
17.7555762406
  0
LINE
  5
579
100
AcDbEntity
  8
0
100
AcDbLine
 62
7
  6
BYLAYER
 10
41.6179777189
 20
75.4143952857
 11
41.6179777189
 21
76.1555762406
  0
LINE
  5
57A
100
AcDbEntity
  8
0
100
AcDbLine
 62
7
  6
BYLAYER
 10
41.6179777189
 20
80.3555762406
 11
41.6179777189
 21
80.7332219541
  0
LINE
  5
57B
100
AcDbEntity
  8
0
100
AcDbLine
 62
7
  6
BYLAYER
 10
41.9179777189
 20
80.2313121719
 11
41.9179777189
 21
76.2167535376
  0
LINE
  5
57C
100
AcDbEntity
  8
0
100
AcDbLine
 62
7
  6
BYLAYER
 10
41.9179777189
 20
55.8555762406
 11
41.9179777189
 21
9.7555762406
  0
LINE
  5
57D
100
AcDbEntity
  8
0
100
AcDbLine
 62
7
  6
BYLAYER
 10
42.2679777189
 20
106.3555762406
 11
42.2679777189
 21
115.3555762406
  0
LINE
  5
57E
100
AcDbEntity
  8
0
100
AcDbLine
 62
7
  6
BYLAYER
 10
42.3179777189
 20
28.3555762406
 11
42.3179777189
 21
19.9555762406
  0
LINE
  5
57F
100
AcDbEntity
  8
0
100
AcDbLine
 62
7
  6
BYLAYER
 10
42.4179777189
 20
60.3555762406
 11
42.4179777189
 21
57.3555762406
  0
LINE
  5
580
100
AcDbEntity
  8
0
100
AcDbLine
 62
7
  6
BYLAYER
 10
42.4179777189
 20
66.6555771158
 11
42.4179777189
 21
115.3555762406
  0
LINE
  5
581
100
AcDbEntity
  8
0
100
AcDbLine
 62
7
  6
BYLAYER
 10
42.5179777189
 20
119.1389224625
 11
42.5179777189
 21
123.7555762406
  0
LINE
  5
582
100
AcDbEntity
  8
0
100
AcDbLine
 62
7
  6
BYLAYER
 10
42.6679777189
 20
118.8591818288
 11
42.6679777189
 21
123.4555762406
  0
LINE
  5
583
100
AcDbEntity
  8
0
100
AcDbLine
 62
7
  6
BYLAYER
 10
42.8179777189
 20
124.0555762406
 11
42.8179777189
 21
123.7063943354
  0
LINE
  5
584
100
AcDbEntity
  8
0
100
AcDbLine
 62
7
  6
BYLAYER
 10
42.9179777189
 20
17.7555762406
 11
42.9179777189
 21
16.2555762406
  0
LINE
  5
585
100
AcDbEntity
  8
0
100
AcDbLine
 62
7
  6
BYLAYER
 10
43.0179777189
 20
19.7555762406
 11
43.0179777189
 21
17.7555762406
  0
LINE
  5
586
100
AcDbEntity
  8
0
100
AcDbLine
 62
7
  6
BYLAYER
 10
43.4179777189
 20
60.3555762406
 11
43.4179777189
 21
57.3555762406
  0
LINE
  5
587
100
AcDbEntity
  8
0
100
AcDbLine
 62
7
  6
BYLAYER
 10
43.4179777189
 20
10.2555762406
 11
43.4179777189
 21
13.2804270188
  0
LINE
  5
588
100
AcDbEntity
  8
0
100
AcDbLine
 62
7
  6
BYLAYER
 10
43.4179777189
 20
9.7555762406
 11
43.4179777189
 21
10.2555762406
  0
LINE
  5
589
100
AcDbEntity
  8
0
100
AcDbLine
 62
7
  6
BYLAYER
 10
43.4179777189
 20
13.2804270188
 11
43.4179777189
 21
19.7555762406
  0
LINE
  5
58A
100
AcDbEntity
  8
0
100
AcDbLine
 62
7
  6
BYLAYER
 10
43.5179777189
 20
19.7555762406
 11
43.5179777189
 21
14.9555762406
  0
LINE
  5
58B
100
AcDbEntity
  8
0
100
AcDbLine
 62
7
  6
BYLAYER
 10
44.1679777189
 20
18.6555762406
 11
44.1679777189
 21
17.7555762406
  0
LINE
  5
58C
100
AcDbEntity
  8
0
100
AcDbLine
 62
7
  6
BYLAYER
 10
44.2929777189
 20
12.7055762406
 11
44.2929777189
 21
14.9555762406
  0
LINE
  5
58D
100
AcDbEntity
  8
0
100
AcDbLine
 62
7
  6
BYLAYER
 10
44.4179777189
 20
18.6555762406
 11
44.4179777189
 21
17.7555762406
  0
LINE
  5
58E
100
AcDbEntity
  8
0
100
AcDbLine
 62
7
  6
BYLAYER
 10
44.4179777189
 20
15.7555762406
 11
44.4179777189
 21
15.2555762406
  0
LINE
  5
58F
100
AcDbEntity
  8
0
100
AcDbLine
 62
7
  6
BYLAYER
 10
44.4179777189
 20
18.6555762406
 11
44.4179777189
 21
28.3555762406
  0
LINE
  5
590
100
AcDbEntity
  8
0
100
AcDbLine
 62
7
  6
BYLAYER
 10
44.5435546761
 20
9.7555762406
 11
44.5435546761
 21
17.7555762406
  0
LINE
  5
591
100
AcDbEntity
  8
0
100
AcDbLine
 62
7
  6
BYLAYER
 10
44.6679777189
 20
17.7555762406
 11
44.6679777189
 21
9.7555762406
  0
LINE
  5
592
100
AcDbEntity
  8
0
100
AcDbLine
 62
7
  6
BYLAYER
 10
44.6679777189
 20
118.6627874171
 11
44.6679777189
 21
121.1555762406
  0
LINE
  5
593
100
AcDbEntity
  8
0
100
AcDbLine
 62
7
  6
BYLAYER
 10
45.4179777189
 20
19.9555762406
 11
45.4179777189
 21
18.6555762406
  0
LINE
  5
594
100
AcDbEntity
  8
0
100
AcDbLine
 62
7
  6
BYLAYER
 10
36.6929777189
 20
49.1555762406
 11
36.5109926018
 21
48.6555762406
  0
LINE
  5
595
100
AcDbEntity
  8
0
100
AcDbLine
 62
7
  6
BYLAYER
 10
22.237583492
 20
43.33007952
 11
22.1825096126
 21
43.2642625176
  0
LINE
  5
596
100
AcDbEntity
  8
0
100
AcDbLine
 62
7
  6
BYLAYER
 10
18.8883224365
 20
45.3706130592
 11
18.8679777189
 21
45.3476352948
  0
LINE
  5
597
100
AcDbEntity
  8
0
100
AcDbLine
 62
7
  6
BYLAYER
 10
18.8884340867
 20
44.7766360301
 11
18.8679777189
 21
44.7535956403
  0
LINE
  5
598
100
AcDbEntity
  8
0
100
AcDbLine
 62
7
  6
BYLAYER
 10
18.8885112909
 20
45.9647630457
 11
18.8679777189
 21
45.9416792343
  0
LINE
  5
599
100
AcDbEntity
  8
0
100
AcDbLine
 62
7
  6
BYLAYER
 10
18.8886030754
 20
44.1826910263
 11
18.8679777189
 21
44.1595551248
  0
LINE
  5
59A
100
AcDbEntity
  8
0
100
AcDbLine
 62
7
  6
BYLAYER
 10
22.369104058
 20
50.4623413935
 11
22.2255413895
 21
50.3099636949
  0
LINE
  5
59B
100
AcDbEntity
  8
0
100
AcDbLine
 62
7
  6
BYLAYER
 10
22.3799166832
 20
50.1030938458
 11
22.5879786285
 21
50.316991823
  0
LINE
  5
59C
100
AcDbEntity
  8
0
100
AcDbLine
 62
7
  6
BYLAYER
 10
22.4260515132
 20
50.1431458638
 11
22.3799166832
 21
50.1030938458
  0
LINE
  5
59D
100
AcDbEntity
  8
0
100
AcDbLine
 62
7
  6
BYLAYER
 10
13.1746672421
 20
61.2356659155
 11
13.7421360823
 21
61.4776361271
  0
LINE
  5
59E
100
AcDbEntity
  8
0
100
AcDbLine
 62
7
  6
BYLAYER
 10
12.8594069457
 20
61.0922761702
 11
13.1116152189
 21
61.1998184823
  0
LINE
  5
59F
100
AcDbEntity
  8
0
100
AcDbLine
 62
7
  6
BYLAYER
 10
13.7421360823
 20
61.1805557065
 11
13.1746672421
 21
60.9385854949
  0
LINE
  5
5A0
100
AcDbEntity
  8
0
100
AcDbLine
 62
7
  6
BYLAYER
 10
13.1116152189
 20
60.9027380617
 11
12.8594069457
 21
60.7951957496
  0
LINE
  5
5A1
100
AcDbEntity
  8
0
100
AcDbLine
 62
7
  6
BYLAYER
 10
14.4680777338
 20
60.8479712579
 11
14.7180777189
 21
60.9545719307
  0
LINE
  5
5A2
100
AcDbEntity
  8
0
100
AcDbLine
 62
7
  6
BYLAYER
 10
13.8430777487
 20
60.5725861813
 11
14.405577704
 21
60.8124377044
  0
LINE
  5
5A3
100
AcDbEntity
  8
0
100
AcDbLine
 62
7
  6
BYLAYER
 10
14.7180777189
 20
60.6574915101
 11
14.4680777338
 21
60.5508908373
  0
LINE
  5
5A4
100
AcDbEntity
  8
0
100
AcDbLine
 62
7
  6
BYLAYER
 10
14.405577704
 20
60.5153572838
 11
13.8430777487
 21
60.2755057607
  0
LINE
  5
5A5
100
AcDbEntity
  8
0
100
AcDbLine
 62
7
  6
BYLAYER
 10
13.4899277189
 20
61.5134835603
 11
12.4810944457
 21
61.0922761702
  0
LINE
  5
5A6
100
AcDbEntity
  8
0
100
AcDbLine
 62
7
  6
BYLAYER
 10
12.4810944457
 20
60.7951957496
 11
13.4899277189
 21
61.2164031397
  0
LINE
  5
5A7
100
AcDbEntity
  8
0
100
AcDbLine
 62
7
  6
BYLAYER
 10
15.0930777189
 20
60.9545719307
 11
14.0930776891
 21
60.5370526278
  0
LINE
  5
5A8
100
AcDbEntity
  8
0
100
AcDbLine
 62
7
  6
BYLAYER
 10
14.0930776891
 20
60.2399722072
 11
15.0930777189
 21
60.6574915101
  0
LINE
  5
5A9
100
AcDbEntity
  8
0
100
AcDbLine
 62
7
  6
BYLAYER
 10
50.9872777189
 20
60.7270780606
 11
51.3622777189
 21
60.7892617791
  0
LINE
  5
5AA
100
AcDbEntity
  8
0
100
AcDbLine
 62
7
  6
BYLAYER
 10
51.3622777189
 20
60.8603289109
 11
50.9872777189
 21
60.7981451675
  0
LINE
  5
5AB
100
AcDbEntity
  8
0
100
AcDbLine
 62
7
  6
BYLAYER
 10
51.3622777189
 20
61.0863421997
 11
50.9872777189
 21
61.0241584812
  0
LINE
  5
5AC
100
AcDbEntity
  8
0
100
AcDbLine
 62
7
  6
BYLAYER
 10
50.9872777189
 20
61.0952255881
 11
51.3622777189
 21
61.1574093315
  0
LINE
  5
5AD
100
AcDbEntity
  8
0
100
AcDbLine
 62
7
  6
BYLAYER
 10
13.0485631957
 20
60.7024117114
 11
13.3007714689
 21
60.720335428
  0
LINE
  5
5AE
100
AcDbEntity
  8
0
100
AcDbLine
 62
7
  6
BYLAYER
 10
14.4680777338
 20
60.8055479994
 11
14.7180777189
 21
60.8233147761
  0
LINE
  5
5AF
100
AcDbEntity
  8
0
100
AcDbLine
 62
7
  6
BYLAYER
 10
13.3007714689
 20
61.0174158486
 11
13.0485631957
 21
60.999492132
  0
LINE
  5
5B0
100
AcDbEntity
  8
0
100
AcDbLine
 62
7
  6
BYLAYER
 10
14.7180777189
 20
61.1203951968
 11
14.4680777338
 21
61.10262842
  0
LINE
  5
5B1
100
AcDbEntity
  8
0
100
AcDbLine
 62
7
  6
BYLAYER
 10
13.7421360823
 20
60.6844879948
 11
13.4268756957
 21
60.6755261365
  0
LINE
  5
5B2
100
AcDbEntity
  8
0
100
AcDbLine
 62
7
  6
BYLAYER
 10
14.405577704
 20
60.8499649412
 11
14.0930776891
 21
60.8410815529
  0
LINE
  5
5B3
100
AcDbEntity
  8
0
100
AcDbLine
 62
7
  6
BYLAYER
 10
13.4268756957
 20
60.9726065571
 11
13.7421360823
 21
60.9815684154
  0
LINE
  5
5B4
100
AcDbEntity
  8
0
100
AcDbLine
 62
7
  6
BYLAYER
 10
14.0930776891
 20
61.1381619735
 11
14.405577704
 21
61.1470453618
  0
LINE
  5
5B5
100
AcDbEntity
  8
0
100
AcDbLine
 62
7
  6
BYLAYER
 10
13.3007714689
 20
60.720335428
 11
13.6790839689
 21
60.7292972863
  0
LINE
  5
5B6
100
AcDbEntity
  8
0
100
AcDbLine
 62
7
  6
BYLAYER
 10
13.6790839689
 20
61.0263777069
 11
13.3007714689
 21
61.0174158486
  0
LINE
  5
5B7
100
AcDbEntity
  8
0
100
AcDbLine
 62
7
  6
BYLAYER
 10
14.0305777487
 20
60.796664611
 11
14.4680777338
 21
60.8055479994
  0
LINE
  5
5B8
100
AcDbEntity
  8
0
100
AcDbLine
 62
7
  6
BYLAYER
 10
14.4680777338
 20
61.10262842
 11
14.0305777487
 21
61.0937450317
  0
LINE
  5
5B9
100
AcDbEntity
  8
0
100
AcDbLine
 62
7
  6
BYLAYER
 10
23.9429777189
 20
59.5209328717
 11
16.1929777189
 21
59.5209328717
  0
LINE
  5
5BA
100
AcDbEntity
  8
0
100
AcDbLine
 62
7
  6
BYLAYER
 10
26.7179777189
 20
59.5555762406
 11
24.3429777189
 21
59.5555762406
  0
LINE
  5
5BB
100
AcDbEntity
  8
0
100
AcDbLine
 62
7
  6
BYLAYER
 10
86.181891183
 20
59.6555762406
 11
82.4179777189
 21
59.6555762406
  0
LINE
  5
5BC
100
AcDbEntity
  8
0
100
AcDbLine
 62
7
  6
BYLAYER
 10
68.9179777189
 20
59.6555762406
 11
67.1929777189
 21
59.6555762406
  0
LINE
  5
5BD
100
AcDbEntity
  8
0
100
AcDbLine
 62
7
  6
BYLAYER
 10
24.1929777189
 20
59.8555762406
 11
27.1929777189
 21
59.8555762406
  0
LINE
  5
5BE
100
AcDbEntity
  8
0
100
AcDbLine
 62
7
  6
BYLAYER
 10
16.1929777189
 20
60.0160669061
 11
23.9429777189
 21
60.0160669061
  0
LINE
  5
5BF
100
AcDbEntity
  8
0
100
AcDbLine
 62
7
  6
BYLAYER
 10
62.6679777189
 20
60.0698239151
 11
62.1429777189
 21
60.0698239151
  0
LINE
  5
5C0
100
AcDbEntity
  8
0
100
AcDbLine
 62
7
  6
BYLAYER
 10
53.6179777189
 20
60.0698239151
 11
54.1429777189
 21
60.0698239151
  0
LINE
  5
5C1
100
AcDbEntity
  8
0
100
AcDbLine
 62
7
  6
BYLAYER
 10
27.1679777189
 20
60.1007991062
 11
24.3429777189
 21
60.1007991062
  0
LINE
  5
5C2
100
AcDbEntity
  8
0
100
AcDbLine
 62
7
  6
BYLAYER
 10
15.9929777189
 20
60.1007991062
 11
11.9179777189
 21
60.1007991062
  0
LINE
  5
5C3
100
AcDbEntity
  8
0
100
AcDbLine
 62
7
  6
BYLAYER
 10
47.6179777189
 20
60.1007991062
 11
53.9929777189
 21
60.1007991062
  0
LINE
  5
5C4
100
AcDbEntity
  8
0
100
AcDbLine
 62
7
  6
BYLAYER
 10
62.3429777189
 20
60.1007991062
 11
66.7179777189
 21
60.1007991062
  0
LINE
  5
5C5
100
AcDbEntity
  8
0
100
AcDbLine
 62
7
  6
BYLAYER
 10
48.9179777189
 20
60.1358859846
 11
47.1929777189
 21
60.1358859846
  0
LINE
  5
5C6
100
AcDbEntity
  8
0
100
AcDbLine
 62
7
  6
BYLAYER
 10
13.5930777189
 20
60.2399722072
 11
14.0930776891
 21
60.2399722072
  0
LINE
  5
5C7
100
AcDbEntity
  8
0
100
AcDbLine
 62
7
  6
BYLAYER
 10
50.6054777189
 20
60.2399722072
 11
51.1054776891
 21
60.2399722072
  0
LINE
  5
5C8
100
AcDbEntity
  8
0
100
AcDbLine
 62
7
  6
BYLAYER
 10
15.0031777189
 20
60.3080898962
 11
12.7333027189
 21
60.3080898962
  0
LINE
  5
5C9
100
AcDbEntity
  8
0
100
AcDbLine
 62
7
  6
BYLAYER
 10
12.7333027189
 20
60.352899194
 11
14.4987610372
 21
60.352899194
  0
LINE
  5
5CA
100
AcDbEntity
  8
0
100
AcDbLine
 62
7
  6
BYLAYER
 10
27.9179777189
 20
60.3555762406
 11
43.4179777189
 21
60.3555762406
  0
LINE
  5
5CB
100
AcDbEntity
  8
0
100
AcDbLine
 62
7
  6
BYLAYER
 10
62.2963062047
 20
60.4429312353
 11
53.9896492331
 21
60.4429312353
  0
LINE
  5
5CC
100
AcDbEntity
  8
0
100
AcDbLine
 62
7
  6
BYLAYER
 10
13.2805776593
 20
60.5153572838
 11
14.405577704
 21
60.5153572838
  0
LINE
  5
5CD
100
AcDbEntity
  8
0
100
AcDbLine
 62
7
  6
BYLAYER
 10
50.2929776593
 20
60.5153572838
 11
51.417977704
 21
60.5153572838
  0
LINE
  5
5CE
100
AcDbEntity
  8
0
100
AcDbLine
 62
7
  6
BYLAYER
 10
13.5930777189
 20
60.5370526278
 11
14.0930776891
 21
60.5370526278
  0
LINE
  5
5CF
100
AcDbEntity
  8
0
100
AcDbLine
 62
7
  6
BYLAYER
 10
50.6054777189
 20
60.5370526278
 11
51.1054776891
 21
60.5370526278
  0
LINE
  5
5D0
100
AcDbEntity
  8
0
100
AcDbLine
 62
7
  6
BYLAYER
 10
51.4804777338
 20
60.5508908373
 11
50.2304777189
 21
60.5508908373
  0
LINE
  5
5D1
100
AcDbEntity
  8
0
100
AcDbLine
 62
7
  6
BYLAYER
 10
14.4680777338
 20
60.5508908373
 11
13.2180777189
 21
60.5508908373
  0
LINE
  5
5D2
100
AcDbEntity
  8
0
100
AcDbLine
 62
7
  6
BYLAYER
 10
15.0031777189
 20
60.6051703169
 11
12.7333027189
 21
60.6051703169
  0
LINE
  5
5D3
100
AcDbEntity
  8
0
100
AcDbLine
 62
7
  6
BYLAYER
 10
14.9401256337
 20
60.6307168451
 11
14.6248652189
 21
60.6307168451
  0
LINE
  5
5D4
100
AcDbEntity
  8
0
100
AcDbLine
 62
7
  6
BYLAYER
 10
12.7333027189
 20
60.6499796146
 11
14.4987610372
 21
60.6499796146
  0
LINE
  5
5D5
100
AcDbEntity
  8
0
100
AcDbLine
 62
7
  6
BYLAYER
 10
52.1054777189
 20
60.6574915101
 11
51.7304777189
 21
60.6574915101
  0
LINE
  5
5D6
100
AcDbEntity
  8
0
100
AcDbLine
 62
7
  6
BYLAYER
 10
49.9804777785
 20
60.6574915101
 11
49.6054777785
 21
60.6574915101
  0
LINE
  5
5D7
100
AcDbEntity
  8
0
100
AcDbLine
 62
7
  6
BYLAYER
 10
15.0930777189
 20
60.6574915101
 11
14.7180777189
 21
60.6574915101
  0
LINE
  5
5D8
100
AcDbEntity
  8
0
100
AcDbLine
 62
7
  6
BYLAYER
 10
12.9680777785
 20
60.6574915101
 11
12.5930777785
 21
60.6574915101
  0
LINE
  5
5D9
100
AcDbEntity
  8
0
100
AcDbLine
 62
7
  6
BYLAYER
 10
13.9943443555
 20
60.6844879948
 11
13.7421360823
 21
60.6844879948
  0
LINE
  5
5DA
100
AcDbEntity
  8
0
100
AcDbLine
 62
7
  6
BYLAYER
 10
50.6122777189
 20
60.7270780606
 11
50.9872777189
 21
60.7270780606
  0
LINE
  5
5DB
100
AcDbEntity
  8
0
100
AcDbLine
 62
7
  6
BYLAYER
 10
13.6790839689
 20
60.7292972863
 11
13.9312923323
 21
60.7292972863
  0
LINE
  5
5DC
100
AcDbEntity
  8
0
100
AcDbLine
 62
7
  6
BYLAYER
 10
55.1263844635
 20
60.7869278207
 11
61.2095709743
 21
60.7869278207
  0
LINE
  5
5DD
100
AcDbEntity
  8
0
100
AcDbLine
 62
7
  6
BYLAYER
 10
15.0031777189
 20
60.7951957496
 11
14.6248652189
 21
60.7951957496
  0
LINE
  5
5DE
100
AcDbEntity
  8
0
100
AcDbLine
 62
7
  6
BYLAYER
 10
12.8594069457
 20
60.7951957496
 11
12.4810944457
 21
60.7951957496
  0
LINE
  5
5DF
100
AcDbEntity
  8
0
100
AcDbLine
 62
7
  6
BYLAYER
 10
13.7805777189
 20
60.796664611
 11
14.0305777487
 21
60.796664611
  0
LINE
  5
5E0
100
AcDbEntity
  8
0
100
AcDbLine
 62
7
  6
BYLAYER
 10
13.2805776593
 20
60.8124377044
 11
14.405577704
 21
60.8124377044
  0
LINE
  5
5E1
100
AcDbEntity
  8
0
100
AcDbLine
 62
7
  6
BYLAYER
 10
50.2929776593
 20
60.8124377044
 11
51.417977704
 21
60.8124377044
  0
LINE
  5
5E2
100
AcDbEntity
  8
0
100
AcDbLine
 62
7
  6
BYLAYER
 10
14.0930776891
 20
60.8410815529
 11
13.8430777487
 21
60.8410815529
  0
LINE
  5
5E3
100
AcDbEntity
  8
0
100
AcDbLine
 62
7
  6
BYLAYER
 10
51.4804777338
 20
60.8479712579
 11
50.2304777189
 21
60.8479712579
  0
LINE
  5
5E4
100
AcDbEntity
  8
0
100
AcDbLine
 62
7
  6
BYLAYER
 10
14.4680777338
 20
60.8479712579
 11
13.2180777189
 21
60.8479712579
  0
LINE
  5
5E5
100
AcDbEntity
  8
0
100
AcDbLine
 62
7
  6
BYLAYER
 10
15.030577717
 20
60.894381883
 11
14.7180777189
 21
60.894381883
  0
LINE
  5
5E6
100
AcDbEntity
  8
0
100
AcDbLine
 62
7
  6
BYLAYER
 10
14.3726569006
 20
60.9027380617
 11
13.1116152189
 21
60.9027380617
  0
LINE
  5
5E7
100
AcDbEntity
  8
0
100
AcDbLine
 62
7
  6
BYLAYER
 10
14.9401256337
 20
60.9277972657
 11
14.6248652189
 21
60.9277972657
  0
LINE
  5
5E8
100
AcDbEntity
  8
0
100
AcDbLine
 62
7
  6
BYLAYER
 10
13.1746672421
 20
60.9385854949
 11
14.3096047872
 21
60.9385854949
  0
LINE
  5
5E9
100
AcDbEntity
  8
0
100
AcDbLine
 62
7
  6
BYLAYER
 10
67.1929777189
 20
60.9392616137
 11
62.4179777189
 21
60.9392616137
  0
LINE
  5
5EA
100
AcDbEntity
  8
0
100
AcDbLine
 62
7
  6
BYLAYER
 10
52.1054777189
 20
60.9545719307
 11
51.7304777189
 21
60.9545719307
  0
LINE
  5
5EB
100
AcDbEntity
  8
0
100
AcDbLine
 62
7
  6
BYLAYER
 10
49.9804777785
 20
60.9545719307
 11
49.6054777785
 21
60.9545719307
  0
LINE
  5
5EC
100
AcDbEntity
  8
0
100
AcDbLine
 62
7
  6
BYLAYER
 10
15.0930777189
 20
60.9545719307
 11
14.7180777189
 21
60.9545719307
  0
LINE
  5
5ED
100
AcDbEntity
  8
0
100
AcDbLine
 62
7
  6
BYLAYER
 10
12.9680777785
 20
60.9545719307
 11
12.5930777785
 21
60.9545719307
  0
LINE
  5
5EE
100
AcDbEntity
  8
0
100
AcDbLine
 62
7
  6
BYLAYER
 10
24.3429777189
 20
60.9555762406
 11
27.1679777189
 21
60.9555762406
  0
LINE
  5
5EF
100
AcDbEntity
  8
0
100
AcDbLine
 62
7
  6
BYLAYER
 10
13.9943443555
 20
60.9815684154
 11
13.7421360823
 21
60.9815684154
  0
LINE
  5
5F0
100
AcDbEntity
  8
0
100
AcDbLine
 62
7
  6
BYLAYER
 10
50.6122777189
 20
61.0241584812
 11
50.9872777189
 21
61.0241584812
  0
LINE
  5
5F1
100
AcDbEntity
  8
0
100
AcDbLine
 62
7
  6
BYLAYER
 10
13.6790839689
 20
61.0263777069
 11
13.9312923323
 21
61.0263777069
  0
LINE
  5
5F2
100
AcDbEntity
  8
0
100
AcDbLine
 62
7
  6
BYLAYER
 10
15.0031777189
 20
61.0922761702
 11
14.6248652189
 21
61.0922761702
  0
LINE
  5
5F3
100
AcDbEntity
  8
0
100
AcDbLine
 62
7
  6
BYLAYER
 10
12.8594069457
 20
61.0922761702
 11
12.4810944457
 21
61.0922761702
  0
LINE
  5
5F4
100
AcDbEntity
  8
0
100
AcDbLine
 62
7
  6
BYLAYER
 10
13.7805777189
 20
61.0937450317
 11
14.0305777487
 21
61.0937450317
  0
LINE
  5
5F5
100
AcDbEntity
  8
0
100
AcDbLine
 62
7
  6
BYLAYER
 10
14.0930776891
 20
61.1381619735
 11
13.8430777487
 21
61.1381619735
  0
LINE
  5
5F6
100
AcDbEntity
  8
0
100
AcDbLine
 62
7
  6
BYLAYER
 10
50.9872777189
 20
61.1445973634
 11
50.6122777189
 21
61.1445973634
  0
LINE
  5
5F7
100
AcDbEntity
  8
0
100
AcDbLine
 62
7
  6
BYLAYER
 10
62.7179777189
 20
61.16890945
 11
62.3429777189
 21
61.16890945
  0
LINE
  5
5F8
100
AcDbEntity
  8
0
100
AcDbLine
 62
7
  6
BYLAYER
 10
15.6179777189
 20
61.16890945
 11
15.9929777189
 21
61.16890945
  0
LINE
  5
5F9
100
AcDbEntity
  8
0
100
AcDbLine
 62
7
  6
BYLAYER
 10
53.6179777189
 20
61.16890945
 11
53.9929777189
 21
61.16890945
  0
LINE
  5
5FA
100
AcDbEntity
  8
0
100
AcDbLine
 62
7
  6
BYLAYER
 10
12.8430777189
 20
61.1697669659
 11
14.593077704
 21
61.1697669659
  0
LINE
  5
5FB
100
AcDbEntity
  8
0
100
AcDbLine
 62
7
  6
BYLAYER
 10
15.030577717
 20
61.1914623037
 11
14.7180777189
 21
61.1914623037
  0
LINE
  5
5FC
100
AcDbEntity
  8
0
100
AcDbLine
 62
7
  6
BYLAYER
 10
14.3726569006
 20
61.1998184823
 11
13.1116152189
 21
61.1998184823
  0
LINE
  5
5FD
100
AcDbEntity
  8
0
100
AcDbLine
 62
7
  6
BYLAYER
 10
15.0930777189
 20
61.2141839139
 11
12.8430777189
 21
61.2141839139
  0
LINE
  5
5FE
100
AcDbEntity
  8
0
100
AcDbLine
 62
7
  6
BYLAYER
 10
13.4899277189
 20
61.2164031397
 11
13.9943443555
 21
61.2164031397
  0
LINE
  5
5FF
100
AcDbEntity
  8
0
100
AcDbLine
 62
7
  6
BYLAYER
 10
13.1746672421
 20
61.2356659155
 11
14.3096047872
 21
61.2356659155
  0
LINE
  5
600
100
AcDbEntity
  8
0
100
AcDbLine
 62
7
  6
BYLAYER
 10
11.9179777189
 20
61.3555762406
 11
15.6179777189
 21
61.3555762406
  0
LINE
  5
601
100
AcDbEntity
  8
0
100
AcDbLine
 62
7
  6
BYLAYER
 10
23.9429777189
 20
61.3707643395
 11
16.1929777189
 21
61.3707643395
  0
LINE
  5
602
100
AcDbEntity
  8
0
100
AcDbLine
 62
7
  6
BYLAYER
 10
53.6179777189
 20
61.4368405077
 11
47.6179777189
 21
61.4368405077
  0
LINE
  5
603
100
AcDbEntity
  8
0
100
AcDbLine
 62
7
  6
BYLAYER
 10
62.7179777189
 20
61.4368405077
 11
66.7179777189
 21
61.4368405077
  0
LINE
  5
604
100
AcDbEntity
  8
0
100
AcDbLine
 62
7
  6
BYLAYER
 10
50.9872777189
 20
61.4416777841
 11
50.6122777189
 21
61.4416777841
  0
LINE
  5
605
100
AcDbEntity
  8
0
100
AcDbLine
 62
7
  6
BYLAYER
 10
12.8430777189
 20
61.4668473865
 11
14.593077704
 21
61.4668473865
  0
LINE
  5
606
100
AcDbEntity
  8
0
100
AcDbLine
 62
7
  6
BYLAYER
 10
15.0930777189
 20
61.5112643345
 11
12.8430777189
 21
61.5112643345
  0
LINE
  5
607
100
AcDbEntity
  8
0
100
AcDbLine
 62
7
  6
BYLAYER
 10
13.4899277189
 20
61.5134835603
 11
13.9943443555
 21
61.5134835603
  0
LINE
  5
608
100
AcDbEntity
  8
0
100
AcDbLine
 62
7
  6
BYLAYER
 10
16.1929777189
 20
61.8658983739
 11
23.9429777189
 21
61.8658983739
  0
LINE
  5
609
100
AcDbEntity
  8
0
100
AcDbLine
 62
7
  6
BYLAYER
 10
62.4179777189
 20
62.9555762406
 11
48.9179777189
 21
62.9555762406
  0
LINE
  5
60A
100
AcDbEntity
  8
0
100
AcDbLine
 62
7
  6
BYLAYER
 10
13.9312923323
 20
60.7292972863
 11
14.3726569006
 21
60.720335428
  0
LINE
  5
60B
100
AcDbEntity
  8
0
100
AcDbLine
 62
7
  6
BYLAYER
 10
14.3726569006
 20
61.0174158486
 11
13.9312923323
 21
61.0263777069
  0
LINE
  5
60C
100
AcDbEntity
  8
0
100
AcDbLine
 62
7
  6
BYLAYER
 10
13.4055777189
 20
60.8055479994
 11
13.7805777189
 21
60.796664611
  0
LINE
  5
60D
100
AcDbEntity
  8
0
100
AcDbLine
 62
7
  6
BYLAYER
 10
13.7805777189
 20
61.0937450317
 11
13.4055777189
 21
61.10262842
  0
LINE
  5
60E
100
AcDbEntity
  8
0
100
AcDbLine
 62
7
  6
BYLAYER
 10
14.3096047872
 20
60.6755261365
 11
13.9943443555
 21
60.6844879948
  0
LINE
  5
60F
100
AcDbEntity
  8
0
100
AcDbLine
 62
7
  6
BYLAYER
 10
13.8430777487
 20
60.8410815529
 11
13.5305777785
 21
60.8499649412
  0
LINE
  5
610
100
AcDbEntity
  8
0
100
AcDbLine
 62
7
  6
BYLAYER
 10
13.9943443555
 20
60.9815684154
 11
14.3096047872
 21
60.9726065571
  0
LINE
  5
611
100
AcDbEntity
  8
0
100
AcDbLine
 62
7
  6
BYLAYER
 10
13.5305777785
 20
61.1470453618
 11
13.8430777487
 21
61.1381619735
  0
LINE
  5
612
100
AcDbEntity
  8
0
100
AcDbLine
 62
7
  6
BYLAYER
 10
49.6054777785
 20
60.6574915101
 11
50.6054777189
 21
60.2399722072
  0
LINE
  5
613
100
AcDbEntity
  8
0
100
AcDbLine
 62
7
  6
BYLAYER
 10
50.6054777189
 20
60.5370526278
 11
49.6054777785
 21
60.9545719307
  0
LINE
  5
614
100
AcDbEntity
  8
0
100
AcDbLine
 62
7
  6
BYLAYER
 10
50.8554777487
 20
60.2755057607
 11
50.2929776593
 21
60.5153572838
  0
LINE
  5
615
100
AcDbEntity
  8
0
100
AcDbLine
 62
7
  6
BYLAYER
 10
50.2304777189
 20
60.5508908373
 11
49.9804777785
 21
60.6574915101
  0
LINE
  5
616
100
AcDbEntity
  8
0
100
AcDbLine
 62
7
  6
BYLAYER
 10
50.2929776593
 20
60.8124377044
 11
50.8554777487
 21
60.5725861813
  0
LINE
  5
617
100
AcDbEntity
  8
0
100
AcDbLine
 62
7
  6
BYLAYER
 10
49.9804777785
 20
60.9545719307
 11
50.2304777189
 21
60.8479712579
  0
LINE
  5
618
100
AcDbEntity
  8
0
100
AcDbLine
 62
7
  6
BYLAYER
 10
21.8050068751
 20
74.3555762406
 11
21.5834978108
 21
74.4791562167
  0
LINE
  5
619
100
AcDbEntity
  8
0
100
AcDbLine
 62
7
  6
BYLAYER
 10
21.8931777317
 20
74.9005913769
 11
21.5835394925
 21
75.0733092386
  0
LINE
  5
61A
100
AcDbEntity
  8
0
100
AcDbLine
 62
7
  6
BYLAYER
 10
18.5126692215
 20
75.6340684091
 11
18.8179777189
 21
75.4637565499
  0
LINE
  5
61B
100
AcDbEntity
  8
0
100
AcDbLine
 62
7
  6
BYLAYER
 10
21.8931158528
 20
75.4947478175
 11
21.5835283029
 21
75.6674484871
  0
LINE
  5
61C
100
AcDbEntity
  8
0
100
AcDbLine
 62
7
  6
BYLAYER
 10
54.9679387705
 20
56.3555482708
 11
53.9679304151
 21
57.3555104767
  0
LINE
  5
61D
100
AcDbEntity
  8
0
100
AcDbLine
 62
7
  6
BYLAYER
 10
59.0832231116
 20
45.7053141339
 11
59.3893512514
 21
45.3638889017
  0
LINE
  5
61E
100
AcDbEntity
  8
0
100
AcDbLine
 62
7
  6
BYLAYER
 10
56.5885430472
 20
47.0842611438
 11
56.5679777189
 21
47.1073629768
  0
LINE
  5
61F
100
AcDbEntity
  8
0
100
AcDbLine
 62
7
  6
BYLAYER
 10
45.6679777189
 20
122.1555762406
 11
45.6679777189
 21
118.3443544342
  0
LINE
  5
620
100
AcDbEntity
  8
0
100
AcDbLine
 62
7
  6
BYLAYER
 10
46.1679777189
 20
19.7555762406
 11
46.1679777189
 21
9.7555762406
  0
LINE
  5
621
100
AcDbEntity
  8
0
100
AcDbLine
 62
7
  6
BYLAYER
 10
46.5429777189
 20
14.9555762406
 11
46.5429777189
 21
12.7055762406
  0
LINE
  5
622
100
AcDbEntity
  8
0
100
AcDbLine
 62
7
  6
BYLAYER
 10
46.6679777189
 20
123.7555762406
 11
46.6679777646
 21
118.3555762406
  0
LINE
  5
623
100
AcDbEntity
  8
0
100
AcDbLine
 62
7
  6
BYLAYER
 10
46.7679777189
 20
15.7555762406
 11
46.7679777189
 21
25.3555762406
  0
LINE
  5
624
100
AcDbEntity
  8
0
100
AcDbLine
 62
7
  6
BYLAYER
 10
46.8179777189
 20
123.6934442063
 11
46.8179777189
 21
125.6551572189
  0
LINE
  5
625
100
AcDbEntity
  8
0
100
AcDbLine
 62
7
  6
BYLAYER
 10
46.9679777189
 20
123.4555762406
 11
46.9679777189
 21
118.3555762406
  0
LINE
  5
626
100
AcDbEntity
  8
0
100
AcDbLine
 62
7
  6
BYLAYER
 10
47.1929777189
 20
57.3555762406
 11
47.1929777189
 21
60.1358859846
  0
LINE
  5
627
100
AcDbEntity
  8
0
100
AcDbLine
 62
7
  6
BYLAYER
 10
47.3179777189
 20
19.7555762406
 11
47.3179777189
 21
14.9555762406
  0
LINE
  5
628
100
AcDbEntity
  8
0
100
AcDbLine
 62
7
  6
BYLAYER
 10
47.3179777189
 20
119.0555762406
 11
47.3179777189
 21
125.6551572189
  0
LINE
  5
629
100
AcDbEntity
  8
0
100
AcDbLine
 62
7
  6
BYLAYER
 10
47.6179777189
 20
61.4368405077
 11
47.6179777189
 21
57.3555762406
  0
LINE
  5
62A
100
AcDbEntity
  8
0
100
AcDbLine
 62
7
  6
BYLAYER
 10
47.6679777189
 20
17.7555762406
 11
47.6679777189
 21
18.6555762406
  0
LINE
  5
62B
100
AcDbEntity
  8
0
100
AcDbLine
 62
7
  6
BYLAYER
 10
47.8179777189
 20
19.7555762406
 11
47.8179777189
 21
17.7555762406
  0
LINE
  5
62C
100
AcDbEntity
  8
0
100
AcDbLine
 62
7
  6
BYLAYER
 10
48.1179777189
 20
119.0555762406
 11
48.1179777189
 21
123.2551572189
  0
LINE
  5
62D
100
AcDbEntity
  8
0
100
AcDbLine
 62
7
  6
BYLAYER
 10
48.3679777191
 20
123.2551572189
 11
48.3679777189
 21
125.6551572189
  0
LINE
  5
62E
100
AcDbEntity
  8
0
100
AcDbLine
 62
7
  6
BYLAYER
 10
48.7179777189
 20
17.7555762406
 11
48.7179777189
 21
9.7555762406
  0
LINE
  5
62F
100
AcDbEntity
  8
0
100
AcDbLine
 62
7
  6
BYLAYER
 10
48.9179777189
 20
19.7555762406
 11
48.9179777189
 21
17.7555762406
  0
LINE
  5
630
100
AcDbEntity
  8
0
100
AcDbLine
 62
7
  6
BYLAYER
 10
48.9179777189
 20
60.1358859846
 11
48.9179777189
 21
115.3555762406
  0
LINE
  5
631
100
AcDbEntity
  8
0
100
AcDbLine
 62
7
  6
BYLAYER
 10
49.0679777189
 20
115.3555762406
 11
49.0679777189
 21
106.3555762406
  0
LINE
  5
632
100
AcDbEntity
  8
0
100
AcDbLine
 62
7
  6
BYLAYER
 10
49.3679777189
 20
125.1551572189
 11
49.3679777189
 21
123.7551572189
  0
LINE
  5
633
100
AcDbEntity
  8
0
100
AcDbLine
 62
7
  6
BYLAYER
 10
49.4179777189
 20
17.7555762406
 11
49.4179777189
 21
9.7555762406
  0
LINE
  5
634
100
AcDbEntity
  8
0
100
AcDbLine
 62
7
  6
BYLAYER
 10
49.6054777785
 20
60.6574915101
 11
49.6054777785
 21
60.9545719307
  0
LINE
  5
635
100
AcDbEntity
  8
0
100
AcDbLine
 62
7
  6
BYLAYER
 10
49.9179777189
 20
17.7555762406
 11
49.9179777189
 21
9.7555762406
  0
LINE
  5
636
100
AcDbEntity
  8
0
100
AcDbLine
 62
7
  6
BYLAYER
 10
49.9804777785
 20
60.6574915101
 11
49.9804777785
 21
60.9545719307
  0
LINE
  5
637
100
AcDbEntity
  8
0
100
AcDbLine
 62
7
  6
BYLAYER
 10
34.7804996027
 20
55.5720905199
 11
34.5431625439
 21
55.3221966473
  0
LINE
  5
638
100
AcDbEntity
  8
0
100
AcDbLine
 62
7
  6
BYLAYER
 10
36.8680166673
 20
56.3555482708
 11
37.8680250227
 21
57.3555104767
  0
LINE
  5
639
100
AcDbEntity
  8
0
100
AcDbLine
 62
7
  6
BYLAYER
 10
79.1179777189
 20
98.3555762406
 11
79.6679777189
 21
98.9055762406
  0
LINE
  5
63A
100
AcDbEntity
  8
0
100
AcDbLine
 62
7
  6
BYLAYER
 10
22.5879667101
 20
50.3170065264
 11
22.2255314095
 21
50.0300126532
  0
LINE
  5
63B
100
AcDbEntity
  8
0
100
AcDbLine
 62
7
  6
BYLAYER
 10
14.7180777189
 20
60.894381883
 11
14.593077704
 21
60.8677317179
  0
LINE
  5
63C
100
AcDbEntity
  8
0
100
AcDbLine
 62
7
  6
BYLAYER
 10
14.7180777189
 20
60.8233147761
 11
14.9680777152
 21
60.8588483296
  0
LINE
  5
63D
100
AcDbEntity
  8
0
100
AcDbLine
 62
7
  6
BYLAYER
 10
12.7963547421
 20
60.6665642782
 11
13.0485631957
 21
60.7024117114
  0
LINE
  5
63E
100
AcDbEntity
  8
0
100
AcDbLine
 62
7
  6
BYLAYER
 10
14.9680777152
 20
61.1559287502
 11
14.7180777189
 21
61.1203951968
  0
LINE
  5
63F
100
AcDbEntity
  8
0
100
AcDbLine
 62
7
  6
BYLAYER
 10
13.0485631957
 20
60.999492132
 11
12.7963547421
 21
60.9636446988
  0
LINE
  5
640
100
AcDbEntity
  8
0
100
AcDbLine
 62
7
  6
BYLAYER
 10
13.3430777785
 20
60.9476822381
 11
15.0930777189
 21
61.1697669659
  0
LINE
  5
641
100
AcDbEntity
  8
0
100
AcDbLine
 62
7
  6
BYLAYER
 10
15.0930777189
 20
61.4668473865
 11
13.3430777785
 21
61.2447626587
  0
LINE
  5
642
100
AcDbEntity
  8
0
100
AcDbLine
 62
7
  6
BYLAYER
 10
14.593077704
 20
61.1697669659
 11
13.0305777189
 21
60.9743324032
  0
LINE
  5
643
100
AcDbEntity
  8
0
100
AcDbLine
 62
7
  6
BYLAYER
 10
13.0305777189
 20
61.2714128238
 11
14.593077704
 21
61.4668473865
  0
LINE
  5
644
100
AcDbEntity
  8
0
100
AcDbLine
 62
7
  6
BYLAYER
 10
13.4268756957
 20
60.6755261365
 11
13.2377194457
 21
60.6576024199
  0
LINE
  5
645
100
AcDbEntity
  8
0
100
AcDbLine
 62
7
  6
BYLAYER
 10
14.593077704
 20
60.8677317179
 11
14.405577704
 21
60.8499649412
  0
LINE
  5
646
100
AcDbEntity
  8
0
100
AcDbLine
 62
7
  6
BYLAYER
 10
13.2377194457
 20
60.9546828406
 11
13.4268756957
 21
60.9726065571
  0
LINE
  5
647
100
AcDbEntity
  8
0
100
AcDbLine
 62
7
  6
BYLAYER
 10
14.405577704
 20
61.1470453618
 11
14.593077704
 21
61.1648121386
  0
LINE
  5
648
100
AcDbEntity
  8
0
100
AcDbLine
 62
7
  6
BYLAYER
 10
18.2304890554
 20
65.0555762406
 11
21.9054663824
 21
65.0555762406
  0
LINE
  5
649
100
AcDbEntity
  8
0
100
AcDbLine
 62
7
  6
BYLAYER
 10
18.3179777189
 20
65.3555762392
 11
18.5104527787
 21
65.3555762389
  0
LINE
  5
64A
100
AcDbEntity
  8
0
100
AcDbLine
 62
7
  6
BYLAYER
 10
21.6255026591
 20
65.3555762337
 11
21.8179777189
 21
65.3555762333
  0
LINE
  5
64B
100
AcDbEntity
  8
0
100
AcDbLine
 62
7
  6
BYLAYER
 10
18.3179777189
 20
65.708230202
 11
21.8179777189
 21
65.708230202
  0
LINE
  5
64C
100
AcDbEntity
  8
0
100
AcDbLine
 62
7
  6
BYLAYER
 10
86.2386158236
 20
66.1555762406
 11
86.0679777189
 21
66.1555762406
  0
LINE
  5
64D
100
AcDbEntity
  8
0
100
AcDbLine
 62
7
  6
BYLAYER
 10
85.5679777189
 20
66.6555762406
 11
82.4179777189
 21
66.6555762406
  0
LINE
  5
64E
100
AcDbEntity
  8
0
100
AcDbLine
 62
7
  6
BYLAYER
 10
62.4179777189
 20
66.6555762406
 11
68.9179777189
 21
66.6555762406
  0
LINE
  5
64F
100
AcDbEntity
  8
0
100
AcDbLine
 62
7
  6
BYLAYER
 10
42.4179777189
 20
66.6555770823
 11
31.1946268438
 21
66.6555762406
  0
LINE
  5
650
100
AcDbEntity
  8
0
100
AcDbLine
 62
7
  6
BYLAYER
 10
18.2304890554
 20
67.0555762406
 11
21.9054663824
 21
67.0555762406
  0
LINE
  5
651
100
AcDbEntity
  8
0
100
AcDbLine
 62
7
  6
BYLAYER
 10
30.924167181
 20
67.6555762406
 11
32.4054663824
 21
67.6555762406
  0
LINE
  5
652
100
AcDbEntity
  8
0
100
AcDbLine
 62
7
  6
BYLAYER
 10
38.4304890554
 20
67.6555762406
 11
39.9179777189
 21
67.6555762406
  0
LINE
  5
653
100
AcDbEntity
  8
0
100
AcDbLine
 62
7
  6
BYLAYER
 10
35.8891732052
 20
68.2555762406
 11
34.9467822326
 21
68.2555762406
  0
LINE
  5
654
100
AcDbEntity
  8
0
100
AcDbLine
 62
7
  6
BYLAYER
 10
24.0008340084
 20
76.7314164609
 11
22.8839959338
 21
77.2847029976
  0
LINE
  5
655
100
AcDbEntity
  8
0
100
AcDbLine
 62
7
  6
BYLAYER
 10
23.9347873285
 20
76.8855336192
 11
23.9196555441
 21
76.8930299719
  0
LINE
  5
656
100
AcDbEntity
  8
0
100
AcDbLine
 62
7
  6
BYLAYER
 10
23.9106173142
 20
76.9250638165
 11
23.9638805527
 21
76.8986769804
  0
LINE
  5
657
100
AcDbEntity
  8
0
100
AcDbLine
 62
7
  6
BYLAYER
 10
23.8830363734
 20
76.9551098723
 11
22.8806263472
 21
77.4517082122
  0
LINE
  5
658
100
AcDbEntity
  8
0
100
AcDbLine
 62
7
  6
BYLAYER
 10
22.8716274282
 20
77.897062036
 11
23.8740450318
 21
77.4004599193
  0
LINE
  5
659
100
AcDbEntity
  8
0
100
AcDbLine
 62
7
  6
BYLAYER
 10
22.8682537211
 20
78.0640692836
 11
23.9850917956
 21
77.5107827468
  0
LINE
  5
65A
100
AcDbEntity
  8
0
100
AcDbLine
 62
7
  6
BYLAYER
 10
18.4179777189
 20
101.3339319192
 11
18.4326371277
 21
101.3170074287
  0
LINE
  5
65B
100
AcDbEntity
  8
0
100
AcDbLine
 62
7
  6
BYLAYER
 10
18.4179777189
 20
100.8638399206
 11
18.4210752749
 21
100.8602462575
  0
LINE
  5
65C
100
AcDbEntity
  8
0
100
AcDbLine
 62
7
  6
BYLAYER
 10
18.4179777189
 20
101.4637041473
 11
18.4210152123
 21
101.4601524661
  0
LINE
  5
65D
100
AcDbEntity
  8
0
100
AcDbLine
 62
7
  6
BYLAYER
 10
55.3948864184
 20
60.4429312353
 11
55.1263844635
 21
60.7869278207
  0
LINE
  5
65E
100
AcDbEntity
  8
0
100
AcDbLine
 62
7
  6
BYLAYER
 10
55.1599329129
 20
60.4429312353
 11
55.1263844635
 21
60.7869278207
  0
LINE
  5
65F
100
AcDbEntity
  8
0
100
AcDbLine
 62
7
  6
BYLAYER
 10
54.1429777189
 20
49.8555762406
 11
53.9429777189
 21
53.1636716449
  0
LINE
  5
660
100
AcDbEntity
  8
0
100
AcDbLine
 62
7
  6
BYLAYER
 10
50.2304777189
 20
60.5508908373
 11
50.2304777189
 21
60.8479712579
  0
LINE
  5
661
100
AcDbEntity
  8
0
100
AcDbLine
 62
7
  6
BYLAYER
 10
50.2929776593
 20
60.5153572838
 11
50.2929776593
 21
60.8124377044
  0
LINE
  5
662
100
AcDbEntity
  8
0
100
AcDbLine
 62
7
  6
BYLAYER
 10
50.4179777189
 20
10.2555762406
 11
50.4179777189
 21
13.2804270188
  0
LINE
  5
663
100
AcDbEntity
  8
0
100
AcDbLine
 62
7
  6
BYLAYER
 10
50.4337155933
 20
86.9555762406
 11
50.4337155933
 21
117.8555762406
  0
LINE
  5
664
100
AcDbEntity
  8
0
100
AcDbLine
 62
7
  6
BYLAYER
 10
50.6054777189
 20
60.2399722072
 11
50.6054777189
 21
60.5370526278
  0
LINE
  5
665
100
AcDbEntity
  8
0
100
AcDbLine
 62
7
  6
BYLAYER
 10
50.6122777189
 20
61.4416777841
 11
50.6122777189
 21
60.7270780606
  0
LINE
  5
666
100
AcDbEntity
  8
0
100
AcDbLine
 62
7
  6
BYLAYER
 10
50.8554777487
 20
60.2755057607
 11
50.8554777487
 21
60.5725861813
  0
LINE
  5
667
100
AcDbEntity
  8
0
100
AcDbLine
 62
7
  6
BYLAYER
 10
50.9179777189
 20
14.7555762406
 11
50.9179777189
 21
11.7555762406
  0
LINE
  5
668
100
AcDbEntity
  8
0
100
AcDbLine
 62
7
  6
BYLAYER
 10
50.9872777189
 20
60.7270780606
 11
50.9872777189
 21
61.4416777841
  0
LINE
  5
669
100
AcDbEntity
  8
0
100
AcDbLine
 62
7
  6
BYLAYER
 10
51.1054776891
 20
60.2399722072
 11
51.1054776891
 21
60.5370526278
  0
LINE
  5
66A
100
AcDbEntity
  8
0
100
AcDbLine
 62
7
  6
BYLAYER
 10
51.1679777189
 20
100.4699545183
 11
51.1679777189
 21
89.3555762406
  0
LINE
  5
66B
100
AcDbEntity
  8
0
100
AcDbLine
 62
7
  6
BYLAYER
 10
51.3622777189
 20
60.7892617791
 11
51.3622777189
 21
61.1574093315
  0
LINE
  5
66C
100
AcDbEntity
  8
0
100
AcDbLine
 62
7
  6
BYLAYER
 10
51.417977704
 20
60.5153572838
 11
51.417977704
 21
60.8124377044
  0
LINE
  5
66D
100
AcDbEntity
  8
0
100
AcDbLine
 62
7
  6
BYLAYER
 10
51.4179777189
 20
89.742394305
 11
51.4179777189
 21
89.4405289353
  0
LINE
  5
66E
100
AcDbEntity
  8
0
100
AcDbLine
 62
7
  6
BYLAYER
 10
51.4179777189
 20
57.3555762406
 11
51.4179777189
 21
39.3555762406
  0
LINE
  5
66F
100
AcDbEntity
  8
0
100
AcDbLine
 62
7
  6
BYLAYER
 10
51.4804777338
 20
60.5508908373
 11
51.4804777338
 21
60.8479712579
  0
LINE
  5
670
100
AcDbEntity
  8
0
100
AcDbLine
 62
7
  6
BYLAYER
 10
51.6679777189
 20
95.0055762406
 11
51.6679777189
 21
93.0055762406
  0
LINE
  5
671
100
AcDbEntity
  8
0
100
AcDbLine
 62
7
  6
BYLAYER
 10
51.6679777189
 20
98.9055762406
 11
51.6679777189
 21
100.7543578373
  0
LINE
  5
672
100
AcDbEntity
  8
0
100
AcDbLine
 62
7
  6
BYLAYER
 10
51.6679777189
 20
103.3555762406
 11
51.6679777189
 21
108.5442513752
  0
LINE
  5
673
100
AcDbEntity
  8
0
100
AcDbLine
 62
7
  6
BYLAYER
 10
51.7304777189
 20
60.6574915101
 11
51.7304777189
 21
60.9545719307
  0
LINE
  5
674
100
AcDbEntity
  8
0
100
AcDbLine
 62
7
  6
BYLAYER
 10
51.9179777189
 20
57.3555762406
 11
51.9179777189
 21
38.2555762406
  0
LINE
  5
675
100
AcDbEntity
  8
0
100
AcDbLine
 62
7
  6
BYLAYER
 10
51.9179777189
 20
37.8555762406
 11
51.9179777189
 21
20.2555762406
  0
LINE
  5
676
100
AcDbEntity
  8
0
100
AcDbLine
 62
7
  6
BYLAYER
 10
52.0679777189
 20
15.7555762406
 11
52.0679777189
 21
25.3555762406
  0
LINE
  5
677
100
AcDbEntity
  8
0
100
AcDbLine
 62
7
  6
BYLAYER
 10
52.1054777189
 20
60.6574915101
 11
52.1054777189
 21
60.9545719307
  0
LINE
  5
678
100
AcDbEntity
  8
0
100
AcDbLine
 62
7
  6
BYLAYER
 10
52.1679777189
 20
95.1241773132
 11
52.1679777189
 21
93.1241773132
  0
LINE
  5
679
100
AcDbEntity
  8
0
100
AcDbLine
 62
7
  6
BYLAYER
 10
52.2179777189
 20
96.3555762406
 11
52.2179777189
 21
98.3555762406
  0
LINE
  5
67A
100
AcDbEntity
  8
0
100
AcDbLine
 62
7
  6
BYLAYER
 10
52.4179777189
 20
48.2746793358
 11
52.4179777189
 21
57.3555762406
  0
LINE
  5
67B
100
AcDbEntity
  8
0
100
AcDbLine
 62
7
  6
BYLAYER
 10
52.6679777189
 20
19.7555762406
 11
52.6679777189
 21
9.7555762406
  0
LINE
  5
67C
100
AcDbEntity
  8
0
100
AcDbLine
 62
7
  6
BYLAYER
 10
52.6679777189
 20
84.8555762406
 11
52.6679777189
 21
86.8555762406
  0
LINE
  5
67D
100
AcDbEntity
  8
0
100
AcDbLine
 62
7
  6
BYLAYER
 10
52.9179777189
 20
19.755576241
 11
52.9179777189
 21
37.8555762406
  0
LINE
  5
67E
100
AcDbEntity
  8
0
100
AcDbLine
 62
7
  6
BYLAYER
 10
53.1179777189
 20
19.7555762415
 11
53.1179777189
 21
57.3555762406
  0
LINE
  5
67F
100
AcDbEntity
  8
0
100
AcDbLine
 62
7
  6
BYLAYER
 10
53.4179777189
 20
57.3555762406
 11
53.4179777189
 21
20.2555762406
  0
LINE
  5
680
100
AcDbEntity
  8
0
100
AcDbLine
 62
7
  6
BYLAYER
 10
53.4179777189
 20
19.9555762406
 11
53.4179777189
 21
18.6555762406
  0
LINE
  5
681
100
AcDbEntity
  8
0
100
AcDbLine
 62
7
  6
BYLAYER
 10
53.6179777189
 20
60.0698239151
 11
53.6179777189
 21
54.0108584799
  0
LINE
  5
682
100
AcDbEntity
  8
0
100
AcDbLine
 62
7
  6
BYLAYER
 10
53.6179777189
 20
54.0108584799
 11
53.6179777189
 21
39.4555762406
  0
LINE
  5
683
100
AcDbEntity
  8
0
100
AcDbLine
 62
7
  6
BYLAYER
 10
53.6179777189
 20
60.0698239151
 11
53.6179777189
 21
61.4368405077
  0
LINE
  5
684
100
AcDbEntity
  8
0
100
AcDbLine
 62
7
  6
BYLAYER
 10
53.8679777189
 20
125.1551572189
 11
53.8679777189
 21
123.7551572427
  0
LINE
  5
685
100
AcDbEntity
  8
0
100
AcDbLine
 62
7
  6
BYLAYER
 10
53.9179777189
 20
17.7555762406
 11
53.9179777189
 21
57.3555762406
  0
LINE
  5
686
100
AcDbEntity
  8
0
100
AcDbLine
 62
7
  6
BYLAYER
 10
53.9929777189
 20
61.16890945
 11
53.9929777189
 21
39.4555762406
  0
LINE
  5
687
100
AcDbEntity
  8
0
100
AcDbLine
 62
7
  6
BYLAYER
 10
54.0679777189
 20
49.335012423
 11
54.0679777189
 21
50.8201119053
  0
LINE
  5
688
100
AcDbEntity
  8
0
100
AcDbLine
 62
7
  6
BYLAYER
 10
54.1429777189
 20
60.0698239151
 11
54.1429777189
 21
52.2509028635
  0
LINE
  5
689
100
AcDbEntity
  8
0
100
AcDbLine
 62
7
  6
BYLAYER
 10
54.1679777189
 20
17.7555762406
 11
54.1679777189
 21
9.7555762406
  0
LINE
  5
68A
100
AcDbEntity
  8
0
100
AcDbLine
 62
7
  6
BYLAYER
 10
54.1679777189
 20
86.8555762406
 11
54.1679777189
 21
89.3547072777
  0
LINE
  5
68B
100
AcDbEntity
  8
0
100
AcDbLine
 62
7
  6
BYLAYER
 10
54.2924007617
 20
17.7555762406
 11
54.2924007617
 21
9.7555762406
  0
LINE
  5
68C
100
AcDbEntity
  8
0
100
AcDbLine
 62
7
  6
BYLAYER
 10
54.4179777189
 20
18.6555762406
 11
54.4179777189
 21
17.7555762406
  0
LINE
  5
68D
100
AcDbEntity
  8
0
100
AcDbLine
 62
7
  6
BYLAYER
 10
54.4179777189
 20
15.7555762406
 11
54.4179777189
 21
15.2555762406
  0
LINE
  5
68E
100
AcDbEntity
  8
0
100
AcDbLine
 62
7
  6
BYLAYER
 10
54.4179777189
 20
18.6555762406
 11
54.4179777189
 21
28.3555762406
  0
LINE
  5
68F
100
AcDbEntity
  8
0
100
AcDbLine
 62
7
  6
BYLAYER
 10
54.4496081416
 20
49.0323403937
 11
54.4496081416
 21
47.3715003778
  0
LINE
  5
690
100
AcDbEntity
  8
0
100
AcDbLine
 62
7
  6
BYLAYER
 10
36.2927907537
 20
52.4889763429
 11
36.0554530655
 21
52.2390825225
  0
LINE
  5
691
100
AcDbEntity
  8
0
100
AcDbLine
 62
7
  6
BYLAYER
 10
21.6897344118
 20
45.9350487544
 11
21.3833327673
 21
45.7052806542
  0
LINE
  5
692
100
AcDbEntity
  8
0
100
AcDbLine
 62
7
  6
BYLAYER
 10
19.3596447963
 20
46.821578142
 11
18.888328464
 21
46.5587101236
  0
LINE
  5
693
100
AcDbEntity
  8
0
100
AcDbLine
 62
7
  6
BYLAYER
 10
21.7795362722
 20
47.0178803895
 11
22.1120574081
 21
47.2034712099
  0
LINE
  5
694
100
AcDbEntity
  8
0
100
AcDbLine
 62
7
  6
BYLAYER
 10
19.3596505073
 20
45.6334949665
 11
18.8883224521
 21
45.3706149357
  0
LINE
  5
695
100
AcDbEntity
  8
0
100
AcDbLine
 62
7
  6
BYLAYER
 10
21.7795835885
 20
46.4238937161
 11
22.2668120397
 21
46.6956598751
  0
LINE
  5
696
100
AcDbEntity
  8
0
100
AcDbLine
 62
7
  6
BYLAYER
 10
19.3179287737
 20
46.844884796
 11
18.9689219652
 21
46.6503700351
  0
LINE
  5
697
100
AcDbEntity
  8
0
100
AcDbLine
 62
7
  6
BYLAYER
 10
19.3179394196
 20
46.250819803
 11
18.9688220882
 21
46.0562366178
  0
LINE
  5
698
100
AcDbEntity
  8
0
100
AcDbLine
 62
7
  6
BYLAYER
 10
19.359634183
 20
46.2275268921
 11
18.8885115301
 21
45.9647916812
  0
LINE
  5
699
100
AcDbEntity
  8
0
100
AcDbLine
 62
7
  6
BYLAYER
 10
19.3179222279
 20
45.6568089523
 11
18.9690523109
 21
45.4623681342
  0
LINE
  5
69A
100
AcDbEntity
  8
0
100
AcDbLine
 62
7
  6
BYLAYER
 10
19.3179391191
 20
45.0627484608
 11
18.9688042984
 21
44.8681591082
  0
LINE
  5
69B
100
AcDbEntity
  8
0
100
AcDbLine
 62
7
  6
BYLAYER
 10
19.3596353485
 20
45.0394542408
 11
18.8884343684
 21
44.7766698055
  0
LWPOLYLINE
  5
69C
100
AcDbEntity
  8
0
100
AcDbPolyline
 62
7
  6
BYLAYER
 90
3
 70
0
 10
34.1775219266
 20
55.4427061734
 10
33.8634037443
 20
55.2736422298
 10
33.694062398
 20
55.1830296926
  0
LWPOLYLINE
  5
69D
100
AcDbEntity
  8
0
100
AcDbPolyline
 62
7
  6
BYLAYER
 90
3
 70
0
 10
34.1771736702
 20
56.4425111397
 10
33.8630817511
 20
56.2735049134
 10
33.6937395298
 20
56.1829104476
  0
LWPOLYLINE
  5
69E
100
AcDbEntity
  8
0
100
AcDbPolyline
 62
7
  6
BYLAYER
 90
3
 70
0
 10
36.6589965226
 20
56.3688932573
 10
36.9758506993
 20
56.5393643444
 10
37.1426834302
 20
56.6285926211
  0
LWPOLYLINE
  5
69F
100
AcDbEntity
  8
0
100
AcDbPolyline
 62
7
  6
BYLAYER
 90
3
 70
0
 10
34.1770418801
 20
54.4424197812
 10
33.8629141022
 20
54.2734119491
 10
33.6935121007
 20
54.1827976358
  0
LWPOLYLINE
  5
6A0
100
AcDbEntity
  8
0
100
AcDbPolyline
 62
7
  6
BYLAYER
 90
3
 70
0
 10
36.6589969523
 20
55.3688053071
 10
36.9758674419
 20
55.5392736403
 10
37.1426151092
 20
55.6284578196
  0
LINE
  5
6A1
100
AcDbEntity
  8
0
100
AcDbLine
 62
7
  6
BYLAYER
 10
34.015987302
 20
57.3555762406
 11
33.6942028283
 21
57.183059469
  0
LINE
  5
6A2
100
AcDbEntity
  8
0
100
AcDbLine
 62
7
  6
BYLAYER
 10
13.2180777189
 20
60.9121486847
 11
13.3430777785
 21
60.9476822381
  0
LINE
  5
6A3
100
AcDbEntity
  8
0
100
AcDbLine
 62
7
  6
BYLAYER
 10
13.3430777785
 20
61.2447626587
 11
13.2180777189
 21
61.2092291053
  0
LINE
  5
6A4
100
AcDbEntity
  8
0
100
AcDbLine
 62
7
  6
BYLAYER
 10
13.2377194457
 20
60.6576024199
 11
13.1116152189
 21
60.6307168451
  0
LINE
  5
6A5
100
AcDbEntity
  8
0
100
AcDbLine
 62
7
  6
BYLAYER
 10
14.593077704
 20
61.1648121386
 11
14.7180777189
 21
61.1914623037
  0
LINE
  5
6A6
100
AcDbEntity
  8
0
100
AcDbLine
 62
7
  6
BYLAYER
 10
13.1116152189
 20
60.9277972657
 11
13.2377194457
 21
60.9546828406
  0
LINE
  5
6A7
100
AcDbEntity
  8
0
100
AcDbLine
 62
7
  6
BYLAYER
 10
13.0305777189
 20
60.9743324032
 11
12.9055776593
 21
60.9476822381
  0
LINE
  5
6A8
100
AcDbEntity
  8
0
100
AcDbLine
 62
7
  6
BYLAYER
 10
12.9055776593
 20
61.2447626587
 11
13.0305777189
 21
61.2714128238
  0
LINE
  5
6A9
100
AcDbEntity
  8
0
100
AcDbLine
 62
7
  6
BYLAYER
 10
38.313703737
 20
68.9904385377
 11
35.9084162517
 21
68.9904385377
  0
LINE
  5
6AA
100
AcDbEntity
  8
0
100
AcDbLine
 62
7
  6
BYLAYER
 10
34.9275391862
 20
68.9904385377
 11
32.5224403773
 21
68.9904385377
  0
LINE
  5
6AB
100
AcDbEntity
  8
0
100
AcDbLine
 62
7
  6
BYLAYER
 10
37.9151896467
 20
69.3555762406
 11
35.9179777184
 21
69.3555762406
  0
LINE
  5
6AC
100
AcDbEntity
  8
0
100
AcDbLine
 62
7
  6
BYLAYER
 10
34.9179777194
 20
69.3555762406
 11
32.9208922929
 21
69.3555762406
  0
LINE
  5
6AD
100
AcDbEntity
  8
0
100
AcDbLine
 62
7
  6
BYLAYER
 10
21.0679777189
 20
70.923525433
 11
19.0679777189
 21
70.923525433
  0
LINE
  5
6AE
100
AcDbEntity
  8
0
100
AcDbLine
 62
7
  6
BYLAYER
 10
24.5429777189
 20
71.464980969
 11
24.1929777189
 21
71.464980969
  0
LINE
  5
6AF
100
AcDbEntity
  8
0
100
AcDbLine
 62
7
  6
BYLAYER
 10
24.1929777189
 20
71.9601150034
 11
24.5429777189
 21
71.9601150034
  0
LINE
  5
6B0
100
AcDbEntity
  8
0
100
AcDbLine
 62
7
  6
BYLAYER
 10
20.8179777189
 20
72.6555762406
 11
19.3179777189
 21
72.6555762406
  0
LINE
  5
6B1
100
AcDbEntity
  8
0
100
AcDbLine
 62
7
  6
BYLAYER
 10
16.1429777189
 20
72.870389316
 11
15.7929777189
 21
72.870389316
  0
LINE
  5
6B2
100
AcDbEntity
  8
0
100
AcDbLine
 62
7
  6
BYLAYER
 10
62.2963062047
 20
60.4429312353
 11
62.6679777189
 21
60.0698239151
  0
LINE
  5
6B3
100
AcDbEntity
  8
0
100
AcDbLine
 62
7
  6
BYLAYER
 10
21.9179581921
 20
101.1869909523
 11
21.9035483881
 21
101.2031510792
  0
LINE
  5
6B4
100
AcDbEntity
  8
0
100
AcDbLine
 62
7
  6
BYLAYER
 10
21.9179777189
 20
101.056608044
 11
21.9148635525
 21
101.0601999838
  0
LINE
  5
6B5
100
AcDbEntity
  8
0
100
AcDbLine
 62
7
  6
BYLAYER
 10
23.9339606752
 20
102.8734573626
 11
23.9339077195
 21
102.8735258917
  0
LINE
  5
6B6
100
AcDbEntity
  8
0
100
AcDbLine
 62
7
  6
BYLAYER
 10
57.2187743806
 20
41.4085966878
 11
56.6271147679
 21
43.5931825241
  0
LINE
  5
6B7
100
AcDbEntity
  8
0
100
AcDbLine
 62
7
  6
BYLAYER
 10
54.6679777189
 20
96.2127985886
 11
54.6679777189
 21
96.3555762406
  0
LINE
  5
6B8
100
AcDbEntity
  8
0
100
AcDbLine
 62
7
  6
BYLAYER
 10
54.8679777189
 20
125.6551572189
 11
54.8679777187
 21
124.2551572188
  0
LINE
  5
6B9
100
AcDbEntity
  8
0
100
AcDbLine
 62
7
  6
BYLAYER
 10
54.8929777189
 20
59.735332764
 11
54.8929777189
 21
59.5794588909
  0
LINE
  5
6BA
100
AcDbEntity
  8
0
100
AcDbLine
 62
7
  6
BYLAYER
 10
54.9368950008
 20
47.124645408
 11
54.9368949592
 21
48.7854797895
  0
LINE
  5
6BB
100
AcDbEntity
  8
0
100
AcDbLine
 62
7
  6
BYLAYER
 10
54.9679777189
 20
44.3555762406
 11
54.9679777189
 21
56.3555093243
  0
LINE
  5
6BC
100
AcDbEntity
  8
0
100
AcDbLine
 62
7
  6
BYLAYER
 10
55.1679777189
 20
39.4555762406
 11
55.1679777189
 21
46.992335586
  0
LINE
  5
6BD
100
AcDbEntity
  8
0
100
AcDbLine
 62
7
  6
BYLAYER
 10
55.4179777189
 20
9.7555762406
 11
55.4179777189
 21
19.7555762406
  0
LINE
  5
6BE
100
AcDbEntity
  8
0
100
AcDbLine
 62
7
  6
BYLAYER
 10
55.5179777189
 20
48.7854797895
 11
55.5179777189
 21
49.4961197801
  0
LINE
  5
6BF
100
AcDbEntity
  8
0
100
AcDbLine
 62
7
  6
BYLAYER
 10
55.8766613437
 20
48.2544379311
 11
55.8766566436
 21
47.1246442263
  0
LINE
  5
6C0
100
AcDbEntity
  8
0
100
AcDbLine
 62
7
  6
BYLAYER
 10
56.0179717632
 20
48.2462592732
 11
56.0179777189
 21
49.7806031896
  0
LINE
  5
6C1
100
AcDbEntity
  8
0
100
AcDbLine
 62
7
  6
BYLAYER
 10
56.1179777189
 20
124.2551572188
 11
56.1179777189
 21
119.0555762406
  0
LINE
  5
6C2
100
AcDbEntity
  8
0
100
AcDbLine
 62
7
  6
BYLAYER
 10
56.217977719
 20
49.7806031896
 11
56.2179777029
 21
48.2651290345
  0
LINE
  5
6C3
100
AcDbEntity
  8
0
100
AcDbLine
 62
7
  6
BYLAYER
 10
56.3679777189
 20
118.3555762406
 11
56.3679777189
 21
123.4555762406
  0
LINE
  5
6C4
100
AcDbEntity
  8
0
100
AcDbLine
 62
7
  6
BYLAYER
 10
56.4179777189
 20
10.2555762406
 11
56.4179777189
 21
15.7555762406
  0
LINE
  5
6C5
100
AcDbEntity
  8
0
100
AcDbLine
 62
7
  6
BYLAYER
 10
56.4179777189
 20
16.2555762406
 11
56.4179777189
 21
17.7555762406
  0
LINE
  5
6C6
100
AcDbEntity
  8
0
100
AcDbLine
 62
7
  6
BYLAYER
 10
56.4179777189
 20
45.8555762406
 11
56.4179777189
 21
57.3555762406
  0
LINE
  5
6C7
100
AcDbEntity
  8
0
100
AcDbLine
 62
7
  6
BYLAYER
 10
56.5179777189
 20
28.3555762406
 11
56.5179777189
 21
19.9555762406
  0
LINE
  5
6C8
100
AcDbEntity
  8
0
100
AcDbLine
 62
7
  6
BYLAYER
 10
56.5679777189
 20
44.1371980683
 11
56.5679777189
 21
44.1595231958
  0
LINE
  5
6C9
100
AcDbEntity
  8
0
100
AcDbLine
 62
7
  6
BYLAYER
 10
56.5679777189
 20
44.731269208
 11
56.5679777189
 21
44.7535712512
  0
LINE
  5
6CA
100
AcDbEntity
  8
0
100
AcDbLine
 62
7
  6
BYLAYER
 10
56.5679777189
 20
45.3253024712
 11
56.5679777189
 21
45.3476492035
  0
LINE
  5
6CB
100
AcDbEntity
  8
0
100
AcDbLine
 62
7
  6
BYLAYER
 10
56.5679777189
 20
45.9193043473
 11
56.5679777189
 21
45.9416440937
  0
LINE
  5
6CC
100
AcDbEntity
  8
0
100
AcDbLine
 62
7
  6
BYLAYER
 10
56.5679777189
 20
46.5133883556
 11
56.5679777189
 21
46.5357166996
  0
LINE
  5
6CD
100
AcDbEntity
  8
0
100
AcDbLine
 62
7
  6
BYLAYER
 10
56.5679777189
 20
47.1073961967
 11
56.5679777189
 21
47.1246988502
  0
LINE
  5
6CE
100
AcDbEntity
  8
0
100
AcDbLine
 62
7
  6
BYLAYER
 10
56.6679777189
 20
123.7555762406
 11
56.6679776733
 21
118.3555762406
  0
LINE
  5
6CF
100
AcDbEntity
  8
0
100
AcDbLine
 62
7
  6
BYLAYER
 10
56.6679777189
 20
96.2128023515
 11
56.6679777189
 21
96.3555762406
  0
LINE
  5
6D0
100
AcDbEntity
  8
0
100
AcDbLine
 62
7
  6
BYLAYER
 10
56.7179777189
 20
49.49611978
 11
56.7179777189
 21
48.8582861528
  0
LINE
  5
6D1
100
AcDbEntity
  8
0
100
AcDbLine
 62
7
  6
BYLAYER
 10
56.7179777189
 20
47.1251202773
 11
56.7179777189
 21
47.1974503511
  0
LINE
  5
6D2
100
AcDbEntity
  8
0
100
AcDbLine
 62
7
  6
BYLAYER
 10
56.7608709377
 20
125.1551572449
 11
56.7608709377
 21
125.6551572189
  0
LINE
  5
6D3
100
AcDbEntity
  8
0
100
AcDbLine
 62
7
  6
BYLAYER
 10
56.9179777189
 20
17.7555762406
 11
56.9179777189
 21
9.7555762406
  0
LINE
  5
6D4
100
AcDbEntity
  8
0
100
AcDbLine
 62
7
  6
BYLAYER
 10
57.1679777189
 20
89.3547072777
 11
57.1679777189
 21
86.8555762406
  0
LINE
  5
6D5
100
AcDbEntity
  8
0
100
AcDbLine
 62
7
  6
BYLAYER
 10
57.4179777189
 20
15.7555762406
 11
57.4179777189
 21
11.7555762406
  0
LINE
  5
6D6
100
AcDbEntity
  8
0
100
AcDbLine
 62
7
  6
BYLAYER
 10
57.4179777189
 20
39.7555762406
 11
57.4179777189
 21
46.3458477464
  0
LINE
  5
6D7
100
AcDbEntity
  8
0
100
AcDbLine
 62
7
  6
BYLAYER
 10
57.6679777189
 20
118.3443544342
 11
57.6679777189
 21
122.1555762406
  0
LINE
  5
6D8
100
AcDbEntity
  8
0
100
AcDbLine
 62
7
  6
BYLAYER
 10
57.8679777189
 20
44.3555762406
 11
57.8679777189
 21
56.3555093243
  0
LINE
  5
6D9
100
AcDbEntity
  8
0
100
AcDbLine
 62
7
  6
BYLAYER
 10
58.5179777189
 20
18.6555762406
 11
58.5179777189
 21
17.7555762406
  0
LINE
  5
6DA
100
AcDbEntity
  8
0
100
AcDbLine
 62
7
  6
BYLAYER
 10
58.5179777189
 20
18.6555762406
 11
58.5179777189
 21
28.3555762406
  0
LINE
  5
6DB
100
AcDbEntity
  8
0
100
AcDbLine
 62
7
  6
BYLAYER
 10
58.6679777189
 20
121.1555762406
 11
58.6679777189
 21
118.6627874171
  0
LINE
  5
6DC
100
AcDbEntity
  8
0
100
AcDbLine
 62
7
  6
BYLAYER
 10
58.6679777189
 20
84.8555762406
 11
58.6679777189
 21
86.8555762406
  0
LINE
  5
6DD
100
AcDbEntity
  8
0
100
AcDbLine
 62
7
  6
BYLAYER
 10
58.9179777189
 20
9.7555762406
 11
58.9179777189
 21
46.3458477464
  0
LINE
  5
6DE
100
AcDbEntity
  8
0
100
AcDbLine
 62
7
  6
BYLAYER
 10
59.1179777189
 20
96.3555762406
 11
59.1179777189
 21
98.3555762406
  0
LINE
  5
6DF
100
AcDbEntity
  8
0
100
AcDbLine
 62
7
  6
BYLAYER
 10
59.1679777189
 20
93.1241773132
 11
59.1679777189
 21
95.1241773132
  0
LINE
  5
6E0
100
AcDbEntity
  8
0
100
AcDbLine
 62
7
  6
BYLAYER
 10
54.8930146203
 20
59.7369973507
 11
54.8929777189
 21
59.735332764
  0
LINE
  5
6E1
100
AcDbEntity
  8
0
100
AcDbLine
 62
7
  6
BYLAYER
 10
53.9896492331
 20
60.4429312353
 11
53.6179777189
 21
60.0698239151
  0
LINE
  5
6E2
100
AcDbEntity
  8
0
100
AcDbLine
 62
7
  6
BYLAYER
 10
19.3179303041
 20
44.468684351
 11
18.9689721325
 21
44.2741799559
  0
LINE
  5
6E3
100
AcDbEntity
  8
0
100
AcDbLine
 62
7
  6
BYLAYER
 10
19.3179135388
 20
43.8746480273
 11
19.0190182964
 21
43.7080108462
  0
LINE
  5
6E4
100
AcDbEntity
  8
0
100
AcDbLine
 62
7
  6
BYLAYER
 10
21.779541662
 20
45.2357843302
 11
22.2667230514
 21
45.5075268137
  0
LINE
  5
6E5
100
AcDbEntity
  8
0
100
AcDbLine
 62
7
  6
BYLAYER
 10
19.3596436843
 20
43.8513337662
 11
18.9490048549
 21
43.622256393
  0
LINE
  5
6E6
100
AcDbEntity
  8
0
100
AcDbLine
 62
7
  6
BYLAYER
 10
21.7797380556
 20
44.6418661943
 11
22.2670244794
 21
44.9136528566
  0
LINE
  5
6E7
100
AcDbEntity
  8
0
100
AcDbLine
 62
7
  6
BYLAYER
 10
21.7798093754
 20
45.8299829972
 11
22.2670905165
 21
46.1017605031
  0
LINE
  5
6E8
100
AcDbEntity
  8
0
100
AcDbLine
 62
7
  6
BYLAYER
 10
19.3596340553
 20
44.4453869507
 11
18.8886031661
 21
44.1827018541
  0
LINE
  5
6E9
100
AcDbEntity
  8
0
100
AcDbLine
 62
7
  6
BYLAYER
 10
21.7799500406
 20
44.047927835
 11
22.267146984
 21
44.3196452598
  0
LWPOLYLINE
  5
6EA
100
AcDbEntity
  8
0
100
AcDbPolyline
 62
7
  6
BYLAYER
 90
3
 70
0
 10
36.6584336168
 20
52.368446365
 10
36.97525043
 20
52.538956673
 10
37.141893187
 20
52.6281228673
  0
LWPOLYLINE
  5
6EB
100
AcDbEntity
  8
0
100
AcDbPolyline
 62
7
  6
BYLAYER
 90
3
 70
0
 10
34.1772077517
 20
50.4423335184
 10
33.8631332564
 20
50.2733099591
 10
33.6935828952
 20
50.1826079722
  0
LWPOLYLINE
  5
6EC
100
AcDbEntity
  8
0
100
AcDbPolyline
 62
7
  6
BYLAYER
 90
3
 70
0
 10
36.6582541102
 20
50.3683655952
 10
36.9750908719
 20
50.5389085843
 10
37.14175276
 20
50.6280930926
  0
LWPOLYLINE
  5
6ED
100
AcDbEntity
  8
0
100
AcDbPolyline
 62
7
  6
BYLAYER
 90
3
 70
0
 10
34.1769240793
 20
53.4422711553
 10
33.8627568961
 20
53.2732486109
 10
33.6932381432
 20
53.1825838132
  0
LWPOLYLINE
  5
6EE
100
AcDbEntity
  8
0
100
AcDbPolyline
 62
7
  6
BYLAYER
 90
3
 70
0
 10
36.6590315367
 20
54.3688814222
 10
36.9758998481
 20
54.5393510047
 10
37.142717487
 20
54.6285687708
  0
LWPOLYLINE
  5
6EF
100
AcDbEntity
  8
0
100
AcDbPolyline
 62
7
  6
BYLAYER
 90
3
 70
0
 10
34.1769586735
 20
52.4423472758
 10
33.8627882449
 20
52.2733254451
 10
33.6933405247
 20
52.1826947663
  0
LWPOLYLINE
  5
6F0
100
AcDbEntity
  8
0
100
AcDbPolyline
 62
7
  6
BYLAYER
 90
3
 70
0
 10
36.6589137504
 20
53.3687328042
 10
36.9757408499
 20
53.539186856
 10
37.142443535
 20
53.6283549511
  0
LWPOLYLINE
  5
6F1
100
AcDbEntity
  8
0
100
AcDbPolyline
 62
7
  6
BYLAYER
 90
3
 70
0
 10
34.1769590884
 20
51.4422593176
 10
33.8628063086
 20
51.2732354639
 10
33.6932721976
 20
51.1825599616
  0
LWPOLYLINE
  5
6F2
100
AcDbEntity
  8
0
100
AcDbPolyline
 62
7
  6
BYLAYER
 90
3
 70
0
 10
36.6587819567
 20
51.3686414438
 10
36.9755727913
 20
51.5390938618
 10
37.1422160967
 20
51.6282421344
  0
LINE
  5
6F3
100
AcDbEntity
  8
0
100
AcDbLine
 62
7
  6
BYLAYER
 10
51.4804777338
 20
60.8479712579
 11
51.7304777189
 21
60.9545719307
  0
LINE
  5
6F4
100
AcDbEntity
  8
0
100
AcDbLine
 62
7
  6
BYLAYER
 10
50.8554777487
 20
60.5725861813
 11
51.417977704
 21
60.8124377044
  0
LINE
  5
6F5
100
AcDbEntity
  8
0
100
AcDbLine
 62
7
  6
BYLAYER
 10
51.7304777189
 20
60.6574915101
 11
51.4804777338
 21
60.5508908373
  0
LINE
  5
6F6
100
AcDbEntity
  8
0
100
AcDbLine
 62
7
  6
BYLAYER
 10
51.417977704
 20
60.5153572838
 11
50.8554777487
 21
60.2755057607
  0
LINE
  5
6F7
100
AcDbEntity
  8
0
100
AcDbLine
 62
7
  6
BYLAYER
 10
52.1054777189
 20
60.9545719307
 11
51.1054776891
 21
60.5370526278
  0
LINE
  5
6F8
100
AcDbEntity
  8
0
100
AcDbLine
 62
7
  6
BYLAYER
 10
51.1054776891
 20
60.2399722072
 11
52.1054777189
 21
60.6574915101
  0
LINE
  5
6F9
100
AcDbEntity
  8
0
100
AcDbLine
 62
7
  6
BYLAYER
 10
23.9347872945
 20
76.8855336134
 11
23.9263605275
 21
76.8854393571
  0
LINE
  5
6FA
100
AcDbEntity
  8
0
100
AcDbLine
 62
7
  6
BYLAYER
 10
23.9429777189
 20
73.3555762406
 11
21.0679777189
 21
73.3555762406
  0
LINE
  5
6FB
100
AcDbEntity
  8
0
100
AcDbLine
 62
7
  6
BYLAYER
 10
16.1929777189
 20
73.3555762406
 11
19.0679777189
 21
73.3555762406
  0
LINE
  5
6FC
100
AcDbEntity
  8
0
100
AcDbLine
 62
7
  6
BYLAYER
 10
15.7929777189
 20
73.3655233504
 11
16.1429777189
 21
73.3655233504
  0
LINE
  5
6FD
100
AcDbEntity
  8
0
100
AcDbLine
 62
7
  6
BYLAYER
 10
24.1929777189
 20
73.515843937
 11
23.9429777189
 21
73.515843937
  0
LINE
  5
6FE
100
AcDbEntity
  8
0
100
AcDbLine
 62
7
  6
BYLAYER
 10
16.1929777189
 20
73.515843937
 11
16.1429777189
 21
73.515843937
  0
LINE
  5
6FF
100
AcDbEntity
  8
0
100
AcDbLine
 62
7
  6
BYLAYER
 10
39.7214665465
 20
74.1555761964
 11
39.7179777189
 21
74.155576265
  0
LINE
  5
700
100
AcDbEntity
  8
0
100
AcDbLine
 62
7
  6
BYLAYER
 10
39.6344696733
 20
74.155588071
 11
31.2014837475
 21
74.1555930437
  0
LINE
  5
701
100
AcDbEntity
  8
0
100
AcDbLine
 62
7
  6
BYLAYER
 10
23.9429777189
 20
74.3555762406
 11
21.3179777189
 21
74.3555762406
  0
LINE
  5
702
100
AcDbEntity
  8
0
100
AcDbLine
 62
7
  6
BYLAYER
 10
16.1929777189
 20
74.3555762406
 11
18.8179777189
 21
74.3555762406
  0
LINE
  5
703
100
AcDbEntity
  8
0
100
AcDbLine
 62
7
  6
BYLAYER
 10
24.5429777189
 20
74.6546307498
 11
22.9179777189
 21
74.6546307498
  0
LINE
  5
704
100
AcDbEntity
  8
0
100
AcDbLine
 62
7
  6
BYLAYER
 10
17.4179777189
 20
74.6546307498
 11
15.7929777189
 21
74.6546307498
  0
LINE
  5
705
100
AcDbEntity
  8
0
100
AcDbLine
 62
7
  6
BYLAYER
 10
17.4179777189
 20
74.7455762406
 11
18.8179777189
 21
74.7455762406
  0
LINE
  5
706
100
AcDbEntity
  8
0
100
AcDbLine
 62
7
  6
BYLAYER
 10
21.9929777189
 20
74.7455762406
 11
22.9179777189
 21
74.7455762406
  0
LINE
  5
707
100
AcDbEntity
  8
0
100
AcDbLine
 62
7
  6
BYLAYER
 10
39.7179777189
 20
75.1555762406
 11
31.1244566834
 21
75.1555762406
  0
LINE
  5
708
100
AcDbEntity
  8
0
100
AcDbLine
 62
7
  6
BYLAYER
 10
29.2179777189
 20
75.4143952842
 11
29.6179780335
 21
75.4143952744
  0
LINE
  5
709
100
AcDbEntity
  8
0
100
AcDbLine
 62
7
  6
BYLAYER
 10
41.2179770973
 20
75.4143952755
 11
41.6179777179
 21
75.4143952825
  0
LINE
  5
70A
100
AcDbEntity
  8
0
100
AcDbLine
 62
7
  6
BYLAYER
 10
24.5429777189
 20
76.041006046
 11
24.1929777189
 21
76.041006046
  0
LINE
  5
70B
100
AcDbEntity
  8
0
100
AcDbLine
 62
7
  6
BYLAYER
 10
16.1429777189
 20
76.041006046
 11
15.7929777189
 21
76.041006046
  0
LINE
  5
70C
100
AcDbEntity
  8
0
100
AcDbLine
 62
7
  6
BYLAYER
 10
29.2179781408
 20
76.1555762406
 11
41.6179774006
 21
76.1555762406
  0
LINE
  5
70D
100
AcDbEntity
  8
0
100
AcDbLine
 62
7
  6
BYLAYER
 10
24.1929777189
 20
76.2390596598
 11
24.0024694712
 21
76.2390596598
  0
LINE
  5
70E
100
AcDbEntity
  8
0
100
AcDbLine
 62
7
  6
BYLAYER
 10
16.4998553032
 20
76.2390596598
 11
16.1429777189
 21
76.2390596598
  0
LINE
  5
70F
100
AcDbEntity
  8
0
100
AcDbLine
 62
7
  6
BYLAYER
 10
28.9222644086
 20
76.4555762406
 11
41.9179777189
 21
76.4555762406
  0
LINE
  5
710
100
AcDbEntity
  8
0
100
AcDbLine
 62
7
  6
BYLAYER
 10
15.7929777189
 20
76.541006046
 11
16.1429777189
 21
76.541006046
  0
LINE
  5
711
100
AcDbEntity
  8
0
100
AcDbLine
 62
7
  6
BYLAYER
 10
24.1929777189
 20
76.541006046
 11
24.5429777189
 21
76.541006046
  0
LINE
  5
712
100
AcDbEntity
  8
0
100
AcDbLine
 62
7
  6
BYLAYER
 10
31.1179774509
 20
74.1555761194
 11
31.1144887222
 21
74.1555769217
  0
LINE
  5
713
100
AcDbEntity
  8
0
100
AcDbLine
 62
7
  6
BYLAYER
 10
16.5482438487
 20
76.8826048984
 11
16.5393615484
 21
76.8826403156
  0
LINE
  5
714
100
AcDbEntity
  8
0
100
AcDbLine
 62
7
  6
BYLAYER
 10
32.2179777189
 20
98.3555762406
 11
31.6679777189
 21
98.9055762406
  0
LINE
  5
715
100
AcDbEntity
  8
0
100
AcDbLine
 62
7
  6
BYLAYER
 10
61.3929777189
 20
59.735332764
 11
61.3929477611
 21
59.736997356
  0
LINE
  5
716
100
AcDbEntity
  8
0
100
AcDbLine
 62
7
  6
BYLAYER
 10
59.4179777189
 20
13.9355762406
 11
59.4179777189
 21
9.7555762406
  0
LINE
  5
717
100
AcDbEntity
  8
0
100
AcDbLine
 62
7
  6
BYLAYER
 10
59.4179777189
 20
14.9555762406
 11
59.4179777189
 21
17.7555762406
  0
LINE
  5
718
100
AcDbEntity
  8
0
100
AcDbLine
 62
7
  6
BYLAYER
 10
59.6679777189
 20
93.0055762406
 11
59.6679777189
 21
95.0055762406
  0
LINE
  5
719
100
AcDbEntity
  8
0
100
AcDbLine
 62
7
  6
BYLAYER
 10
59.6679777189
 20
98.9055762406
 11
59.6679777189
 21
100.7543485606
  0
LINE
  5
71A
100
AcDbEntity
  8
0
100
AcDbLine
 62
7
  6
BYLAYER
 10
59.6679777189
 20
103.3555762406
 11
59.6679777189
 21
108.5442513752
  0
LINE
  5
71B
100
AcDbEntity
  8
0
100
AcDbLine
 62
7
  6
BYLAYER
 10
59.9179777189
 20
89.742394345
 11
59.9179777189
 21
89.4405289354
  0
LINE
  5
71C
100
AcDbEntity
  8
0
100
AcDbLine
 62
7
  6
BYLAYER
 10
59.9179777189
 20
47.1974545812
 11
59.9179777189
 21
47.1251202203
  0
LINE
  5
71D
100
AcDbEntity
  8
0
100
AcDbLine
 62
7
  6
BYLAYER
 10
59.9179777188
 20
19.7555762406
 11
59.9179777189
 21
46.3555762404
  0
LINE
  5
71E
100
AcDbEntity
  8
0
100
AcDbLine
 62
7
  6
BYLAYER
 10
59.9179777189
 20
48.8582861528
 11
59.9179777189
 21
49.4961197801
  0
LINE
  5
71F
100
AcDbEntity
  8
0
100
AcDbLine
 62
7
  6
BYLAYER
 10
60.1679777189
 20
89.3555762406
 11
60.1679777189
 21
100.4699545183
  0
LINE
  5
720
100
AcDbEntity
  8
0
100
AcDbLine
 62
7
  6
BYLAYER
 10
60.4179777189
 20
49.7806031896
 11
60.4179778829
 21
48.2651289714
  0
LINE
  5
721
100
AcDbEntity
  8
0
100
AcDbLine
 62
7
  6
BYLAYER
 10
60.4179777189
 20
45.8555762406
 11
60.4179777189
 21
20.2555762406
  0
LINE
  5
722
100
AcDbEntity
  8
0
100
AcDbLine
 62
7
  6
BYLAYER
 10
60.4179777189
 20
9.7555762406
 11
60.4179777189
 21
17.7555762406
  0
LINE
  5
723
100
AcDbEntity
  8
0
100
AcDbLine
 62
7
  6
BYLAYER
 10
60.4179777189
 20
18.5512284145
 11
60.4179777189
 21
19.8503435144
  0
LINE
  5
724
100
AcDbEntity
  8
0
100
AcDbLine
 62
7
  6
BYLAYER
 10
60.4179777189
 20
17.7555762406
 11
60.4179777189
 21
18.5512284145
  0
LINE
  5
725
100
AcDbEntity
  8
0
100
AcDbLine
 62
7
  6
BYLAYER
 10
60.4179777189
 20
46.8555762406
 11
60.4179778829
 21
48.2651289714
  0
LINE
  5
726
100
AcDbEntity
  8
0
100
AcDbLine
 62
7
  6
BYLAYER
 10
60.4179777189
 20
49.7806031896
 11
60.4179777189
 21
57.3555762406
  0
LINE
  5
727
100
AcDbEntity
  8
0
100
AcDbLine
 62
7
  6
BYLAYER
 10
60.5179777189
 20
123.7063569389
 11
60.5179777189
 21
124.0555762406
  0
LINE
  5
728
100
AcDbEntity
  8
0
100
AcDbLine
 62
7
  6
BYLAYER
 10
60.6179799863
 20
48.2462593162
 11
60.6179777189
 21
49.7806031896
  0
LINE
  5
729
100
AcDbEntity
  8
0
100
AcDbLine
 62
7
  6
BYLAYER
 10
60.6679777189
 20
118.8591818288
 11
60.6679777189
 21
123.4555762406
  0
LINE
  5
72A
100
AcDbEntity
  8
0
100
AcDbLine
 62
7
  6
BYLAYER
 10
60.7592812775
 20
47.1246393766
 11
60.7592798252
 21
48.2544340044
  0
LINE
  5
72B
100
AcDbEntity
  8
0
100
AcDbLine
 62
7
  6
BYLAYER
 10
60.8179777189
 20
123.7555762406
 11
60.8179777189
 21
119.0391318151
  0
LINE
  5
72C
100
AcDbEntity
  8
0
100
AcDbLine
 62
7
  6
BYLAYER
 10
60.9022398446
 20
117.8555762406
 11
60.9022398446
 21
86.9555762406
  0
LINE
  5
72D
100
AcDbEntity
  8
0
100
AcDbLine
 62
7
  6
BYLAYER
 10
60.9179777189
 20
57.3555762406
 11
60.9179777189
 21
19.755576241
  0
LINE
  5
72E
100
AcDbEntity
  8
0
100
AcDbLine
 62
7
  6
BYLAYER
 10
60.9179777189
 20
14.9555762406
 11
60.9179777189
 21
14.5055762406
  0
LINE
  5
72F
100
AcDbEntity
  8
0
100
AcDbLine
 62
7
  6
BYLAYER
 10
61.1179777189
 20
49.4961197801
 11
61.1179777189
 21
48.7854797895
  0
LINE
  5
730
100
AcDbEntity
  8
0
100
AcDbLine
 62
7
  6
BYLAYER
 10
61.1679777189
 20
39.4555762406
 11
61.1679777189
 21
46.992335586
  0
LINE
  5
731
100
AcDbEntity
  8
0
100
AcDbLine
 62
7
  6
BYLAYER
 10
61.3929777189
 20
59.5794588909
 11
61.3929777189
 21
59.735332764
  0
LINE
  5
732
100
AcDbEntity
  8
0
100
AcDbLine
 62
7
  6
BYLAYER
 10
61.4179777189
 20
18.6555762406
 11
61.4179777189
 21
28.3555762406
  0
LINE
  5
733
100
AcDbEntity
  8
0
100
AcDbLine
 62
7
  6
BYLAYER
 10
61.6990604534
 20
48.7854797895
 11
61.699060806
 21
47.1246453053
  0
LINE
  5
734
100
AcDbEntity
  8
0
100
AcDbLine
 62
7
  6
BYLAYER
 10
61.9179777189
 20
44.2555762406
 11
61.9179777189
 21
20.2555762406
  0
LINE
  5
735
100
AcDbEntity
  8
0
100
AcDbLine
 62
7
  6
BYLAYER
 10
62.1429777189
 20
52.2509028635
 11
62.1429777189
 21
60.0698239151
  0
LINE
  5
736
100
AcDbEntity
  8
0
100
AcDbLine
 62
7
  6
BYLAYER
 10
62.1863480297
 20
47.3715092128
 11
62.1863480297
 21
49.0323407258
  0
LINE
  5
737
100
AcDbEntity
  8
0
100
AcDbLine
 62
7
  6
BYLAYER
 10
62.2679777189
 20
106.3555762406
 11
62.2679777189
 21
115.3555762406
  0
LINE
  5
738
100
AcDbEntity
  8
0
100
AcDbLine
 62
7
  6
BYLAYER
 10
62.2742737324
 20
11.7555762406
 11
62.2742737324
 21
12.414514656
  0
LINE
  5
739
100
AcDbEntity
  8
0
100
AcDbLine
 62
7
  6
BYLAYER
 10
62.3429777189
 20
39.4555762406
 11
62.3429777189
 21
61.16890945
  0
LINE
  5
73A
100
AcDbEntity
  8
0
100
AcDbLine
 62
7
  6
BYLAYER
 10
62.4179777189
 20
60.9392616137
 11
62.4179777189
 21
115.3555762406
  0
LINE
  5
73B
100
AcDbEntity
  8
0
100
AcDbLine
 62
7
  6
BYLAYER
 10
62.5679777189
 20
49.335012423
 11
62.5679777189
 21
50.8201119053
  0
LINE
  5
73C
100
AcDbEntity
  8
0
100
AcDbLine
 62
7
  6
BYLAYER
 10
62.6679777189
 20
60.0698239151
 11
62.6679777189
 21
54.0108584799
  0
LINE
  5
73D
100
AcDbEntity
  8
0
100
AcDbLine
 62
7
  6
BYLAYER
 10
62.6679777189
 20
121.1555762406
 11
62.6679777189
 21
122.9555762406
  0
LINE
  5
73E
100
AcDbEntity
  8
0
100
AcDbLine
 62
7
  6
BYLAYER
 10
62.7179777189
 20
61.4368405077
 11
62.7179777189
 21
39.4555762406
  0
LINE
  5
73F
100
AcDbEntity
  8
0
100
AcDbLine
 62
7
  6
BYLAYER
 10
62.9179777189
 20
19.7555762406
 11
62.9179777285
 21
44.2555762406
  0
LINE
  5
740
100
AcDbEntity
  8
0
100
AcDbLine
 62
7
  6
BYLAYER
 10
63.0179777189
 20
17.7555762406
 11
63.0179777189
 21
9.7555762406
  0
LINE
  5
741
100
AcDbEntity
  8
0
100
AcDbLine
 62
7
  6
BYLAYER
 10
63.2179777189
 20
11.8724893504
 11
63.2179777189
 21
9.7555762406
  0
LINE
  5
742
100
AcDbEntity
  8
0
100
AcDbLine
 62
7
  6
BYLAYER
 10
63.3679777189
 20
118.6442516317
 11
63.3679777189
 21
118.7097164356
  0
LINE
  5
743
100
AcDbEntity
  8
0
100
AcDbLine
 62
7
  6
BYLAYER
 10
63.7537641565
 20
19.7555762406
 11
63.7537641565
 21
9.7555762406
  0
LINE
  5
744
100
AcDbEntity
  8
0
100
AcDbLine
 62
7
  6
BYLAYER
 10
62.1429777189
 20
49.8555762406
 11
62.3429777189
 21
53.1636716449
  0
LINE
  5
745
100
AcDbEntity
  8
0
100
AcDbLine
 62
7
  6
BYLAYER
 10
61.2095709743
 20
60.7869278207
 11
61.1760225249
 21
60.4429312353
  0
LINE
  5
746
100
AcDbEntity
  8
0
100
AcDbLine
 62
7
  6
BYLAYER
 10
60.9410678153
 20
60.4429312353
 11
61.2095709743
 21
60.7869278207
  0
LINE
  5
747
100
AcDbEntity
  8
0
100
AcDbLine
 62
7
  6
BYLAYER
 10
57.8680166673
 20
56.3555482708
 11
58.8680250227
 21
57.3555104767
  0
LINE
  5
748
100
AcDbEntity
  8
0
100
AcDbLine
 62
7
  6
BYLAYER
 10
37.1677257712
 20
49.6555634771
 11
36.6929613848
 21
49.4056790926
  0
LINE
  5
749
100
AcDbEntity
  8
0
100
AcDbLine
 62
7
  6
BYLAYER
 10
23.9429777189
 20
78.8555762406
 11
21.2764752289
 21
78.8555762406
  0
LINE
  5
74A
100
AcDbEntity
  8
0
100
AcDbLine
 62
7
  6
BYLAYER
 10
16.1929777189
 20
78.8555762406
 11
18.8594802089
 21
78.8555762406
  0
LINE
  5
74B
100
AcDbEntity
  8
0
100
AcDbLine
 62
7
  6
BYLAYER
 10
23.9429777189
 20
79.9895662808
 11
20.9929777189
 21
79.9895662808
  0
LINE
  5
74C
100
AcDbEntity
  8
0
100
AcDbLine
 62
7
  6
BYLAYER
 10
16.1929777189
 20
79.9895662808
 11
19.1429777189
 21
79.9895662808
  0
LINE
  5
74D
100
AcDbEntity
  8
0
100
AcDbLine
 62
7
  6
BYLAYER
 10
41.9179777189
 20
80.0555762406
 11
28.9218780033
 21
80.0555762406
  0
LINE
  5
74E
100
AcDbEntity
  8
0
100
AcDbLine
 62
7
  6
BYLAYER
 10
29.2179779141
 20
80.3555762406
 11
41.6179775237
 21
80.3555762406
  0
LINE
  5
74F
100
AcDbEntity
  8
0
100
AcDbLine
 62
7
  6
BYLAYER
 10
20.8179777189
 20
80.6555762406
 11
19.3179777189
 21
80.6555762406
  0
LINE
  5
750
100
AcDbEntity
  8
0
100
AcDbLine
 62
7
  6
BYLAYER
 10
31.6179789138
 20
80.6555762406
 11
39.2179765239
 21
80.6555762406
  0
LINE
  5
751
100
AcDbEntity
  8
0
100
AcDbLine
 62
7
  6
BYLAYER
 10
41.6179777118
 20
80.7332220312
 11
40.7179772634
 21
80.7332220428
  0
LINE
  5
752
100
AcDbEntity
  8
0
100
AcDbLine
 62
7
  6
BYLAYER
 10
30.1179784523
 20
80.733222016
 11
29.2179777189
 21
80.7332219703
  0
LINE
  5
753
100
AcDbEntity
  8
0
100
AcDbLine
 62
7
  6
BYLAYER
 10
20.9929777189
 20
81.8680118059
 11
19.1429777189
 21
81.8680118059
  0
LINE
  5
754
100
AcDbEntity
  8
0
100
AcDbLine
 62
7
  6
BYLAYER
 10
39.2082323303
 20
82.0555762406
 11
31.6277230796
 21
82.0555762406
  0
LINE
  5
755
100
AcDbEntity
  8
0
100
AcDbLine
 62
7
  6
BYLAYER
 10
18.4210752373
 20
100.8602346665
 11
18.6015966296
 21
100.7555762406
  0
LINE
  5
756
100
AcDbEntity
  8
0
100
AcDbLine
 62
7
  6
BYLAYER
 10
18.4326373523
 20
101.3170392596
 11
18.7948626623
 21
101.1068863107
  0
LINE
  5
757
100
AcDbEntity
  8
0
100
AcDbLine
 62
7
  6
BYLAYER
 10
18.4210152762
 20
101.4601723763
 11
18.9121671679
 21
101.1750849344
  0
LINE
  5
758
100
AcDbEntity
  8
0
100
AcDbLine
 62
7
  6
BYLAYER
 10
63.8679777189
 20
9.7555762406
 11
63.8679777189
 21
17.7555762406
  0
LINE
  5
759
100
AcDbEntity
  8
0
100
AcDbLine
 62
7
  6
BYLAYER
 10
64.2179777189
 20
17.7555762406
 11
64.2179777189
 21
9.7555762406
  0
LINE
  5
75A
100
AcDbEntity
  8
0
100
AcDbLine
 62
7
  6
BYLAYER
 10
64.4179777189
 20
14.9555762406
 11
64.4179777189
 21
14.5055762406
  0
LINE
  5
75B
100
AcDbEntity
  8
0
100
AcDbLine
 62
7
  6
BYLAYER
 10
64.4608709377
 20
9.7555762406
 11
64.4608709377
 21
18.7555762406
  0
LINE
  5
75C
100
AcDbEntity
  8
0
100
AcDbLine
 62
7
  6
BYLAYER
 10
64.6679777189
 20
17.7555762406
 11
64.6679777189
 21
9.7555762406
  0
LINE
  5
75D
100
AcDbEntity
  8
0
100
AcDbLine
 62
7
  6
BYLAYER
 10
64.9179777189
 20
19.7555762406
 11
64.9179777189
 21
29.2555762406
  0
LINE
  5
75E
100
AcDbEntity
  8
0
100
AcDbLine
 62
7
  6
BYLAYER
 10
65.8750845001
 20
18.7555762406
 11
65.8750845001
 21
9.7555762406
  0
LINE
  5
75F
100
AcDbEntity
  8
0
100
AcDbLine
 62
7
  6
BYLAYER
 10
66.1679777189
 20
18.7555762406
 11
66.1679777189
 21
9.7555762406
  0
LINE
  5
760
100
AcDbEntity
  8
0
100
AcDbLine
 62
7
  6
BYLAYER
 10
66.2179777189
 20
57.3555762406
 11
66.2179777189
 21
45.8555762421
  0
LINE
  5
761
100
AcDbEntity
  8
0
100
AcDbLine
 62
7
  6
BYLAYER
 10
66.7179777189
 20
61.4368405077
 11
66.7179777189
 21
38.2555762406
  0
LINE
  5
762
100
AcDbEntity
  8
0
100
AcDbLine
 62
7
  6
BYLAYER
 10
66.9179777189
 20
46.3555762406
 11
66.9179777189
 21
57.3555762406
  0
LINE
  5
763
100
AcDbEntity
  8
0
100
AcDbLine
 62
7
  6
BYLAYER
 10
67.1929777189
 20
57.3555762406
 11
67.1929777189
 21
60.9392616137
  0
LINE
  5
764
100
AcDbEntity
  8
0
100
AcDbLine
 62
7
  6
BYLAYER
 10
67.2179777189
 20
46.3555762406
 11
67.2179777189
 21
57.3555762406
  0
LINE
  5
765
100
AcDbEntity
  8
0
100
AcDbLine
 62
7
  6
BYLAYER
 10
67.4179777189
 20
57.3555762406
 11
67.4179777189
 21
46.8555762406
  0
LINE
  5
766
100
AcDbEntity
  8
0
100
AcDbLine
 62
7
  6
BYLAYER
 10
67.7179777189
 20
57.3555762406
 11
67.7179777189
 21
44.2555762406
  0
LINE
  5
767
100
AcDbEntity
  8
0
100
AcDbLine
 62
7
  6
BYLAYER
 10
67.9179777189
 20
57.3555762406
 11
67.9179777189
 21
46.3555762409
  0
LINE
  5
768
100
AcDbEntity
  8
0
100
AcDbLine
 62
7
  6
BYLAYER
 10
68.4179777189
 20
57.3555762406
 11
68.4179777189
 21
44.2555762406
  0
LINE
  5
769
100
AcDbEntity
  8
0
100
AcDbLine
 62
7
  6
BYLAYER
 10
59.8825191829
 20
43.2642708947
 11
60.0122301293
 21
43.7546189611
  0
LINE
  5
76A
100
AcDbEntity
  8
0
100
AcDbLine
 62
7
  6
BYLAYER
 10
50.9179777189
 20
11.7555762406
 11
50.382079334
 21
9.7555762406
  0
LINE
  5
76B
100
AcDbEntity
  8
0
100
AcDbLine
 62
7
  6
BYLAYER
 10
59.4171810572
 20
41.4085966878
 11
59.9375862321
 21
43.3300896372
  0
LINE
  5
76C
100
AcDbEntity
  8
0
100
AcDbLine
 62
7
  6
BYLAYER
 10
29.2179777189
 20
82.1332219597
 11
30.1262563749
 21
82.1332219695
  0
LINE
  5
76D
100
AcDbEntity
  8
0
100
AcDbLine
 62
7
  6
BYLAYER
 10
40.7096993573
 20
82.1332219696
 11
42.4179777189
 21
82.1332219621
  0
LINE
  5
76E
100
AcDbEntity
  8
0
100
AcDbLine
 62
7
  6
BYLAYER
 10
16.1429777189
 20
82.2360143618
 11
15.0179777189
 21
82.2360143618
  0
LINE
  5
76F
100
AcDbEntity
  8
0
100
AcDbLine
 62
7
  6
BYLAYER
 10
62.4179777189
 20
82.3555762406
 11
48.9179777205
 21
82.3555762406
  0
LINE
  5
770
100
AcDbEntity
  8
0
100
AcDbLine
 62
7
  6
BYLAYER
 10
28.9179777189
 20
82.3555762406
 11
42.4179777173
 21
82.3555762406
  0
LINE
  5
771
100
AcDbEntity
  8
0
100
AcDbLine
 62
7
  6
BYLAYER
 10
68.9179777189
 20
82.3555762406
 11
82.4179777189
 21
82.3555762406
  0
LINE
  5
772
100
AcDbEntity
  8
0
100
AcDbLine
 62
7
  6
BYLAYER
 10
24.5429777189
 20
82.6555762406
 11
24.1929777189
 21
82.6555762406
  0
LINE
  5
773
100
AcDbEntity
  8
0
100
AcDbLine
 62
7
  6
BYLAYER
 10
15.0179777189
 20
82.7189772749
 11
16.1429777189
 21
82.7189772749
  0
LINE
  5
774
100
AcDbEntity
  8
0
100
AcDbLine
 62
7
  6
BYLAYER
 10
23.3179777189
 20
82.8555762406
 11
16.8179777189
 21
82.8555762406
  0
LINE
  5
775
100
AcDbEntity
  8
0
100
AcDbLine
 62
7
  6
BYLAYER
 10
16.1429777189
 20
83.1385391538
 11
15.0179777189
 21
83.1385391538
  0
LINE
  5
776
100
AcDbEntity
  8
0
100
AcDbLine
 62
7
  6
BYLAYER
 10
15.0179777189
 20
83.1555762406
 11
16.1929777189
 21
83.1555762406
  0
LINE
  5
777
100
AcDbEntity
  8
0
100
AcDbLine
 62
7
  6
BYLAYER
 10
23.9429777189
 20
83.1555762406
 11
24.5429777189
 21
83.1555762406
  0
LINE
  5
778
100
AcDbEntity
  8
0
100
AcDbLine
 62
7
  6
BYLAYER
 10
23.3179777189
 20
83.2767175332
 11
16.8179777189
 21
83.2767175332
  0
LINE
  5
779
100
AcDbEntity
  8
0
100
AcDbLine
 62
7
  6
BYLAYER
 10
16.8179777189
 20
84.4430253099
 11
23.3179777189
 21
84.4430253099
  0
LINE
  5
77A
100
AcDbEntity
  8
0
100
AcDbLine
 62
7
  6
BYLAYER
 10
24.5429777189
 20
84.5555762406
 11
23.9429777189
 21
84.5555762406
  0
LINE
  5
77B
100
AcDbEntity
  8
0
100
AcDbLine
 62
7
  6
BYLAYER
 10
16.1929777189
 20
84.5555762406
 11
15.0179777189
 21
84.5555762406
  0
LINE
  5
77C
100
AcDbEntity
  8
0
100
AcDbLine
 62
7
  6
BYLAYER
 10
15.7929777189
 20
84.7555762406
 11
15.0179777189
 21
84.7555762406
  0
LINE
  5
77D
100
AcDbEntity
  8
0
100
AcDbLine
 62
7
  6
BYLAYER
 10
15.0179777189
 20
84.7726133275
 11
15.7929777189
 21
84.7726133275
  0
LINE
  5
77E
100
AcDbEntity
  8
0
100
AcDbLine
 62
7
  6
BYLAYER
 10
24.5429777189
 20
84.8555762406
 11
23.9429777189
 21
84.8555762406
  0
LINE
  5
77F
100
AcDbEntity
  8
0
100
AcDbLine
 62
7
  6
BYLAYER
 10
23.3179777189
 20
84.8555762406
 11
16.8179777189
 21
84.8555762406
  0
LINE
  5
780
100
AcDbEntity
  8
0
100
AcDbLine
 62
7
  6
BYLAYER
 10
16.1929777189
 20
84.8555762406
 11
15.7929777189
 21
84.8555762406
  0
LINE
  5
781
100
AcDbEntity
  8
0
100
AcDbLine
 62
7
  6
BYLAYER
 10
32.1679777189
 20
84.8555762406
 11
39.1679777189
 21
84.8555762406
  0
LINE
  5
782
100
AcDbEntity
  8
0
100
AcDbLine
 62
7
  6
BYLAYER
 10
52.1679777189
 20
84.8555762406
 11
59.1679777189
 21
84.8555762406
  0
LINE
  5
783
100
AcDbEntity
  8
0
100
AcDbLine
 62
7
  6
BYLAYER
 10
72.1679777189
 20
84.8555762406
 11
79.1679777189
 21
84.8555762406
  0
LINE
  5
784
100
AcDbEntity
  8
0
100
AcDbLine
 62
7
  6
BYLAYER
 10
15.7929777189
 20
85.1921752063
 11
15.0179777189
 21
85.1921752063
  0
LINE
  5
785
100
AcDbEntity
  8
0
100
AcDbLine
 62
7
  6
BYLAYER
 10
15.7929777189
 20
85.3555762406
 11
16.1929777189
 21
85.3555762406
  0
LINE
  5
786
100
AcDbEntity
  8
0
100
AcDbLine
 62
7
  6
BYLAYER
 10
23.9429777189
 20
85.3555762406
 11
24.5429777189
 21
85.3555762406
  0
LINE
  5
787
100
AcDbEntity
  8
0
100
AcDbLine
 62
7
  6
BYLAYER
 10
15.0179777189
 20
85.6751381195
 11
15.7929777189
 21
85.6751381195
  0
LINE
  5
788
100
AcDbEntity
  8
0
100
AcDbLine
 62
7
  6
BYLAYER
 10
12.7679777189
 20
86.4209328717
 11
12.4204865262
 21
86.4209328717
  0
LINE
  5
789
100
AcDbEntity
  8
0
100
AcDbLine
 62
7
  6
BYLAYER
 10
23.9429777189
 20
86.6555762406
 11
16.1929777189
 21
86.6555762406
  0
LINE
  5
78A
100
AcDbEntity
  8
0
100
AcDbLine
 62
7
  6
BYLAYER
 10
21.9148634412
 20
101.0601657575
 11
21.8343140089
 21
101.1068680007
  0
LINE
  5
78B
100
AcDbEntity
  8
0
100
AcDbLine
 62
7
  6
BYLAYER
 10
21.6409235825
 20
100.7555762406
 11
21.4351398556
 21
100.8751353506
  0
LINE
  5
78C
100
AcDbEntity
  8
0
100
AcDbLine
 62
7
  6
BYLAYER
 10
21.9035485129
 20
101.2031689189
 11
21.4351495383
 21
101.4750274627
  0
LINE
  5
78D
100
AcDbEntity
  8
0
100
AcDbLine
 62
7
  6
BYLAYER
 10
39.6679777189
 20
95.0055762406
 11
38.5926626904
 21
95.7563544669
  0
LINE
  5
78E
100
AcDbEntity
  8
0
100
AcDbLine
 62
7
  6
BYLAYER
 10
68.9179777189
 20
57.3555762406
 11
68.9179777189
 21
44.2555762406
  0
LINE
  5
78F
100
AcDbEntity
  8
0
100
AcDbLine
 62
7
  6
BYLAYER
 10
68.9179777189
 20
59.6555762406
 11
68.9179777189
 21
115.3555762406
  0
LINE
  5
790
100
AcDbEntity
  8
0
100
AcDbLine
 62
7
  6
BYLAYER
 10
69.0679777189
 20
115.3555762406
 11
69.0679777189
 21
106.3555762406
  0
LINE
  5
791
100
AcDbEntity
  8
0
100
AcDbLine
 62
7
  6
BYLAYER
 10
69.9179777189
 20
44.2555762406
 11
69.9179777189
 21
57.3555762406
  0
LINE
  5
792
100
AcDbEntity
  8
0
100
AcDbLine
 62
7
  6
BYLAYER
 10
70.4337155933
 20
86.9555762406
 11
70.4337155933
 21
117.8555762406
  0
LINE
  5
793
100
AcDbEntity
  8
0
100
AcDbLine
 62
7
  6
BYLAYER
 10
71.1679777189
 20
100.4699545183
 11
71.1679777189
 21
89.3555762406
  0
LINE
  5
794
100
AcDbEntity
  8
0
100
AcDbLine
 62
7
  6
BYLAYER
 10
71.4179777189
 20
89.742394305
 11
71.4179777189
 21
89.4405289353
  0
LINE
  5
795
100
AcDbEntity
  8
0
100
AcDbLine
 62
7
  6
BYLAYER
 10
71.6679777189
 20
95.0055762406
 11
71.6679777189
 21
93.0055762406
  0
LINE
  5
796
100
AcDbEntity
  8
0
100
AcDbLine
 62
7
  6
BYLAYER
 10
71.6679777189
 20
98.9055762406
 11
71.6679777189
 21
100.7543578373
  0
LINE
  5
797
100
AcDbEntity
  8
0
100
AcDbLine
 62
7
  6
BYLAYER
 10
71.6679777189
 20
103.3555762406
 11
71.6679777189
 21
108.5442513752
  0
LINE
  5
798
100
AcDbEntity
  8
0
100
AcDbLine
 62
7
  6
BYLAYER
 10
72.1679777189
 20
95.1241773132
 11
72.1679777189
 21
93.1241773132
  0
LINE
  5
799
100
AcDbEntity
  8
0
100
AcDbLine
 62
7
  6
BYLAYER
 10
72.2179777189
 20
96.3555762406
 11
72.2179777189
 21
98.3555762406
  0
LINE
  5
79A
100
AcDbEntity
  8
0
100
AcDbLine
 62
7
  6
BYLAYER
 10
72.6679777189
 20
18.7555762406
 11
72.6679777189
 21
9.7555762406
  0
LINE
  5
79B
100
AcDbEntity
  8
0
100
AcDbLine
 62
7
  6
BYLAYER
 10
72.6679777189
 20
84.8555762406
 11
72.6679777189
 21
86.8555762406
  0
LINE
  5
79C
100
AcDbEntity
  8
0
100
AcDbLine
 62
7
  6
BYLAYER
 10
72.9608709377
 20
9.7555762406
 11
72.9608709377
 21
18.7555762406
  0
LINE
  5
79D
100
AcDbEntity
  8
0
100
AcDbLine
 62
7
  6
BYLAYER
 10
60.0679777189
 20
43.8401727547
 11
60.0121749362
 21
43.7545776961
  0
LINE
  5
79E
100
AcDbEntity
  8
0
100
AcDbLine
 62
7
  6
BYLAYER
 10
56.648990784
 20
43.6223112845
 11
56.6271153065
 21
43.5931805355
  0
LINE
  5
79F
100
AcDbEntity
  8
0
100
AcDbLine
 62
7
  6
BYLAYER
 10
56.5883224365
 20
45.3706130592
 11
56.5679777189
 21
45.3476352948
  0
LINE
  5
7A0
100
AcDbEntity
  8
0
100
AcDbLine
 62
7
  6
BYLAYER
 10
56.5883283819
 20
46.5587002478
 11
56.5679777189
 21
46.5357192264
  0
LINE
  5
7A1
100
AcDbEntity
  8
0
100
AcDbLine
 62
7
  6
BYLAYER
 10
56.5884340867
 20
44.7766360301
 11
56.5679777189
 21
44.7535956403
  0
LINE
  5
7A2
100
AcDbEntity
  8
0
100
AcDbLine
 62
7
  6
BYLAYER
 10
56.5885112909
 20
45.9647630457
 11
56.5679777189
 21
45.9416792343
  0
LINE
  5
7A3
100
AcDbEntity
  8
0
100
AcDbLine
 62
7
  6
BYLAYER
 10
56.5886030754
 20
44.1826910263
 11
56.5679777189
 21
44.1595551248
  0
LINE
  5
7A4
100
AcDbEntity
  8
0
100
AcDbLine
 62
7
  6
BYLAYER
 10
59.3897344118
 20
45.9350487544
 11
59.0833327673
 21
45.7052806542
  0
LINE
  5
7A5
100
AcDbEntity
  8
0
100
AcDbLine
 62
7
  6
BYLAYER
 10
57.0596447963
 20
46.821578142
 11
56.588328464
 21
46.5587101236
  0
LINE
  5
7A6
100
AcDbEntity
  8
0
100
AcDbLine
 62
7
  6
BYLAYER
 10
59.4795362722
 20
47.0178803895
 11
59.8120574081
 21
47.2034712099
  0
LINE
  5
7A7
100
AcDbEntity
  8
0
100
AcDbLine
 62
7
  6
BYLAYER
 10
57.0596505073
 20
45.6334949665
 11
56.5883224521
 21
45.3706149357
  0
LINE
  5
7A8
100
AcDbEntity
  8
0
100
AcDbLine
 62
7
  6
BYLAYER
 10
59.4795835885
 20
46.4238937161
 11
59.9668120397
 21
46.6956598751
  0
LINE
  5
7A9
100
AcDbEntity
  8
0
100
AcDbLine
 62
7
  6
BYLAYER
 10
57.059634183
 20
46.2275268921
 11
56.5885115301
 21
45.9647916812
  0
LINE
  5
7AA
100
AcDbEntity
  8
0
100
AcDbLine
 62
7
  6
BYLAYER
 10
57.0596353485
 20
45.0394542408
 11
56.5884343684
 21
44.7766698055
  0
LINE
  5
7AB
100
AcDbEntity
  8
0
100
AcDbLine
 62
7
  6
BYLAYER
 10
15.7929777189
 20
86.8555762406
 11
13.2679777189
 21
86.8555762406
  0
LINE
  5
7AC
100
AcDbEntity
  8
0
100
AcDbLine
 62
7
  6
BYLAYER
 10
28.9179777189
 20
86.8555762406
 11
42.4179777189
 21
86.8555762406
  0
LINE
  5
7AD
100
AcDbEntity
  8
0
100
AcDbLine
 62
7
  6
BYLAYER
 10
48.9179777189
 20
86.8555762406
 11
62.4179777189
 21
86.8555762406
  0
LINE
  5
7AE
100
AcDbEntity
  8
0
100
AcDbLine
 62
7
  6
BYLAYER
 10
68.9179777189
 20
86.8555762406
 11
82.4179777189
 21
86.8555762406
  0
LINE
  5
7AF
100
AcDbEntity
  8
0
100
AcDbLine
 62
7
  6
BYLAYER
 10
28.9179777189
 20
86.9555762406
 11
30.4337155933
 21
86.9555762406
  0
LINE
  5
7B0
100
AcDbEntity
  8
0
100
AcDbLine
 62
7
  6
BYLAYER
 10
40.9022398446
 20
86.9555762406
 11
42.4179777189
 21
86.9555762406
  0
LINE
  5
7B1
100
AcDbEntity
  8
0
100
AcDbLine
 62
7
  6
BYLAYER
 10
48.9179777189
 20
86.9555762406
 11
50.4337155933
 21
86.9555762406
  0
LINE
  5
7B2
100
AcDbEntity
  8
0
100
AcDbLine
 62
7
  6
BYLAYER
 10
60.9022398446
 20
86.9555762406
 11
62.4179777189
 21
86.9555762406
  0
LINE
  5
7B3
100
AcDbEntity
  8
0
100
AcDbLine
 62
7
  6
BYLAYER
 10
68.9179777189
 20
86.9555762406
 11
70.4337155933
 21
86.9555762406
  0
LINE
  5
7B4
100
AcDbEntity
  8
0
100
AcDbLine
 62
7
  6
BYLAYER
 10
80.9022398446
 20
86.9555762406
 11
82.4179777189
 21
86.9555762406
  0
LINE
  5
7B5
100
AcDbEntity
  8
0
100
AcDbLine
 62
7
  6
BYLAYER
 10
12.7679777189
 20
87.1236370452
 11
12.4143541197
 21
87.1236370452
  0
LINE
  5
7B6
100
AcDbEntity
  8
0
100
AcDbLine
 62
7
  6
BYLAYER
 10
23.9429777189
 20
87.349731751
 11
23.3179777189
 21
87.349731751
  0
LINE
  5
7B7
100
AcDbEntity
  8
0
100
AcDbLine
 62
7
  6
BYLAYER
 10
16.8179777189
 20
87.349731751
 11
16.1929777189
 21
87.349731751
  0
LINE
  5
7B8
100
AcDbEntity
  8
0
100
AcDbLine
 62
7
  6
BYLAYER
 10
16.8179777189
 20
87.4707130819
 11
17.2502820543
 21
87.4707130819
  0
LINE
  5
7B9
100
AcDbEntity
  8
0
100
AcDbLine
 62
7
  6
BYLAYER
 10
22.8856733835
 20
87.4707130819
 11
23.3179777189
 21
87.4707130819
  0
LINE
  5
7BA
100
AcDbEntity
  8
0
100
AcDbLine
 62
7
  6
BYLAYER
 10
24.5429777189
 20
87.5555762406
 11
23.9429777189
 21
87.5555762406
  0
LINE
  5
7BB
100
AcDbEntity
  8
0
100
AcDbLine
 62
7
  6
BYLAYER
 10
16.1929777189
 20
87.5555762406
 11
15.7929777189
 21
87.5555762406
  0
LINE
  5
7BC
100
AcDbEntity
  8
0
100
AcDbLine
 62
7
  6
BYLAYER
 10
13.2679777189
 20
87.5582804141
 11
15.7929777189
 21
87.5582804141
  0
LINE
  5
7BD
100
AcDbEntity
  8
0
100
AcDbLine
 62
7
  6
BYLAYER
 10
16.1929777189
 20
88.3399998197
 11
16.8179777189
 21
88.3399998197
  0
LINE
  5
7BE
100
AcDbEntity
  8
0
100
AcDbLine
 62
7
  6
BYLAYER
 10
23.3179777189
 20
88.3399998197
 11
23.9429777189
 21
88.3399998197
  0
LINE
  5
7BF
100
AcDbEntity
  8
0
100
AcDbLine
 62
7
  6
BYLAYER
 10
15.7929777189
 20
88.4141215219
 11
16.1929777189
 21
88.4141215219
  0
LINE
  5
7C0
100
AcDbEntity
  8
0
100
AcDbLine
 62
7
  6
BYLAYER
 10
23.9429777189
 20
88.4141215219
 11
24.5429777189
 21
88.4141215219
  0
LINE
  5
7C1
100
AcDbEntity
  8
0
100
AcDbLine
 62
7
  6
BYLAYER
 10
31.1679777189
 20
89.3547072777
 11
34.1679777189
 21
89.3547072777
  0
LINE
  5
7C2
100
AcDbEntity
  8
0
100
AcDbLine
 62
7
  6
BYLAYER
 10
37.1679777189
 20
89.3547072777
 11
40.1679777189
 21
89.3547072777
  0
LINE
  5
7C3
100
AcDbEntity
  8
0
100
AcDbLine
 62
7
  6
BYLAYER
 10
51.1679777189
 20
89.3547072777
 11
54.1679777189
 21
89.3547072777
  0
LINE
  5
7C4
100
AcDbEntity
  8
0
100
AcDbLine
 62
7
  6
BYLAYER
 10
57.1679777189
 20
89.3547072777
 11
60.1679777189
 21
89.3547072777
  0
LINE
  5
7C5
100
AcDbEntity
  8
0
100
AcDbLine
 62
7
  6
BYLAYER
 10
71.1679777189
 20
89.3547072777
 11
74.1679777189
 21
89.3547072777
  0
LINE
  5
7C6
100
AcDbEntity
  8
0
100
AcDbLine
 62
7
  6
BYLAYER
 10
77.1679777189
 20
89.3547072777
 11
80.1679777189
 21
89.3547072777
  0
LINE
  5
7C7
100
AcDbEntity
  8
0
100
AcDbLine
 62
7
  6
BYLAYER
 10
31.1679777189
 20
89.7555762403
 11
40.1679777189
 21
89.7555762403
  0
LINE
  5
7C8
100
AcDbEntity
  8
0
100
AcDbLine
 62
7
  6
BYLAYER
 10
51.1679777189
 20
89.7555762403
 11
60.1679777189
 21
89.7555762403
  0
LINE
  5
7C9
100
AcDbEntity
  8
0
100
AcDbLine
 62
7
  6
BYLAYER
 10
71.1679777189
 20
89.7555762403
 11
80.1679777189
 21
89.7555762403
  0
LINE
  5
7CA
100
AcDbEntity
  8
0
100
AcDbLine
 62
7
  6
BYLAYER
 10
24.5429777189
 20
90.4555762406
 11
23.9429777189
 21
90.4555762406
  0
LINE
  5
7CB
100
AcDbEntity
  8
0
100
AcDbLine
 62
7
  6
BYLAYER
 10
16.1929777189
 20
90.4555762406
 11
15.7929777189
 21
90.4555762406
  0
LINE
  5
7CC
100
AcDbEntity
  8
0
100
AcDbLine
 62
7
  6
BYLAYER
 10
24.1929777189
 20
90.4598538099
 11
24.5429777189
 21
90.4598538099
  0
LINE
  5
7CD
100
AcDbEntity
  8
0
100
AcDbLine
 62
7
  6
BYLAYER
 10
15.7929777189
 20
90.4726133275
 11
16.1429777189
 21
90.4726133275
  0
LINE
  5
7CE
100
AcDbEntity
  8
0
100
AcDbLine
 62
7
  6
BYLAYER
 10
16.1429777189
 20
90.8921752063
 11
15.7929777189
 21
90.8921752063
  0
LINE
  5
7CF
100
AcDbEntity
  8
0
100
AcDbLine
 62
7
  6
BYLAYER
 10
24.5429777189
 20
91.1882570269
 11
24.1929777189
 21
91.1882570269
  0
LINE
  5
7D0
100
AcDbEntity
  8
0
100
AcDbLine
 62
7
  6
BYLAYER
 10
16.1429777189
 20
91.3164031396
 11
16.1929777189
 21
91.3164031396
  0
LINE
  5
7D1
100
AcDbEntity
  8
0
100
AcDbLine
 62
7
  6
BYLAYER
 10
23.9429777189
 20
91.3164031397
 11
24.1929777189
 21
91.3164031397
  0
LINE
  5
7D2
100
AcDbEntity
  8
0
100
AcDbLine
 62
7
  6
BYLAYER
 10
17.910955117
 20
101.2961386135
 11
17.8552097594
 21
101.3135364322
  0
LINE
  5
7D3
100
AcDbEntity
  8
0
100
AcDbLine
 62
7
  6
BYLAYER
 10
22.2171008829
 20
101.314375409
 11
22.1378489639
 21
101.3497876541
  0
LINE
  5
7D4
100
AcDbEntity
  8
0
100
AcDbLine
 62
7
  6
BYLAYER
 10
23.9311627521
 20
102.8852426944
 11
22.814332726
 21
103.4441878645
  0
LINE
  5
7D5
100
AcDbEntity
  8
0
100
AcDbLine
 62
7
  6
BYLAYER
 10
23.8110706121
 20
102.9667052465
 11
22.8086678102
 21
103.4683824817
  0
LINE
  5
7D6
100
AcDbEntity
  8
0
100
AcDbLine
 62
7
  6
BYLAYER
 10
22.7935480138
 20
103.5329081403
 11
23.7959583934
 21
103.0312271097
  0
LINE
  5
7D7
100
AcDbEntity
  8
0
100
AcDbLine
 62
7
  6
BYLAYER
 10
22.7878789776
 20
103.5571048186
 11
23.9047090037
 21
102.9981596485
  0
LINE
  5
7D8
100
AcDbEntity
  8
0
100
AcDbLine
 62
7
  6
BYLAYER
 10
74.1679777189
 20
17.7555762406
 11
74.1679777189
 21
9.7555762406
  0
LINE
  5
7D9
100
AcDbEntity
  8
0
100
AcDbLine
 62
7
  6
BYLAYER
 10
74.1679777189
 20
86.8555762406
 11
74.1679777189
 21
89.3547072777
  0
LINE
  5
7DA
100
AcDbEntity
  8
0
100
AcDbLine
 62
7
  6
BYLAYER
 10
74.2179777189
 20
17.7555762406
 11
74.2179777189
 21
9.7555762406
  0
LINE
  5
7DB
100
AcDbEntity
  8
0
100
AcDbLine
 62
7
  6
BYLAYER
 10
74.4179777189
 20
14.9555762406
 11
74.4179777189
 21
14.5055762406
  0
LINE
  5
7DC
100
AcDbEntity
  8
0
100
AcDbLine
 62
7
  6
BYLAYER
 10
74.6679777189
 20
96.2127985886
 11
74.6679777189
 21
96.3555762406
  0
LINE
  5
7DD
100
AcDbEntity
  8
0
100
AcDbLine
 62
7
  6
BYLAYER
 10
75.4179777189
 20
17.7555762406
 11
75.4179777189
 21
9.7555762406
  0
LINE
  5
7DE
100
AcDbEntity
  8
0
100
AcDbLine
 62
7
  6
BYLAYER
 10
75.6179777189
 20
11.8724893504
 11
75.6179777189
 21
9.7555762406
  0
LINE
  5
7DF
100
AcDbEntity
  8
0
100
AcDbLine
 62
7
  6
BYLAYER
 10
75.6179777189
 20
118.9246466328
 11
75.6179777189
 21
122.4551572189
  0
LINE
  5
7E0
100
AcDbEntity
  8
0
100
AcDbLine
 62
7
  6
BYLAYER
 10
76.1179777189
 20
122.9551572189
 11
76.1179777189
 21
118.9246466328
  0
LINE
  5
7E1
100
AcDbEntity
  8
0
100
AcDbLine
 62
7
  6
BYLAYER
 10
76.5616817054
 20
11.7555762406
 11
76.5616817054
 21
12.414514656
  0
LINE
  5
7E2
100
AcDbEntity
  8
0
100
AcDbLine
 62
7
  6
BYLAYER
 10
76.6679777189
 20
96.2128023515
 11
76.6679777189
 21
96.3555762406
  0
LINE
  5
7E3
100
AcDbEntity
  8
0
100
AcDbLine
 62
7
  6
BYLAYER
 10
77.1179777189
 20
39.5131439823
 11
77.1179777189
 21
17.7555762406
  0
LINE
  5
7E4
100
AcDbEntity
  8
0
100
AcDbLine
 62
7
  6
BYLAYER
 10
77.1679777189
 20
89.3547072777
 11
77.1679777189
 21
86.8555762406
  0
LINE
  5
7E5
100
AcDbEntity
  8
0
100
AcDbLine
 62
7
  6
BYLAYER
 10
77.3679777189
 20
118.9246466328
 11
77.3679777189
 21
121.0551572189
  0
LINE
  5
7E6
100
AcDbEntity
  8
0
100
AcDbLine
 62
7
  6
BYLAYER
 10
77.3750845001
 20
18.7555762406
 11
77.3750845001
 21
9.7555762406
  0
LINE
  5
7E7
100
AcDbEntity
  8
0
100
AcDbLine
 62
7
  6
BYLAYER
 10
59.937583492
 20
43.33007952
 11
59.8825096126
 21
43.2642625176
  0
LINE
  5
7E8
100
AcDbEntity
  8
0
100
AcDbLine
 62
7
  6
BYLAYER
 10
59.479541662
 20
45.2357843302
 11
59.9667230514
 21
45.5075268137
  0
LINE
  5
7E9
100
AcDbEntity
  8
0
100
AcDbLine
 62
7
  6
BYLAYER
 10
57.0596436843
 20
43.8513337662
 11
56.6490048549
 21
43.622256393
  0
LINE
  5
7EA
100
AcDbEntity
  8
0
100
AcDbLine
 62
7
  6
BYLAYER
 10
59.4797380556
 20
44.6418661943
 11
59.9670244794
 21
44.9136528566
  0
LINE
  5
7EB
100
AcDbEntity
  8
0
100
AcDbLine
 62
7
  6
BYLAYER
 10
59.4798093754
 20
45.8299829972
 11
59.9670905165
 21
46.1017605031
  0
LINE
  5
7EC
100
AcDbEntity
  8
0
100
AcDbLine
 62
7
  6
BYLAYER
 10
57.0596340553
 20
44.4453869507
 11
56.5886031661
 21
44.1827018541
  0
LINE
  5
7ED
100
AcDbEntity
  8
0
100
AcDbLine
 62
7
  6
BYLAYER
 10
59.4799500406
 20
44.047927835
 11
59.967146984
 21
44.3196452598
  0
LINE
  5
7EE
100
AcDbEntity
  8
0
100
AcDbLine
 62
7
  6
BYLAYER
 10
15.7929777189
 20
91.3751381195
 11
16.1429777189
 21
91.3751381195
  0
LINE
  5
7EF
100
AcDbEntity
  8
0
100
AcDbLine
 62
7
  6
BYLAYER
 10
24.1929777189
 20
91.6839794576
 11
24.5429777189
 21
91.6839794576
  0
LINE
  5
7F0
100
AcDbEntity
  8
0
100
AcDbLine
 62
7
  6
BYLAYER
 10
32.0679777189
 20
91.9055762406
 11
39.2679777189
 21
91.9055762406
  0
LINE
  5
7F1
100
AcDbEntity
  8
0
100
AcDbLine
 62
7
  6
BYLAYER
 10
52.0679777189
 20
91.9055762406
 11
59.2679777189
 21
91.9055762406
  0
LINE
  5
7F2
100
AcDbEntity
  8
0
100
AcDbLine
 62
7
  6
BYLAYER
 10
72.0679777189
 20
91.9055762406
 11
79.2679777189
 21
91.9055762406
  0
LINE
  5
7F3
100
AcDbEntity
  8
0
100
AcDbLine
 62
7
  6
BYLAYER
 10
52.2179777189
 20
98.3555762406
 11
51.6679777189
 21
98.9055762406
  0
LINE
  5
7F4
100
AcDbEntity
  8
0
100
AcDbLine
 62
7
  6
BYLAYER
 10
85.5679777189
 20
66.6555762406
 11
86.0679777189
 21
66.1555762406
  0
LINE
  5
7F5
100
AcDbEntity
  8
0
100
AcDbLine
 62
7
  6
BYLAYER
 10
77.9179777189
 20
14.9555762406
 11
77.9179777189
 21
14.5055762406
  0
LINE
  5
7F6
100
AcDbEntity
  8
0
100
AcDbLine
 62
7
  6
BYLAYER
 10
78.0821912813
 20
9.7555762406
 11
78.0821912813
 21
19.7555762406
  0
LINE
  5
7F7
100
AcDbEntity
  8
0
100
AcDbLine
 62
7
  6
BYLAYER
 10
78.2892980625
 20
9.7555762406
 11
78.2892980625
 21
17.7555762406
  0
LINE
  5
7F8
100
AcDbEntity
  8
0
100
AcDbLine
 62
7
  6
BYLAYER
 10
78.4179777189
 20
14.9555762406
 11
78.4179777189
 21
17.7555762406
  0
LINE
  5
7F9
100
AcDbEntity
  8
0
100
AcDbLine
 62
7
  6
BYLAYER
 10
78.6679777189
 20
84.8555762406
 11
78.6679777189
 21
86.8555762406
  0
LINE
  5
7FA
100
AcDbEntity
  8
0
100
AcDbLine
 62
7
  6
BYLAYER
 10
79.1179777189
 20
96.3555762406
 11
79.1179777189
 21
98.3555762406
  0
LINE
  5
7FB
100
AcDbEntity
  8
0
100
AcDbLine
 62
7
  6
BYLAYER
 10
79.1679777189
 20
93.1241773132
 11
79.1679777189
 21
95.1241773132
  0
LINE
  5
7FC
100
AcDbEntity
  8
0
100
AcDbLine
 62
7
  6
BYLAYER
 10
79.4179777189
 20
19.7555762406
 11
79.4179777189
 21
18.0555762406
  0
LINE
  5
7FD
100
AcDbEntity
  8
0
100
AcDbLine
 62
7
  6
BYLAYER
 10
79.4179777189
 20
17.7555762406
 11
79.4179777189
 21
14.9555762406
  0
LINE
  5
7FE
100
AcDbEntity
  8
0
100
AcDbLine
 62
7
  6
BYLAYER
 10
79.4179777189
 20
9.7555762406
 11
79.4179777189
 21
13.9355762406
  0
LINE
  5
7FF
100
AcDbEntity
  8
0
100
AcDbLine
 62
7
  6
BYLAYER
 10
79.6179777189
 20
121.0551572189
 11
79.6179777189
 21
122.9551572189
  0
LINE
  5
800
100
AcDbEntity
  8
0
100
AcDbLine
 62
7
  6
BYLAYER
 10
79.6679777189
 20
93.0055762406
 11
79.6679777189
 21
95.0055762406
  0
LINE
  5
801
100
AcDbEntity
  8
0
100
AcDbLine
 62
7
  6
BYLAYER
 10
79.6679777189
 20
98.9055762406
 11
79.6679777189
 21
100.7543485606
  0
LINE
  5
802
100
AcDbEntity
  8
0
100
AcDbLine
 62
7
  6
BYLAYER
 10
79.6679777189
 20
103.3555762406
 11
79.6679777189
 21
108.5442513752
  0
LINE
  5
803
100
AcDbEntity
  8
0
100
AcDbLine
 62
7
  6
BYLAYER
 10
79.9179777189
 20
89.742394345
 11
79.9179777189
 21
89.4405289354
  0
LINE
  5
804
100
AcDbEntity
  8
0
100
AcDbLine
 62
7
  6
BYLAYER
 10
80.1179777189
 20
122.4551572189
 11
80.1179777189
 21
121.5551572189
  0
LINE
  5
805
100
AcDbEntity
  8
0
100
AcDbLine
 62
7
  6
BYLAYER
 10
80.1179777189
 20
57.3555762406
 11
80.1179777189
 21
18.2555762406
  0
LINE
  5
806
100
AcDbEntity
  8
0
100
AcDbLine
 62
7
  6
BYLAYER
 10
80.1679777189
 20
89.3555762406
 11
80.1679777189
 21
100.4699545183
  0
LINE
  5
807
100
AcDbEntity
  8
0
100
AcDbLine
 62
7
  6
BYLAYER
 10
80.9022398446
 20
117.8555762406
 11
80.9022398446
 21
86.9555762406
  0
LINE
  5
808
100
AcDbEntity
  8
0
100
AcDbLine
 62
7
  6
BYLAYER
 10
80.9179777189
 20
15.7555762406
 11
80.9179777189
 21
15.2555762406
  0
LINE
  5
809
100
AcDbEntity
  8
0
100
AcDbLine
 62
7
  6
BYLAYER
 10
81.1179777189
 20
57.3555762406
 11
81.1179777189
 21
17.755576241
  0
LINE
  5
80A
100
AcDbEntity
  8
0
100
AcDbLine
 62
7
  6
BYLAYER
 10
81.2179777189
 20
17.7555762406
 11
81.2179777189
 21
19.7555762406
  0
LINE
  5
80B
100
AcDbEntity
  8
0
100
AcDbLine
 62
7
  6
BYLAYER
 10
81.6179777189
 20
15.7555762406
 11
81.6179777189
 21
57.3555762406
  0
LINE
  5
80C
100
AcDbEntity
  8
0
100
AcDbLine
 62
7
  6
BYLAYER
 10
81.6179777189
 20
11.7555762406
 11
81.6179777189
 21
15.7555762406
  0
LINE
  5
80D
100
AcDbEntity
  8
0
100
AcDbLine
 62
7
  6
BYLAYER
 10
82.1179777189
 20
57.3555762406
 11
82.1179777189
 21
14.9555762406
  0
LINE
  5
80E
100
AcDbEntity
  8
0
100
AcDbLine
 62
7
  6
BYLAYER
 10
79.3736600523
 20
18.0567323537
 11
79.4179777189
 21
19.7555762406
  0
LINE
  5
80F
100
AcDbEntity
  8
0
100
AcDbLine
 62
7
  6
BYLAYER
 10
32.2179777189
 20
96.3555762406
 11
39.1179777189
 21
96.3555762406
  0
LINE
  5
810
100
AcDbEntity
  8
0
100
AcDbLine
 62
7
  6
BYLAYER
 10
52.2179777189
 20
96.3555762406
 11
59.1179777189
 21
96.3555762406
  0
LINE
  5
811
100
AcDbEntity
  8
0
100
AcDbLine
 62
7
  6
BYLAYER
 10
72.2179777189
 20
96.3555762406
 11
79.1179777189
 21
96.3555762406
  0
LINE
  5
812
100
AcDbEntity
  8
0
100
AcDbLine
 62
7
  6
BYLAYER
 10
79.1179777189
 20
98.3555762406
 11
72.2179777189
 21
98.3555762406
  0
LINE
  5
813
100
AcDbEntity
  8
0
100
AcDbLine
 62
7
  6
BYLAYER
 10
59.1179777189
 20
98.3555762406
 11
52.2179777189
 21
98.3555762406
  0
LINE
  5
814
100
AcDbEntity
  8
0
100
AcDbLine
 62
7
  6
BYLAYER
 10
39.1179777189
 20
98.3555762406
 11
32.2179777189
 21
98.3555762406
  0
LINE
  5
815
100
AcDbEntity
  8
0
100
AcDbLine
 62
7
  6
BYLAYER
 10
24.5429777189
 20
98.7271730236
 11
24.1929777189
 21
98.7271730236
  0
LINE
  5
816
100
AcDbEntity
  8
0
100
AcDbLine
 62
7
  6
BYLAYER
 10
24.1929777189
 20
98.8164031397
 11
23.9429777189
 21
98.8164031397
  0
LINE
  5
817
100
AcDbEntity
  8
0
100
AcDbLine
 62
7
  6
BYLAYER
 10
16.1929777189
 20
98.8164031397
 11
16.1429777189
 21
98.8164031397
  0
LINE
  5
818
100
AcDbEntity
  8
0
100
AcDbLine
 62
7
  6
BYLAYER
 10
31.6679777189
 20
98.9055762406
 11
39.6679777189
 21
98.9055762406
  0
LINE
  5
819
100
AcDbEntity
  8
0
100
AcDbLine
 62
7
  6
BYLAYER
 10
51.6679777189
 20
98.9055762406
 11
59.6679777189
 21
98.9055762406
  0
LINE
  5
81A
100
AcDbEntity
  8
0
100
AcDbLine
 62
7
  6
BYLAYER
 10
71.6679777189
 20
98.9055762406
 11
79.6679777189
 21
98.9055762406
  0
LINE
  5
81B
100
AcDbEntity
  8
0
100
AcDbLine
 62
7
  6
BYLAYER
 10
24.1929777189
 20
99.2228954543
 11
24.5429777189
 21
99.2228954543
  0
LINE
  5
81C
100
AcDbEntity
  8
0
100
AcDbLine
 62
7
  6
BYLAYER
 10
19.3179777189
 20
99.2555762406
 11
20.8179777189
 21
99.2555762406
  0
LINE
  5
81D
100
AcDbEntity
  8
0
100
AcDbLine
 62
7
  6
BYLAYER
 10
24.5429777189
 20
99.9512986713
 11
24.1929777189
 21
99.9512986713
  0
LINE
  5
81E
100
AcDbEntity
  8
0
100
AcDbLine
 62
7
  6
BYLAYER
 10
16.1429777189
 20
99.9555762406
 11
16.1929777189
 21
99.9555762406
  0
LINE
  5
81F
100
AcDbEntity
  8
0
100
AcDbLine
 62
7
  6
BYLAYER
 10
23.9429777189
 20
99.9555762406
 11
24.5429777189
 21
99.9555762406
  0
LINE
  5
820
100
AcDbEntity
  8
0
100
AcDbLine
 62
7
  6
BYLAYER
 10
16.1929777189
 20
100.1782259714
 11
19.3179777189
 21
100.1782259714
  0
LINE
  5
821
100
AcDbEntity
  8
0
100
AcDbLine
 62
7
  6
BYLAYER
 10
20.8179777189
 20
100.1782259714
 11
23.9429777189
 21
100.1782259714
  0
LINE
  5
822
100
AcDbEntity
  8
0
100
AcDbLine
 62
7
  6
BYLAYER
 10
59.6679777189
 20
95.0055762406
 11
58.5926626904
 21
95.7563544669
  0
LINE
  5
823
100
AcDbEntity
  8
0
100
AcDbLine
 62
7
  6
BYLAYER
 10
82.2679777189
 20
106.3555762406
 11
82.2679777189
 21
115.3555762406
  0
LINE
  5
824
100
AcDbEntity
  8
0
100
AcDbLine
 62
7
  6
BYLAYER
 10
82.4179777189
 20
115.3555762406
 11
82.4179777189
 21
59.6555762406
  0
LINE
  5
825
100
AcDbEntity
  8
0
100
AcDbLine
 62
7
  6
BYLAYER
 10
82.417977719
 20
46.3555762408
 11
82.4179777189
 21
17.7555762406
  0
LINE
  5
826
100
AcDbEntity
  8
0
100
AcDbLine
 62
7
  6
BYLAYER
 10
82.9179777189
 20
44.4190789183
 11
82.9179777189
 21
18.2555762406
  0
LINE
  5
827
100
AcDbEntity
  8
0
100
AcDbLine
 62
7
  6
BYLAYER
 10
83.7679777189
 20
119.0555762406
 11
83.7679777189
 21
118.9377395936
  0
LINE
  5
828
100
AcDbEntity
  8
0
100
AcDbLine
 62
7
  6
BYLAYER
 10
83.8226710088
 20
57.3555762406
 11
83.8226710088
 21
20.3555762406
  0
LINE
  5
829
100
AcDbEntity
  8
0
100
AcDbLine
 62
7
  6
BYLAYER
 10
83.9179777189
 20
45.3873432103
 11
83.9179777189
 21
9.7555762406
  0
LINE
  5
82A
100
AcDbEntity
  8
0
100
AcDbLine
 62
7
  6
BYLAYER
 10
84.2862629361
 20
57.3555762406
 11
84.2862629361
 21
20.3555762406
  0
LINE
  5
82B
100
AcDbEntity
  8
0
100
AcDbLine
 62
7
  6
BYLAYER
 10
84.4179777189
 20
17.7555762406
 11
84.4179777189
 21
57.3555762406
  0
LINE
  5
82C
100
AcDbEntity
  8
0
100
AcDbLine
 62
7
  6
BYLAYER
 10
84.8179777189
 20
44.3555762406
 11
84.8179777189
 21
14.9555762406
  0
LINE
  5
82D
100
AcDbEntity
  8
0
100
AcDbLine
 62
7
  6
BYLAYER
 10
84.84164005
 20
57.3555762406
 11
84.84164005
 21
20.3555762406
  0
LINE
  5
82E
100
AcDbEntity
  8
0
100
AcDbLine
 62
7
  6
BYLAYER
 10
84.9179777189
 20
57.3555762406
 11
84.9179777189
 21
17.7555762406
  0
LINE
  5
82F
100
AcDbEntity
  8
0
100
AcDbLine
 62
7
  6
BYLAYER
 10
84.9179777189
 20
15.7555762406
 11
84.9179777189
 21
15.2555762406
  0
LINE
  5
830
100
AcDbEntity
  8
0
100
AcDbLine
 62
7
  6
BYLAYER
 10
84.9179641069
 20
17.7555762408
 11
84.9179869751
 21
18.2555762406
  0
LINE
  5
831
100
AcDbEntity
  8
0
100
AcDbLine
 62
7
  6
BYLAYER
 10
85.1179777189
 20
44.3555762406
 11
85.1179777189
 21
16.2555762406
  0
LINE
  5
832
100
AcDbEntity
  8
0
100
AcDbLine
 62
7
  6
BYLAYER
 10
85.3052319773
 20
57.3555762406
 11
85.3052319773
 21
20.3555762406
  0
LINE
  5
833
100
AcDbEntity
  8
0
100
AcDbLine
 62
7
  6
BYLAYER
 10
85.3679777189
 20
118.7097164356
 11
85.3679777189
 21
119.055576239
  0
LINE
  5
834
100
AcDbEntity
  8
0
100
AcDbLine
 62
7
  6
BYLAYER
 10
85.4179777189
 20
57.3555762406
 11
85.4179777189
 21
18.2555762406
  0
LINE
  5
835
100
AcDbEntity
  8
0
100
AcDbLine
 62
7
  6
BYLAYER
 10
85.4179777189
 20
17.7555762406
 11
85.4179777189
 21
9.7555762406
  0
LINE
  5
836
100
AcDbEntity
  8
0
100
AcDbLine
 62
7
  6
BYLAYER
 10
85.5679777189
 20
66.6555762406
 11
85.5679777189
 21
113.1484694594
  0
LINE
  5
837
100
AcDbEntity
  8
0
100
AcDbLine
 62
7
  6
BYLAYER
 10
85.5679777189
 20
113.5020228502
 11
85.5679777189
 21
115.2091296311
  0
LINE
  5
838
100
AcDbEntity
  8
0
100
AcDbLine
 62
7
  6
BYLAYER
 10
85.6179777189
 20
57.3555762406
 11
85.6179777189
 21
47.3555762406
  0
LINE
  5
839
100
AcDbEntity
  8
0
100
AcDbLine
 62
7
  6
BYLAYER
 10
85.6679777189
 20
118.3555762406
 11
85.6679777189
 21
118.7554734042
  0
LINE
  5
83A
100
AcDbEntity
  8
0
100
AcDbLine
 62
7
  6
BYLAYER
 10
85.9179777189
 20
15.2555762406
 11
85.9179777189
 21
57.3555762406
  0
LINE
  5
83B
100
AcDbEntity
  8
0
100
AcDbLine
 62
7
  6
BYLAYER
 10
86.0679777189
 20
66.1555762406
 11
86.0679777189
 21
115.3555762406
  0
LINE
  5
83C
100
AcDbEntity
  8
0
100
AcDbLine
 62
7
  6
BYLAYER
 10
86.1679777189
 20
117.8555762406
 11
86.1679777189
 21
115.3555762406
  0
LINE
  5
83D
100
AcDbEntity
  8
0
100
AcDbLine
 62
7
  6
BYLAYER
 10
86.6679777189
 20
107.5555762406
 11
86.6679777189
 21
113.1484694594
  0
LINE
  5
83E
100
AcDbEntity
  8
0
100
AcDbLine
 62
7
  6
BYLAYER
 10
86.6679777189
 20
115.3555762406
 11
86.6679777189
 21
116.0555762539
  0
LINE
  5
83F
100
AcDbEntity
  8
0
100
AcDbLine
 62
7
  6
BYLAYER
 10
86.7679777189
 20
44.3555762406
 11
86.7679777189
 21
21.8555762405
  0
LINE
  5
840
100
AcDbEntity
  8
0
100
AcDbLine
 62
7
  6
BYLAYER
 10
86.161819387
 20
57.3555762406
 11
86.6679777189
 21
115.3555762406
  0
LINE
  5
841
100
AcDbEntity
  8
0
100
AcDbLine
 62
7
  6
BYLAYER
 10
83.23021698
 20
42.7555762406
 11
81.2179777189
 21
19.7555762406
  0
LINE
  5
842
100
AcDbEntity
  8
0
100
AcDbLine
 62
7
  6
BYLAYER
 10
80.1179777189
 20
47.7555762406
 11
77.1179777189
 21
39.5131439823
  0
LINE
  5
843
100
AcDbEntity
  8
0
100
AcDbLine
 62
7
  6
BYLAYER
 10
18.1365612489
 20
101.1566864543
 11
18.7049392271
 21
101.1590922807
  0
LINE
  5
844
100
AcDbEntity
  8
0
100
AcDbLine
 62
7
  6
BYLAYER
 10
22.4427070567
 20
101.1749134788
 11
23.6171104588
 21
101.1798844856
  0
LINE
  5
845
100
AcDbEntity
  8
0
100
AcDbLine
 62
7
  6
BYLAYER
 10
17.6294185851
 20
101.1761786934
 11
18.0835682001
 21
101.1781003978
  0
LINE
  5
846
100
AcDbEntity
  8
0
100
AcDbLine
 62
7
  6
BYLAYER
 10
23.9338978086
 20
101.2028643259
 11
24.2473440246
 21
101.2041911067
  0
LINE
  5
847
100
AcDbEntity
  8
0
100
AcDbLine
 62
7
  6
BYLAYER
 10
17.3751651907
 20
101.2938690122
 11
17.9109551243
 21
101.2961369002
  0
LINE
  5
848
100
AcDbEntity
  8
0
100
AcDbLine
 62
7
  6
BYLAYER
 10
21.7154188464
 20
101.3122404083
 11
22.2171009321
 21
101.3143639248
  0
LINE
  5
849
100
AcDbEntity
  8
0
100
AcDbLine
 62
7
  6
BYLAYER
 10
16.4047705367
 20
101.3255209517
 11
16.1429777189
 21
101.3244128601
  0
LINE
  5
84A
100
AcDbEntity
  8
0
100
AcDbLine
 62
7
  6
BYLAYER
 10
22.706536847
 20
101.3521950544
 11
21.7868032898
 21
101.3482959206
  0
LINE
  5
84B
100
AcDbEntity
  8
0
100
AcDbLine
 62
7
  6
BYLAYER
 10
23.9429777189
 20
100.7555762406
 11
21.0679777189
 21
100.7555762406
  0
LINE
  5
84C
100
AcDbEntity
  8
0
100
AcDbLine
 62
7
  6
BYLAYER
 10
16.1929777189
 20
100.7555762406
 11
19.0679777189
 21
100.7555762406
  0
LINE
  5
84D
100
AcDbEntity
  8
0
100
AcDbLine
 62
7
  6
BYLAYER
 10
24.5429777189
 20
101.3555762406
 11
23.9339132983
 21
101.3555762406
  0
LINE
  5
84E
100
AcDbEntity
  8
0
100
AcDbLine
 62
7
  6
BYLAYER
 10
16.4020421395
 20
101.3555762406
 11
16.1429777189
 21
101.3555762406
  0
LINE
  5
84F
100
AcDbEntity
  8
0
100
AcDbLine
 62
7
  6
BYLAYER
 10
24.1929777189
 20
101.35985381
 11
24.5429777189
 21
101.35985381
  0
LINE
  5
850
100
AcDbEntity
  8
0
100
AcDbLine
 62
7
  6
BYLAYER
 10
24.5429777189
 20
102.0882570269
 11
24.1929777189
 21
102.0882570269
  0
LINE
  5
851
100
AcDbEntity
  8
0
100
AcDbLine
 62
7
  6
BYLAYER
 10
16.1429777189
 20
102.3555762406
 11
16.429551987
 21
102.3555762406
  0
LINE
  5
852
100
AcDbEntity
  8
0
100
AcDbLine
 62
7
  6
BYLAYER
 10
23.9339132983
 20
102.3555762406
 11
24.1929777189
 21
102.3555762406
  0
LINE
  5
853
100
AcDbEntity
  8
0
100
AcDbLine
 62
7
  6
BYLAYER
 10
24.1929777189
 20
102.5839794576
 11
24.5429777189
 21
102.5839794576
  0
LINE
  5
854
100
AcDbEntity
  8
0
100
AcDbLine
 62
7
  6
BYLAYER
 10
20.5679777189
 20
102.9555762406
 11
19.5679777189
 21
102.9555762406
  0
LINE
  5
855
100
AcDbEntity
  8
0
100
AcDbLine
 62
7
  6
BYLAYER
 10
79.6679777189
 20
103.3555762406
 11
71.6679777189
 21
103.3555762406
  0
LINE
  5
856
100
AcDbEntity
  8
0
100
AcDbLine
 62
7
  6
BYLAYER
 10
59.6679777189
 20
103.3555762406
 11
51.6679777189
 21
103.3555762406
  0
LINE
  5
857
100
AcDbEntity
  8
0
100
AcDbLine
 62
7
  6
BYLAYER
 10
39.6679777189
 20
103.3555762406
 11
31.6679777189
 21
103.3555762406
  0
LINE
  5
858
100
AcDbEntity
  8
0
100
AcDbLine
 62
7
  6
BYLAYER
 10
86.9179777189
 20
15.7555762406
 11
86.9179777189
 21
57.3555762406
  0
LINE
  5
859
100
AcDbEntity
  8
0
100
AcDbLine
 62
7
  6
BYLAYER
 10
86.9179777189
 20
9.7555762406
 11
86.9179777189
 21
15.7555762406
  0
LINE
  5
85A
100
AcDbEntity
  8
0
100
AcDbLine
 62
7
  6
BYLAYER
 10
84.9179777189
 20
44.7555762406
 11
83.23021698
 21
42.7555762406
  0
LINE
  5
85B
100
AcDbEntity
  8
0
100
AcDbLine
 62
7
  6
BYLAYER
 10
36.5616817054
 20
12.414514656
 11
38.2754593135
 21
13.614514656
  0
LINE
  5
85C
100
AcDbEntity
  8
0
100
AcDbLine
 62
7
  6
BYLAYER
 10
23.9429777189
 20
105.2555762406
 11
21.0679777189
 21
105.2555762406
  0
LINE
  5
85D
100
AcDbEntity
  8
0
100
AcDbLine
 62
7
  6
BYLAYER
 10
16.1929777189
 20
105.2555762406
 11
19.0679777189
 21
105.2555762406
  0
LINE
  5
85E
100
AcDbEntity
  8
0
100
AcDbLine
 62
7
  6
BYLAYER
 10
16.1929777189
 20
106.2555762406
 11
19.3179777189
 21
106.2555762406
  0
LINE
  5
85F
100
AcDbEntity
  8
0
100
AcDbLine
 62
7
  6
BYLAYER
 10
20.8179777189
 20
106.2555762406
 11
23.9429777189
 21
106.2555762406
  0
LINE
  5
860
100
AcDbEntity
  8
0
100
AcDbLine
 62
7
  6
BYLAYER
 10
82.4179777189
 20
106.3555762406
 11
82.2679777189
 21
106.3555762406
  0
LINE
  5
861
100
AcDbEntity
  8
0
100
AcDbLine
 62
7
  6
BYLAYER
 10
69.0679777189
 20
106.3555762406
 11
68.9179777189
 21
106.3555762406
  0
LINE
  5
862
100
AcDbEntity
  8
0
100
AcDbLine
 62
7
  6
BYLAYER
 10
62.4179777189
 20
106.3555762406
 11
62.2679777189
 21
106.3555762406
  0
LINE
  5
863
100
AcDbEntity
  8
0
100
AcDbLine
 62
7
  6
BYLAYER
 10
49.0679777189
 20
106.3555762406
 11
48.9179777189
 21
106.3555762406
  0
LINE
  5
864
100
AcDbEntity
  8
0
100
AcDbLine
 62
7
  6
BYLAYER
 10
42.4179777189
 20
106.3555762406
 11
42.2679777189
 21
106.3555762406
  0
LINE
  5
865
100
AcDbEntity
  8
0
100
AcDbLine
 62
7
  6
BYLAYER
 10
29.0679777189
 20
106.3555762406
 11
28.9179777189
 21
106.3555762406
  0
LINE
  5
866
100
AcDbEntity
  8
0
100
AcDbLine
 62
7
  6
BYLAYER
 10
12.1679777189
 20
107.5555762406
 11
12.2360472877
 21
107.5555762406
  0
LINE
  5
867
100
AcDbEntity
  8
0
100
AcDbLine
 62
7
  6
BYLAYER
 10
16.1429777189
 20
107.5555762406
 11
16.1929777189
 21
107.5555762406
  0
LINE
  5
868
100
AcDbEntity
  8
0
100
AcDbLine
 62
7
  6
BYLAYER
 10
23.9429777189
 20
107.5555762406
 11
24.1929777189
 21
107.5555762406
  0
LINE
  5
869
100
AcDbEntity
  8
0
100
AcDbLine
 62
7
  6
BYLAYER
 10
28.9179777189
 20
107.5555762406
 11
29.0679777189
 21
107.5555762406
  0
LINE
  5
86A
100
AcDbEntity
  8
0
100
AcDbLine
 62
7
  6
BYLAYER
 10
62.2679777189
 20
107.5555762406
 11
62.4179777189
 21
107.5555762406
  0
LINE
  5
86B
100
AcDbEntity
  8
0
100
AcDbLine
 62
7
  6
BYLAYER
 10
68.9179777189
 20
107.5555762406
 11
69.0679777189
 21
107.5555762406
  0
LINE
  5
86C
100
AcDbEntity
  8
0
100
AcDbLine
 62
7
  6
BYLAYER
 10
82.2679777189
 20
107.5555762406
 11
82.4179777189
 21
107.5555762406
  0
LINE
  5
86D
100
AcDbEntity
  8
0
100
AcDbLine
 62
7
  6
BYLAYER
 10
86.5999081501
 20
107.5555762406
 11
86.6679777189
 21
107.5555762406
  0
LINE
  5
86E
100
AcDbEntity
  8
0
100
AcDbLine
 62
7
  6
BYLAYER
 10
82.4179777189
 20
107.8555762406
 11
82.2679777189
 21
107.8555762406
  0
LINE
  5
86F
100
AcDbEntity
  8
0
100
AcDbLine
 62
7
  6
BYLAYER
 10
69.0679777189
 20
107.8555762406
 11
68.9179777189
 21
107.8555762406
  0
LINE
  5
870
100
AcDbEntity
  8
0
100
AcDbLine
 62
7
  6
BYLAYER
 10
62.4179777189
 20
107.8555762406
 11
62.2679777189
 21
107.8555762406
  0
LINE
  5
871
100
AcDbEntity
  8
0
100
AcDbLine
 62
7
  6
BYLAYER
 10
49.0679777189
 20
107.8555762406
 11
48.9179818479
 21
107.8555762406
  0
LINE
  5
872
100
AcDbEntity
  8
0
100
AcDbLine
 62
7
  6
BYLAYER
 10
42.4179735913
 20
107.8555762406
 11
42.2679777189
 21
107.8555762406
  0
LINE
  5
873
100
AcDbEntity
  8
0
100
AcDbLine
 62
7
  6
BYLAYER
 10
29.0679777189
 20
107.8555762406
 11
28.9179777189
 21
107.8555762406
  0
LINE
  5
874
100
AcDbEntity
  8
0
100
AcDbLine
 62
7
  6
BYLAYER
 10
24.1929777189
 20
107.8555762406
 11
23.9429777189
 21
107.8555762406
  0
LINE
  5
875
100
AcDbEntity
  8
0
100
AcDbLine
 62
7
  6
BYLAYER
 10
16.1429777189
 20
107.8555762406
 11
16.1929777189
 21
107.8555762406
  0
LINE
  5
876
100
AcDbEntity
  8
0
100
AcDbLine
 62
7
  6
BYLAYER
 10
20.5679777189
 20
108.2555762406
 11
19.5679777189
 21
108.2555762406
  0
LINE
  5
877
100
AcDbEntity
  8
0
100
AcDbLine
 62
7
  6
BYLAYER
 10
24.5429777189
 20
108.3555762406
 11
24.1929777189
 21
108.3555762406
  0
LINE
  5
878
100
AcDbEntity
  8
0
100
AcDbLine
 62
7
  6
BYLAYER
 10
79.6679777189
 20
108.5442513752
 11
71.6679777189
 21
108.5442513752
  0
LINE
  5
879
100
AcDbEntity
  8
0
100
AcDbLine
 62
7
  6
BYLAYER
 10
59.6679777189
 20
108.5442513752
 11
51.6679777189
 21
108.5442513752
  0
LINE
  5
87A
100
AcDbEntity
  8
0
100
AcDbLine
 62
7
  6
BYLAYER
 10
39.6679777189
 20
108.5442513752
 11
31.6679777189
 21
108.5442513752
  0
LINE
  5
87B
100
AcDbEntity
  8
0
100
AcDbLine
 62
7
  6
BYLAYER
 10
16.1929777189
 20
108.6812172663
 11
19.3179777189
 21
108.6812172663
  0
LINE
  5
87C
100
AcDbEntity
  8
0
100
AcDbLine
 62
7
  6
BYLAYER
 10
20.8179777189
 20
108.6812172663
 11
23.9429777189
 21
108.6812172663
  0
LINE
  5
87D
100
AcDbEntity
  8
0
100
AcDbLine
 62
7
  6
BYLAYER
 10
16.1429777189
 20
108.8555762406
 11
16.1929777189
 21
108.8555762406
  0
LINE
  5
87E
100
AcDbEntity
  8
0
100
AcDbLine
 62
7
  6
BYLAYER
 10
23.9429777189
 20
108.8555762406
 11
24.5429777189
 21
108.8555762406
  0
LINE
  5
87F
100
AcDbEntity
  8
0
100
AcDbLine
 62
7
  6
BYLAYER
 10
23.9429777189
 20
109.6555762406
 11
21.0554777189
 21
109.6555762406
  0
LINE
  5
880
100
AcDbEntity
  8
0
100
AcDbLine
 62
7
  6
BYLAYER
 10
16.1929777189
 20
109.6555762406
 11
19.0804777189
 21
109.6555762406
  0
LINE
  5
881
100
AcDbEntity
  8
0
100
AcDbLine
 62
7
  6
BYLAYER
 10
79.6679777189
 20
95.0055762406
 11
78.5926626904
 21
95.7563544669
  0
LINE
  5
882
100
AcDbEntity
  8
0
100
AcDbLine
 62
7
  6
BYLAYER
 10
72.2179777189
 20
98.3555762406
 11
71.6679777189
 21
98.9055762406
  0
LINE
  5
883
100
AcDbEntity
  8
0
100
AcDbLine
 62
7
  6
BYLAYER
 10
24.5429777189
 20
110.2555762406
 11
23.9429777189
 21
110.2555762406
  0
LINE
  5
884
100
AcDbEntity
  8
0
100
AcDbLine
 62
7
  6
BYLAYER
 10
21.0554777189
 20
110.2555762406
 11
19.0804777189
 21
110.2555762406
  0
LINE
  5
885
100
AcDbEntity
  8
0
100
AcDbLine
 62
7
  6
BYLAYER
 10
16.1929777189
 20
110.2555762406
 11
16.1429777189
 21
110.2555762406
  0
LINE
  5
886
100
AcDbEntity
  8
0
100
AcDbLine
 62
7
  6
BYLAYER
 10
24.5429777189
 20
110.4555762406
 11
24.1929777189
 21
110.4555762406
  0
LINE
  5
887
100
AcDbEntity
  8
0
100
AcDbLine
 62
7
  6
BYLAYER
 10
24.1929777189
 20
110.9555762406
 11
24.5429777189
 21
110.9555762406
  0
LINE
  5
888
100
AcDbEntity
  8
0
100
AcDbLine
 62
7
  6
BYLAYER
 10
82.4179777189
 20
112.8555762406
 11
82.2679777189
 21
112.8555762406
  0
LINE
  5
889
100
AcDbEntity
  8
0
100
AcDbLine
 62
7
  6
BYLAYER
 10
29.0679777189
 20
112.8555762406
 11
28.9179777189
 21
112.8555762406
  0
LINE
  5
88A
100
AcDbEntity
  8
0
100
AcDbLine
 62
7
  6
BYLAYER
 10
16.1429777189
 20
112.8555762406
 11
16.1929777189
 21
112.8555762406
  0
LINE
  5
88B
100
AcDbEntity
  8
0
100
AcDbLine
 62
7
  6
BYLAYER
 10
86.6487165898
 20
113.1484694594
 11
86.0679777189
 21
113.1484694594
  0
LINE
  5
88C
100
AcDbEntity
  8
0
100
AcDbLine
 62
7
  6
BYLAYER
 10
85.5679777189
 20
113.1484694594
 11
82.4179777189
 21
113.1484694594
  0
LINE
  5
88D
100
AcDbEntity
  8
0
100
AcDbLine
 62
7
  6
BYLAYER
 10
68.9179777189
 20
113.1484694594
 11
62.4179777189
 21
113.1484694594
  0
LINE
  5
88E
100
AcDbEntity
  8
0
100
AcDbLine
 62
7
  6
BYLAYER
 10
28.9179777189
 20
113.1484694594
 11
24.5429777189
 21
113.1484694594
  0
LINE
  5
88F
100
AcDbEntity
  8
0
100
AcDbLine
 62
7
  6
BYLAYER
 10
42.4179777189
 20
113.1484705193
 11
48.9179777189
 21
113.1484699166
  0
LINE
  5
890
100
AcDbEntity
  8
0
100
AcDbLine
 62
7
  6
BYLAYER
 10
49.0679777189
 20
113.2555762406
 11
48.9179777189
 21
113.2555762406
  0
LINE
  5
891
100
AcDbEntity
  8
0
100
AcDbLine
 62
7
  6
BYLAYER
 10
42.4179777189
 20
113.2555762406
 11
42.2679777189
 21
113.2555762406
  0
LINE
  5
892
100
AcDbEntity
  8
0
100
AcDbLine
 62
7
  6
BYLAYER
 10
24.5429777189
 20
113.50202285
 11
28.9179777189
 21
113.50202285
  0
LINE
  5
893
100
AcDbEntity
  8
0
100
AcDbLine
 62
7
  6
BYLAYER
 10
42.4179777189
 20
113.50202285
 11
48.9179777189
 21
113.50202285
  0
LINE
  5
894
100
AcDbEntity
  8
0
100
AcDbLine
 62
7
  6
BYLAYER
 10
62.4179777189
 20
113.50202285
 11
68.9179777189
 21
113.50202285
  0
LINE
  5
895
100
AcDbEntity
  8
0
100
AcDbLine
 62
7
  6
BYLAYER
 10
82.4179777189
 20
113.50202285
 11
85.5679777189
 21
113.5020228501
  0
LINE
  5
896
100
AcDbEntity
  8
0
100
AcDbLine
 62
7
  6
BYLAYER
 10
57.6679777189
 20
122.1555762406
 11
58.6679777189
 21
121.1555762406
  0
LINE
  5
897
100
AcDbEntity
  8
0
100
AcDbLine
 62
7
  6
BYLAYER
 10
58.1891731895
 20
121.6342297364
 11
58.5458840811
 21
121.2775963987
  0
LINE
  5
898
100
AcDbEntity
  8
0
100
AcDbLine
 62
7
  6
BYLAYER
 10
56.7608709845
 20
125.1551572628
 11
58.1604522392
 21
123.7555762406
  0
LINE
  5
899
100
AcDbEntity
  8
0
100
AcDbLine
 62
7
  6
BYLAYER
 10
57.1144243283
 20
125.5087106094
 11
58.8675586971
 21
123.7555762406
  0
LINE
  5
89A
100
AcDbEntity
  8
0
100
AcDbLine
 62
7
  6
BYLAYER
 10
39.0889877905
 20
13.1358336993
 11
35.6179777189
 21
11.8724893504
  0
LINE
  5
89B
100
AcDbEntity
  8
0
100
AcDbLine
 62
7
  6
BYLAYER
 10
16.1429777189
 20
114.3555762406
 11
13.2679777189
 21
114.3555762406
  0
LINE
  5
89C
100
AcDbEntity
  8
0
100
AcDbLine
 62
7
  6
BYLAYER
 10
23.9429777189
 20
114.7555762406
 11
16.1929777189
 21
114.7555762406
  0
LINE
  5
89D
100
AcDbEntity
  8
0
100
AcDbLine
 62
7
  6
BYLAYER
 10
24.5429777189
 20
114.8555762406
 11
24.1929777189
 21
114.8555762406
  0
LINE
  5
89E
100
AcDbEntity
  8
0
100
AcDbLine
 62
7
  6
BYLAYER
 10
85.5679777189
 20
115.2091296312
 11
82.4179777189
 21
115.2091296312
  0
LINE
  5
89F
100
AcDbEntity
  8
0
100
AcDbLine
 62
7
  6
BYLAYER
 10
68.9179777189
 20
115.2091296312
 11
62.4179777189
 21
115.2091296312
  0
LINE
  5
8A0
100
AcDbEntity
  8
0
100
AcDbLine
 62
7
  6
BYLAYER
 10
48.9179777189
 20
115.2091296312
 11
42.4179777189
 21
115.2091296312
  0
LINE
  5
8A1
100
AcDbEntity
  8
0
100
AcDbLine
 62
7
  6
BYLAYER
 10
28.9179777189
 20
115.2091296312
 11
24.5429777189
 21
115.2091296312
  0
LINE
  5
8A2
100
AcDbEntity
  8
0
100
AcDbLine
 62
7
  6
BYLAYER
 10
12.7679777189
 20
115.2216016444
 11
12.1691468975
 21
115.2216016444
  0
LINE
  5
8A3
100
AcDbEntity
  8
0
100
AcDbLine
 62
7
  6
BYLAYER
 10
16.1929777189
 20
115.2555762406
 11
23.9429777189
 21
115.2555762406
  0
LINE
  5
8A4
100
AcDbEntity
  8
0
100
AcDbLine
 62
7
  6
BYLAYER
 10
12.1679777189
 20
115.3555762406
 11
16.1429777189
 21
115.3555762406
  0
LINE
  5
8A5
100
AcDbEntity
  8
0
100
AcDbLine
 62
7
  6
BYLAYER
 10
24.1929777189
 20
115.3555762406
 11
29.0679777189
 21
115.3555762406
  0
LINE
  5
8A6
100
AcDbEntity
  8
0
100
AcDbLine
 62
7
  6
BYLAYER
 10
42.2679777189
 20
115.3555762406
 11
49.0679777189
 21
115.3555762406
  0
LINE
  5
8A7
100
AcDbEntity
  8
0
100
AcDbLine
 62
7
  6
BYLAYER
 10
62.2679777189
 20
115.3555762406
 11
69.0679777189
 21
115.3555762406
  0
LINE
  5
8A8
100
AcDbEntity
  8
0
100
AcDbLine
 62
7
  6
BYLAYER
 10
82.2679777189
 20
115.3555762406
 11
86.6679777189
 21
115.3555762406
  0
LINE
  5
8A9
100
AcDbEntity
  8
0
100
AcDbLine
 62
7
  6
BYLAYER
 10
12.1679777189
 20
115.675880332
 11
25.1679777189
 21
115.6758802136
  0
LINE
  5
8AA
100
AcDbEntity
  8
0
100
AcDbLine
 62
7
  6
BYLAYER
 10
86.1679777189
 20
115.675880342
 11
86.6679777189
 21
115.6758803437
  0
LINE
  5
8AB
100
AcDbEntity
  8
0
100
AcDbLine
 62
7
  6
BYLAYER
 10
86.6679777189
 20
116.0555762406
 11
86.1679777189
 21
116.0555762406
  0
LINE
  5
8AC
100
AcDbEntity
  8
0
100
AcDbLine
 62
7
  6
BYLAYER
 10
25.1679777189
 20
116.0555762999
 11
12.1679777189
 21
116.0555762406
  0
LINE
  5
8AD
100
AcDbEntity
  8
0
100
AcDbLine
 62
7
  6
BYLAYER
 10
86.1679777189
 20
117.8555762406
 11
25.1679777189
 21
117.8555762406
  0
LINE
  5
8AE
100
AcDbEntity
  8
0
100
AcDbLine
 62
7
  6
BYLAYER
 10
25.6679777189
 20
118.3555762406
 11
85.6679777189
 21
118.3555762406
  0
LINE
  5
8AF
100
AcDbEntity
  8
0
100
AcDbLine
 62
7
  6
BYLAYER
 10
13.1677390569
 20
118.4058884562
 11
39.6677408603
 21
118.4058884091
  0
LINE
  5
8B0
100
AcDbEntity
  8
0
100
AcDbLine
 62
7
  6
BYLAYER
 10
63.6682181107
 20
118.4058884086
 11
85.6682124207
 21
118.4058884727
  0
LINE
  5
8B1
100
AcDbEntity
  8
0
100
AcDbLine
 62
7
  6
BYLAYER
 10
39.9679777189
 20
118.6442516317
 11
44.9616180295
 21
118.6442516317
  0
LINE
  5
8B2
100
AcDbEntity
  8
0
100
AcDbLine
 62
7
  6
BYLAYER
 10
58.3743374083
 20
118.6442516317
 11
63.3679777189
 21
118.6442516317
  0
LINE
  5
8B3
100
AcDbEntity
  8
0
100
AcDbLine
 62
7
  6
BYLAYER
 10
13.4679777189
 20
118.7097164356
 11
39.9679777189
 21
118.7097164356
  0
LINE
  5
8B4
100
AcDbEntity
  8
0
100
AcDbLine
 62
7
  6
BYLAYER
 10
63.3679777189
 20
118.7097164356
 11
85.3679777189
 21
118.7097164356
  0
LINE
  5
8B5
100
AcDbEntity
  8
0
100
AcDbLine
 62
7
  6
BYLAYER
 10
42.6679777189
 20
118.8591818288
 11
44.6679777189
 21
118.8591818288
  0
LINE
  5
8B6
100
AcDbEntity
  8
0
100
AcDbLine
 62
7
  6
BYLAYER
 10
58.6679777189
 20
118.8591818288
 11
60.6679777189
 21
118.8591818288
  0
LINE
  5
8B7
100
AcDbEntity
  8
0
100
AcDbLine
 62
7
  6
BYLAYER
 10
20.0679777189
 20
118.9246466328
 11
42.6679777189
 21
118.9246466328
  0
LINE
  5
8B8
100
AcDbEntity
  8
0
100
AcDbLine
 62
7
  6
BYLAYER
 10
60.6679777189
 20
118.9246466328
 11
83.2679777189
 21
118.9246466328
  0
LINE
  5
8B9
100
AcDbEntity
  8
0
100
AcDbLine
 62
7
  6
BYLAYER
 10
85.3679777189
 20
119.0555762422
 11
83.7679777189
 21
119.0555762417
  0
LINE
  5
8BA
100
AcDbEntity
  8
0
100
AcDbLine
 62
7
  6
BYLAYER
 10
56.3679777189
 20
119.0555762406
 11
46.9679777189
 21
119.0555762406
  0
LINE
  5
8BB
100
AcDbEntity
  8
0
100
AcDbLine
 62
7
  6
BYLAYER
 10
19.5679777189
 20
119.0555762396
 11
13.4679777189
 21
119.055576239
  0
LINE
  5
8BC
100
AcDbEntity
  8
0
100
AcDbLine
 62
7
  6
BYLAYER
 10
48.1179777189
 20
119.8891318151
 11
56.1179777189
 21
119.8891318151
  0
LINE
  5
8BD
100
AcDbEntity
  8
0
100
AcDbLine
 62
7
  6
BYLAYER
 10
48.1179777189
 20
120.7551572189
 11
56.1179777189
 21
120.7551572189
  0
LINE
  5
8BE
100
AcDbEntity
  8
0
100
AcDbLine
 62
7
  6
BYLAYER
 10
79.6179777189
 20
121.0551572189
 11
77.3679777189
 21
121.0551572189
  0
LINE
  5
8BF
100
AcDbEntity
  8
0
100
AcDbLine
 62
7
  6
BYLAYER
 10
25.8679777189
 20
121.0551572189
 11
23.6179777189
 21
121.0551572189
  0
LINE
  5
8C0
100
AcDbEntity
  8
0
100
AcDbLine
 62
7
  6
BYLAYER
 10
60.6679777189
 20
121.1555762406
 11
58.6679777189
 21
121.1555762406
  0
LINE
  5
8C1
100
AcDbEntity
  8
0
100
AcDbLine
 62
7
  6
BYLAYER
 10
44.6679777189
 20
121.1555762406
 11
42.6679777189
 21
121.1555762406
  0
LINE
  5
8C2
100
AcDbEntity
  8
0
100
AcDbLine
 62
7
  6
BYLAYER
 10
40.6679777189
 20
121.1555762406
 11
42.5179777189
 21
121.1555762406
  0
LINE
  5
8C3
100
AcDbEntity
  8
0
100
AcDbLine
 62
7
  6
BYLAYER
 10
60.8179777189
 20
121.1555762406
 11
62.6679777189
 21
121.1555762406
  0
LINE
  5
8C4
100
AcDbEntity
  8
0
100
AcDbLine
 62
7
  6
BYLAYER
 10
23.1179777189
 20
121.555157219
 11
25.8679777189
 21
121.5551572189
  0
LINE
  5
8C5
100
AcDbEntity
  8
0
100
AcDbLine
 62
7
  6
BYLAYER
 10
42.6679777189
 20
122.1555762406
 11
45.6679777189
 21
122.1555762406
  0
LINE
  5
8C6
100
AcDbEntity
  8
0
100
AcDbLine
 62
7
  6
BYLAYER
 10
57.6679777189
 20
122.1555762406
 11
60.6679777189
 21
122.1555762406
  0
LINE
  5
8C7
100
AcDbEntity
  8
0
100
AcDbLine
 62
7
  6
BYLAYER
 10
80.1179777189
 20
122.4551572189
 11
75.6179777189
 21
122.4551572189
  0
LINE
  5
8C8
100
AcDbEntity
  8
0
100
AcDbLine
 62
7
  6
BYLAYER
 10
23.6179777189
 20
122.9551572189
 11
27.1179777189
 21
122.9551572189
  0
LINE
  5
8C9
100
AcDbEntity
  8
0
100
AcDbLine
 62
7
  6
BYLAYER
 10
76.1179777189
 20
122.9551572189
 11
79.6179777189
 21
122.9551572189
  0
LINE
  5
8CA
100
AcDbEntity
  8
0
100
AcDbLine
 62
7
  6
BYLAYER
 10
62.6679777189
 20
122.9555762406
 11
60.8179777189
 21
122.9555762406
  0
LINE
  5
8CB
100
AcDbEntity
  8
0
100
AcDbLine
 62
7
  6
BYLAYER
 10
42.5179777189
 20
122.9555762406
 11
40.6679777189
 21
122.9555762406
  0
LINE
  5
8CC
100
AcDbEntity
  8
0
100
AcDbLine
 62
7
  6
BYLAYER
 10
48.1179777189
 20
123.2551572189
 11
48.8679777189
 21
123.2551572189
  0
LINE
  5
8CD
100
AcDbEntity
  8
0
100
AcDbLine
 62
7
  6
BYLAYER
 10
54.3679777228
 20
123.2551572189
 11
56.1179777189
 21
123.2551572189
  0
LINE
  5
8CE
100
AcDbEntity
  8
0
100
AcDbLine
 62
7
  6
BYLAYER
 10
40.9679777189
 20
123.2555762406
 11
42.5179777189
 21
123.2555762406
  0
LINE
  5
8CF
100
AcDbEntity
  8
0
100
AcDbLine
 62
7
  6
BYLAYER
 10
60.8179777189
 20
123.2555762406
 11
62.3679777189
 21
123.2555762406
  0
LINE
  5
8D0
100
AcDbEntity
  8
0
100
AcDbLine
 62
7
  6
BYLAYER
 10
60.6679777189
 20
123.4555762406
 11
56.3679777189
 21
123.4555762406
  0
LINE
  5
8D1
100
AcDbEntity
  8
0
100
AcDbLine
 62
7
  6
BYLAYER
 10
46.9679777189
 20
123.4555762406
 11
42.6679777189
 21
123.4555762406
  0
LINE
  5
8D2
100
AcDbEntity
  8
0
100
AcDbLine
 62
7
  6
BYLAYER
 10
42.5179777189
 20
123.7555762406
 11
46.6679777189
 21
123.7555762406
  0
LINE
  5
8D3
100
AcDbEntity
  8
0
100
AcDbLine
 62
7
  6
BYLAYER
 10
56.6679777189
 20
123.7555762406
 11
60.8179777189
 21
123.7555762406
  0
LINE
  5
8D4
100
AcDbEntity
  8
0
100
AcDbLine
 62
7
  6
BYLAYER
 10
42.8179777189
 20
124.0555762406
 11
44.6683967407
 21
124.0555762406
  0
LINE
  5
8D5
100
AcDbEntity
  8
0
100
AcDbLine
 62
7
  6
BYLAYER
 10
58.5675586971
 20
124.0555762406
 11
60.5179777189
 21
124.0555762406
  0
LINE
  5
8D6
100
AcDbEntity
  8
0
100
AcDbLine
 62
7
  6
BYLAYER
 10
54.8679777187
 20
124.2551572188
 11
56.1179777189
 21
124.2551572188
  0
LINE
  5
8D7
100
AcDbEntity
  8
0
100
AcDbLine
 62
7
  6
BYLAYER
 10
49.3679777189
 20
125.1551572189
 11
47.3179777189
 21
125.1551572189
  0
LINE
  5
8D8
100
AcDbEntity
  8
0
100
AcDbLine
 62
7
  6
BYLAYER
 10
53.8679777189
 20
125.1551572189
 11
56.7608709845
 21
125.1551572628
  0
LINE
  5
8D9
100
AcDbEntity
  8
0
100
AcDbLine
 62
7
  6
BYLAYER
 10
53.8679777189
 20
125.1555762406
 11
49.3679777189
 21
125.1555762406
  0
LINE
  5
8DA
100
AcDbEntity
  8
0
100
AcDbLine
 62
7
  6
BYLAYER
 10
49.2676305914
 20
125.4555762406
 11
53.9710643503
 21
125.4555762406
  0
LINE
  5
8DB
100
AcDbEntity
  8
0
100
AcDbLine
 62
7
  6
BYLAYER
 10
56.7608709377
 20
125.6551572189
 11
54.3679788631
 21
125.6551572189
  0
LINE
  5
8DC
100
AcDbEntity
  8
0
100
AcDbLine
 62
7
  6
BYLAYER
 10
46.4750845001
 20
125.6551572189
 11
48.8679765742
 21
125.6551572189
  0
LINE
  5
8DD
100
AcDbEntity
  8
0
100
AcDbLine
 62
7
  6
BYLAYER
 10
86.0679777189
 20
113.1484694594
 11
85.6060379527
 21
113.3398111756
  0
LINE
  5
8DE
100
AcDbEntity
  8
0
100
AcDbLine
 62
7
  6
BYLAYER
 10
76.5616817054
 20
12.414514656
 11
78.2754593135
 21
13.614514656
  0
LINE
  5
8DF
100
AcDbEntity
  8
0
100
AcDbLine
 62
7
  6
BYLAYER
 10
79.0889877905
 20
13.1358336993
 11
75.6179777189
 21
11.8724893504
  0
ARC
  5
8E0
100
AcDbEntity
  8
0
100
AcDbCircle
 62
7
  6
BYLAYER
 10
-45.2430762694
 20
-52.7544355326
 40
147.6364286902
100
AcDbArc
 50
62.2081084246
 51
62.6315843276
  0
ARC
  5
8E1
100
AcDbEntity
  8
0
100
AcDbCircle
 62
7
  6
BYLAYER
 10
-20.7652288086
 20
10.5565432255
 40
56.1395312634
100
AcDbArc
 50
45.1152483836
 51
45.3293014431
  0
ARC
  5
8E2
100
AcDbEntity
  8
0
100
AcDbCircle
 62
7
  6
BYLAYER
 10
-41.2645614923
 20
200.4589243822
 40
138.1818970963
100
AcDbArc
 50
294.8893888701
 51
295.7729320971
  0
ARC
  5
8E3
100
AcDbEntity
  8
0
100
AcDbCircle
 62
7
  6
BYLAYER
 10
-41.1951932913
 20
201.9722563863
 40
138.0185942253
100
AcDbArc
 50
294.8891436922
 51
295.7719452012
  0
ARC
  5
8E4
100
AcDbEntity
  8
0
100
AcDbCircle
 62
7
  6
BYLAYER
 10
-63.4885132761
 20
80.6407560293
 40
102.7064909526
100
AcDbArc
 50
0.0082675593
 51
0.7892956844
  0
ARC
  5
8E5
100
AcDbEntity
  8
0
100
AcDbCircle
 62
7
  6
BYLAYER
 10
12.9179777189
 20
18.7555762406
 40
1.0
100
AcDbArc
 50
89.999793914
 51
180.0
  0
ARC
  5
8E6
100
AcDbEntity
  8
0
100
AcDbCircle
 62
7
  6
BYLAYER
 10
14.4179777189
 20
18.2555762406
 40
0.5
100
AcDbArc
 50
180.0
 51
270.0
  0
ARC
  5
8E7
100
AcDbEntity
  8
0
100
AcDbCircle
 62
7
  6
BYLAYER
 10
16.4179777189
 20
18.2555762406
 40
0.5
100
AcDbArc
 50
180.0
 51
269.9977942421
  0
ARC
  5
8E8
100
AcDbEntity
  8
0
100
AcDbCircle
 62
7
  6
BYLAYER
 10
13.9179777189
 20
18.2555762406
 40
0.5
100
AcDbArc
 50
180.0
 51
270.0
  0
ARC
  5
8E9
100
AcDbEntity
  8
0
100
AcDbCircle
 62
7
  6
BYLAYER
 10
14.9179777189
 20
44.3555762406
 40
1.0
100
AcDbArc
 50
359.9997086074
 51
90.0
  0
ARC
  5
8EA
100
AcDbEntity
  8
0
100
AcDbCircle
 62
7
  6
BYLAYER
 10
14.4179777189
 20
45.8555762406
 40
0.5
100
AcDbArc
 50
179.9985575804
 51
269.9999999985
  0
ARC
  5
8EB
100
AcDbEntity
  8
0
100
AcDbCircle
 62
7
  6
BYLAYER
 10
20.6186243278
 20
23.7099692944
 40
23.5419580788
100
AcDbArc
 50
90.0011144796
 51
93.89861819
  0
ARC
  5
8EC
100
AcDbEntity
  8
0
100
AcDbCircle
 62
7
  6
BYLAYER
 10
20.6189676161
 20
23.7563957415
 40
23.495531641
100
AcDbArc
 50
86.0976665129
 51
90.0019538185
  0
ARC
  5
8ED
100
AcDbEntity
  8
0
100
AcDbCircle
 62
7
  6
BYLAYER
 10
20.5902794398
 20
25.2308217874
 40
23.1273376081
100
AcDbArc
 50
95.1408253652
 51
95.6385229847
  0
ARC
  5
8EE
100
AcDbEntity
  8
0
100
AcDbCircle
 62
7
  6
BYLAYER
 10
20.6490918706
 20
25.2673581128
 40
23.0906421262
100
AcDbArc
 50
84.3610136295
 51
84.8594926896
  0
ARC
  5
8EF
100
AcDbEntity
  8
0
100
AcDbCircle
 62
7
  6
BYLAYER
 10
25.1679777189
 20
18.7555762406
 40
1.0
100
AcDbArc
 50
0.0
 51
89.9993017157
  0
ARC
  5
8F0
100
AcDbEntity
  8
0
100
AcDbCircle
 62
7
  6
BYLAYER
 10
24.2179777189
 20
18.2555762406
 40
0.5
100
AcDbArc
 50
270.0024301573
 51
360.0
  0
ARC
  5
8F1
100
AcDbEntity
  8
0
100
AcDbCircle
 62
7
  6
BYLAYER
 10
19.2179777189
 20
18.2555762406
 40
0.5
100
AcDbArc
 50
180.0
 51
269.9977942421
  0
ARC
  5
8F2
100
AcDbEntity
  8
0
100
AcDbCircle
 62
7
  6
BYLAYER
 10
19.5948110142
 20
70.1780236255
 40
31.2569994511
100
AcDbArc
 50
92.0089767751
 51
93.1904335773
  0
ARC
  5
8F3
100
AcDbEntity
  8
0
100
AcDbCircle
 62
7
  6
BYLAYER
 10
20.9989262588
 20
72.6242600447
 40
28.6703921497
100
AcDbArc
 50
87.3392874415
 51
88.4687631729
  0
ARC
  5
8F4
100
AcDbEntity
  8
0
100
AcDbCircle
 62
7
  6
BYLAYER
 10
16.0599269228
 20
68.6328722312
 40
11.3820955846
100
AcDbArc
 50
58.7048085711
 51
58.8295046783
  0
ARC
  5
8F5
100
AcDbEntity
  8
0
100
AcDbCircle
 62
7
  6
BYLAYER
 10
24.3518478485
 20
68.7936149728
 40
11.2101044311
100
AcDbArc
 50
121.2563750438
 51
121.3981170733
  0
ARC
  5
8F6
100
AcDbEntity
  8
0
100
AcDbCircle
 62
7
  6
BYLAYER
 10
23.8170492983
 20
69.6675850615
 40
10.1854914736
100
AcDbArc
 50
121.3915661118
 51
122.2911826273
  0
ARC
  5
8F7
100
AcDbEntity
  8
0
100
AcDbCircle
 62
7
  6
BYLAYER
 10
16.7435550194
 20
69.7505420096
 40
10.0719358487
100
AcDbArc
 50
57.8362606716
 51
58.7252377232
  0
ARC
  5
8F8
100
AcDbEntity
  8
0
100
AcDbCircle
 62
7
  6
BYLAYER
 10
20.6179768033
 20
59.9097068755
 40
9.7779546908
100
AcDbArc
 50
269.858118503
 51
270.000005365
  0
ARC
  5
8F9
100
AcDbEntity
  8
0
100
AcDbCircle
 62
7
  6
BYLAYER
 10
10.2304401529
 20
73.715600651
 40
8.2743536205
100
AcDbArc
 50
25.7773815568
 51
26.8258275092
  0
ARC
  5
8FA
100
AcDbEntity
  8
0
100
AcDbCircle
 62
7
  6
BYLAYER
 10
10.2180712717
 20
74.3279598758
 40
8.2743536202
100
AcDbArc
 50
25.7773815568
 51
26.8258275092
  0
ARC
  5
8FB
100
AcDbEntity
  8
0
100
AcDbCircle
 62
7
  6
BYLAYER
 10
15.21303042
 20
74.5112961516
 40
1.8091937427
100
AcDbArc
 50
44.636277397
 51
45.2767928696
  0
ARC
  5
8FC
100
AcDbEntity
  8
0
100
AcDbCircle
 62
7
  6
BYLAYER
 10
19.9082337935
 20
50.6402832807
 40
1.0855538308
100
AcDbArc
 50
214.206288593
 51
217.2910372534
  0
ARC
  5
8FD
100
AcDbEntity
  8
0
100
AcDbCircle
 62
7
  6
BYLAYER
 10
21.3346005444
 20
50.6352944584
 40
1.0770574078
100
AcDbArc
 50
322.5194914274
 51
325.8077234651
  0
ARC
  5
8FE
100
AcDbEntity
  8
0
100
AcDbCircle
 62
7
  6
BYLAYER
 10
18.5078300365
 20
74.4908972584
 40
0.0149412883
100
AcDbArc
 50
197.6706999495
 51
199.9568798768
  0
ARC
  5
8FF
100
AcDbEntity
  8
0
100
AcDbCircle
 62
7
  6
BYLAYER
 10
33.6679777189
 20
18.7555762406
 40
1.0
100
AcDbArc
 50
90.0006982843
 51
180.0
  0
ARC
  5
900
100
AcDbEntity
  8
0
100
AcDbCircle
 62
7
  6
BYLAYER
 10
27.2179777189
 20
46.8555762406
 40
0.5
100
AcDbArc
 50
180.0
 51
270.0000000171
  0
ARC
  5
901
100
AcDbEntity
  8
0
100
AcDbCircle
 62
7
  6
BYLAYER
 10
30.9179777189
 20
46.8555762406
 40
0.5
100
AcDbArc
 50
270.0
 51
360.0
  0
ARC
  5
902
100
AcDbEntity
  8
0
100
AcDbCircle
 62
7
  6
BYLAYER
 10
27.6679777189
 20
46.8555762406
 40
0.5
100
AcDbArc
 50
180.0
 51
270.0
  0
ARC
  5
903
100
AcDbEntity
  8
0
100
AcDbCircle
 62
7
  6
BYLAYER
 10
29.7234230574
 20
74.5991902872
 40
7.6810632786
100
AcDbArc
 50
153.1861258715
 51
154.2922730466
  0
ARC
  5
904
100
AcDbEntity
  8
0
100
AcDbCircle
 62
7
  6
BYLAYER
 10
29.7014069714
 20
74.0037959127
 40
7.642723206
100
AcDbArc
 50
153.1833400006
 51
154.2950478448
  0
ARC
  5
905
100
AcDbEntity
  8
0
100
AcDbCircle
 62
7
  6
BYLAYER
 10
31.194937629
 20
68.739670347
 40
2.0840946633
100
AcDbArc
 50
263.7838151563
 51
269.9914559172
  0
ARC
  5
906
100
AcDbEntity
  8
0
100
AcDbCircle
 62
7
  6
BYLAYER
 10
31.958532138
 20
73.5467067661
 40
1.0418415779
100
AcDbArc
 50
157.3642368757
 51
166.6096482848
  0
ARC
  5
907
100
AcDbEntity
  8
0
100
AcDbCircle
 62
7
  6
BYLAYER
 10
31.9429523727
 20
73.553245036
 40
1.0249455263
100
AcDbArc
 50
153.5612442542
 51
157.3663846269
  0
ARC
  5
908
100
AcDbEntity
  8
0
100
AcDbCircle
 62
7
  6
BYLAYER
 10
31.9413600618
 20
73.550944862
 40
1.0241548614
100
AcDbArc
 50
166.6178219446
 51
168.9251785708
  0
ARC
  5
909
100
AcDbEntity
  8
0
100
AcDbCircle
 62
7
  6
BYLAYER
 10
31.9179777189
 20
67.6555762406
 40
1.0
100
AcDbArc
 50
180.0
 51
270.0001018572
  0
ARC
  5
90A
100
AcDbEntity
  8
0
100
AcDbCircle
 62
7
  6
BYLAYER
 10
31.9179777189
 20
73.5555762406
 40
1.0
100
AcDbArc
 50
143.1301023542
 51
180.0000004206
  0
ARC
  5
90B
100
AcDbEntity
  8
0
100
AcDbCircle
 62
7
  6
BYLAYER
 10
31.9060044639
 20
73.4574098769
 40
0.9919725718
100
AcDbArc
 50
138.1924302415
 51
149.9209397527
  0
ARC
  5
90C
100
AcDbEntity
  8
0
100
AcDbCircle
 62
7
  6
BYLAYER
 10
31.8944064659
 20
73.4694961628
 40
0.9765701828
100
AcDbArc
 50
165.0190595218
 51
175.1423250119
  0
ARC
  5
90D
100
AcDbEntity
  8
0
100
AcDbCircle
 62
7
  6
BYLAYER
 10
31.8983840697
 20
73.5762869307
 40
0.9747797102
100
AcDbArc
 50
145.3810133909
 51
153.6075807292
  0
ARC
  5
90E
100
AcDbEntity
  8
0
100
AcDbCircle
 62
7
  6
BYLAYER
 10
31.8841004103
 20
73.4767332873
 40
0.9627639915
100
AcDbArc
 50
135.158690186
 51
138.1806181533
  0
ARC
  5
90F
100
AcDbEntity
  8
0
100
AcDbCircle
 62
7
  6
BYLAYER
 10
31.8808082683
 20
73.4722871802
 40
0.9627130392
100
AcDbArc
 50
149.9355596433
 51
164.9703199567
  0
ARC
  5
910
100
AcDbEntity
  8
0
100
AcDbCircle
 62
7
  6
BYLAYER
 10
31.8503656938
 20
73.6082618554
 40
0.9170981039
100
AcDbArc
 50
143.3595881288
 51
145.3206421062
  0
ARC
  5
911
100
AcDbEntity
  8
0
100
AcDbCircle
 62
7
  6
BYLAYER
 10
32.92072958
 20
68.9555762406
 40
0.4
100
AcDbArc
 50
90.0
 51
174.9999999999
  0
ARC
  5
912
100
AcDbEntity
  8
0
100
AcDbCircle
 62
7
  6
BYLAYER
 10
40.1179777189
 20
46.8555762406
 40
0.5
100
AcDbArc
 50
270.0
 51
360.0
  0
ARC
  5
913
100
AcDbEntity
  8
0
100
AcDbCircle
 62
7
  6
BYLAYER
 10
39.9179777189
 20
46.8555762406
 40
0.5
100
AcDbArc
 50
180.0
 51
270.0
  0
ARC
  5
914
100
AcDbEntity
  8
0
100
AcDbCircle
 62
7
  6
BYLAYER
 10
35.4179777189
 20
46.8555762406
 40
0.5
100
AcDbArc
 50
270.0
 51
360.0
  0
ARC
  5
915
100
AcDbEntity
  8
0
100
AcDbCircle
 62
7
  6
BYLAYER
 10
38.9179777189
 20
73.5555762406
 40
1.0
100
AcDbArc
 50
359.9999985479
 51
36.8698976458
  0
ARC
  5
916
100
AcDbEntity
  8
0
100
AcDbCircle
 62
7
  6
BYLAYER
 10
38.9179777189
 20
67.6555762406
 40
1.0
100
AcDbArc
 50
269.999921418
 51
360.0
  0
ARC
  5
917
100
AcDbEntity
  8
0
100
AcDbCircle
 62
7
  6
BYLAYER
 10
38.9324216494
 20
73.4586406549
 40
0.9893141524
100
AcDbArc
 50
30.0859309648
 51
41.8499532394
  0
ARC
  5
918
100
AcDbEntity
  8
0
100
AcDbCircle
 62
7
  6
BYLAYER
 10
38.9405233389
 20
73.4689518809
 40
0.9775912148
100
AcDbArc
 50
5.4476287795
 51
14.9935458532
  0
ARC
  5
919
100
AcDbEntity
  8
0
100
AcDbCircle
 62
7
  6
BYLAYER
 10
38.9452286124
 20
73.4700755239
 40
0.9721451745
100
AcDbArc
 50
41.8515330588
 51
44.8436471
  0
ARC
  5
91A
100
AcDbEntity
  8
0
100
AcDbCircle
 62
7
  6
BYLAYER
 10
38.9634304775
 20
73.4765737387
 40
0.9534931791
100
AcDbArc
 50
14.9072523929
 51
30.0875913473
  0
ARC
  5
91B
100
AcDbEntity
  8
0
100
AcDbCircle
 62
7
  6
BYLAYER
 10
37.9152258578
 20
68.9555762406
 40
0.4
100
AcDbArc
 50
5.0000000001
 51
90.0
  0
ARC
  5
91C
100
AcDbEntity
  8
0
100
AcDbCircle
 62
7
  6
BYLAYER
 10
53.6317382457
 20
-47.8583892579
 40
96.1272517156
100
AcDbArc
 50
89.5919518426
 51
89.9972155471
  0
ARC
  5
91D
100
AcDbEntity
  8
0
100
AcDbCircle
 62
7
  6
BYLAYER
 10
62.1133520351
 20
10.444227211
 40
56.2982646596
100
AcDbArc
 50
134.6714469025
 51
134.8849702913
  0
ARC
  5
91E
100
AcDbEntity
  8
0
100
AcDbCircle
 62
7
  6
BYLAYER
 10
58.3186243278
 20
23.7099692944
 40
23.5419580788
100
AcDbArc
 50
90.0011144796
 51
93.89861819
  0
ARC
  5
91F
100
AcDbEntity
  8
0
100
AcDbCircle
 62
7
  6
BYLAYER
 10
58.3189676161
 20
23.7563957415
 40
23.495531641
100
AcDbArc
 50
86.0976665129
 51
90.0019538185
  0
ARC
  5
920
100
AcDbEntity
  8
0
100
AcDbCircle
 62
7
  6
BYLAYER
 10
58.2902794398
 20
25.2308217875
 40
23.127337608
100
AcDbArc
 50
95.1408253652
 51
95.6385229847
  0
ARC
  5
921
100
AcDbEntity
  8
0
100
AcDbCircle
 62
7
  6
BYLAYER
 10
58.3490918706
 20
25.2673581126
 40
23.0906421263
100
AcDbArc
 50
84.3610136295
 51
84.8594926896
  0
ARC
  5
922
100
AcDbEntity
  8
0
100
AcDbCircle
 62
7
  6
BYLAYER
 10
53.9179777189
 20
20.2555762406
 40
0.5
100
AcDbArc
 50
180.0
 51
270.0
  0
ARC
  5
923
100
AcDbEntity
  8
0
100
AcDbCircle
 62
7
  6
BYLAYER
 10
51.4179777189
 20
20.2555762406
 40
0.5
100
AcDbArc
 50
270.0022005284
 51
360.0
  0
ARC
  5
924
100
AcDbEntity
  8
0
100
AcDbCircle
 62
7
  6
BYLAYER
 10
62.4179777189
 20
20.2555762406
 40
0.5
100
AcDbArc
 50
180.0
 51
270.0014397902
  0
ARC
  5
925
100
AcDbEntity
  8
0
100
AcDbCircle
 62
7
  6
BYLAYER
 10
59.9179777189
 20
20.2555762406
 40
0.5
100
AcDbArc
 50
269.9999999829
 51
360.0
  0
ARC
  5
926
100
AcDbEntity
  8
0
100
AcDbCircle
 62
7
  6
BYLAYER
 10
60.5812800675
 20
51.2538349211
 40
6.5216897045
100
AcDbArc
 50
192.3810440659
 51
199.9154288562
  0
ARC
  5
927
100
AcDbEntity
  8
0
100
AcDbCircle
 62
7
  6
BYLAYER
 10
60.9179777189
 20
46.8555762406
 40
0.5
100
AcDbArc
 50
180.0
 51
270.0
  0
ARC
  5
928
100
AcDbEntity
  8
0
100
AcDbCircle
 62
7
  6
BYLAYER
 10
60.9179777189
 20
45.8555762406
 40
0.5
100
AcDbArc
 50
90.0
 51
180.0
  0
ARC
  5
929
100
AcDbEntity
  8
0
100
AcDbCircle
 62
7
  6
BYLAYER
 10
73.6679777189
 20
18.7555762406
 40
1.0
100
AcDbArc
 50
90.0006982843
 51
180.0
  0
ARC
  5
92A
100
AcDbEntity
  8
0
100
AcDbCircle
 62
7
  6
BYLAYER
 10
65.1679777189
 20
18.7555762406
 40
1.0
100
AcDbArc
 50
0.0
 51
90.0
  0
ARC
  5
92B
100
AcDbEntity
  8
0
100
AcDbCircle
 62
7
  6
BYLAYER
 10
66.9179777189
 20
46.8555762406
 40
0.5
100
AcDbArc
 50
270.0
 51
360.0
  0
ARC
  5
92C
100
AcDbEntity
  8
0
100
AcDbCircle
 62
7
  6
BYLAYER
 10
67.2179777189
 20
46.8555762406
 40
0.5
100
AcDbArc
 50
180.0
 51
270.0
  0
ARC
  5
92D
100
AcDbEntity
  8
0
100
AcDbCircle
 62
7
  6
BYLAYER
 10
20.4257705795
 20
95.5915521087
 40
17.3918014123
100
AcDbArc
 50
272.8920178947
 51
274.1289793232
  0
ARC
  5
92E
100
AcDbEntity
  8
0
100
AcDbCircle
 62
7
  6
BYLAYER
 10
21.3448871611
 20
92.3683636628
 40
9.7192050187
100
AcDbArc
 50
87.7830567591
 51
87.9831574949
  0
ARC
  5
92F
100
AcDbEntity
  8
0
100
AcDbCircle
 62
7
  6
BYLAYER
 10
18.9810159097
 20
92.6395711667
 40
9.4478117973
100
AcDbArc
 50
92.0128654255
 51
92.2064226572
  0
ARC
  5
930
100
AcDbEntity
  8
0
100
AcDbCircle
 62
7
  6
BYLAYER
 10
10.6095787867
 20
76.9522326997
 40
6.0023336222
100
AcDbArc
 50
358.3663275972
 51
0.0002991344
  0
ARC
  5
931
100
AcDbEntity
  8
0
100
AcDbCircle
 62
7
  6
BYLAYER
 10
20.235347622
 20
74.933022267
 40
3.3894864299
100
AcDbArc
 50
66.413589759
 51
71.6654127523
  0
ARC
  5
932
100
AcDbEntity
  8
0
100
AcDbCircle
 62
7
  6
BYLAYER
 10
20.2727008768
 20
74.9856138375
 40
3.0479170111
100
AcDbArc
 50
64.22966587
 51
70.0307337288
  0
ARC
  5
933
100
AcDbEntity
  8
0
100
AcDbCircle
 62
7
  6
BYLAYER
 10
19.2154663857
 20
80.0635815801
 40
1.9043063268
100
AcDbArc
 50
256.8483016432
 51
257.9130382087
  0
ARC
  5
934
100
AcDbEntity
  8
0
100
AcDbCircle
 62
7
  6
BYLAYER
 10
21.6347677992
 20
75.7330439717
 40
0.5316994335
100
AcDbArc
 50
298.344947172
 51
298.5515967998
  0
ARC
  5
935
100
AcDbEntity
  8
0
100
AcDbCircle
 62
7
  6
BYLAYER
 10
21.9263809051
 20
75.3818021413
 40
0.0666325631
100
AcDbArc
 50
349.100275118
 51
359.7923524413
  0
ARC
  5
936
100
AcDbEntity
  8
0
100
AcDbCircle
 62
7
  6
BYLAYER
 10
21.9271855292
 20
74.7873671267
 40
0.0658471891
100
AcDbArc
 50
349.2158040769
 51
0.0293792526
  0
ARC
  5
937
100
AcDbEntity
  8
0
100
AcDbCircle
 62
7
  6
BYLAYER
 10
21.5911788979
 20
78.1321883893
 40
0.0267988215
100
AcDbArc
 50
353.9231546935
 51
359.9894958186
  0
ARC
  5
938
100
AcDbEntity
  8
0
100
AcDbCircle
 62
7
  6
BYLAYER
 10
18.5075766885
 20
75.0849340955
 40
0.0147180546
100
AcDbArc
 50
197.5245834295
 51
199.7523840752
  0
ARC
  5
939
100
AcDbEntity
  8
0
100
AcDbCircle
 62
7
  6
BYLAYER
 10
10.4220892584
 20
102.9660214982
 40
6.1179097886
100
AcDbArc
 50
359.7448234118
 51
359.9999067675
  0
ARC
  5
93A
100
AcDbEntity
  8
0
100
AcDbCircle
 62
7
  6
BYLAYER
 10
20.3016392668
 20
106.6325402302
 40
5.8981169302
100
AcDbArc
 50
277.2767566672
 51
277.4400534562
  0
ARC
  5
93B
100
AcDbEntity
  8
0
100
AcDbCircle
 62
7
  6
BYLAYER
 10
10.9821052085
 20
103.0304435235
 40
5.5427774117
100
AcDbArc
 50
358.9663370656
 51
0.0009509368
  0
ARC
  5
93C
100
AcDbEntity
  8
0
100
AcDbCircle
 62
7
  6
BYLAYER
 10
17.6585504643
 20
105.7934985877
 40
4.6521023235
100
AcDbArc
 50
254.3869294958
 51
254.6900893005
  0
ARC
  5
93D
100
AcDbEntity
  8
0
100
AcDbCircle
 62
7
  6
BYLAYER
 10
20.1841533927
 20
101.3573150735
 40
3.0625654347
100
AcDbArc
 50
111.4127948691
 51
116.1538740479
  0
ARC
  5
93E
100
AcDbEntity
  8
0
100
AcDbCircle
 62
7
  6
BYLAYER
 10
20.1783311525
 20
101.3826909616
 40
3.0365450793
100
AcDbArc
 50
63.7713256162
 51
72.9210069658
  0
ARC
  5
93F
100
AcDbEntity
  8
0
100
AcDbCircle
 62
7
  6
BYLAYER
 10
20.1864155428
 20
101.3706763267
 40
3.006826728
100
AcDbArc
 50
111.8867784498
 51
116.5013707268
  0
ARC
  5
940
100
AcDbEntity
  8
0
100
AcDbCircle
 62
7
  6
BYLAYER
 10
20.1902035066
 20
101.3741449009
 40
3.0034705228
100
AcDbArc
 50
63.4896175247
 51
72.9387683147
  0
ARC
  5
941
100
AcDbEntity
  8
0
100
AcDbCircle
 62
7
  6
BYLAYER
 10
16.7737184915
 20
103.2711864284
 40
2.0920354983
100
AcDbArc
 50
261.4236602655
 51
314.1262096019
  0
ARC
  5
942
100
AcDbEntity
  8
0
100
AcDbCircle
 62
7
  6
BYLAYER
 10
23.5882724679
 20
103.2715114871
 40
2.0917146735
100
AcDbArc
 50
225.8811247763
 51
278.7483520328
  0
ARC
  5
943
100
AcDbEntity
  8
0
100
AcDbCircle
 62
7
  6
BYLAYER
 10
22.7013525345
 20
102.398583264
 40
1.0464010523
100
AcDbArc
 50
270.2838686413
 51
274.1471205935
  0
ARC
  5
944
100
AcDbEntity
  8
0
100
AcDbCircle
 62
7
  6
BYLAYER
 10
22.9665862444
 20
101.678613883
 40
0.7705931989
100
AcDbArc
 50
206.8086474329
 51
207.1181733182
  0
ARC
  5
945
100
AcDbEntity
  8
0
100
AcDbCircle
 62
7
  6
BYLAYER
 10
25.6679777189
 20
117.8555762406
 40
0.5
100
AcDbArc
 50
90.0
 51
180.0
  0
ARC
  5
946
100
AcDbEntity
  8
0
100
AcDbCircle
 62
7
  6
BYLAYER
 10
13.4680327434
 20
118.7555283754
 40
0.3000514491
100
AcDbArc
 50
90.0105072263
 51
180.0104968004
  0
ARC
  5
947
100
AcDbEntity
  8
0
100
AcDbCircle
 62
7
  6
BYLAYER
 10
21.7429767739
 20
102.2640585252
 40
0.199999069
100
AcDbArc
 50
180.0214570675
 51
193.1632008292
  0
ARC
  5
948
100
AcDbEntity
  8
0
100
AcDbCircle
 62
7
  6
BYLAYER
 10
35.6679777189
 20
79.2555762406
 40
16.25
100
AcDbArc
 50
75.7499673022
 51
104.2500326978
  0
ARC
  5
949
100
AcDbEntity
  8
0
100
AcDbCircle
 62
7
  6
BYLAYER
 10
35.6679777189
 20
77.2555762406
 40
16.25
100
AcDbArc
 50
75.7499673022
 51
104.2500326978
  0
ARC
  5
94A
100
AcDbEntity
  8
0
100
AcDbCircle
 62
7
  6
BYLAYER
 10
35.6679777189
 20
93.8555762406
 40
8.0
100
AcDbArc
 50
55.7711336722
 51
124.2288663278
  0
ARC
  5
94B
100
AcDbEntity
  8
0
100
AcDbCircle
 62
7
  6
BYLAYER
 10
29.6030910065
 20
76.9555012178
 40
5.7200548131
100
AcDbArc
 50
180.0039027607
 51
181.685649313
  0
ARC
  5
94C
100
AcDbEntity
  8
0
100
AcDbCircle
 62
7
  6
BYLAYER
 10
32.1679777189
 20
87.8555762406
 40
3.0
100
AcDbArc
 50
197.5507300678
 51
270.0
  0
ARC
  5
94D
100
AcDbEntity
  8
0
100
AcDbCircle
 62
7
  6
BYLAYER
 10
39.1679777189
 20
87.8555762406
 40
3.0
100
AcDbArc
 50
270.0
 51
342.449300295
  0
ARC
  5
94E
100
AcDbEntity
  8
0
100
AcDbCircle
 62
7
  6
BYLAYER
 10
32.0679777189
 20
90.9055762406
 40
1.0
100
AcDbArc
 50
90.0
 51
164.7454353579
  0
ARC
  5
94F
100
AcDbEntity
  8
0
100
AcDbCircle
 62
7
  6
BYLAYER
 10
39.2679777189
 20
90.9055762406
 40
1.0
100
AcDbArc
 50
15.0071213756
 51
90.0
  0
ARC
  5
950
100
AcDbEntity
  8
0
100
AcDbCircle
 62
7
  6
BYLAYER
 10
40.7179777189
 20
75.1555762406
 40
1.0
100
AcDbArc
 50
90.0001274971
 51
180.0
  0
ARC
  5
951
100
AcDbEntity
  8
0
100
AcDbCircle
 62
7
  6
BYLAYER
 10
30.1179777189
 20
75.1555762406
 40
1.0
100
AcDbArc
 50
0.0
 51
89.999872511
  0
ARC
  5
952
100
AcDbEntity
  8
0
100
AcDbCircle
 62
7
  6
BYLAYER
 10
31.3179790081
 20
80.6555762406
 40
0.3
100
AcDbArc
 50
270.000936847
 51
360.0
  0
ARC
  5
953
100
AcDbEntity
  8
0
100
AcDbCircle
 62
7
  6
BYLAYER
 10
39.5179764297
 20
80.6555762406
 40
0.3
100
AcDbArc
 50
180.0
 51
269.999063153
  0
ARC
  5
954
100
AcDbEntity
  8
0
100
AcDbCircle
 62
7
  6
BYLAYER
 10
41.6179777189
 20
80.0555762406
 40
0.3
100
AcDbArc
 50
0.0000000012
 51
90.0
  0
ARC
  5
955
100
AcDbEntity
  8
0
100
AcDbCircle
 62
7
  6
BYLAYER
 10
29.2179777189
 20
80.0555762406
 40
0.3
100
AcDbArc
 50
90.0
 51
179.9975232784
  0
ARC
  5
956
100
AcDbEntity
  8
0
100
AcDbCircle
 62
7
  6
BYLAYER
 10
29.2179777189
 20
76.4555762406
 40
0.3
100
AcDbArc
 50
180.0
 51
270.0001665141
  0
ARC
  5
957
100
AcDbEntity
  8
0
100
AcDbCircle
 62
7
  6
BYLAYER
 10
41.6179777189
 20
76.4555762406
 40
0.3
100
AcDbArc
 50
269.9998717797
 51
360.0
  0
ARC
  5
958
100
AcDbEntity
  8
0
100
AcDbCircle
 62
7
  6
BYLAYER
 10
39.5197035345
 20
80.6553903105
 40
0.2998272045
100
AcDbArc
 50
179.2151224223
 51
269.9628437014
  0
ARC
  5
959
100
AcDbEntity
  8
0
100
AcDbCircle
 62
7
  6
BYLAYER
 10
31.3161947413
 20
80.6553822283
 40
0.2998186329
100
AcDbArc
 50
270.0480774361
 51
0.7862835197
  0
ARC
  5
95A
100
AcDbEntity
  8
0
100
AcDbCircle
 62
7
  6
BYLAYER
 10
39.5079393327
 20
82.0559912123
 40
0.299613154
100
AcDbArc
 50
90.098475445
 51
180.0793487764
  0
ARC
  5
95B
100
AcDbEntity
  8
0
100
AcDbCircle
 62
7
  6
BYLAYER
 10
31.3280160353
 20
82.0559912209
 40
0.299613146
100
AcDbArc
 50
359.9206495851
 51
89.90151685
  0
ARC
  5
95C
100
AcDbEntity
  8
0
100
AcDbCircle
 62
7
  6
BYLAYER
 10
29.8903425091
 20
103.0311541039
 40
6.0943841125
100
AcDbArc
 50
179.9993153375
 51
180.5152279696
  0
ARC
  5
95D
100
AcDbEntity
  8
0
100
AcDbCircle
 62
7
  6
BYLAYER
 10
29.3893827549
 20
102.9667154836
 40
5.578312309
100
AcDbArc
 50
180.0000869476
 51
180.2210233341
  0
ARC
  5
95E
100
AcDbEntity
  8
0
100
AcDbCircle
 62
7
  6
BYLAYER
 10
18.5261383719
 20
164.0432852814
 40
116.9191684371
100
AcDbArc
 50
269.9833063293
 51
270.2410245774
  0
ARC
  5
95F
100
AcDbEntity
  8
0
100
AcDbCircle
 62
7
  6
BYLAYER
 10
22.7100554181
 20
163.9806401066
 40
116.8565535188
100
AcDbArc
 50
269.7587293244
 51
270.016586053
  0
ARC
  5
960
100
AcDbEntity
  8
0
100
AcDbCircle
 62
7
  6
BYLAYER
 10
18.4965381369
 20
145.3251542953
 40
98.2010325898
100
AcDbArc
 50
269.8133649747
 51
269.9973947165
  0
ARC
  5
961
100
AcDbEntity
  8
0
100
AcDbCircle
 62
7
  6
BYLAYER
 10
22.7747911779
 20
123.9373726202
 40
76.8132873545
100
AcDbArc
 50
269.9769454353
 51
270.2122039664
  0
ARC
  5
962
100
AcDbEntity
  8
0
100
AcDbCircle
 62
7
  6
BYLAYER
 10
18.4138733055
 20
160.5212948263
 40
59.2103626929
100
AcDbArc
 50
269.072341178
 51
269.4593928941
  0
ARC
  5
963
100
AcDbEntity
  8
0
100
AcDbCircle
 62
7
  6
BYLAYER
 10
20.6524176831
 20
132.1951215619
 40
30.8677047341
100
AcDbArc
 50
271.8719487394
 51
272.1060888283
  0
ARC
  5
964
100
AcDbEntity
  8
0
100
AcDbCircle
 62
7
  6
BYLAYER
 10
41.8679777189
 20
119.8551572189
 40
1.0
100
AcDbArc
 50
285.5624654018
 51
324.5883762571
  0
ARC
  5
965
100
AcDbEntity
  8
0
100
AcDbCircle
 62
7
  6
BYLAYER
 10
23.6179777189
 20
122.4551572189
 40
0.5
100
AcDbArc
 50
90.0
 51
180.0
  0
ARC
  5
966
100
AcDbEntity
  8
0
100
AcDbCircle
 62
7
  6
BYLAYER
 10
27.1179777189
 20
122.4551572189
 40
0.5
100
AcDbArc
 50
359.9999998731
 51
90.0
  0
ARC
  5
967
100
AcDbEntity
  8
0
100
AcDbCircle
 62
7
  6
BYLAYER
 10
23.6179777189
 20
121.5551572189
 40
0.5
100
AcDbArc
 50
179.9999999565
 51
270.0
  0
ARC
  5
968
100
AcDbEntity
  8
0
100
AcDbCircle
 62
7
  6
BYLAYER
 10
42.9679777189
 20
123.4555762406
 40
0.3
100
AcDbArc
 50
90.0
 51
180.0
  0
ARC
  5
969
100
AcDbEntity
  8
0
100
AcDbCircle
 62
7
  6
BYLAYER
 10
40.9679777189
 20
122.9555762406
 40
0.3
100
AcDbArc
 50
90.0
 51
180.0
  0
ARC
  5
96A
100
AcDbEntity
  8
0
100
AcDbCircle
 62
7
  6
BYLAYER
 10
42.8179777189
 20
123.7555762406
 40
0.3
100
AcDbArc
 50
90.0
 51
180.0
  0
ARC
  5
96B
100
AcDbEntity
  8
0
100
AcDbCircle
 62
7
  6
BYLAYER
 10
53.2255728168
 20
101.5666087077
 40
53.2980464999
100
AcDbArc
 50
269.131885021
 51
270.0190793036
  0
ARC
  5
96C
100
AcDbEntity
  8
0
100
AcDbCircle
 62
7
  6
BYLAYER
 10
75.6679777189
 20
79.2555762406
 40
16.25
100
AcDbArc
 50
75.7499673022
 51
104.2500326978
  0
ARC
  5
96D
100
AcDbEntity
  8
0
100
AcDbCircle
 62
7
  6
BYLAYER
 10
75.6679777189
 20
77.2555762406
 40
16.25
100
AcDbArc
 50
75.7499673022
 51
104.2500326978
  0
ARC
  5
96E
100
AcDbEntity
  8
0
100
AcDbCircle
 62
7
  6
BYLAYER
 10
55.6679777189
 20
79.2555762406
 40
16.25
100
AcDbArc
 50
75.7499673022
 51
104.2500326978
  0
ARC
  5
96F
100
AcDbEntity
  8
0
100
AcDbCircle
 62
7
  6
BYLAYER
 10
55.6679777189
 20
77.2555762406
 40
16.25
100
AcDbArc
 50
75.7499673022
 51
104.2500326978
  0
ARC
  5
970
100
AcDbEntity
  8
0
100
AcDbCircle
 62
7
  6
BYLAYER
 10
75.6679777189
 20
93.8555762406
 40
8.0
100
AcDbArc
 50
55.7711336722
 51
124.2288663278
  0
ARC
  5
971
100
AcDbEntity
  8
0
100
AcDbCircle
 62
7
  6
BYLAYER
 10
55.6679777189
 20
93.8555762406
 40
8.0
100
AcDbArc
 50
55.7711336722
 51
124.2288663278
  0
ARC
  5
972
100
AcDbEntity
  8
0
100
AcDbCircle
 62
7
  6
BYLAYER
 10
72.1679777189
 20
87.8555762406
 40
3.0
100
AcDbArc
 50
197.5507300678
 51
270.0
  0
ARC
  5
973
100
AcDbEntity
  8
0
100
AcDbCircle
 62
7
  6
BYLAYER
 10
52.1679777189
 20
87.8555762406
 40
3.0
100
AcDbArc
 50
197.5507300678
 51
270.0
  0
ARC
  5
974
100
AcDbEntity
  8
0
100
AcDbCircle
 62
7
  6
BYLAYER
 10
59.1679777189
 20
87.8555762406
 40
3.0
100
AcDbArc
 50
270.0
 51
342.449300295
  0
ARC
  5
975
100
AcDbEntity
  8
0
100
AcDbCircle
 62
7
  6
BYLAYER
 10
52.0679777189
 20
90.9055762406
 40
1.0
100
AcDbArc
 50
90.0
 51
164.745435358
  0
ARC
  5
976
100
AcDbEntity
  8
0
100
AcDbCircle
 62
7
  6
BYLAYER
 10
59.2679777189
 20
90.9055762406
 40
1.0
100
AcDbArc
 50
15.0071213756
 51
90.0
  0
ARC
  5
977
100
AcDbEntity
  8
0
100
AcDbCircle
 62
7
  6
BYLAYER
 10
72.0679777189
 20
90.9055762406
 40
1.0
100
AcDbArc
 50
90.0
 51
164.7454353579
  0
ARC
  5
978
100
AcDbEntity
  8
0
100
AcDbCircle
 62
7
  6
BYLAYER
 10
56.2261383719
 20
164.0432852869
 40
116.9191684426
100
AcDbArc
 50
269.9833063293
 51
270.2410245774
  0
ARC
  5
979
100
AcDbEntity
  8
0
100
AcDbCircle
 62
7
  6
BYLAYER
 10
60.4100554181
 20
163.9806401121
 40
116.8565535242
100
AcDbArc
 50
269.7587293244
 51
270.016586053
  0
ARC
  5
97A
100
AcDbEntity
  8
0
100
AcDbCircle
 62
7
  6
BYLAYER
 10
56.1965381369
 20
145.3251543024
 40
98.2010325969
100
AcDbArc
 50
269.8133649747
 51
269.9973947165
  0
ARC
  5
97B
100
AcDbEntity
  8
0
100
AcDbCircle
 62
7
  6
BYLAYER
 10
60.4747911779
 20
123.9373726217
 40
76.8132873559
100
AcDbArc
 50
269.9769454353
 51
270.2122039664
  0
ARC
  5
97C
100
AcDbEntity
  8
0
100
AcDbCircle
 62
7
  6
BYLAYER
 10
61.3679777189
 20
119.8551572189
 40
1.0
100
AcDbArc
 50
223.6076951545
 51
254.4397186013
  0
ARC
  5
97D
100
AcDbEntity
  8
0
100
AcDbCircle
 62
7
  6
BYLAYER
 10
48.8679777189
 20
125.1551572189
 40
0.5
100
AcDbArc
 50
0.0
 51
90.0
  0
ARC
  5
97E
100
AcDbEntity
  8
0
100
AcDbCircle
 62
7
  6
BYLAYER
 10
48.8679777189
 20
123.7551572189
 40
0.5
100
AcDbArc
 50
270.0
 51
360.0
  0
ARC
  5
97F
100
AcDbEntity
  8
0
100
AcDbCircle
 62
7
  6
BYLAYER
 10
54.3679777189
 20
123.7551572189
 40
0.5
100
AcDbArc
 50
179.9999980966
 51
270.0
  0
ARC
  5
980
100
AcDbEntity
  8
0
100
AcDbCircle
 62
7
  6
BYLAYER
 10
54.3679777189
 20
125.1551572189
 40
0.5
100
AcDbArc
 50
90.0
 51
180.0
  0
ARC
  5
981
100
AcDbEntity
  8
0
100
AcDbCircle
 62
7
  6
BYLAYER
 10
56.7608709377
 20
125.1551572189
 40
0.5
100
AcDbArc
 50
44.9999999998
 51
90.0
  0
ARC
  5
982
100
AcDbEntity
  8
0
100
AcDbCircle
 62
7
  6
BYLAYER
 10
46.4750845001
 20
125.1551572189
 40
0.5
100
AcDbArc
 50
90.0
 51
135.0000000017
  0
ARC
  5
983
100
AcDbEntity
  8
0
100
AcDbCircle
 62
7
  6
BYLAYER
 10
46.6679777189
 20
123.4555762406
 40
0.3
100
AcDbArc
 50
0.0
 51
90.0
  0
ARC
  5
984
100
AcDbEntity
  8
0
100
AcDbCircle
 62
7
  6
BYLAYER
 10
56.6679777189
 20
123.4555762406
 40
0.3
100
AcDbArc
 50
90.0
 51
180.0
  0
ARC
  5
985
100
AcDbEntity
  8
0
100
AcDbCircle
 62
7
  6
BYLAYER
 10
60.3679777189
 20
123.4555762406
 40
0.3
100
AcDbArc
 50
0.0
 51
90.0
  0
ARC
  5
986
100
AcDbEntity
  8
0
100
AcDbCircle
 62
7
  6
BYLAYER
 10
62.3679777189
 20
122.9555762406
 40
0.3
100
AcDbArc
 50
0.0
 51
90.0
  0
ARC
  5
987
100
AcDbEntity
  8
0
100
AcDbCircle
 62
7
  6
BYLAYER
 10
60.5179777189
 20
123.7555762406
 40
0.3
100
AcDbArc
 50
0.0
 51
90.0
  0
ARC
  5
988
100
AcDbEntity
  8
0
100
AcDbCircle
 62
7
  6
BYLAYER
 10
-379.1796458736
 20
900.5762665373
 40
891.9269326617
100
AcDbArc
 50
296.3585354059
 51
296.519482841
  0
ARC
  5
989
100
AcDbEntity
  8
0
100
AcDbCircle
 62
7
  6
BYLAYER
 10
-377.8283788527
 20
899.5308182266
 40
888.8874430726
100
AcDbArc
 50
296.3584152683
 51
296.5038503826
  0
ARC
  5
98A
100
AcDbEntity
  8
0
100
AcDbCircle
 62
7
  6
BYLAYER
 10
82.4179777189
 20
18.2555762406
 40
0.5
100
AcDbArc
 50
270.0
 51
360.0
  0
ARC
  5
98B
100
AcDbEntity
  8
0
100
AcDbCircle
 62
7
  6
BYLAYER
 10
79.6179777189
 20
18.2555762406
 40
0.5
100
AcDbArc
 50
270.0021412526
 51
360.0
  0
ARC
  5
98C
100
AcDbEntity
  8
0
100
AcDbCircle
 62
7
  6
BYLAYER
 10
84.6959273914
 20
-50.4869948699
 40
145.156752631
100
AcDbArc
 50
117.4228422788
 51
117.8565437166
  0
ARC
  5
98D
100
AcDbEntity
  8
0
100
AcDbCircle
 62
7
  6
BYLAYER
 10
84.4179777189
 20
18.2555762406
 40
0.5
100
AcDbArc
 50
270.0
 51
360.0
  0
ARC
  5
98E
100
AcDbEntity
  8
0
100
AcDbCircle
 62
7
  6
BYLAYER
 10
83.9179777189
 20
44.3555762406
 40
1.0
100
AcDbArc
 50
90.0
 51
180.0
  0
ARC
  5
98F
100
AcDbEntity
  8
0
100
AcDbCircle
 62
7
  6
BYLAYER
 10
84.4179777189
 20
45.8555762406
 40
0.5
100
AcDbArc
 50
270.0
 51
359.9976644084
  0
ARC
  5
990
100
AcDbEntity
  8
0
100
AcDbCircle
 62
7
  6
BYLAYER
 10
84.9179756581
 20
46.855531793
 40
0.4999757489
100
AcDbArc
 50
270.0035047623
 51
0.0020856573
  0
ARC
  5
991
100
AcDbEntity
  8
0
100
AcDbCircle
 62
7
  6
BYLAYER
 10
85.9179777189
 20
18.7555762406
 40
1.0
100
AcDbArc
 50
0.0
 51
90.000206086
  0
ARC
  5
992
100
AcDbEntity
  8
0
100
AcDbCircle
 62
7
  6
BYLAYER
 10
84.9179777189
 20
18.2555762406
 40
0.5
100
AcDbArc
 50
270.0
 51
360.0
  0
ARC
  5
993
100
AcDbEntity
  8
0
100
AcDbCircle
 62
7
  6
BYLAYER
 10
84.9180090596
 20
46.8555190253
 40
0.499989142
100
AcDbArc
 50
270.0066384701
 51
359.9992907272
  0
ARC
  5
994
100
AcDbEntity
  8
0
100
AcDbCircle
 62
7
  6
BYLAYER
 10
83.6720557127
 20
204.5705364207
 40
142.708809845
100
AcDbArc
 50
244.0918700222
 51
245.1128656198
  0
ARC
  5
995
100
AcDbEntity
  8
0
100
AcDbCircle
 62
7
  6
BYLAYER
 10
83.6498675532
 20
206.1814581189
 40
142.6538836964
100
AcDbArc
 50
244.2157765306
 51
245.1125789597
  0
ARC
  5
996
100
AcDbEntity
  8
0
100
AcDbCircle
 62
7
  6
BYLAYER
 10
79.1679777189
 20
87.8555762406
 40
3.0
100
AcDbArc
 50
270.0
 51
342.449300295
  0
ARC
  5
997
100
AcDbEntity
  8
0
100
AcDbCircle
 62
7
  6
BYLAYER
 10
79.2679777189
 20
90.9055762406
 40
1.0
100
AcDbArc
 50
15.0071213758
 51
90.0
  0
ARC
  5
998
100
AcDbEntity
  8
0
100
AcDbCircle
 62
7
  6
BYLAYER
 10
76.1179777189
 20
122.4551572189
 40
0.5
100
AcDbArc
 50
90.0
 51
180.0
  0
ARC
  5
999
100
AcDbEntity
  8
0
100
AcDbCircle
 62
7
  6
BYLAYER
 10
79.6179777189
 20
122.4551572189
 40
0.5
100
AcDbArc
 50
0.0
 51
90.0
  0
ARC
  5
99A
100
AcDbEntity
  8
0
100
AcDbCircle
 62
7
  6
BYLAYER
 10
79.6179777189
 20
121.5551572189
 40
0.5
100
AcDbArc
 50
270.0
 51
360.0
  0
ARC
  5
99B
100
AcDbEntity
  8
0
100
AcDbCircle
 62
7
  6
BYLAYER
 10
85.6679777189
 20
117.8555762406
 40
0.5
100
AcDbArc
 50
0.0
 51
90.0
  0
ARC
  5
99C
100
AcDbEntity
  8
0
100
AcDbCircle
 62
7
  6
BYLAYER
 10
85.3679226944
 20
118.7555283754
 40
0.3000514491
100
AcDbArc
 50
359.9895031989
 51
89.9894927737
  0
ARC
  5
99D
100
AcDbEntity
  8
0
100
AcDbCircle
 62
7
  6
BYLAYER
 10
134.3244686345
 20
80.6407572772
 40
102.7064908731
100
AcDbArc
 50
179.2107050268
 51
179.9917331221
  0
ARC
  5
99E
100
AcDbEntity
  8
0
100
AcDbCircle
 62
7
  6
BYLAYER
 10
531.2943713039
 20
1124.22007732
 40
1141.9310406922
100
AcDbArc
 50
243.4608033468
 51
243.5997938817
  0
ARC
  5
99F
100
AcDbEntity
  8
0
100
AcDbCircle
 62
7
  6
BYLAYER
 10
527.4675908237
 20
1118.206615761
 40
1133.3409414455
100
AcDbArc
 50
243.4862998713
 51
243.6002212172
  0
SPLINE
  5
9A0
100
AcDbEntity
  8
0
100
AcDbSpline
 62
7
  6
BYLAYER
 70
0
 71
3
 72
9
 73
5
 74
0
 42
0.0000001
 43
0.0000001
 44
0.0000000001
 40
0.0
 40
0.0
 40
0.0
 40
0.0
 40
0.2399648053
 40
1.0
 40
1.0
 40
1.0
 40
1.0
 10
17.2483834204
 20
101.2530886989
 30
0.0
 10
17.2573622027
 20
101.2490985923
 30
0.0
 10
17.2951087329
 20
101.2332171508
 30
0.0
 10
17.3340646508
 20
101.2202532122
 30
0.0
 10
17.3640441779
 20
101.2119058706
 30
0.0
  0
SPLINE
  5
9A1
100
AcDbEntity
  8
0
100
AcDbSpline
 62
7
  6
BYLAYER
 70
0
 71
3
 72
9
 73
5
 74
0
 42
0.0000001
 43
0.0000001
 44
0.0000000001
 40
0.0
 40
0.0
 40
0.0
 40
0.0
 40
0.4961971338
 40
1.0
 40
1.0
 40
1.0
 40
1.0
 10
17.3640441779
 20
101.2119058706
 30
0.0
 10
17.4068087926
 20
101.1999987166
 30
0.0
 10
17.49477299
 20
101.1820997393
 30
0.0
 10
17.5843472047
 20
101.1759880193
 30
0.0
 10
17.6294185908
 20
101.1761787971
 30
0.0
  0
SPLINE
  5
9A2
100
AcDbEntity
  8
0
100
AcDbSpline
 62
7
  6
BYLAYER
 70
0
 71
3
 72
14
 73
10
 74
0
 42
0.0000001
 43
0.0000001
 44
0.0000000001
 40
0.0
 40
0.0
 40
0.0
 40
0.0
 40
0.3298258582
 40
0.4713926462
 40
0.5984254479
 40
0.7123003245
 40
0.8150921139
 40
0.9097289418
 40
1.0
 40
1.0
 40
1.0
 40
1.0
 10
17.9777748898
 20
101.3029260682
 30
0.0
 10
17.9892942647
 20
101.2809454962
 30
0.0
 10
18.0073338604
 20
101.2502279495
 30
0.0
 10
18.0349111627
 20
101.2145658004
 30
0.0
 10
18.0547744374
 20
101.1936575223
 30
0.0
 10
18.0748721749
 20
101.1772505344
 30
0.0
 10
18.0952212453
 20
101.1654108059
 30
0.0
 10
18.1158022244
 20
101.1582398148
 30
0.0
 10
18.1297693012
 20
101.1566573851
 30
0.0
 10
18.1365612418
 20
101.1566881171
 30
0.0
  0
SPLINE
  5
9A3
100
AcDbEntity
  8
0
100
AcDbSpline
 62
7
  6
BYLAYER
 70
0
 71
3
 72
14
 73
10
 74
0
 42
0.0000001
 43
0.0000001
 44
0.0000000001
 40
0.0
 40
0.0
 40
0.0
 40
0.0
 40
0.3314061965
 40
0.4733883529
 40
0.6005414026
 40
0.7142425698
 40
0.8165919126
 40
0.9105502567
 40
1.0
 40
1.0
 40
1.0
 40
1.0
 10
22.2807056904
 20
101.3273565075
 30
0.0
 10
22.2924233985
 20
101.3044766733
 30
0.0
 10
22.3107828904
 20
101.2724945831
 30
0.0
 10
22.3389141346
 20
101.2352955509
 30
0.0
 10
22.3591737777
 20
101.2134976709
 30
0.0
 10
22.3796826917
 20
101.1963887646
 30
0.0
 10
22.4004563396
 20
101.1840298823
 30
0.0
 10
22.4214847641
 20
101.1765400825
 30
0.0
 10
22.4357688345
 20
101.1748892281
 30
0.0
 10
22.4427070317
 20
101.1749192294
 30
0.0
  0
SPLINE
  5
9A4
100
AcDbEntity
  8
0
100
AcDbSpline
 62
7
  6
BYLAYER
 70
0
 71
3
 72
10
 73
6
 74
0
 42
0.0000001
 43
0.0000001
 44
0.0000000001
 40
0.0
 40
0.0
 40
0.0
 40
0.0
 40
0.5292671507
 40
0.7686535751
 40
1.0
 40
1.0
 40
1.0
 40
1.0
 10
22.28497108
 20
101.3410074811
 30
0.0
 10
22.2746985625
 20
101.3329204263
 30
0.0
 10
22.2582381047
 20
101.3227169756
 30
0.0
 10
22.234469451
 20
101.3155867668
 30
0.0
 10
22.2228155454
 20
101.3143879665
 30
0.0
 10
22.2171009329
 20
101.3143635873
 30
0.0
  0
SPLINE
  5
9A5
100
AcDbEntity
  8
0
100
AcDbSpline
 62
7
  6
BYLAYER
 70
0
 71
3
 72
11
 73
7
 74
0
 42
0.0000001
 43
0.0000001
 44
0.0000000001
 40
0.0
 40
0.0
 40
0.0
 40
0.0
 40
0.306487704
 40
0.5680250665
 40
0.7940951645
 40
1.0
 40
1.0
 40
1.0
 40
1.0
 10
18.0266416016
 20
101.3743387257
 30
0.0
 10
18.0179688857
 20
101.3623921045
 30
0.0
 10
18.0006110506
 20
101.3411073565
 30
0.0
 10
17.9716452496
 20
101.315759035
 30
0.0
 10
17.9417863709
 20
101.2999392038
 30
0.0
 10
17.9208729383
 20
101.2961781682
 30
0.0
 10
17.9109551161
 20
101.2961388314
 30
0.0
  0
SPLINE
  5
9A6
100
AcDbEntity
  8
0
100
AcDbSpline
 62
7
  6
BYLAYER
 70
0
 71
3
 72
10
 73
6
 74
0
 42
0.0000001
 43
0.0000001
 44
0.0000000001
 40
0.0
 40
0.0
 40
0.0
 40
0.0
 40
0.5342326809
 40
0.7772881554
 40
1.0
 40
1.0
 40
1.0
 40
1.0
 10
24.2473440265
 20
101.2041911164
 30
0.0
 10
24.2919807065
 20
101.2043800542
 30
0.0
 10
24.357141434
 20
101.2092922769
 30
0.0
 10
24.4389163984
 20
101.2268804065
 30
0.0
 10
24.4760315741
 20
101.2389034777
 30
0.0
 10
24.4933470906
 20
101.2457185206
 30
0.0
  0
SPLINE
  5
9A7
100
AcDbEntity
  8
0
100
AcDbSpline
 62
7
  6
BYLAYER
 70
0
 71
3
 72
9
 73
5
 74
0
 42
0.0000001
 43
0.0000001
 44
0.0000000001
 40
0.0
 40
0.0
 40
0.0
 40
0.0
 40
0.2615483123
 40
1.0
 40
1.0
 40
1.0
 40
1.0
 10
24.4933470906
 20
101.2457185206
 30
0.0
 10
24.4979305003
 20
101.2475224594
 30
0.0
 10
24.5153376846
 20
101.254709024
 30
0.0
 10
24.5322686232
 20
101.2630800716
 30
0.0
 10
24.5443207431
 20
101.2700190764
 30
0.0
  0
SPLINE
  5
9A8
100
AcDbEntity
  8
0
100
AcDbSpline
 62
7
  6
BYLAYER
 70
0
 71
3
 72
10
 73
6
 74
0
 42
0.0000001
 43
0.0000001
 44
0.0000000001
 40
0.0
 40
0.0
 40
0.0
 40
0.0
 40
0.2343618576
 40
0.4754093285
 40
1.0
 40
1.0
 40
1.0
 40
1.0
 10
23.6171104518
 20
101.1798861434
 30
0.0
 10
23.6119444561
 20
101.179862774
 30
0.0
 10
23.6014372554
 20
101.1807504047
 30
0.0
 10
23.5800330275
 20
101.1863558751
 30
0.0
 10
23.564953782
 20
101.1945776914
 30
0.0
 10
23.5554734003
 20
101.2011987658
 30
0.0
  0
SPLINE
  5
9A9
100
AcDbEntity
  8
0
100
AcDbSpline
 62
7
  6
BYLAYER
 70
0
 71
3
 72
26
 73
22
 74
0
 42
0.0000001
 43
0.0000001
 44
0.0000000001
 40
0.0
 40
0.0
 40
0.0
 40
0.0
 40
0.194067834
 40
0.3809080333
 40
0.4693090129
 40
0.5532523384
 40
0.6319249841
 40
0.7045507797
 40
0.770448577
 40
0.8289700998
 40
0.8795708912
 40
0.9217526216
 40
0.9395578124
 40
0.9551201314
 40
0.9684014571
 40
0.9793655138
 40
0.9879916198
 40
0.9942745901
 40
0.9982259753
 40
0.9993556545
 40
1.0
 40
1.0
 40
1.0
 40
1.0
 10
17.527291372
 20
103.5324067001
 30
0.0
 10
17.5563771547
 20
103.5469689394
 30
0.0
 10
17.6134097725
 20
103.5756624971
 30
0.0
 10
17.6835358048
 20
103.6112975154
 30
0.0
 10
17.7371112941
 20
103.6387571015
 30
0.0
 10
17.7745042479
 20
103.6580414771
 30
0.0
 10
17.8094964095
 20
103.6762121708
 30
0.0
 10
17.8417495147
 20
103.6930941142
 30
0.0
 10
17.8709511632
 20
103.7085221561
 30
0.0
 10
17.8968232381
 20
103.7223491294
 30
0.0
 10
17.9191157984
 20
103.7344395498
 30
0.0
 10
17.9353359217
 20
103.743410908
 30
0.0
 10
17.9463549926
 20
103.749650375
 30
0.0
 10
17.9531263889
 20
103.7535591917
 30
0.0
 10
17.9588689182
 20
103.7569583281
 30
0.0
 10
17.9635644906
 20
103.7598366783
 30
0.0
 10
17.9672146682
 20
103.7621901824
 30
0.0
 10
17.9697925851
 20
103.7639978761
 30
0.0
 10
17.9712954769
 20
103.7652122672
 30
0.0
 10
17.9719146531
 20
103.7659219331
 30
0.0
 10
17.972043474
 20
103.7662255305
 30
0.0
 10
17.9720188396
 20
103.7663306817
 30
0.0
  0
SPLINE
  5
9AA
100
AcDbEntity
  8
0
100
AcDbSpline
 62
7
  6
BYLAYER
 70
0
 71
3
 72
26
 73
22
 74
0
 42
0.0000001
 43
0.0000001
 44
0.0000000001
 40
0.0
 40
0.0
 40
0.0
 40
0.0
 40
0.194067834
 40
0.3809080334
 40
0.4693090129
 40
0.5532523384
 40
0.6319249841
 40
0.7045507797
 40
0.770448577
 40
0.8289700998
 40
0.8795708912
 40
0.9217526216
 40
0.9395578124
 40
0.9551201314
 40
0.9684014571
 40
0.9793655138
 40
0.9879916198
 40
0.9942745901
 40
0.9982259753
 40
0.9993556545
 40
1.0
 40
1.0
 40
1.0
 40
1.0
 10
17.5480764602
 20
103.4436862362
 30
0.0
 10
17.5771622428
 20
103.4582484755
 30
0.0
 10
17.6341948606
 20
103.4869420332
 30
0.0
 10
17.7043208929
 20
103.5225770514
 30
0.0
 10
17.7578963822
 20
103.5500366376
 30
0.0
 10
17.795289336
 20
103.5693210132
 30
0.0
 10
17.8302814976
 20
103.5874917068
 30
0.0
 10
17.8625346028
 20
103.6043736503
 30
0.0
 10
17.8917362513
 20
103.6198016922
 30
0.0
 10
17.9176083262
 20
103.6336286654
 30
0.0
 10
17.9399008864
 20
103.6457190858
 30
0.0
 10
17.9561210098
 20
103.6546904441
 30
0.0
 10
17.9671400806
 20
103.660929911
 30
0.0
 10
17.973911477
 20
103.6648387278
 30
0.0
 10
17.9796540063
 20
103.6682378641
 30
0.0
 10
17.9843495787
 20
103.6711162144
 30
0.0
 10
17.9879997563
 20
103.6734697185
 30
0.0
 10
17.9905776731
 20
103.6752774122
 30
0.0
 10
17.9920805649
 20
103.6764918032
 30
0.0
 10
17.9926997412
 20
103.6772014691
 30
0.0
 10
17.9928285621
 20
103.6775050666
 30
0.0
 10
17.9928039277
 20
103.6776102177
 30
0.0
  0
SPLINE
  5
9AB
100
AcDbEntity
  8
0
100
AcDbSpline
 62
7
  6
BYLAYER
 70
0
 71
3
 72
12
 73
8
 74
0
 42
0.0000001
 43
0.0000001
 44
0.0000000001
 40
0.0
 40
0.0
 40
0.0
 40
0.0
 40
0.3203457931
 40
0.6133391957
 40
0.8504428421
 40
0.9381437129
 40
1.0
 40
1.0
 40
1.0
 40
1.0
 10
16.4312464341
 20
102.8845283027
 30
0.0
 10
16.4312464341
 20
102.8280366983
 30
0.0
 10
16.4311800823
 20
102.7198769274
 30
0.0
 10
16.4308722438
 20
102.5699053249
 30
0.0
 10
16.4304583565
 20
102.4609598324
 30
0.0
 10
16.4299844134
 20
102.3927755564
 30
0.0
 10
16.4297185949
 20
102.366402913
 30
0.0
 10
16.429551987
 20
102.355496095
 30
0.0
  0
SPLINE
  5
9AC
100
AcDbEntity
  8
0
100
AcDbSpline
 62
7
  6
BYLAYER
 70
0
 71
3
 72
27
 73
23
 74
0
 42
0.0000001
 43
0.0000001
 44
0.0000000001
 40
0.0
 40
0.0
 40
0.0
 40
0.0
 40
0.000908608
 40
0.0022812724
 40
0.0065708395
 40
0.0129939969
 40
0.0215641819
 40
0.0322754824
 40
0.045116273
 40
0.0600706694
 40
0.0771120059
 40
0.0962098302
 40
0.1173332837
 40
0.1655220892
 40
0.2213541675
 40
0.284474973
 40
0.3544897511
 40
0.4309804961
 40
0.5135020497
 40
0.6015893215
 40
0.7925647535
 40
1.0
 40
1.0
 40
1.0
 40
1.0
 10
17.6388882539
 20
103.5513496094
 30
0.0
 10
17.6392401928
 20
103.5511606746
 30
0.0
 10
17.6402632997
 20
103.5509921332
 30
0.0
 10
17.6431405634
 20
103.5511364213
 30
0.0
 10
17.6483620269
 20
103.5523000912
 30
0.0
 10
17.6564792946
 20
103.5547037636
 30
0.0
 10
17.6671702639
 20
103.5583908779
 30
0.0
 10
17.6803972392
 20
103.5633333775
 30
0.0
 10
17.6961464827
 20
103.5695449713
 30
0.0
 10
17.7143881646
 20
103.5770134195
 30
0.0
 10
17.735091088
 20
103.5857281458
 30
0.0
 10
17.7582176565
 20
103.5956731448
 30
0.0
 10
17.7938270764
 20
103.6112503092
 30
0.0
 10
17.8440560879
 20
103.6336991735
 30
0.0
 10
17.9109239947
 20
103.6641621367
 30
0.0
 10
17.9863315713
 20
103.6990215879
 30
0.0
 10
18.0698125692
 20
103.7380581741
 30
0.0
 10
18.1608652615
 20
103.781036057
 30
0.0
 10
18.2589618396
 20
103.8277028898
 30
0.0
 10
18.4023282179
 20
103.8963674823
 30
0.0
 10
18.5948984324
 20
103.9894272469
 30
0.0
 10
18.7523234618
 20
104.0662087307
 30
0.0
 10
18.8342245328
 20
104.1063147292
 30
0.0
  0
SPLINE
  5
9AD
100
AcDbEntity
  8
0
100
AcDbSpline
 62
7
  6
BYLAYER
 70
0
 71
3
 72
25
 73
21
 74
0
 42
0.0000001
 43
0.0000001
 44
0.0000000001
 40
0.0
 40
0.0
 40
0.0
 40
0.0
 40
0.1961821968
 40
0.3820360288
 40
0.4695390261
 40
0.5526555658
 40
0.630750376
 40
0.7031305532
 40
0.7691024737
 40
0.8279917833
 40
0.8791380162
 40
0.9219084715
 40
0.939983067
 40
0.9557644443
 40
0.9691887362
 40
0.9801969172
 40
0.9887615003
 40
0.9948750757
 40
0.9985533583
 40
1.0
 40
1.0
 40
1.0
 40
1.0
 10
16.8241761263
 20
101.3800289531
 30
0.0
 10
16.7988696467
 20
101.367489814
 30
0.0
 10
16.7495529156
 20
101.343144407
 30
0.0
 10
16.6888420672
 20
101.3134229467
 30
0.0
 10
16.6426821552
 20
101.2909987533
 30
0.0
 10
16.6104406803
 20
101.2754261262
 30
0.0
 10
16.5801219053
 20
101.2608786949
 30
0.0
 10
16.5519877336
 20
101.247483996
 30
0.0
 10
16.5263051615
 20
101.2353723254
 30
0.0
 10
16.5033377462
 20
101.2246701351
 30
0.0
 10
16.4833423643
 20
101.2154995896
 30
0.0
 10
16.4686310146
 20
101.2089010579
 30
0.0
 10
16.4585215505
 20
101.2044890164
 30
0.0
 10
16.4522570461
 20
101.2018206057
 30
0.0
 10
16.4469138262
 20
101.1996111993
 30
0.0
 10
16.4424700773
 20
101.1978736013
 30
0.0
 10
16.4390552541
 20
101.1966000932
 30
0.0
 10
16.4364010815
 20
101.1958118765
 30
0.0
 10
16.4350612812
 20
101.1954287649
 30
0.0
 10
16.4340388794
 20
101.1954516732
 30
0.0
 10
16.4339913752
 20
101.1956544435
 30
0.0
  0
SPLINE
  5
9AE
100
AcDbEntity
  8
0
100
AcDbSpline
 62
7
  6
BYLAYER
 70
0
 71
3
 72
26
 73
22
 74
0
 42
0.0000001
 43
0.0000001
 44
0.0000000001
 40
0.0
 40
0.0
 40
0.0
 40
0.0
 40
0.0011875963
 40
0.0026254319
 40
0.0046739501
 40
0.0106224202
 40
0.0190423433
 40
0.0299190959
 40
0.0432088761
 40
0.0588570483
 40
0.0768082089
 40
0.1193855452
 40
0.1703799953
 40
0.2291694764
 40
0.2950982834
 40
0.3674826924
 40
0.4456416074
 40
0.5289010976
 40
0.6166006252
 40
0.8029859629
 40
1.0
 40
1.0
 40
1.0
 40
1.0
 10
23.9339132604
 20
101.1963240425
 30
0.0
 10
23.9339128907
 20
101.196154608
 30
0.0
 10
23.9333072998
 20
101.1961639596
 30
0.0
 10
23.9327678236
 20
101.1962949318
 30
0.0
 10
23.9314039688
 20
101.1966577724
 30
0.0
 10
23.9292441453
 20
101.1974371491
 30
0.0
 10
23.9258632592
 20
101.1987440597
 30
0.0
 10
23.9215772349
 20
101.2005230386
 30
0.0
 10
23.9163542764
 20
101.2027645665
 30
0.0
 10
23.9102335207
 20
101.2054617825
 30
0.0
 10
23.9003178337
 20
101.2099123079
 30
0.0
 10
23.8858565218
 20
101.2165478175
 30
0.0
 10
23.8661599783
 20
101.2257440727
 30
0.0
 10
23.8434967796
 20
101.2364602777
 30
0.0
 10
23.8181191432
 20
101.2485744827
 30
0.0
 10
23.7902867549
 20
101.2619607514
 30
0.0
 10
23.76026123
 20
101.2764914847
 30
0.0
 10
23.7283006639
 20
101.2920394902
 30
0.0
 10
23.6824952306
 20
101.3144242347
 30
0.0
 10
23.6221797258
 20
101.3440804349
 30
0.0
 10
23.5731557986
 20
101.3683440671
 30
0.0
 10
23.5479787994
 20
101.3808413718
 30
0.0
  0
SPLINE
  5
9AF
100
AcDbEntity
  8
0
100
AcDbSpline
 62
7
  6
BYLAYER
 70
0
 71
3
 72
27
 73
23
 74
0
 42
0.0000001
 43
0.0000001
 44
0.0000000001
 40
0.0
 40
0.0
 40
0.0
 40
0.0
 40
0.0007282559
 40
0.0020013311
 40
0.0038486503
 40
0.0062774895
 40
0.0128853179
 40
0.0218241852
 40
0.0330836629
 40
0.0466403085
 40
0.0624562205
 40
0.080492093
 40
0.1230628089
 40
0.1739515092
 40
0.2326560152
 40
0.2986290908
 40
0.3712214957
 40
0.4497517738
 40
0.5334451349
 40
0.6214906529
 40
0.8073167235
 40
1.0
 40
1.0
 40
1.0
 40
1.0
 10
22.3648813749
 20
103.6780266725
 30
0.0
 10
22.3649094386
 20
103.6779068837
 30
0.0
 10
22.3651322942
 20
103.6776302962
 30
0.0
 10
22.3656006221
 20
103.677192207
 30
0.0
 10
22.3663438815
 20
103.6766121558
 30
0.0
 10
22.3678401622
 20
103.675547355
 30
0.0
 10
22.3703950719
 20
103.6739003268
 30
0.0
 10
22.3742628274
 20
103.6715462307
 30
0.0
 10
22.3791853444
 20
103.6686660386
 30
0.0
 10
22.3851489423
 20
103.6652667834
 30
0.0
 10
22.3921398104
 20
103.6613581528
 30
0.0
 10
22.4034482065
 20
103.6551281979
 30
0.0
 10
22.4200152785
 20
103.6461648778
 30
0.0
 10
22.4427022736
 20
103.6340760221
 30
0.0
 10
22.4689442023
 20
103.6202520425
 30
0.0
 10
22.4984872791
 20
103.604828097
 30
0.0
 10
22.5310500261
 20
103.5879512837
 30
0.0
 10
22.5663169073
 20
103.5697864071
 30
0.0
 10
22.6039470368
 20
103.5505085796
 30
0.0
 10
22.6577641948
 20
103.5230719712
 30
0.0
 10
22.728082958
 20
103.4874640329
 30
0.0
 10
22.7852227733
 20
103.4587566593
 30
0.0
 10
22.814332726
 20
103.4441878645
 30
0.0
  0
SPLINE
  5
9B0
100
AcDbEntity
  8
0
100
AcDbSpline
 62
7
  6
BYLAYER
 70
0
 71
3
 72
28
 73
24
 74
0
 42
0.0000001
 43
0.0000001
 44
0.0000000001
 40
0.0
 40
0.0
 40
0.0
 40
0.0
 40
0.2082763315
 40
0.3998228786
 40
0.4880996397
 40
0.5707492453
 40
0.6473106653
 40
0.7173393607
 40
0.7804211008
 40
0.8361596894
 40
0.8842071792
 40
0.9052422124
 40
0.9242375762
 40
0.9411643891
 40
0.9559940817
 40
0.9686986807
 40
0.9792572691
 40
0.9876590129
 40
0.9938976174
 40
0.9962071866
 40
0.9979812134
 40
0.999231852
 40
1.0
 40
1.0
 40
1.0
 40
1.0
 10
21.5203433476
 20
104.1065704984
 30
0.0
 10
21.6014476992
 20
104.0666864123
 30
0.0
 10
21.7572374699
 20
103.9903164714
 30
0.0
 10
21.9476919417
 20
103.8976330848
 30
0.0
 10
22.0893181363
 20
103.8291983324
 30
0.0
 10
22.1861146116
 20
103.7826750214
 30
0.0
 10
22.2758778726
 20
103.739798792
 30
0.0
 10
22.35809161
 20
103.7008191007
 30
0.0
 10
22.4322631568
 20
103.6659700373
 30
0.0
 10
22.4979377532
 20
103.6354688905
 30
0.0
 10
22.5471948221
 20
103.612936526
 30
0.0
 10
22.5820528564
 20
103.5972593712
 30
0.0
 10
22.6046453893
 20
103.5872353172
 30
0.0
 10
22.6248317838
 20
103.5784289231
 30
0.0
 10
22.6425770117
 20
103.5708547211
 30
0.0
 10
22.6578481714
 20
103.5645267816
 30
0.0
 10
22.6706189693
 20
103.5594510831
 30
0.0
 10
22.6808661941
 20
103.5556376478
 30
0.0
 10
22.6878486106
 20
103.5533019823
 30
0.0
 10
22.6921680183
 20
103.5521274156
 30
0.0
 10
22.6944434005
 20
103.5516488312
 30
0.0
 10
22.6960657307
 20
103.5514754044
 30
0.0
 10
22.6969783585
 20
103.5515555428
 30
0.0
 10
22.6972720159
 20
103.551713268
 30
0.0
  0
SPLINE
  5
9B1
100
AcDbEntity
  8
0
100
AcDbSpline
 62
7
  6
BYLAYER
 70
0
 71
3
 72
27
 73
23
 74
0
 42
0.0000001
 43
0.0000001
 44
0.0000000001
 40
0.0
 40
0.0
 40
0.0
 40
0.0
 40
0.0007282696
 40
0.0020013542
 40
0.003848678
 40
0.0062775175
 40
0.0128853383
 40
0.0218241933
 40
0.0330836623
 40
0.0466403063
 40
0.0624562221
 40
0.0804921014
 40
0.1230628313
 40
0.1739515405
 40
0.2326560538
 40
0.2986291378
 40
0.3712215505
 40
0.4497518343
 40
0.5334451977
 40
0.6214907142
 40
0.8073167671
 40
1.0
 40
1.0
 40
1.0
 40
1.0
 10
22.3440962869
 20
103.7667471365
 30
0.0
 10
22.3441243547
 20
103.7666273461
 30
0.0
 10
22.3443472131
 20
103.7663507576
 30
0.0
 10
22.3448155464
 20
103.7659126649
 30
0.0
 10
22.3455588081
 20
103.7653326123
 30
0.0
 10
22.3470550898
 20
103.7642678107
 30
0.0
 10
22.3496099984
 20
103.7626207827
 30
0.0
 10
22.3534777529
 20
103.7602666867
 30
0.0
 10
22.3584002705
 20
103.7573864942
 30
0.0
 10
22.3643638725
 20
103.7539872368
 30
0.0
 10
22.3713547478
 20
103.7500786024
 30
0.0
 10
22.3826631571
 20
103.7438486407
 30
0.0
 10
22.3992302474
 20
103.7348853112
 30
0.0
 10
22.421917266
 20
103.7227964435
 30
0.0
 10
22.4481592202
 20
103.7089724508
 30
0.0
 10
22.4777023252
 20
103.6935484912
 30
0.0
 10
22.5102651026
 20
103.6766716626
 30
0.0
 10
22.5455320155
 20
103.6585067702
 30
0.0
 10
22.5831621773
 20
103.6392289267
 30
0.0
 10
22.6369793776
 20
103.6117922976
 30
0.0
 10
22.7072981899
 20
103.5761843355
 30
0.0
 10
22.7644380435
 20
103.5474769434
 30
0.0
 10
22.7935480138
 20
103.5329081403
 30
0.0
  0
SPLINE
  5
9B2
100
AcDbEntity
  8
0
100
AcDbSpline
 62
7
  6
BYLAYER
 70
0
 71
3
 72
14
 73
10
 74
0
 42
0.0000001
 43
0.0000001
 44
0.0000000001
 40
0.0
 40
0.0
 40
0.0
 40
0.0
 40
0.0435216287
 40
0.1086066916
 40
0.1969039675
 40
0.3090084268
 40
0.445245163
 40
0.6057986117
 40
1.0
 40
1.0
 40
1.0
 40
1.0
 10
23.7179049525
 20
103.0418063132
 30
0.0
 10
23.7183048005
 20
103.0401037275
 30
0.0
 10
23.7205527831
 20
103.0362256358
 30
0.0
 10
23.7257077383
 20
103.0302509438
 30
0.0
 10
23.7334764061
 20
103.0228981954
 30
0.0
 10
23.7438505764
 20
103.0142187735
 30
0.0
 10
23.7568747312
 20
103.0041916529
 30
0.0
 10
23.7793609545
 20
102.9878981957
 30
0.0
 10
23.7978459868
 20
102.9754255298
 30
0.0
 10
23.8110706121
 20
102.9667052465
 30
0.0
  0
LINE
  5
9B3
100
AcDbEntity
  8
0
100
AcDbLine
 62
7
  6
BYLAYER
 10
23.9047090037
 20
102.9981596485
 11
23.9047480617
 21
102.8967599843
  0
SPLINE
  5
9B4
100
AcDbEntity
  8
0
100
AcDbSpline
 62
7
  6
BYLAYER
 70
0
 71
3
 72
11
 73
7
 74
0
 42
0.0000001
 43
0.0000001
 44
0.0000000001
 40
0.0
 40
0.0
 40
0.0
 40
0.0
 40
0.2991460928
 40
0.5781927349
 40
0.8188991975
 40
1.0
 40
1.0
 40
1.0
 40
1.0
 10
18.2302800783
 20
101.7695066259
 30
0.0
 10
18.2747999742
 20
101.8126906017
 30
0.0
 10
18.3569771409
 20
101.9002566354
 30
0.0
 10
18.4616976791
 20
102.0341617256
 30
0.0
 10
18.5416938196
 20
102.1556325743
 30
0.0
 10
18.5848058405
 20
102.2318000214
 30
0.0
 10
18.6021219277
 20
102.2651171917
 30
0.0
  0
SPLINE
  5
9B5
100
AcDbEntity
  8
0
100
AcDbSpline
 62
7
  6
BYLAYER
 70
0
 71
3
 72
11
 73
7
 74
0
 42
0.0000001
 43
0.0000001
 44
0.0000000001
 40
0.0
 40
0.0
 40
0.0
 40
0.0
 40
0.1761589183
 40
0.4165352502
 40
0.6976975697
 40
1.0
 40
1.0
 40
1.0
 40
1.0
 10
21.7519783703
 20
102.2744552387
 30
0.0
 10
21.7694872628
 20
102.2415947352
 30
0.0
 10
21.8131930533
 20
102.1651087063
 30
0.0
 10
21.8944459404
 20
102.0418831277
 30
0.0
 10
22.0017538473
 20
101.9044813787
 30
0.0
 10
22.086260184
 20
101.8143620747
 30
0.0
 10
22.1321291079
 20
101.7698782899
 30
0.0
  0
SPLINE
  5
9B6
100
AcDbEntity
  8
0
100
AcDbSpline
 62
7
  6
BYLAYER
 70
0
 71
3
 72
26
 73
22
 74
0
 42
0.0000001
 43
0.0000001
 44
0.0000000001
 40
0.0
 40
0.0
 40
0.0
 40
0.0
 40
0.0005791553
 40
0.0016093057
 40
0.0053484052
 40
0.0114225674
 40
0.0198483274
 40
0.0306225256
 40
0.0437243864
 40
0.0591184681
 40
0.0767677293
 40
0.1186780484
 40
0.1690632436
 40
0.2274315966
 40
0.2932431341
 40
0.3658543146
 40
0.4445888252
 40
0.528673579
 40
0.6172999806
 40
0.8048552743
 40
1.0
 40
1.0
 40
1.0
 40
1.0
 10
17.9710575102
 20
103.7704092675
 30
0.0
 10
17.9710142897
 20
103.770495159
 30
0.0
 10
17.9707303154
 20
103.7706114402
 30
0.0
 10
17.9698586599
 20
103.7705614289
 30
0.0
 10
17.9680818333
 20
103.7701429792
 30
0.0
 10
17.9652117511
 20
103.7692121334
 30
0.0
 10
17.9612674535
 20
103.7677634901
 30
0.0
 10
17.9562822854
 20
103.7657911738
 30
0.0
 10
17.9502576014
 20
103.7632968243
 30
0.0
 10
17.9432130569
 20
103.7602859047
 30
0.0
 10
17.9318123029
 20
103.7552978036
 30
0.0
 10
17.9151652696
 20
103.7478096482
 30
0.0
 10
17.8924403528
 20
103.7373565448
 30
0.0
 10
17.8661865184
 20
103.7250811318
 30
0.0
 10
17.8366571859
 20
103.7111001464
 30
0.0
 10
17.8041320677
 20
103.6955457209
 30
0.0
 10
17.7689256749
 20
103.6785666499
 30
0.0
 10
17.7313757552
 20
103.6603264136
 30
0.0
 10
17.677641299
 20
103.6340560769
 30
0.0
 10
17.6074622978
 20
103.5994419861
 30
0.0
 10
17.5505930245
 20
103.5711076179
 30
0.0
 10
17.5216227118
 20
103.5566031903
 30
0.0
  0
SPLINE
  5
9B7
100
AcDbEntity
  8
0
100
AcDbSpline
 62
7
  6
BYLAYER
 70
0
 71
3
 72
25
 73
21
 74
0
 42
0.0000001
 43
0.0000001
 44
0.0000000001
 40
0.0
 40
0.0
 40
0.0
 40
0.0
 40
0.0014483205
 40
0.0051322675
 40
0.0112549424
 40
0.019831564
 40
0.0308512003
 40
0.0442726054
 40
0.0600409098
 40
0.0781000432
 40
0.1208564345
 40
0.1719858818
 40
0.2308648243
 40
0.2968366709
 40
0.3692118225
 40
0.4473035473
 40
0.5304368711
 40
0.6179484313
 40
0.8037724625
 40
1.0
 40
1.0
 40
1.0
 40
1.0
 10
16.4339914013
 20
102.8728115004
 30
0.0
 10
16.4340389734
 20
102.8726084406
 30
0.0
 10
16.4350634482
 20
102.8725864322
 30
0.0
 10
16.4364050735
 20
102.8729703133
 30
0.0
 10
16.4390638395
 20
102.8737607237
 30
0.0
 10
16.4424835734
 20
102.8750367506
 30
0.0
 10
16.4469310508
 20
102.8767766065
 30
0.0
 10
16.4522751345
 20
102.8789862242
 30
0.0
 10
16.4585372509
 20
102.8816533357
 30
0.0
 10
16.4686439477
 20
102.8860637375
 30
0.0
 10
16.4833529777
 20
102.8926616602
 30
0.0
 10
16.5033485501
 20
102.9018316228
 30
0.0
 10
16.5263185309
 20
102.9125350338
 30
0.0
 10
16.5520057825
 20
102.9246493167
 30
0.0
 10
16.5801463816
 20
102.9380471107
 30
0.0
 10
16.6104741002
 20
102.9525995264
 30
0.0
 10
16.6427269543
 20
102.9681779241
 30
0.0
 10
16.6888986463
 20
102.9906077295
 30
0.0
 10
16.7496288526
 20
103.020338552
 30
0.0
 10
16.7989606416
 20
103.044691655
 30
0.0
 10
16.8242797222
 20
103.0572370377
 30
0.0
  0
SPLINE
  5
9B8
100
AcDbEntity
  8
0
100
AcDbSpline
 62
7
  6
BYLAYER
 70
0
 71
3
 72
26
 73
22
 74
0
 42
0.0000001
 43
0.0000001
 44
0.0000000001
 40
0.0
 40
0.0
 40
0.0
 40
0.0
 40
0.0005791553
 40
0.0016093057
 40
0.0053484052
 40
0.0114225674
 40
0.0198483274
 40
0.0306225256
 40
0.0437243864
 40
0.0591184681
 40
0.0767677293
 40
0.1186780484
 40
0.1690632436
 40
0.2274315966
 40
0.2932431341
 40
0.3658543146
 40
0.4445888252
 40
0.528673579
 40
0.6172999806
 40
0.8048552743
 40
1.0
 40
1.0
 40
1.0
 40
1.0
 10
17.9918425982
 20
103.6816888035
 30
0.0
 10
17.9917993778
 20
103.681774695
 30
0.0
 10
17.9915154035
 20
103.6818909762
 30
0.0
 10
17.990643748
 20
103.681840965
 30
0.0
 10
17.9888669214
 20
103.6814225152
 30
0.0
 10
17.9859968391
 20
103.6804916694
 30
0.0
 10
17.9820525416
 20
103.6790430262
 30
0.0
 10
17.9770673735
 20
103.6770707098
 30
0.0
 10
17.9710426894
 20
103.6745763604
 30
0.0
 10
17.963998145
 20
103.6715654408
 30
0.0
 10
17.9525973909
 20
103.6665773396
 30
0.0
 10
17.9359503577
 20
103.6590891843
 30
0.0
 10
17.9132254408
 20
103.6486360809
 30
0.0
 10
17.8869716065
 20
103.6363606679
 30
0.0
 10
17.8574422739
 20
103.6223796824
 30
0.0
 10
17.8249171557
 20
103.6068252569
 30
0.0
 10
17.789710763
 20
103.589846186
 30
0.0
 10
17.7521608433
 20
103.5716059496
 30
0.0
 10
17.698426387
 20
103.545335613
 30
0.0
 10
17.6282473858
 20
103.5107215222
 30
0.0
 10
17.5713781126
 20
103.4823871539
 30
0.0
 10
17.5424077999
 20
103.4678827264
 30
0.0
  0
SPLINE
  5
9B9
100
AcDbEntity
  8
0
100
AcDbSpline
 62
7
  6
BYLAYER
 70
0
 71
3
 72
26
 73
22
 74
0
 42
0.0000001
 43
0.0000001
 44
0.0000000001
 40
0.0
 40
0.0
 40
0.0
 40
0.0
 40
0.1956520246
 40
0.3834541429
 40
0.472125075
 40
0.5562132553
 40
0.6349198801
 40
0.7074786419
 40
0.7732211125
 40
0.8315111817
 40
0.8818135432
 40
0.9236442717
 40
0.9412543813
 40
0.9566104074
 40
0.9696759064
 40
0.980415287
 40
0.9888044059
 40
0.9948371099
 40
0.9985207552
 40
0.9995048534
 40
1.0
 40
1.0
 40
1.0
 40
1.0
 10
22.8086678102
 20
103.4683824817
 30
0.0
 10
22.7798757559
 20
103.482792178
 30
0.0
 10
22.7234036939
 20
103.5109473153
 30
0.0
 10
22.653763299
 20
103.5453924875
 30
0.0
 10
22.6005067305
 20
103.5715513287
 30
0.0
 10
22.5633276157
 20
103.5897208613
 30
0.0
 10
22.52849274
 20
103.6066483824
 30
0.0
 10
22.4963326958
 20
103.6221727514
 30
0.0
 10
22.4671551201
 20
103.6361467251
 30
0.0
 10
22.441233535
 20
103.6484396101
 30
0.0
 10
22.4188149986
 20
103.6589354752
 30
0.0
 10
22.4024084278
 20
103.6664834507
 30
0.0
 10
22.3911845272
 20
103.6715363995
 30
0.0
 10
22.3842567155
 20
103.674599164
 30
0.0
 10
22.3783379136
 20
103.6771516726
 30
0.0
 10
22.3734507094
 20
103.6791880536
 30
0.0
 10
22.369588023
 20
103.680705966
 30
0.0
 10
22.366804277
 20
103.6817085603
 30
0.0
 10
22.3650707016
 20
103.6821973056
 30
0.0
 10
22.3642642816
 20
103.6823123013
 30
0.0
 10
22.3639818049
 20
103.68224585
 30
0.0
 10
22.363944874
 20
103.6821732183
 30
0.0
  0
SPLINE
  5
9BA
100
AcDbEntity
  8
0
100
AcDbSpline
 62
7
  6
BYLAYER
 70
0
 71
3
 72
26
 73
22
 74
0
 42
0.0000001
 43
0.0000001
 44
0.0000000001
 40
0.0
 40
0.0
 40
0.0
 40
0.0
 40
0.1956524636
 40
0.3834547535
 40
0.4721256968
 40
0.5562138512
 40
0.63492042
 40
0.7074791042
 40
0.7732214876
 40
0.8315114703
 40
0.8818137422
 40
0.9236443691
 40
0.9412544295
 40
0.9566104179
 40
0.969675899
 40
0.9804152894
 40
0.9888044394
 40
0.994837169
 40
0.9985208059
 40
0.9995048805
 40
1.0
 40
1.0
 40
1.0
 40
1.0
 10
22.7878789776
 20
103.5571048186
 30
0.0
 10
22.7590871008
 20
103.5715144245
 30
0.0
 10
22.7026154204
 20
103.5996693606
 30
0.0
 10
22.6329755164
 20
103.6341142795
 30
0.0
 10
22.5797193706
 20
103.6602729057
 30
0.0
 10
22.5425405775
 20
103.6784422756
 30
0.0
 10
22.5077060167
 20
103.6953696382
 30
0.0
 10
22.4755462742
 20
103.7108938564
 30
0.0
 10
22.4463689798
 20
103.7248676904
 30
0.0
 10
22.4204476504
 20
103.7371604493
 30
0.0
 10
22.3980293425
 20
103.7476562028
 30
0.0
 10
22.3816229443
 20
103.7552040947
 30
0.0
 10
22.3703991651
 20
103.760256985
 30
0.0
 10
22.3634714268
 20
103.7633197147
 30
0.0
 10
22.3575526807
 20
103.7658721967
 30
0.0
 10
22.3526655143
 20
103.7679085621
 30
0.0
 10
22.3488028488
 20
103.7694264628
 30
0.0
 10
22.3460191227
 20
103.7704290591
 30
0.0
 10
22.3442855569
 20
103.7709177877
 30
0.0
 10
22.3434791581
 20
103.7710327908
 30
0.0
 10
22.3431966887
 20
103.7709663224
 30
0.0
 10
22.3431597706
 20
103.7708936899
 30
0.0
  0
SPLINE
  5
9BB
100
AcDbEntity
  8
0
100
AcDbSpline
 62
7
  6
BYLAYER
 70
0
 71
3
 72
17
 73
13
 74
0
 42
0.0000001
 43
0.0000001
 44
0.0000000001
 40
0.0
 40
0.0
 40
0.0
 40
0.0
 40
0.2321405601
 40
0.4319177316
 40
0.5994231993
 40
0.7349219414
 40
0.8390582783
 40
0.9132850105
 40
0.9403691719
 40
0.9621400706
 40
0.9808770005
 40
1.0
 40
1.0
 40
1.0
 40
1.0
 10
23.7959583934
 20
103.0312271097
 30
0.0
 10
23.7898792059
 20
103.0332144648
 30
0.0
 10
23.7785346745
 20
103.0368103535
 30
0.0
 10
23.7626670668
 20
103.0414001729
 30
0.0
 10
23.7492324933
 20
103.0447822143
 30
0.0
 10
23.7382180732
 20
103.0469752001
 30
0.0
 10
23.7296309312
 20
103.0479783315
 30
0.0
 10
23.7239130008
 20
103.0478986314
 30
0.0
 10
23.7206172968
 20
103.0470214256
 30
0.0
 10
23.7189649657
 20
103.0460933408
 30
0.0
 10
23.7179260096
 20
103.0447498817
 30
0.0
 10
23.7177387706
 20
103.0436833942
 30
0.0
 10
23.7177377252
 20
103.0431565306
 30
0.0
  0
LINE
  5
9BC
100
AcDbEntity
  8
0
100
AcDbLine
 62
7
  6
BYLAYER
 10
22.8000886701
 20
103.4512488976
 11
22.8086643549
 21
103.4683859041
  0
LINE
  5
9BD
100
AcDbEntity
  8
0
100
AcDbLine
 62
7
  6
BYLAYER
 10
17.5532581667
 20
103.4462097266
 11
17.5424077999
 21
103.4678827264
  0
SPLINE
  5
9BE
100
AcDbEntity
  8
0
100
AcDbSpline
 62
7
  6
BYLAYER
 70
0
 71
3
 72
30
 73
26
 74
0
 42
0.0000001
 43
0.0000001
 44
0.0000000001
 40
0.0
 40
0.0
 40
0.0
 40
0.0
 40
0.0004979932
 40
0.0012008159
 40
0.0023747926
 40
0.0040776705
 40
0.0063266013
 40
0.0091285511
 40
0.0124867952
 40
0.0164018664
 40
0.0258978517
 40
0.0376043469
 40
0.05150582
 40
0.0675850191
 40
0.0858166314
 40
0.1061685094
 40
0.1531023798
 40
0.2081018518
 40
0.2708172577
 40
0.3408783524
 40
0.417872673
 40
0.5013715667
 40
0.5909166972
 40
0.786246529
 40
1.0
 40
1.0
 40
1.0
 40
1.0
 10
22.6972720159
 20
103.551713268
 30
0.0
 10
22.6974494164
 20
103.5518085509
 30
0.0
 10
22.6977639962
 20
103.5523020601
 30
0.0
 10
22.6972406305
 20
103.5532276463
 30
0.0
 10
22.6963397138
 20
103.5543056097
 30
0.0
 10
22.6947923537
 20
103.555722538
 30
0.0
 10
22.6926742666
 20
103.5574332013
 30
0.0
 10
22.689937715
 20
103.5594585416
 30
0.0
 10
22.6865967987
 20
103.5617886106
 30
0.0
 10
22.6809551728
 20
103.5655521784
 30
0.0
 10
22.6723723769
 20
103.5709844728
 30
0.0
 10
22.6602392997
 20
103.5783528916
 30
0.0
 10
22.6457173717
 20
103.5869129601
 30
0.0
 10
22.6288282095
 20
103.596650988
 30
0.0
 10
22.6095985918
 20
103.6075503184
 30
0.0
 10
22.5794155667
 20
103.6244255371
 30
0.0
 10
22.5360798068
 20
103.6482400894
 30
0.0
 10
22.4775256015
 20
103.6799267426
 30
0.0
 10
22.4105711522
 20
103.7157378958
 30
0.0
 10
22.335621667
 20
103.755457171
 30
0.0
 10
22.2531117077
 20
103.7988564888
 30
0.0
 10
22.1635075156
 20
103.8456919347
 30
0.0
 10
22.031344395
 20
103.9144014895
 30
0.0
 10
21.8521761932
 20
104.0068797963
 30
0.0
 10
21.7049578799
 20
104.0823114986
 30
0.0
 10
21.6279848084
 20
104.1216302504
 30
0.0
  0
LINE
  5
9BF
100
AcDbEntity
  8
0
100
AcDbLine
 62
7
  6
BYLAYER
 10
21.6279848084
 20
104.1216302504
 11
21.5832633012
 21
104.1444609051
  0
LINE
  5
9C0
100
AcDbEntity
  8
0
100
AcDbLine
 62
7
  6
BYLAYER
 10
22.7878789776
 20
103.5571048186
 11
22.779303972
 21
103.5399691688
  0
LINE
  5
9C1
100
AcDbEntity
  8
0
100
AcDbLine
 62
7
  6
BYLAYER
 10
17.5324730787
 20
103.5349301906
 11
17.5216227118
 21
103.5566031903
  0
SPLINE
  5
9C2
100
AcDbEntity
  8
0
100
AcDbSpline
 62
7
  6
BYLAYER
 70
0
 71
3
 72
11
 73
7
 74
0
 42
0.0000001
 43
0.0000001
 44
0.0000000001
 40
0.0
 40
0.0
 40
0.0
 40
0.0
 40
0.1567618645
 40
0.396053834
 40
0.6864476519
 40
1.0
 40
1.0
 40
1.0
 40
1.0
 10
16.4064870654
 20
102.4539519186
 30
0.0
 10
16.4061033622
 20
102.4823492362
 30
0.0
 10
16.4056607741
 20
102.5541003272
 30
0.0
 10
16.4051579742
 20
102.6784598053
 30
0.0
 10
16.404864276
 20
102.8312258271
 30
0.0
 10
16.4047926857
 20
102.9406402524
 30
0.0
 10
16.4047926857
 20
102.9974452568
 30
0.0
  0
SPLINE
  5
9C3
100
AcDbEntity
  8
0
100
AcDbSpline
 62
7
  6
BYLAYER
 70
0
 71
3
 72
11
 73
7
 74
0
 42
0.0000001
 43
0.0000001
 44
0.0000000001
 40
0.0
 40
0.0
 40
0.0
 40
0.0
 40
0.1958683169
 40
0.406486974
 40
0.6679721362
 40
1.0
 40
1.0
 40
1.0
 40
1.0
 10
16.4297719942
 20
102.4396347691
 30
0.0
 10
16.4279625352
 20
102.4389837911
 30
0.0
 10
16.4238073162
 20
102.4384822176
 30
0.0
 10
16.417558049
 20
102.4410762572
 30
0.0
 10
16.4116641592
 20
102.4464562124
 30
0.0
 10
16.408233789
 20
102.4512018485
 30
0.0
 10
16.4064855034
 20
102.4539531547
 30
0.0
  0
LINE
  5
9C4
100
AcDbEntity
  8
0
100
AcDbLine
 62
7
  6
BYLAYER
 10
18.7361950263
 20
104.1450704359
 11
18.6979617015
 21
104.1254434585
  0
SPLINE
  5
9C5
100
AcDbEntity
  8
0
100
AcDbSpline
 62
7
  6
BYLAYER
 70
0
 71
3
 72
30
 73
26
 74
0
 42
0.0000001
 43
0.0000001
 44
0.0000000001
 40
0.0
 40
0.0
 40
0.0
 40
0.0
 40
0.2142331837
 40
0.4098845866
 40
0.499528111
 40
0.5830863917
 40
0.6600996522
 40
0.7301403529
 40
0.7927943419
 40
0.8476933175
 40
0.894492133
 40
0.9147608736
 40
0.9329018421
 40
0.9488853806
 40
0.962683381
 40
0.9742780011
 40
0.9836589407
 40
0.9875175622
 40
0.9908216664
 40
0.9935729309
 40
0.9957758963
 40
0.9974425731
 40
0.9986033127
 40
0.999352484
 40
1.0
 40
1.0
 40
1.0
 40
1.0
 10
18.6979617015
 20
104.1254434585
 30
0.0
 10
18.6213026132
 20
104.0860651623
 30
0.0
 10
18.4747524527
 20
104.0104923168
 30
0.0
 10
18.2965012401
 20
103.91771502
 30
0.0
 10
18.165137755
 20
103.8487156733
 30
0.0
 10
18.0761579764
 20
103.8016589838
 30
0.0
 10
17.9942925827
 20
103.758018767
 30
0.0
 10
17.9200052329
 20
103.7180407544
 30
0.0
 10
17.8537271548
 20
103.6819540125
 30
0.0
 10
17.7958591833
 20
103.6499759745
 30
0.0
 10
17.7531121544
 20
103.6258901807
 30
0.0
 10
17.7234082693
 20
103.6087831033
 30
0.0
 10
17.7045293499
 20
103.5977201701
 30
0.0
 10
17.6879895063
 20
103.5878157795
 30
0.0
 10
17.6738160624
 20
103.5790874491
 30
0.0
 10
17.6620313003
 20
103.5715494181
 30
0.0
 10
17.6537459396
 20
103.5659639999
 30
0.0
 10
17.6483470099
 20
103.5620712785
 30
0.0
 10
17.6451759055
 20
103.5596523287
 30
0.0
 10
17.6426107915
 20
103.5575373808
 30
0.0
 10
17.6406502581
 20
103.5557372485
 30
0.0
 10
17.6392833084
 20
103.5542258676
 30
0.0
 10
17.6384886115
 20
103.5530444274
 30
0.0
 10
17.6382201284
 20
103.5519502747
 30
0.0
 10
17.6386587516
 20
103.5514728155
 30
0.0
 10
17.6388882539
 20
103.5513496094
 30
0.0
  0
SPLINE
  5
9C6
100
AcDbEntity
  8
0
100
AcDbSpline
 62
7
  6
BYLAYER
 70
0
 71
3
 72
26
 73
22
 74
0
 42
0.0000001
 43
0.0000001
 44
0.0000000001
 40
0.0
 40
0.0
 40
0.0
 40
0.0
 40
0.1969926078
 40
0.3834013524
 40
0.4710871542
 40
0.5543282266
 40
0.6324939653
 40
0.7048911371
 40
0.7708249183
 40
0.8296209492
 40
0.8806209582
 40
0.9231952054
 40
0.9411555046
 40
0.9568134047
 40
0.9701059954
 40
0.9809737035
 40
0.9893850962
 40
0.9953286457
 40
0.997375782
 40
0.9988128066
 40
1.0
 40
1.0
 40
1.0
 40
1.0
 10
23.5482577009
 20
103.0578605227
 30
0.0
 10
23.5734136577
 20
103.045373663
 30
0.0
 10
23.6224023039
 20
103.0211277716
 30
0.0
 10
23.6826725969
 20
102.9914941695
 30
0.0
 10
23.7284437685
 20
102.9691265791
 30
0.0
 10
23.7603780292
 20
102.9535918245
 30
0.0
 10
23.790382143
 20
102.9390721422
 30
0.0
 10
23.8181974907
 20
102.9256941736
 30
0.0
 10
23.8435599156
 20
102.9135875259
 30
0.0
 10
23.8662089118
 20
102.9028782313
 30
0.0
 10
23.8858921873
 20
102.8936878735
 30
0.0
 10
23.9003448059
 20
102.8870571904
 30
0.0
 10
23.9102553532
 20
102.8826090199
 30
0.0
 10
23.9163744823
 20
102.879912512
 30
0.0
 10
23.9215941106
 20
102.877672435
 30
0.0
 10
23.9258753092
 20
102.8758960936
 30
0.0
 10
23.9292509015
 20
102.8745917826
 30
0.0
 10
23.9314073331
 20
102.8738139793
 30
0.0
 10
23.9327691911
 20
102.8734518518
 30
0.0
 10
23.9333080352
 20
102.8733211366
 30
0.0
 10
23.9339128518
 20
102.8733118513
 30
0.0
 10
23.9339132455
 20
102.873481105
 30
0.0
  0
SPLINE
  5
9C7
100
AcDbEntity
  8
0
100
AcDbSpline
 62
7
  6
BYLAYER
 70
0
 71
3
 72
23
 73
19
 74
0
 42
0.0000001
 43
0.0000001
 44
0.0000000001
 40
0.0
 40
0.0
 40
0.0
 40
0.0
 40
0.0009109437
 40
0.0038059867
 40
0.0087054055
 40
0.0156293683
 40
0.024597599
 40
0.0356150645
 40
0.0637450722
 40
0.099909362
 40
0.1439982996
 40
0.1959040717
 40
0.2555258029
 40
0.3227784991
 40
0.3975831076
 40
0.569547577
 40
0.7706847552
 40
1.0
 40
1.0
 40
1.0
 40
1.0
 10
72.7435623116
 20
95.756510889
 30
0.0
 10
72.7434563368
 20
95.7564537357
 30
0.0
 10
72.7445162505
 20
95.7567491762
 30
0.0
 10
72.7450746424
 20
95.7567943691
 30
0.0
 10
72.7473061601
 20
95.7573188293
 30
0.0
 10
72.7498428491
 20
95.7578559777
 30
0.0
 10
72.7533735246
 20
95.7586441351
 30
0.0
 10
72.7595539937
 20
95.7600140106
 30
0.0
 10
72.7692932907
 20
95.7621630732
 30
0.0
 10
72.7832904736
 20
95.7651735844
 30
0.0
 10
72.8003940393
 20
95.7687393111
 30
0.0
 10
72.8205588894
 20
95.7727906156
 30
0.0
 10
72.8437631793
 20
95.7772607519
 30
0.0
 10
72.8699851886
 20
95.7820585145
 30
0.0
 10
72.9108881927
 20
95.7891111956
 30
0.0
 10
72.9693991527
 20
95.7981684779
 30
0.0
 10
73.0483609622
 20
95.8084776894
 30
0.0
 10
73.1049520765
 20
95.8144247579
 30
0.0
 10
73.1351329872
 20
95.8172168644
 30
0.0
  0
SPLINE
  5
9C8
100
AcDbEntity
  8
0
100
AcDbSpline
 62
7
  6
BYLAYER
 70
0
 71
3
 72
23
 73
19
 74
0
 42
0.0000001
 43
0.0000001
 44
0.0000000001
 40
0.0
 40
0.0
 40
0.0
 40
0.0
 40
0.2291582753
 40
0.4301664802
 40
0.6020557841
 40
0.6768302649
 40
0.7440424356
 40
0.8036014756
 40
0.8554162986
 40
0.8994154421
 40
0.935534269
 40
0.963706551
 40
0.9747916365
 40
0.9838648702
 40
0.9909223963
 40
0.9959640959
 40
0.9989899652
 40
1.0
 40
1.0
 40
1.0
 40
1.0
 10
78.2008141734
 20
95.8172357111
 30
0.0
 10
78.2309918835
 20
95.8144438705
 30
0.0
 10
78.2875782337
 20
95.8084982875
 30
0.0
 10
78.3665385456
 20
95.7981901131
 30
0.0
 10
78.4250519686
 20
95.789126829
 30
0.0
 10
78.4659589008
 20
95.7820692923
 30
0.0
 10
78.4921786773
 20
95.7772710132
 30
0.0
 10
78.5153712714
 20
95.7728054214
 30
0.0
 10
78.5355185398
 20
95.7687645341
 30
0.0
 10
78.552601574
 20
95.7652118439
 30
0.0
 10
78.5666031668
 20
95.7622017614
 30
0.0
 10
78.5763382087
 20
95.7600544468
 30
0.0
 10
78.5825739493
 20
95.758653211
 30
0.0
 10
78.5860887114
 20
95.7578719655
 30
0.0
 10
78.5888129684
 20
95.7572377477
 30
0.0
 10
78.5907821848
 20
95.7568456758
 30
0.0
 10
78.5919226986
 20
95.75650095
 30
0.0
 10
78.5924753507
 20
95.7564682406
 30
0.0
 10
78.5925925352
 20
95.7564041229
 30
0.0
  0
SPLINE
  5
9C9
100
AcDbEntity
  8
0
100
AcDbSpline
 62
7
  6
BYLAYER
 70
0
 71
3
 72
17
 73
13
 74
0
 42
0.0000001
 43
0.0000001
 44
0.0000000001
 40
0.0
 40
0.0
 40
0.0
 40
0.0
 40
0.1249660642
 40
0.1874715442
 40
0.2499909549
 40
0.3750038386
 40
0.500000732
 40
0.6249972511
 40
0.750009469
 40
0.8125286321
 40
0.8750340034
 40
1.0
 40
1.0
 40
1.0
 40
1.0
 10
73.1351327668
 20
95.8172173908
 30
0.0
 10
73.3350300476
 20
95.9009197519
 30
0.0
 10
73.6409867058
 20
96.0127545318
 30
0.0
 10
74.058108058
 20
96.1313937173
 30
0.0
 10
74.4807307845
 20
96.2291053561
 30
0.0
 10
75.0173901677
 20
96.3115750142
 30
0.0
 10
75.6679747217
 20
96.3451570574
 30
0.0
 10
76.3185582789
 20
96.3115781708
 30
0.0
 10
76.8552158641
 20
96.2291118449
 30
0.0
 10
77.2778376608
 20
96.1314041301
 30
0.0
 10
77.694959654
 20
96.0127700154
 30
0.0
 10
78.0009175994
 20
95.9009394564
 30
0.0
 10
78.2008153583
 20
95.8172385408
 30
0.0
  0
SPLINE
  5
9CA
100
AcDbEntity
  8
0
100
AcDbSpline
 62
7
  6
BYLAYER
 70
0
 71
3
 72
23
 73
19
 74
0
 42
0.0000001
 43
0.0000001
 44
0.0000000001
 40
0.0
 40
0.0
 40
0.0
 40
0.0
 40
0.0009109437
 40
0.0038059867
 40
0.0087054055
 40
0.0156293683
 40
0.024597599
 40
0.0356150645
 40
0.0637450722
 40
0.099909362
 40
0.1439982996
 40
0.1959040717
 40
0.2555258029
 40
0.3227784991
 40
0.3975831076
 40
0.569547577
 40
0.7706847552
 40
1.0
 40
1.0
 40
1.0
 40
1.0
 10
32.7435623116
 20
95.756510889
 30
0.0
 10
32.7434563368
 20
95.7564537357
 30
0.0
 10
32.7445162505
 20
95.7567491762
 30
0.0
 10
32.7450746424
 20
95.7567943691
 30
0.0
 10
32.7473061601
 20
95.7573188293
 30
0.0
 10
32.7498428491
 20
95.7578559777
 30
0.0
 10
32.7533735246
 20
95.7586441351
 30
0.0
 10
32.7595539937
 20
95.7600140106
 30
0.0
 10
32.7692932907
 20
95.7621630732
 30
0.0
 10
32.7832904736
 20
95.7651735844
 30
0.0
 10
32.8003940393
 20
95.7687393111
 30
0.0
 10
32.8205588894
 20
95.7727906156
 30
0.0
 10
32.8437631793
 20
95.7772607519
 30
0.0
 10
32.8699851886
 20
95.7820585145
 30
0.0
 10
32.9108881927
 20
95.7891111956
 30
0.0
 10
32.9693991527
 20
95.7981684779
 30
0.0
 10
33.0483609622
 20
95.8084776894
 30
0.0
 10
33.1049520765
 20
95.8144247579
 30
0.0
 10
33.1351329872
 20
95.8172168644
 30
0.0
  0
SPLINE
  5
9CB
100
AcDbEntity
  8
0
100
AcDbSpline
 62
7
  6
BYLAYER
 70
0
 71
3
 72
23
 73
19
 74
0
 42
0.0000001
 43
0.0000001
 44
0.0000000001
 40
0.0
 40
0.0
 40
0.0
 40
0.0
 40
0.2291582753
 40
0.4301664802
 40
0.6020557841
 40
0.6768302649
 40
0.7440424356
 40
0.8036014756
 40
0.8554162986
 40
0.8994154421
 40
0.935534269
 40
0.963706551
 40
0.9747916365
 40
0.9838648702
 40
0.9909223963
 40
0.9959640959
 40
0.9989899652
 40
1.0
 40
1.0
 40
1.0
 40
1.0
 10
38.2008141734
 20
95.8172357111
 30
0.0
 10
38.2309918835
 20
95.8144438705
 30
0.0
 10
38.2875782337
 20
95.8084982875
 30
0.0
 10
38.3665385456
 20
95.7981901131
 30
0.0
 10
38.4250519686
 20
95.789126829
 30
0.0
 10
38.4659589008
 20
95.7820692923
 30
0.0
 10
38.4921786773
 20
95.7772710132
 30
0.0
 10
38.5153712714
 20
95.7728054214
 30
0.0
 10
38.5355185398
 20
95.7687645341
 30
0.0
 10
38.552601574
 20
95.7652118439
 30
0.0
 10
38.5666031668
 20
95.7622017614
 30
0.0
 10
38.5763382087
 20
95.7600544468
 30
0.0
 10
38.5825739493
 20
95.758653211
 30
0.0
 10
38.5860887114
 20
95.7578719655
 30
0.0
 10
38.5888129684
 20
95.7572377477
 30
0.0
 10
38.5907821848
 20
95.7568456758
 30
0.0
 10
38.5919226986
 20
95.75650095
 30
0.0
 10
38.5924753507
 20
95.7564682406
 30
0.0
 10
38.5925925352
 20
95.7564041229
 30
0.0
  0
SPLINE
  5
9CC
100
AcDbEntity
  8
0
100
AcDbSpline
 62
7
  6
BYLAYER
 70
0
 71
3
 72
17
 73
13
 74
0
 42
0.0000001
 43
0.0000001
 44
0.0000000001
 40
0.0
 40
0.0
 40
0.0
 40
0.0
 40
0.1249660642
 40
0.1874715442
 40
0.2499909549
 40
0.3750038386
 40
0.500000732
 40
0.6249972511
 40
0.750009469
 40
0.8125286321
 40
0.8750340034
 40
1.0
 40
1.0
 40
1.0
 40
1.0
 10
33.1351327668
 20
95.8172173908
 30
0.0
 10
33.3350300476
 20
95.9009197519
 30
0.0
 10
33.6409867058
 20
96.0127545318
 30
0.0
 10
34.058108058
 20
96.1313937173
 30
0.0
 10
34.4807307845
 20
96.2291053561
 30
0.0
 10
35.0173901677
 20
96.3115750142
 30
0.0
 10
35.6679747217
 20
96.3451570574
 30
0.0
 10
36.3185582789
 20
96.3115781708
 30
0.0
 10
36.8552158641
 20
96.2291118449
 30
0.0
 10
37.2778376608
 20
96.1314041301
 30
0.0
 10
37.694959654
 20
96.0127700154
 30
0.0
 10
38.0009175994
 20
95.9009394564
 30
0.0
 10
38.2008153583
 20
95.8172385408
 30
0.0
  0
SPLINE
  5
9CD
100
AcDbEntity
  8
0
100
AcDbSpline
 62
7
  6
BYLAYER
 70
0
 71
3
 72
23
 73
19
 74
0
 42
0.0000001
 43
0.0000001
 44
0.0000000001
 40
0.0
 40
0.0
 40
0.0
 40
0.0
 40
0.0009109437
 40
0.0038059867
 40
0.0087054055
 40
0.0156293683
 40
0.024597599
 40
0.0356150645
 40
0.0637450722
 40
0.099909362
 40
0.1439982996
 40
0.1959040717
 40
0.2555258029
 40
0.3227784991
 40
0.3975831076
 40
0.569547577
 40
0.7706847552
 40
1.0
 40
1.0
 40
1.0
 40
1.0
 10
52.7435623116
 20
95.756510889
 30
0.0
 10
52.7434563368
 20
95.7564537357
 30
0.0
 10
52.7445162505
 20
95.7567491762
 30
0.0
 10
52.7450746424
 20
95.7567943691
 30
0.0
 10
52.7473061601
 20
95.7573188293
 30
0.0
 10
52.7498428491
 20
95.7578559777
 30
0.0
 10
52.7533735246
 20
95.7586441351
 30
0.0
 10
52.7595539937
 20
95.7600140106
 30
0.0
 10
52.7692932907
 20
95.7621630732
 30
0.0
 10
52.7832904736
 20
95.7651735844
 30
0.0
 10
52.8003940393
 20
95.7687393111
 30
0.0
 10
52.8205588894
 20
95.7727906156
 30
0.0
 10
52.8437631793
 20
95.7772607519
 30
0.0
 10
52.8699851886
 20
95.7820585145
 30
0.0
 10
52.9108881927
 20
95.7891111956
 30
0.0
 10
52.9693991527
 20
95.7981684779
 30
0.0
 10
53.0483609622
 20
95.8084776894
 30
0.0
 10
53.1049520765
 20
95.8144247579
 30
0.0
 10
53.1351329872
 20
95.8172168644
 30
0.0
  0
SPLINE
  5
9CE
100
AcDbEntity
  8
0
100
AcDbSpline
 62
7
  6
BYLAYER
 70
0
 71
3
 72
23
 73
19
 74
0
 42
0.0000001
 43
0.0000001
 44
0.0000000001
 40
0.0
 40
0.0
 40
0.0
 40
0.0
 40
0.2291582753
 40
0.4301664802
 40
0.6020557841
 40
0.6768302649
 40
0.7440424356
 40
0.8036014756
 40
0.8554162986
 40
0.8994154421
 40
0.935534269
 40
0.963706551
 40
0.9747916365
 40
0.9838648702
 40
0.9909223963
 40
0.9959640959
 40
0.9989899652
 40
1.0
 40
1.0
 40
1.0
 40
1.0
 10
58.2008141734
 20
95.8172357111
 30
0.0
 10
58.2309918835
 20
95.8144438705
 30
0.0
 10
58.2875782337
 20
95.8084982875
 30
0.0
 10
58.3665385456
 20
95.7981901131
 30
0.0
 10
58.4250519686
 20
95.789126829
 30
0.0
 10
58.4659589008
 20
95.7820692923
 30
0.0
 10
58.4921786773
 20
95.7772710132
 30
0.0
 10
58.5153712714
 20
95.7728054214
 30
0.0
 10
58.5355185398
 20
95.7687645341
 30
0.0
 10
58.552601574
 20
95.7652118439
 30
0.0
 10
58.5666031668
 20
95.7622017614
 30
0.0
 10
58.5763382087
 20
95.7600544468
 30
0.0
 10
58.5825739493
 20
95.758653211
 30
0.0
 10
58.5860887114
 20
95.7578719655
 30
0.0
 10
58.5888129684
 20
95.7572377477
 30
0.0
 10
58.5907821848
 20
95.7568456758
 30
0.0
 10
58.5919226986
 20
95.75650095
 30
0.0
 10
58.5924753507
 20
95.7564682406
 30
0.0
 10
58.5925925352
 20
95.7564041229
 30
0.0
  0
SPLINE
  5
9CF
100
AcDbEntity
  8
0
100
AcDbSpline
 62
7
  6
BYLAYER
 70
0
 71
3
 72
17
 73
13
 74
0
 42
0.0000001
 43
0.0000001
 44
0.0000000001
 40
0.0
 40
0.0
 40
0.0
 40
0.0
 40
0.1249660642
 40
0.1874715442
 40
0.2499909549
 40
0.3750038386
 40
0.500000732
 40
0.6249972511
 40
0.750009469
 40
0.8125286321
 40
0.8750340034
 40
1.0
 40
1.0
 40
1.0
 40
1.0
 10
53.1351327668
 20
95.8172173908
 30
0.0
 10
53.3350300476
 20
95.9009197519
 30
0.0
 10
53.6409867058
 20
96.0127545318
 30
0.0
 10
54.058108058
 20
96.1313937173
 30
0.0
 10
54.4807307845
 20
96.2291053561
 30
0.0
 10
55.0173901677
 20
96.3115750142
 30
0.0
 10
55.6679747217
 20
96.3451570574
 30
0.0
 10
56.3185582789
 20
96.3115781708
 30
0.0
 10
56.8552158641
 20
96.2291118449
 30
0.0
 10
57.2778376608
 20
96.1314041301
 30
0.0
 10
57.694959654
 20
96.0127700154
 30
0.0
 10
58.0009175994
 20
95.9009394564
 30
0.0
 10
58.2008153583
 20
95.8172385408
 30
0.0
  0
SPLINE
  5
9D0
100
AcDbEntity
  8
0
100
AcDbSpline
 62
7
  6
BYLAYER
 70
0
 71
3
 72
18
 73
14
 74
0
 42
0.0000001
 43
0.0000001
 44
0.0000000001
 40
0.0
 40
0.0
 40
0.0
 40
0.0
 40
0.182101991
 40
0.3594785112
 40
0.5253488628
 40
0.673551805
 40
0.7985805485
 40
0.8509805119
 40
0.8960225101
 40
0.9333985017
 40
0.9629660264
 40
0.9848666486
 40
1.0
 40
1.0
 40
1.0
 40
1.0
 10
17.6053328351
 20
77.8950018775
 30
0.0
 10
17.6345775043
 20
77.9095126993
 30
0.0
 10
17.6919589745
 20
77.9388676283
 30
0.0
 10
17.774730121
 20
77.9838253749
 30
0.0
 10
17.8510015093
 20
78.0279589148
 30
0.0
 10
17.9178506734
 20
78.0695546767
 30
0.0
 10
17.9661382098
 20
78.1024192835
 30
0.0
 10
17.9979659922
 20
78.1264670961
 30
0.0
 10
18.0166274438
 20
78.1418470527
 30
0.0
 10
18.0313697467
 20
78.1554839042
 30
0.0
 10
18.0421099323
 20
78.1673223805
 30
0.0
 10
18.0488488786
 20
78.1771689344
 30
0.0
 10
18.0510747012
 20
78.183717142
 30
0.0
 10
18.0510199118
 20
78.1864296603
 30
0.0
  0
SPLINE
  5
9D1
100
AcDbEntity
  8
0
100
AcDbSpline
 62
7
  6
BYLAYER
 70
0
 71
3
 72
18
 73
14
 74
0
 42
0.0000001
 43
0.0000001
 44
0.0000000001
 40
0.0
 40
0.0
 40
0.0
 40
0.0
 40
0.182101991
 40
0.3594785112
 40
0.5253488628
 40
0.673551805
 40
0.7985805485
 40
0.8509805119
 40
0.8960225101
 40
0.9333985017
 40
0.9629660264
 40
0.9848666486
 40
1.0
 40
1.0
 40
1.0
 40
1.0
 10
17.6177017167
 20
77.2826426529
 30
0.0
 10
17.6469463858
 20
77.2971534746
 30
0.0
 10
17.7043278561
 20
77.3265084037
 30
0.0
 10
17.7870990026
 20
77.3714661503
 30
0.0
 10
17.8633703909
 20
77.4155996902
 30
0.0
 10
17.9302195549
 20
77.457195452
 30
0.0
 10
17.9785070913
 20
77.4900600589
 30
0.0
 10
18.0103348737
 20
77.5141078714
 30
0.0
 10
18.0289963253
 20
77.529487828
 30
0.0
 10
18.0437386282
 20
77.5431246795
 30
0.0
 10
18.0544788138
 20
77.5549631558
 30
0.0
 10
18.0612177601
 20
77.5648097097
 30
0.0
 10
18.0634435827
 20
77.5713579173
 30
0.0
 10
18.0633887933
 20
77.5740704356
 30
0.0
  0
SPLINE
  5
9D2
100
AcDbEntity
  8
0
100
AcDbSpline
 62
7
  6
BYLAYER
 70
0
 71
3
 72
18
 73
14
 74
0
 42
0.0000001
 43
0.0000001
 44
0.0000000001
 40
0.0
 40
0.0
 40
0.0
 40
0.0
 40
0.1835044038
 40
0.3586248969
 40
0.5210055903
 40
0.6665392875
 40
0.790910329
 40
0.8438301734
 40
0.8898951129
 40
0.9286572692
 40
0.9598001055
 40
0.9833133338
 40
1.0
 40
1.0
 40
1.0
 40
1.0
 10
16.6029168586
 20
77.3976162006
 30
0.0
 10
16.6029168586
 20
77.3656200482
 30
0.0
 10
16.6023833256
 20
77.3030879271
 30
0.0
 10
16.599938646
 20
77.212272174
 30
0.0
 10
16.5958654646
 20
77.1281387105
 30
0.0
 10
16.5901570196
 20
77.0529723166
 30
0.0
 10
16.5837899233
 20
76.9970174964
 30
0.0
 10
16.5775373134
 20
76.9585707529
 30
0.0
 10
16.5726876676
 20
76.9350357665
 30
0.0
 10
16.5674710965
 20
76.9154903926
 30
0.0
 10
16.5618556747
 20
76.9001432794
 30
0.0
 10
16.5560067898
 20
76.8891576507
 30
0.0
 10
16.5509106986
 20
76.8839343832
 30
0.0
 10
16.5483037861
 20
76.8826423714
 30
0.0
  0
SPLINE
  5
9D3
100
AcDbEntity
  8
0
100
AcDbSpline
 62
7
  6
BYLAYER
 70
0
 71
3
 72
13
 73
9
 74
0
 42
0.0000001
 43
0.0000001
 44
0.0000000001
 40
0.0
 40
0.0
 40
0.0
 40
0.0
 40
0.3429488822
 40
0.644539797
 40
0.7704759856
 40
0.8743908324
 40
0.952175401
 40
1.0
 40
1.0
 40
1.0
 40
1.0
 10
16.5008636422
 20
76.7284822297
 30
0.0
 10
16.5008636422
 20
76.6734691898
 30
0.0
 10
16.5008247143
 20
76.5700774204
 30
0.0
 10
16.500672245
 20
76.4464840364
 30
0.0
 10
16.5004715699
 20
76.3612347531
 30
0.0
 10
16.5003099741
 20
76.3118865531
 30
0.0
 10
16.5001183942
 20
76.2750688437
 30
0.0
 10
16.4999705561
 20
76.2549198968
 30
0.0
 10
16.4998553032
 20
76.2472491336
 30
0.0
  0
SPLINE
  5
9D4
100
AcDbEntity
  8
0
100
AcDbSpline
 62
7
  6
BYLAYER
 70
0
 71
3
 72
19
 73
15
 74
0
 42
0.0000001
 43
0.0000001
 44
0.0000000001
 40
0.0
 40
0.0
 40
0.0
 40
0.0
 40
0.0199449907
 40
0.0453541454
 40
0.0768054605
 40
0.1144997026
 40
0.158466538
 40
0.208611371
 40
0.2647833746
 40
0.3267827132
 40
0.4672866261
 40
0.6279672299
 40
0.8063981638
 40
1.0
 40
1.0
 40
1.0
 40
1.0
 10
17.7349231257
 20
77.6910583824
 30
0.0
 10
17.7416882961
 20
77.6875169134
 30
0.0
 10
17.7585099331
 20
77.6822996091
 30
0.0
 10
17.7878236017
 20
77.6792086018
 30
0.0
 10
17.8240909238
 20
77.6798420034
 30
0.0
 10
17.8672048105
 20
77.6842271916
 30
0.0
 10
17.9170333651
 20
77.6923511835
 30
0.0
 10
17.9733577608
 20
77.7041724485
 30
0.0
 10
18.0359270396
 20
77.7196362165
 30
0.0
 10
18.131360104
 20
77.7461434997
 30
0.0
 10
18.2639403935
 20
77.7881979385
 30
0.0
 10
18.437039391
 20
77.8495398073
 30
0.0
 10
18.627437464
 20
77.9227050053
 30
0.0
 10
18.7592830884
 20
77.976626432
 30
0.0
 10
18.8276308485
 20
78.0053076324
 30
0.0
  0
SPLINE
  5
9D5
100
AcDbEntity
  8
0
100
AcDbSpline
 62
7
  6
BYLAYER
 70
0
 71
3
 72
22
 73
18
 74
0
 42
0.0000001
 43
0.0000001
 44
0.0000000001
 40
0.0
 40
0.0
 40
0.0
 40
0.0
 40
0.1989594811
 40
0.3858782045
 40
0.5558582165
 40
0.6330210325
 40
0.7040895167
 40
0.7684064934
 40
0.8253561122
 40
0.8743698476
 40
0.9149683237
 40
0.9468961034
 40
0.9702544422
 40
0.9790784358
 40
0.9864703001
 40
0.9931305254
 40
1.0
 40
1.0
 40
1.0
 40
1.0
 10
16.8917526287
 20
75.1110890878
 30
0.0
 10
16.8665569242
 20
75.099401045
 30
0.0
 10
16.8174756803
 20
75.0771900442
 30
0.0
 10
16.7461027588
 20
75.046723067
 30
0.0
 10
16.6897648041
 20
75.0243831154
 30
0.0
 10
16.6480462991
 20
75.009114932
 30
0.0
 10
16.6199742974
 20
74.9994955398
 30
0.0
 10
16.5943578587
 20
74.9914401896
 30
0.0
 10
16.5714562581
 20
74.9850453087
 30
0.0
 10
16.5515267015
 20
74.9803953789
 30
0.0
 10
16.5347734563
 20
74.9775534743
 30
0.0
 10
16.5214223425
 20
74.9765614051
 30
0.0
 10
16.5123862998
 20
74.9772805623
 30
0.0
 10
16.5071631931
 20
74.9791984224
 30
0.0
 10
16.5045090841
 20
74.9810704383
 30
0.0
 10
16.5028519004
 20
74.9835676245
 30
0.0
 10
16.5025164687
 20
74.9854798211
 30
0.0
 10
16.5024971025
 20
74.9864386026
 30
0.0
  0
SPLINE
  5
9D6
100
AcDbEntity
  8
0
100
AcDbSpline
 62
7
  6
BYLAYER
 70
0
 71
3
 72
23
 73
19
 74
0
 42
0.0000001
 43
0.0000001
 44
0.0000000001
 40
0.0
 40
0.0
 40
0.0
 40
0.0
 40
0.006803528
 40
0.013353303
 40
0.0206153773
 40
0.0293121788
 40
0.0524351972
 40
0.0841419061
 40
0.1245816021
 40
0.1734737355
 40
0.2303468987
 40
0.2946349949
 40
0.3657093345
 40
0.4429242981
 40
0.5256268949
 40
0.6131694749
 40
0.800458187
 40
1.0
 40
1.0
 40
1.0
 40
1.0
 10
24.0024694635
 20
74.9891782674
 30
0.0
 10
24.0024693
 20
74.9882338431
 30
0.0
 10
24.0021799379
 20
74.9863496224
 30
0.0
 10
24.0005885565
 20
74.9838773997
 30
0.0
 10
23.9979959217
 20
74.9820348133
 30
0.0
 10
23.9928618388
 20
74.9801622502
 30
0.0
 10
23.983954558
 20
74.979492701
 30
0.0
 10
23.9707680178
 20
74.9805160706
 30
0.0
 10
23.9541878157
 20
74.9833905208
 30
0.0
 10
23.9344311793
 20
74.9880540219
 30
0.0
 10
23.9117038932
 20
74.9944582843
 30
0.0
 10
23.8862611567
 20
75.0025153854
 30
0.0
 10
23.8583590207
 20
75.0121272925
 30
0.0
 10
23.8282611124
 20
75.0231902276
 30
0.0
 10
23.7962253136
 20
75.0355915635
 30
0.0
 10
23.7502108518
 20
75.0541931906
 30
0.0
 10
23.6896557484
 20
75.0800799007
 30
0.0
 10
23.6407324919
 20
75.1022234184
 30
0.0
 10
23.6156035304
 20
75.1138758788
 30
0.0
  0
SPLINE
  5
9D7
100
AcDbEntity
  8
0
100
AcDbSpline
 62
7
  6
BYLAYER
 70
0
 71
3
 72
13
 73
9
 74
0
 42
0.0000001
 43
0.0000001
 44
0.0000000001
 40
0.0
 40
0.0
 40
0.0
 40
0.0
 40
0.0628704831
 40
0.1408519469
 40
0.2367538572
 40
0.3516173583
 40
0.6386377575
 40
1.0
 40
1.0
 40
1.0
 40
1.0
 10
23.9263642797
 20
76.885447363
 30
0.0
 10
23.924974277
 20
76.8861355273
 30
0.0
 10
23.9221853243
 20
76.8883227887
 30
0.0
 10
23.9185936213
 20
76.8929628947
 30
0.0
 10
23.9151334437
 20
76.8992126209
 30
0.0
 10
23.9103302277
 20
76.9105297173
 30
0.0
 10
23.9049540107
 20
76.9286235449
 30
0.0
 10
23.9015902115
 20
76.944267236
 30
0.0
 10
23.8999216901
 20
76.9530245658
 30
0.0
  0
SPLINE
  5
9D8
100
AcDbEntity
  8
0
100
AcDbSpline
 62
7
  6
BYLAYER
 70
0
 71
3
 72
9
 73
5
 74
0
 42
0.0000001
 43
0.0000001
 44
0.0000000001
 40
0.0
 40
0.0
 40
0.0
 40
0.0
 40
0.2379598471
 40
1.0
 40
1.0
 40
1.0
 40
1.0
 10
23.8999216901
 20
76.9530245658
 30
0.0
 10
23.8995452382
 20
76.955000395
 30
0.0
 10
23.8980091207
 20
76.9633123291
 30
0.0
 10
23.8966432981
 20
76.9716552766
 30
0.0
 10
23.8956749999
 20
76.9780232757
 30
0.0
  0
SPLINE
  5
9D9
100
AcDbEntity
  8
0
100
AcDbSpline
 62
7
  6
BYLAYER
 70
0
 71
3
 72
12
 73
8
 74
0
 42
0.0000001
 43
0.0000001
 44
0.0000000001
 40
0.0
 40
0.0
 40
0.0
 40
0.0
 40
0.0926451986
 40
0.1973923671
 40
0.4374053282
 40
0.7086756721
 40
1.0
 40
1.0
 40
1.0
 40
1.0
 10
23.8956749999
 20
76.9780232757
 30
0.0
 10
23.8937098914
 20
76.9909467845
 30
0.0
 10
23.8901473709
 20
77.0185773401
 30
0.0
 10
23.8841099428
 20
77.0800040201
 30
0.0
 10
23.8786569239
 20
77.1667778317
 30
0.0
 10
23.8748588014
 20
77.2799694556
 30
0.0
 10
23.8740450365
 20
77.3593544292
 30
0.0
 10
23.8740450353
 20
77.4004597312
 30
0.0
  0
SPLINE
  5
9DA
100
AcDbEntity
  8
0
100
AcDbSpline
 62
7
  6
BYLAYER
 70
0
 71
3
 72
18
 73
14
 74
0
 42
0.0000001
 43
0.0000001
 44
0.0000000001
 40
0.0
 40
0.0
 40
0.0
 40
0.0
 40
0.0156554689
 40
0.0384021849
 40
0.0690202218
 40
0.107496021
 40
0.1535377871
 40
0.2066926481
 40
0.3321000139
 40
0.478906493
 40
0.6421531619
 40
0.8172939779
 40
1.0
 40
1.0
 40
1.0
 40
1.0
 10
23.9834583084
 20
77.5916535133
 30
0.0
 10
23.9834085318
 20
77.5941178561
 30
0.0
 10
23.9811868407
 20
77.5999960454
 30
0.0
 10
23.9748937872
 20
77.6088378971
 30
0.0
 10
23.9650117623
 20
77.6194616893
 30
0.0
 10
23.9516147677
 20
77.631677776
 30
0.0
 10
23.9348257401
 20
77.6454042868
 30
0.0
 10
23.9065845258
 20
77.6666950438
 30
0.0
 10
23.8642961399
 20
77.6956488494
 30
0.0
 10
23.806331015
 20
77.7322778384
 30
0.0
 10
23.7406339065
 20
77.7712743931
 30
0.0
 10
23.6691577936
 20
77.811561065
 30
0.0
 10
23.6195467451
 20
77.8382711828
 30
0.0
 10
23.5940991795
 20
77.8516835913
 30
0.0
  0
SPLINE
  5
9DB
100
AcDbEntity
  8
0
100
AcDbSpline
 62
7
  6
BYLAYER
 70
0
 71
3
 72
18
 73
14
 74
0
 42
0.0000001
 43
0.0000001
 44
0.0000000001
 40
0.0
 40
0.0
 40
0.0
 40
0.0
 40
0.0152130928
 40
0.0373057109
 40
0.0670913438
 40
0.1046770871
 40
0.1499040399
 40
0.2024547874
 40
0.3276611325
 40
0.4758545726
 40
0.6415176872
 40
0.8184896382
 40
1.0
 40
1.0
 40
1.0
 40
1.0
 10
22.4354977479
 20
77.5757809461
 30
0.0
 10
22.4355530152
 20
77.5730447708
 30
0.0
 10
22.4380063733
 20
77.5665173225
 30
0.0
 10
22.444986601
 20
77.5566880338
 30
0.0
 10
22.4559848319
 20
77.544862571
 30
0.0
 10
22.4709779789
 20
77.5312362099
 30
0.0
 10
22.4898844778
 20
77.5158702975
 30
0.0
 10
22.522025653
 20
77.4918588015
 30
0.0
 10
22.5706535944
 20
77.4590397737
 30
0.0
 10
22.6378422831
 20
77.4174929945
 30
0.0
 10
22.7143664266
 20
77.3734169302
 30
0.0
 10
22.7972931947
 20
77.3285226507
 30
0.0
 10
22.8547370657
 20
77.2991979707
 30
0.0
 10
22.8839959338
 20
77.2847029976
 30
0.0
  0
SPLINE
  5
9DC
100
AcDbEntity
  8
0
100
AcDbSpline
 62
7
  6
BYLAYER
 70
0
 71
3
 72
19
 73
15
 74
0
 42
0.0000001
 43
0.0000001
 44
0.0000000001
 40
0.0
 40
0.0
 40
0.0
 40
0.0
 40
0.193402374
 40
0.3720934524
 40
0.5332828593
 40
0.6743514736
 40
0.7365878928
 40
0.7929374707
 40
0.8431686968
 40
0.8871115944
 40
0.9246502332
 40
0.9557848255
 40
0.9807100948
 40
1.0
 40
1.0
 40
1.0
 40
1.0
 10
21.5915848674
 20
78.0393269494
 30
0.0
 10
21.6640575122
 20
78.0083064298
 30
0.0
 10
21.804034881
 20
77.9498855028
 30
0.0
 10
22.0063564953
 20
77.8703597906
 30
0.0
 10
22.1905915813
 20
77.8032956036
 30
0.0
 10
22.331811719
 20
77.757002534
 30
0.0
 10
22.4334878736
 20
77.7275790795
 30
0.0
 10
22.5001022317
 20
77.7102862515
 30
0.0
 10
22.5599984444
 20
77.6969206981
 30
0.0
 10
22.6128858801
 20
77.6875480466
 30
0.0
 10
22.6585084365
 20
77.6822100402
 30
0.0
 10
22.6967162181
 20
77.6809395461
 30
0.0
 10
22.7273758981
 20
77.6836772519
 30
0.0
 10
22.7449198642
 20
77.6889024974
 30
0.0
 10
22.751884013
 20
77.6925525876
 30
0.0
  0
SPLINE
  5
9DD
100
AcDbEntity
  8
0
100
AcDbSpline
 62
7
  6
BYLAYER
 70
0
 71
3
 72
18
 73
14
 74
0
 42
0.0000001
 43
0.0000001
 44
0.0000000001
 40
0.0
 40
0.0
 40
0.0
 40
0.0
 40
0.0152131101
 40
0.0373057103
 40
0.0670913332
 40
0.1046770855
 40
0.1499040511
 40
0.2024548071
 40
0.3276611679
 40
0.4758546225
 40
0.6415177401
 40
0.8184896768
 40
1.0
 40
1.0
 40
1.0
 40
1.0
 10
22.4231288664
 20
78.1881401708
 30
0.0
 10
22.4231841481
 20
78.1854039905
 30
0.0
 10
22.4256375043
 20
78.1788765428
 30
0.0
 10
22.4326177327
 20
78.1690472411
 30
0.0
 10
22.4436159704
 20
78.1572217737
 30
0.0
 10
22.4586091333
 20
78.143595403
 30
0.0
 10
22.4775156531
 20
78.1282294782
 30
0.0
 10
22.5096568608
 20
78.1042179628
 30
0.0
 10
22.5582848486
 20
78.0713989103
 30
0.0
 10
22.6254735978
 20
78.0298521018
 30
0.0
 10
22.7019978045
 20
77.9857760096
 30
0.0
 10
22.7849246326
 20
77.940881707
 30
0.0
 10
22.8423685423
 20
77.9115570142
 30
0.0
 10
22.8716274282
 20
77.897062036
 30
0.0
  0
SPLINE
  5
9DE
100
AcDbEntity
  8
0
100
AcDbSpline
 62
7
  6
BYLAYER
 70
0
 71
3
 72
11
 73
7
 74
0
 42
0.0000001
 43
0.0000001
 44
0.0000000001
 40
0.0
 40
0.0
 40
0.0
 40
0.0
 40
0.2081602925
 40
0.4417019901
 40
0.7047070454
 40
1.0
 40
1.0
 40
1.0
 40
1.0
 10
23.7929299682
 20
77.2201559731
 30
0.0
 10
23.7933276901
 20
77.2005556464
 30
0.0
 10
23.7983625954
 20
77.1590143652
 30
0.0
 10
23.8162388966
 20
77.0949163622
 30
0.0
 10
23.8446898331
 20
77.0258310419
 30
0.0
 10
23.869220277
 20
76.9792456589
 30
0.0
 10
23.8830363734
 20
76.9551098723
 30
0.0
  0
SPLINE
  5
9DF
100
AcDbEntity
  8
0
100
AcDbSpline
 62
7
  6
BYLAYER
 70
0
 71
3
 72
10
 73
6
 74
0
 42
0.0000001
 43
0.0000001
 44
0.0000000001
 40
0.0
 40
0.0
 40
0.0
 40
0.0
 40
0.5788472182
 40
0.8239700062
 40
1.0
 40
1.0
 40
1.0
 40
1.0
 10
23.9850917956
 20
77.5107827468
 30
0.0
 10
23.9850917956
 20
77.398664626
 30
0.0
 10
23.9851956512
 20
77.2390680512
 30
0.0
 10
23.9856130359
 20
77.0453764787
 30
0.0
 10
23.9858942122
 20
76.9638028443
 30
0.0
 10
23.9861001346
 20
76.9297078508
 30
0.0
  0
SPLINE
  5
9E0
100
AcDbEntity
  8
0
100
AcDbSpline
 62
7
  6
BYLAYER
 70
0
 71
3
 72
11
 73
7
 74
0
 42
0.0000001
 43
0.0000001
 44
0.0000000001
 40
0.0
 40
0.0
 40
0.0
 40
0.0
 40
0.2494924636
 40
0.4993961945
 40
0.7496255176
 40
1.0
 40
1.0
 40
1.0
 40
1.0
 10
18.2999102511
 20
75.6246214436
 30
0.0
 10
18.2000255979
 20
75.5286284828
 30
0.0
 10
17.9802473039
 20
75.356009308
 30
0.0
 10
17.6061555099
 20
75.1675454074
 30
0.0
 10
17.2018500873
 20
75.0561798079
 30
0.0
 10
16.9224421077
 20
75.0363828958
 30
0.0
 10
16.7834735711
 20
75.0402908908
 30
0.0
  0
SPLINE
  5
9E1
100
AcDbEntity
  8
0
100
AcDbSpline
 62
7
  6
BYLAYER
 70
0
 71
3
 72
9
 73
5
 74
0
 42
0.0000001
 43
0.0000001
 44
0.0000000001
 40
0.0
 40
0.0
 40
0.0
 40
0.0
 40
0.2545954971
 40
1.0
 40
1.0
 40
1.0
 40
1.0
 10
18.2999102511
 20
75.6246214436
 30
0.0
 10
18.3202149398
 20
75.6441350236
 30
0.0
 10
18.3978995209
 20
75.7229140507
 30
0.0
 10
18.4675617581
 20
75.8095243465
 30
0.0
 10
18.5145883832
 20
75.8772488998
 30
0.0
  0
SPLINE
  5
9E2
100
AcDbEntity
  8
0
100
AcDbSpline
 62
7
  6
BYLAYER
 70
0
 71
3
 72
9
 73
5
 74
0
 42
0.0000001
 43
0.0000001
 44
0.0000000001
 40
0.0
 40
0.0
 40
0.0
 40
0.0
 40
0.2422621893
 40
1.0
 40
1.0
 40
1.0
 40
1.0
 10
21.9836712131
 20
75.8828959027
 30
0.0
 10
21.99919247
 20
75.8605234258
 30
0.0
 10
22.0653692878
 20
75.7696672424
 30
0.0
 10
22.1403569743
 20
75.6851368982
 30
0.0
 10
22.2017873995
 20
75.6261479842
 30
0.0
  0
SPLINE
  5
9E3
100
AcDbEntity
  8
0
100
AcDbSpline
 62
7
  6
BYLAYER
 70
0
 71
3
 72
11
 73
7
 74
0
 42
0.0000001
 43
0.0000001
 44
0.0000000001
 40
0.0
 40
0.0
 40
0.0
 40
0.0
 40
0.2504202742
 40
0.5006589868
 40
0.7505435099
 40
1.0
 40
1.0
 40
1.0
 40
1.0
 10
23.7201210968
 20
75.0430596646
 30
0.0
 10
23.5810093006
 20
75.038913689
 30
0.0
 10
23.3012837514
 20
75.0582886131
 30
0.0
 10
22.8964436035
 20
75.1692344662
 30
0.0
 10
22.5218476089
 20
75.3574957183
 30
0.0
 10
22.3017862719
 20
75.5301235001
 30
0.0
 10
22.2017873995
 20
75.6261479842
 30
0.0
  0
SPLINE
  5
9E4
100
AcDbEntity
  8
0
100
AcDbSpline
 62
7
  6
BYLAYER
 70
0
 71
3
 72
18
 73
14
 74
0
 42
0.0000001
 43
0.0000001
 44
0.0000000001
 40
0.0
 40
0.0
 40
0.0
 40
0.0
 40
0.1828937287
 40
0.3581741649
 40
0.5214088591
 40
0.6681661971
 40
0.7934599732
 40
0.8465498902
 40
0.8925251434
 40
0.9309572323
 40
0.9615291017
 40
0.984264054
 40
1.0
 40
1.0
 40
1.0
 40
1.0
 10
16.8700727079
 20
77.8490338627
 30
0.0
 10
16.8447260599
 20
77.8356374939
 30
0.0
 10
16.7953225919
 20
77.8089546559
 30
0.0
 10
16.7241848315
 20
77.7686996032
 30
0.0
 10
16.6588516041
 20
77.7297219685
 30
0.0
 10
16.6012682694
 20
77.6931026458
 30
0.0
 10
16.5593021396
 20
77.6641383053
 30
0.0
 10
16.5313154519
 20
77.6428312189
 30
0.0
 10
16.5147039766
 20
77.6290815757
 30
0.0
 10
16.5014687998
 20
77.6168414985
 30
0.0
 10
16.4917431255
 20
77.6061813071
 30
0.0
 10
16.4855872373
 20
77.5972913927
 30
0.0
 10
16.48348643
 20
77.5913824402
 30
0.0
 10
16.4834859857
 20
77.58891579
 30
0.0
  0
SPLINE
  5
9E5
100
AcDbEntity
  8
0
100
AcDbSpline
 62
7
  6
BYLAYER
 70
0
 71
3
 72
19
 73
15
 74
0
 42
0.0000001
 43
0.0000001
 44
0.0000000001
 40
0.0
 40
0.0
 40
0.0
 40
0.0
 40
0.0307165508
 40
0.0426950069
 40
0.0566335504
 40
0.0905305967
 40
0.1325047039
 40
0.1823472292
 40
0.2397301935
 40
0.3042156315
 40
0.375271952
 40
0.4523175184
 40
0.6216186569
 40
1.0
 40
1.0
 40
1.0
 40
1.0
 10
18.0495555556
 20
78.2180542872
 30
0.0
 10
18.0473264775
 20
78.2224453656
 30
0.0
 10
18.0390893888
 20
78.2245777608
 30
0.0
 10
18.0302756426
 20
78.2249981073
 30
0.0
 10
18.020609034
 20
78.2247052387
 30
0.0
 10
18.0063485749
 20
78.222843697
 30
0.0
 10
17.9865804438
 20
78.2187815997
 30
0.0
 10
17.9634332336
 20
78.2127406541
 30
0.0
 10
17.9370770157
 20
78.2047690229
 30
0.0
 10
17.9077524731
 20
78.1949246372
 30
0.0
 10
17.8757137116
 20
78.1832929713
 30
0.0
 10
17.82824815
 20
78.1649432019
 30
0.0
 10
17.7358326806
 20
78.1262940245
 30
0.0
 10
17.656299829
 20
78.0889718963
 30
0.0
 10
17.601959504
 20
78.0620089389
 30
0.0
  0
SPLINE
  5
9E6
100
AcDbEntity
  8
0
100
AcDbSpline
 62
7
  6
BYLAYER
 70
0
 71
3
 72
23
 73
19
 74
0
 42
0.0000001
 43
0.0000001
 44
0.0000000001
 40
0.0
 40
0.0
 40
0.0
 40
0.0
 40
0.0068717959
 40
0.0135340531
 40
0.0209302441
 40
0.0297619472
 40
0.0531267895
 40
0.0850275712
 40
0.1256127912
 40
0.1746095899
 40
0.2315489947
 40
0.2958669737
 40
0.3669313995
 40
0.4440934244
 40
0.5267008428
 40
0.6141049913
 40
0.800993532
 40
1.0
 40
1.0
 40
1.0
 40
1.0
 10
16.5024971294
 20
76.6476114632
 30
0.0
 10
16.5025165072
 20
76.6466521024
 30
0.0
 10
16.5028524878
 20
76.6447386734
 30
0.0
 10
16.504513012
 20
76.6422410159
 30
0.0
 10
16.5071717894
 20
76.6403704933
 30
0.0
 10
16.5124012017
 20
76.6384582879
 30
0.0
 10
16.5214369305
 20
76.637741679
 30
0.0
 10
16.5347876842
 20
76.6387267608
 30
0.0
 10
16.5515369909
 20
76.6415718365
 30
0.0
 10
16.571467202
 20
76.6462174119
 30
0.0
 10
16.5943714202
 20
76.6526133439
 30
0.0
 10
16.6199921879
 20
76.6606724712
 30
0.0
 10
16.6480709608
 20
76.6702947604
 30
0.0
 10
16.6783412245
 20
76.6813759851
 30
0.0
 10
16.7105427543
 20
76.6938026075
 30
0.0
 10
16.7567632426
 20
76.7124436856
 30
0.0
 10
16.8175519831
 20
76.7383962367
 30
0.0
 10
16.866647794
 20
76.7606142352
 30
0.0
 10
16.8918561558
 20
76.7723081496
 30
0.0
  0
SPLINE
  5
9E7
100
AcDbEntity
  8
0
100
AcDbSpline
 62
7
  6
BYLAYER
 70
0
 71
3
 72
19
 73
15
 74
0
 42
0.0000001
 43
0.0000001
 44
0.0000000001
 40
0.0
 40
0.0
 40
0.0
 40
0.0
 40
0.0307165508
 40
0.0426950069
 40
0.0566335504
 40
0.0905305967
 40
0.1325047039
 40
0.1823472292
 40
0.2397301935
 40
0.3042156315
 40
0.375271952
 40
0.4523175184
 40
0.6216186569
 40
1.0
 40
1.0
 40
1.0
 40
1.0
 10
18.0619244371
 20
77.6056950625
 30
0.0
 10
18.059695359
 20
77.6100861409
 30
0.0
 10
18.0514582703
 20
77.6122185362
 30
0.0
 10
18.0426445241
 20
77.6126388826
 30
0.0
 10
18.0329779155
 20
77.6123460141
 30
0.0
 10
18.0187174564
 20
77.6104844724
 30
0.0
 10
17.9989493253
 20
77.6064223751
 30
0.0
 10
17.975802115
 20
77.6003814295
 30
0.0
 10
17.9494458972
 20
77.5924097983
 30
0.0
 10
17.9201213546
 20
77.5825654126
 30
0.0
 10
17.8880825931
 20
77.5709337467
 30
0.0
 10
17.8406170315
 20
77.5525839773
 30
0.0
 10
17.7482015621
 20
77.5139347998
 30
0.0
 10
17.6686687105
 20
77.4766126717
 30
0.0
 10
17.6143283855
 20
77.4496497142
 30
0.0
  0
SPLINE
  5
9E8
100
AcDbEntity
  8
0
100
AcDbSpline
 62
7
  6
BYLAYER
 70
0
 71
3
 72
19
 73
15
 74
0
 42
0.0000001
 43
0.0000001
 44
0.0000000001
 40
0.0
 40
0.0
 40
0.0
 40
0.0
 40
0.3789864709
 40
0.5483879687
 40
0.6254467018
 40
0.6964962865
 40
0.7609573334
 40
0.8183016746
 40
0.868091204
 40
0.9099996981
 40
0.9438146511
 40
0.9577036547
 40
0.9696255172
 40
1.0
 40
1.0
 40
1.0
 40
1.0
 10
22.8806263472
 20
77.4517082122
 30
0.0
 10
22.8265078403
 20
77.4785187845
 30
0.0
 10
22.7473464771
 20
77.515655466
 30
0.0
 10
22.6554058566
 20
77.5541824767
 30
0.0
 10
22.6082304835
 20
77.572485466
 30
0.0
 10
22.5764044234
 20
77.5840967922
 30
0.0
 10
22.5472855663
 20
77.5939368727
 30
0.0
 10
22.5211247707
 20
77.6019212399
 30
0.0
 10
22.4981596304
 20
77.6079914858
 30
0.0
 10
22.478556818
 20
77.6121002655
 30
0.0
 10
22.4644244407
 20
77.6140171864
 30
0.0
 10
22.4548456976
 20
77.6143672434
 30
0.0
 10
22.4461598089
 20
77.6140117516
 30
0.0
 10
22.4379925073
 20
77.6120006825
 30
0.0
 10
22.4358022015
 20
77.6076840899
 30
0.0
  0
SPLINE
  5
9E9
100
AcDbEntity
  8
0
100
AcDbSpline
 62
7
  6
BYLAYER
 70
0
 71
3
 72
19
 73
15
 74
0
 42
0.0000001
 43
0.0000001
 44
0.0000000001
 40
0.0
 40
0.0
 40
0.0
 40
0.0
 40
0.3789869725
 40
0.54838843
 40
0.6254471001
 40
0.6964966042
 40
0.7609575633
 40
0.8183018208
 40
0.8680912722
 40
0.9099996855
 40
0.9438145618
 40
0.9577035442
 40
0.9696254058
 40
1.0
 40
1.0
 40
1.0
 40
1.0
 10
22.8682537211
 20
78.0640692836
 30
0.0
 10
22.8141356017
 20
78.09087964
 30
0.0
 10
22.7349748038
 20
78.1280159188
 30
0.0
 10
22.6430348902
 20
78.1665425462
 30
0.0
 10
22.595859934
 20
78.1848453177
 30
0.0
 10
22.5640341719
 20
78.1964564972
 30
0.0
 10
22.5349155939
 20
78.2062964471
 30
0.0
 10
22.5087550532
 20
78.2142807021
 30
0.0
 10
22.4857901411
 20
78.2203508547
 30
0.0
 10
22.4661875283
 20
78.2244595606
 30
0.0
 10
22.4520552978
 20
78.226376429
 30
0.0
 10
22.4424766514
 20
78.2267264611
 30
0.0
 10
22.4337908296
 20
78.2263709471
 30
0.0
 10
22.4256235504
 20
78.2243599183
 30
0.0
 10
22.4234332734
 20
78.2200433382
 30
0.0
  0
SPLINE
  5
9EA
100
AcDbEntity
  8
0
100
AcDbSpline
 62
7
  6
BYLAYER
 70
0
 71
3
 72
11
 73
7
 74
0
 42
0.0000001
 43
0.0000001
 44
0.0000000001
 40
0.0
 40
0.0
 40
0.0
 40
0.0
 40
0.2538132414
 40
0.4965179476
 40
0.7410293146
 40
1.0
 40
1.0
 40
1.0
 40
1.0
 10
23.8740450318
 20
77.4004599193
 30
0.0
 10
23.8610558603
 20
77.3897636241
 30
0.0
 10
23.8375427597
 20
77.3663065988
 30
0.0
 10
23.8113932617
 20
77.3241795139
 30
0.0
 10
23.7959402199
 20
77.2767197618
 30
0.0
 10
23.792873619
 20
77.2432043374
 30
0.0
 10
23.792870541
 20
77.2260359803
 30
0.0
  0
SPLINE
  5
9EB
100
AcDbEntity
  8
0
100
AcDbSpline
 62
7
  6
BYLAYER
 70
0
 71
3
 72
22
 73
18
 74
0
 42
0.0000001
 43
0.0000001
 44
0.0000000001
 40
0.0
 40
0.0
 40
0.0
 40
0.0
 40
0.0196072904
 40
0.0285734908
 40
0.037709579
 40
0.0475784442
 40
0.0586277589
 40
0.0853927118
 40
0.1195404016
 40
0.1616396874
 40
0.2118886514
 40
0.2702608331
 40
0.3366172472
 40
0.4107396985
 40
0.5810772061
 40
0.7785571763
 40
1.0
 40
1.0
 40
1.0
 40
1.0
 10
22.751884013
 20
77.6925525876
 30
0.0
 10
22.7571987287
 20
77.6953381673
 30
0.0
 10
22.764519986
 20
77.7007966381
 30
0.0
 10
22.770384163
 20
77.7108871074
 30
0.0
 10
22.7725973369
 20
77.7192552185
 30
0.0
 10
22.7727727197
 20
77.7285228389
 30
0.0
 10
22.7702136
 20
77.7429609095
 30
0.0
 10
22.7613694863
 20
77.7633897589
 30
0.0
 10
22.7440782111
 20
77.789820928
 30
0.0
 10
22.7194302774
 20
77.819752643
 30
0.0
 10
22.6874837856
 20
77.8530607988
 30
0.0
 10
22.6483468235
 20
77.8896396573
 30
0.0
 10
22.6021901331
 20
77.9293195014
 30
0.0
 10
22.5280520679
 20
77.9889339186
 30
0.0
 10
22.419242851
 20
78.0693487736
 30
0.0
 10
22.2704127008
 20
78.1712220279
 30
0.0
 10
22.1626193765
 20
78.2406567065
 30
0.0
 10
22.1052558024
 20
78.2767402511
 30
0.0
  0
SPLINE
  5
9EC
100
AcDbEntity
  8
0
100
AcDbSpline
 62
7
  6
BYLAYER
 70
0
 71
3
 72
9
 73
5
 74
0
 42
0.0000001
 43
0.0000001
 44
0.0000000001
 40
0.0
 40
0.0
 40
0.0
 40
0.0
 40
0.2555563849
 40
1.0
 40
1.0
 40
1.0
 40
1.0
 10
23.9638805527
 20
76.8986769804
 30
0.0
 10
23.9613630632
 20
76.8976475285
 30
0.0
 10
23.9515471045
 20
76.893534372
 30
0.0
 10
23.9418772076
 20
76.889070164
 30
0.0
 10
23.9347873285
 20
76.8855336192
 30
0.0
  0
SPLINE
  5
9ED
100
AcDbEntity
  8
0
100
AcDbSpline
 62
7
  6
BYLAYER
 70
0
 71
3
 72
11
 73
7
 74
0
 42
0.0000001
 43
0.0000001
 44
0.0000000001
 40
0.0
 40
0.0
 40
0.0
 40
0.0
 40
0.3383517211
 40
0.6143583267
 40
0.8317661323
 40
1.0
 40
1.0
 40
1.0
 40
1.0
 10
23.9861004379
 20
76.9297089378
 30
0.0
 10
23.9843935331
 20
76.9256693789
 30
0.0
 10
23.9810500485
 20
76.9184318046
 30
0.0
 10
23.975532113
 20
76.9091345119
 30
0.0
 10
23.9700586303
 20
76.902484688
 30
0.0
 10
23.9658985016
 20
76.8995021268
 30
0.0
 10
23.9638802433
 20
76.8986768205
 30
0.0
  0
SPLINE
  5
9EE
100
AcDbEntity
  8
0
100
AcDbSpline
 62
7
  6
BYLAYER
 70
0
 71
3
 72
10
 73
6
 74
0
 42
0.0000001
 43
0.0000001
 44
0.0000000001
 40
0.0
 40
0.0
 40
0.0
 40
0.0
 40
0.1760647129
 40
0.4211977247
 40
1.0
 40
1.0
 40
1.0
 40
1.0
 10
16.4861297283
 20
76.926779531
 30
0.0
 10
16.4859237832
 20
76.9608809024
 30
0.0
 10
16.4856425701
 20
77.0424624118
 30
0.0
 10
16.4852253535
 20
77.2361520143
 30
0.0
 10
16.4851214294
 20
77.3957402405
 30
0.0
 10
16.4851214294
 20
77.5078485157
 30
0.0
  0
SPLINE
  5
9EF
100
AcDbEntity
  8
0
100
AcDbSpline
 62
7
  6
BYLAYER
 70
0
 71
3
 72
11
 73
7
 74
0
 42
0.0000001
 43
0.0000001
 44
0.0000000001
 40
0.0
 40
0.0
 40
0.0
 40
0.0
 40
0.1703992164
 40
0.3884556974
 40
0.6636891552
 40
1.0
 40
1.0
 40
1.0
 40
1.0
 10
16.5091445138
 20
76.8957604962
 30
0.0
 10
16.5070639065
 20
76.8965794178
 30
0.0
 10
16.5027664924
 20
76.8995369526
 30
0.0
 10
16.4970819985
 20
76.9061882643
 30
0.0
 10
16.4913629554
 20
76.9154883603
 30
0.0
 10
16.4878963517
 20
76.9227373715
 30
0.0
 10
16.4861281655
 20
76.926780706
 30
0.0
  0
SPLINE
  5
9F0
100
AcDbEntity
  8
0
100
AcDbSpline
 62
7
  6
BYLAYER
 70
0
 71
3
 72
22
 73
18
 74
0
 42
0.0000001
 43
0.0000001
 44
0.0000000001
 40
0.0
 40
0.0
 40
0.0
 40
0.0
 40
0.2212718966
 40
0.4185493514
 40
0.588663227
 40
0.6626706041
 40
0.7289196644
 40
0.7871881051
 40
0.8373530742
 40
0.8793943298
 40
0.9135278678
 40
0.9403643477
 40
0.95149299
 40
0.961480141
 40
0.9707769927
 40
0.9799399352
 40
1.0
 40
1.0
 40
1.0
 40
1.0
 10
18.3757329847
 20
78.2778297348
 30
0.0
 10
18.3185749408
 20
78.2416759291
 30
0.0
 10
18.2112013554
 20
78.1720937164
 30
0.0
 10
18.0630514258
 20
78.0699461031
 30
0.0
 10
17.9548492621
 20
77.9892684587
 30
0.0
 10
17.8812237759
 20
77.9294237186
 30
0.0
 10
17.8354390415
 20
77.8895806824
 30
0.0
 10
17.7966775175
 20
77.8528300994
 30
0.0
 10
17.7651043697
 20
77.8193477554
 30
0.0
 10
17.74082608
 20
77.789234804
 30
0.0
 10
17.7239039547
 20
77.7626079102
 30
0.0
 10
17.7153934921
 20
77.7420137019
 30
0.0
 10
17.7131118761
 20
77.7274623858
 30
0.0
 10
17.7134835906
 20
77.718101675
 30
0.0
 10
17.7158911868
 20
77.7096486205
 30
0.0
 10
17.7220064292
 20
77.6994398645
 30
0.0
 10
17.7294910009
 20
77.6939020212
 30
0.0
 10
17.7349231257
 20
77.6910583824
 30
0.0
  0
SPLINE
  5
9F1
100
AcDbEntity
  8
0
100
AcDbSpline
 62
7
  6
BYLAYER
 70
0
 71
3
 72
9
 73
5
 74
0
 42
0.0000001
 43
0.0000001
 44
0.0000000001
 40
0.0
 40
0.0
 40
0.0
 40
0.0
 40
0.244649399
 40
1.0
 40
1.0
 40
1.0
 40
1.0
 10
16.5393615483
 20
76.8826403178
 30
0.0
 10
16.5369379652
 20
76.883800247
 30
0.0
 10
16.5269865846
 20
76.888447037
 30
0.0
 10
16.5168629039
 20
76.8927226644
 30
0.0
 10
16.5091436922
 20
76.8957609257
 30
0.0
  0
SPLINE
  5
9F2
100
AcDbEntity
  8
0
100
AcDbSpline
 62
7
  6
BYLAYER
 70
0
 71
3
 72
23
 73
19
 74
0
 42
0.0000001
 43
0.0000001
 44
0.0000000001
 40
0.0
 40
0.0
 40
0.0
 40
0.0
 40
0.1995199432
 40
0.3868307402
 40
0.4743583169
 40
0.5570408505
 40
0.6342605073
 40
0.7053468098
 40
0.7696390441
 40
0.8265186763
 40
0.8754160892
 40
0.9158523552
 40
0.9475771415
 40
0.9706959899
 40
0.9793882844
 40
0.9866488564
 40
0.9931980164
 40
1.0
 40
1.0
 40
1.0
 40
1.0
 10
23.6158826163
 20
76.774923561
 30
0.0
 10
23.6409903732
 20
76.7632809334
 30
0.0
 10
23.689878548
 20
76.7411554382
 30
0.0
 10
23.7503883365
 20
76.7152909563
 30
0.0
 10
23.7963684477
 20
76.6967063975
 30
0.0
 10
23.8283779944
 20
76.684318749
 30
0.0
 10
23.8584550752
 20
76.673268806
 30
0.0
 10
23.8863396705
 20
76.6636637203
 30
0.0
 10
23.9117674205
 20
76.6556136859
 30
0.0
 10
23.9344804204
 20
76.6492149715
 30
0.0
 10
23.9542233109
 20
76.6445522482
 30
0.0
 10
23.9707953426
 20
76.6416872834
 30
0.0
 10
23.9839732301
 20
76.6406620134
 30
0.0
 10
23.992875833
 20
76.641335415
 30
0.0
 10
23.9980025471
 20
76.6432123228
 30
0.0
 10
24.0005909595
 20
76.6450548821
 30
0.0
 10
24.0021801011
 20
76.6475251729
 30
0.0
 10
24.0024692787
 20
76.6494076458
 30
0.0
 10
24.0024694521
 20
76.6503511624
 30
0.0
  0
SPLINE
  5
9F3
100
AcDbEntity
  8
0
100
AcDbSpline
 62
7
  6
BYLAYER
 70
0
 71
3
 72
14
 73
10
 74
0
 42
0.0000001
 43
0.0000001
 44
0.0000000001
 40
0.0
 40
0.0
 40
0.0
 40
0.0
 40
0.0934137092
 40
0.1945236279
 40
0.3051999507
 40
0.4265419667
 40
0.5584037357
 40
0.6996881935
 40
1.0
 40
1.0
 40
1.0
 40
1.0
 10
62.1863218245
 20
47.3714557121
 30
0.0
 10
62.1802178575
 20
47.3545622478
 30
0.0
 10
62.1632032305
 20
47.3208423078
 30
0.0
 10
62.1262745774
 20
47.2747859015
 30
0.0
 10
62.0775612017
 20
47.2327041727
 30
0.0
 10
62.0178367227
 20
47.1957709739
 30
0.0
 10
61.948169584
 20
47.1651690292
 30
0.0
 10
61.8422119426
 20
47.1339098292
 30
0.0
 10
61.7568073471
 20
47.1246454047
 30
0.0
 10
61.699060806
 20
47.1246454047
 30
0.0
  0
SPLINE
  5
9F4
100
AcDbEntity
  8
0
100
AcDbSpline
 62
7
  6
BYLAYER
 70
0
 71
3
 72
15
 73
11
 74
0
 42
0.0000001
 43
0.0000001
 44
0.0000000001
 40
0.0
 40
0.0
 40
0.0
 40
0.0
 40
0.1159258861
 40
0.2393812994
 40
0.3682943561
 40
0.5000711633
 40
0.6318366003
 40
0.7607184927
 40
0.8841275866
 40
1.0
 40
1.0
 40
1.0
 40
1.0
 10
56.9467215151
 20
49.8543204758
 30
0.0
 10
57.0449069683
 20
49.8063634914
 30
0.0
 10
57.2547640845
 20
49.7214832649
 30
0.0
 10
57.5905016197
 20
49.6304827874
 30
0.0
 10
57.9489463272
 20
49.5744682404
 30
0.0
 10
58.3190449009
 20
49.5556273596
 30
0.0
 10
58.6891030814
 20
49.5746838965
 30
0.0
 10
59.0474312041
 20
49.6309035037
 30
0.0
 10
59.3829907682
 20
49.7220890858
 30
0.0
 10
59.5927022722
 20
49.8070796846
 30
0.0
 10
59.6908066024
 20
49.8550878425
 30
0.0
  0
SPLINE
  5
9F5
100
AcDbEntity
  8
0
100
AcDbSpline
 62
7
  6
BYLAYER
 70
0
 71
3
 72
11
 73
7
 74
0
 42
0.0000001
 43
0.0000001
 44
0.0000000001
 40
0.0
 40
0.0
 40
0.0
 40
0.0
 40
0.2540773105
 40
0.5049223832
 40
0.7532942043
 40
1.0
 40
1.0
 40
1.0
 40
1.0
 10
62.1863218245
 20
47.3714557121
 30
0.0
 10
62.2368775247
 20
47.5113258971
 30
0.0
 10
62.3281549299
 20
47.7927140555
 30
0.0
 10
62.4355696262
 20
48.2207233373
 30
0.0
 10
62.5122153431
 20
48.650929699
 30
0.0
 10
62.5427500541
 20
48.9394001968
 30
0.0
 10
62.5528958722
 20
49.0834547881
 30
0.0
  0
SPLINE
  5
9F6
100
AcDbEntity
  8
0
100
AcDbSpline
 62
7
  6
BYLAYER
 70
0
 71
3
 72
11
 73
7
 74
0
 42
0.0000001
 43
0.0000001
 44
0.0000000001
 40
0.0
 40
0.0
 40
0.0
 40
0.0
 40
0.246710322
 40
0.4950872671
 40
0.7459289167
 40
1.0
 40
1.0
 40
1.0
 40
1.0
 10
54.083007209
 20
49.0834561969
 30
0.0
 10
54.093151566
 20
48.9394192141
 30
0.0
 10
54.1237558319
 20
48.650989817
 30
0.0
 10
54.200448645
 20
48.2208537876
 30
0.0
 10
54.3077742907
 20
47.7928917475
 30
0.0
 10
54.3989678834
 20
47.5115242801
 30
0.0
 10
54.4495152768
 20
47.3716772169
 30
0.0
  0
SPLINE
  5
9F7
100
AcDbEntity
  8
0
100
AcDbSpline
 62
7
  6
BYLAYER
 70
0
 71
3
 72
14
 73
10
 74
0
 42
0.0000001
 43
0.0000001
 44
0.0000000001
 40
0.0
 40
0.0
 40
0.0
 40
0.0
 40
0.0461385302
 40
0.1044278973
 40
0.1848201475
 40
0.2912503412
 40
0.4253868119
 40
0.5880068555
 40
1.0
 40
1.0
 40
1.0
 40
1.0
 10
54.0739115307
 20
50.8499083404
 30
0.0
 10
54.0734249963
 20
50.8499081855
 30
0.0
 10
54.0723133907
 20
50.8494893757
 30
0.0
 10
54.0711225259
 20
50.8478782058
 30
0.0
 10
54.0701499915
 20
50.8454767087
 30
0.0
 10
54.0693555911
 20
50.8421759929
 30
0.0
 10
54.0687343754
 20
50.8379676926
 30
0.0
 10
54.0680939333
 20
50.8305177889
 30
0.0
 10
54.0679795419
 20
50.8244533883
 30
0.0
 10
54.0679795419
 20
50.8201088882
 30
0.0
  0
SPLINE
  5
9F8
100
AcDbEntity
  8
0
100
AcDbSpline
 62
7
  6
BYLAYER
 70
0
 71
3
 72
14
 73
10
 74
0
 42
0.0000001
 43
0.0000001
 44
0.0000000001
 40
0.0
 40
0.0
 40
0.0
 40
0.0
 40
0.4119927395
 40
0.5746126896
 40
0.7087491798
 40
0.8151794994
 40
0.8955719236
 40
0.9538614368
 40
1.0
 40
1.0
 40
1.0
 40
1.0
 10
62.5679758959
 20
50.8201088883
 30
0.0
 10
62.5679758959
 20
50.8244533866
 30
0.0
 10
62.5678615043
 20
50.8305177853
 30
0.0
 10
62.5672210622
 20
50.8379676882
 30
0.0
 10
62.5665998464
 20
50.8421759914
 30
0.0
 10
62.565805446
 20
50.8454767126
 30
0.0
 10
62.5648329113
 20
50.8478782162
 30
0.0
 10
62.563642048
 20
50.8494893926
 30
0.0
 10
62.5625304417
 20
50.8499082083
 30
0.0
 10
62.5620439067
 20
50.8499083646
 30
0.0
  0
SPLINE
  5
9F9
100
AcDbEntity
  8
0
100
AcDbSpline
 62
7
  6
BYLAYER
 70
0
 71
3
 72
12
 73
8
 74
0
 42
0.0000001
 43
0.0000001
 44
0.0000000001
 40
0.0
 40
0.0
 40
0.0
 40
0.0
 40
0.0584830328
 40
0.1366455204
 40
0.3509502393
 40
0.6401320659
 40
1.0
 40
1.0
 40
1.0
 40
1.0
 10
62.5679777189
 20
49.335010582
 30
0.0
 10
62.5679777188
 20
49.3300973532
 30
0.0
 10
62.5677267937
 20
49.3186183406
 30
0.0
 10
62.5665435242
 20
49.2891581178
 30
0.0
 10
62.563705216
 20
49.2403725255
 30
0.0
 10
62.5588907982
 20
49.1680016741
 30
0.0
 10
62.5550619478
 20
49.1136085228
 30
0.0
 10
62.552937884
 20
49.0834502986
 30
0.0
  0
SPLINE
  5
9FA
100
AcDbEntity
  8
0
100
AcDbSpline
 62
7
  6
BYLAYER
 70
0
 71
3
 72
14
 73
10
 74
0
 42
0.0000001
 43
0.0000001
 44
0.0000000001
 40
0.0
 40
0.0
 40
0.0
 40
0.0
 40
0.3003369938
 40
0.441617311
 40
0.5734697737
 40
0.6947665833
 40
0.8054478438
 40
0.9065545374
 40
1.0
 40
1.0
 40
1.0
 40
1.0
 10
54.9368950008
 20
47.1246454164
 30
0.0
 10
54.8791184072
 20
47.1246454164
 30
0.0
 10
54.7936726922
 20
47.1339229395
 30
0.0
 10
54.6876692948
 20
47.1652043913
 30
0.0
 10
54.6179860103
 20
47.1958266741
 30
0.0
 10
54.558263361
 20
47.2328047907
 30
0.0
 10
54.5095595074
 20
47.2749259113
 30
0.0
 10
54.472625306
 20
47.3210206381
 30
0.0
 10
54.455624146
 20
47.3547706919
 30
0.0
 10
54.4495152768
 20
47.3716772169
 30
0.0
  0
SPLINE
  5
9FB
100
AcDbEntity
  8
0
100
AcDbSpline
 62
7
  6
BYLAYER
 70
0
 71
3
 72
12
 73
8
 74
0
 42
0.0000001
 43
0.0000001
 44
0.0000000001
 40
0.0
 40
0.0
 40
0.0
 40
0.0
 40
0.3598694721
 40
0.6490505494
 40
0.863354129
 40
0.9415166136
 40
1.0
 40
1.0
 40
1.0
 40
1.0
 10
54.0830169001
 20
49.0834580915
 30
0.0
 10
54.0808929339
 20
49.1136155118
 30
0.0
 10
54.0770642641
 20
49.1680070463
 30
0.0
 10
54.0722500398
 20
49.2403756257
 30
0.0
 10
54.0694118437
 20
49.2891595466
 30
0.0
 10
54.0682286306
 20
49.31861879
 30
0.0
 10
54.0679777188
 20
49.3300974759
 30
0.0
 10
54.0679777189
 20
49.335010582
 30
0.0
  0
SPLINE
  5
9FC
100
AcDbEntity
  8
0
100
AcDbSpline
 62
7
  6
BYLAYER
 70
0
 71
3
 72
16
 73
12
 74
0
 42
0.0000001
 43
0.0000001
 44
0.0000000001
 40
0.0
 40
0.0
 40
0.0
 40
0.0
 40
0.0446029303
 40
0.0901458981
 40
0.1866151931
 40
0.2942372216
 40
0.4149099495
 40
0.5482767446
 40
0.6923642182
 40
0.8441943226
 40
1.0
 40
1.0
 40
1.0
 40
1.0
 10
56.7179777189
 20
49.49611978
 30
0.0
 10
56.7179777189
 20
49.5054418281
 30
0.0
 10
56.7163194227
 20
49.5243210521
 30
0.0
 10
56.7063741889
 20
49.5621997512
 30
0.0
 10
56.6807770026
 20
49.6086396147
 30
0.0
 10
56.6331847945
 20
49.6578447279
 30
0.0
 10
56.5702816507
 20
49.7005295501
 30
0.0
 10
56.4943615199
 20
49.7353434253
 30
0.0
 10
56.4081726649
 20
49.761166675
 30
0.0
 10
56.3148970474
 20
49.7770417646
 30
0.0
 10
56.2505412298
 20
49.7806031896
 30
0.0
 10
56.2179777189
 20
49.7806031896
 30
0.0
  0
SPLINE
  5
9FD
100
AcDbEntity
  8
0
100
AcDbSpline
 62
7
  6
BYLAYER
 70
0
 71
3
 72
15
 73
11
 74
0
 42
0.0000001
 43
0.0000001
 44
0.0000000001
 40
0.0
 40
0.0
 40
0.0
 40
0.0
 40
0.1246723159
 40
0.2498516027
 40
0.3752327535
 40
0.500633556
 40
0.6259042559
 40
0.7509069521
 40
0.8756370194
 40
1.0
 40
1.0
 40
1.0
 40
1.0
 10
60.4179777189
 20
48.2651289933
 30
0.0
 10
60.3828943432
 20
48.2682853461
 30
0.0
 10
60.3130880022
 20
48.2826703675
 30
0.0
 10
60.2154761648
 20
48.3258270538
 30
0.0
 10
60.1281606107
 20
48.3874831584
 30
0.0
 10
60.0538320401
 20
48.4642193053
 30
0.0
 10
59.99428078
 20
48.5527251028
 30
0.0
 10
59.9507084232
 20
48.649864576
 30
0.0
 10
59.9240550758
 20
48.7526313302
 30
0.0
 10
59.9179777189
 20
48.8231484791
 30
0.0
 10
59.9179777189
 20
48.8582861528
 30
0.0
  0
SPLINE
  5
9FE
100
AcDbEntity
  8
0
100
AcDbSpline
 62
7
  6
BYLAYER
 70
0
 71
3
 72
12
 73
8
 74
0
 42
0.0000001
 43
0.0000001
 44
0.0000000001
 40
0.0
 40
0.0
 40
0.0
 40
0.0
 40
0.0648080225
 40
0.1471897445
 40
0.3641420563
 40
0.6491980965
 40
1.0
 40
1.0
 40
1.0
 40
1.0
 10
54.0679795419
 20
50.8201088882
 30
0.0
 10
54.0679795419
 20
50.8128719615
 30
0.0
 10
54.0685287201
 20
50.7964372059
 30
0.0
 10
54.0712754962
 20
50.7558644849
 30
0.0
 10
54.0779527068
 20
50.6909344477
 30
0.0
 10
54.0895926539
 20
50.5964179812
 30
0.0
 10
54.0990823577
 20
50.5260486084
 30
0.0
 10
54.1044126008
 20
50.4872398971
 30
0.0
  0
SPLINE
  5
9FF
100
AcDbEntity
  8
0
100
AcDbSpline
 62
7
  6
BYLAYER
 70
0
 71
3
 72
15
 73
11
 74
0
 42
0.0000001
 43
0.0000001
 44
0.0000000001
 40
0.0
 40
0.0
 40
0.0
 40
0.0
 40
0.1366342828
 40
0.27163382
 40
0.4034689815
 40
0.5311041915
 40
0.6540168983
 40
0.7723924038
 40
0.8872036078
 40
1.0
 40
1.0
 40
1.0
 40
1.0
 10
60.4179777189
 20
49.0849395402
 30
0.0
 10
60.3853592084
 20
49.0849395402
 30
0.0
 10
60.3203890711
 20
49.090168326
 30
0.0
 10
60.2264905658
 20
49.1134388817
 30
0.0
 10
60.1397520243
 20
49.1513155971
 30
0.0
 10
60.0634788935
 20
49.2024131261
 30
0.0
 10
60.0006090562
 20
49.264924498
 30
0.0
 10
59.9536300885
 20
49.3365807068
 30
0.0
 10
59.9245665997
 20
49.4146420066
 30
0.0
 10
59.9179777189
 20
49.4691920558
 30
0.0
 10
59.9179777189
 20
49.4961197801
 30
0.0
  0
SPLINE
  5
A00
100
AcDbEntity
  8
0
100
AcDbSpline
 62
7
  6
BYLAYER
 70
0
 71
3
 72
16
 73
12
 74
0
 42
0.0000001
 43
0.0000001
 44
0.0000000001
 40
0.0
 40
0.0
 40
0.0
 40
0.0
 40
0.1558056773
 40
0.3076357818
 40
0.4517232554
 40
0.5850900505
 40
0.7057627784
 40
0.8133848069
 40
0.9098541019
 40
0.9553970697
 40
1.0
 40
1.0
 40
1.0
 40
1.0
 10
56.017977719
 20
49.7806031896
 30
0.0
 10
55.9854142081
 20
49.7806031896
 30
0.0
 10
55.9210583905
 20
49.7770417646
 30
0.0
 10
55.827782773
 20
49.761166675
 30
0.0
 10
55.741593918
 20
49.7353434254
 30
0.0
 10
55.6656737872
 20
49.7005295501
 30
0.0
 10
55.6027706434
 20
49.657844728
 30
0.0
 10
55.5551784353
 20
49.6086396148
 30
0.0
 10
55.5295812489
 20
49.5621997513
 30
0.0
 10
55.5196360151
 20
49.5243210522
 30
0.0
 10
55.5179777189
 20
49.5054418282
 30
0.0
 10
55.5179777189
 20
49.4961197801
 30
0.0
  0
SPLINE
  5
A01
100
AcDbEntity
  8
0
100
AcDbSpline
 62
7
  6
BYLAYER
 70
0
 71
3
 72
14
 73
10
 74
0
 42
0.0000001
 43
0.0000001
 44
0.0000000001
 40
0.0
 40
0.0
 40
0.0
 40
0.0
 40
0.2487512553
 40
0.3735236202
 40
0.4984618738
 40
0.6235584402
 40
0.7488396688
 40
0.874360874
 40
1.0
 40
1.0
 40
1.0
 40
1.0
 10
61.1179777189
 20
48.7854797895
 30
0.0
 10
61.1179777189
 20
48.7288287757
 30
0.0
 10
61.1060342462
 20
48.6431145192
 30
0.0
 10
61.0667646864
 20
48.5363050392
 30
0.0
 10
61.0257476002
 20
48.4610547579
 30
0.0
 10
60.9736141465
 20
48.3928827681
 30
0.0
 10
60.9110707331
 20
48.3338445854
 30
0.0
 10
60.8393310654
 20
48.2861569982
 30
0.0
 10
60.7864823805
 20
48.2633075337
 30
0.0
 10
60.7592798252
 20
48.2544340044
 30
0.0
  0
SPLINE
  5
A02
100
AcDbEntity
  8
0
100
AcDbSpline
 62
7
  6
BYLAYER
 70
0
 71
3
 72
9
 73
5
 74
0
 42
0.0000001
 43
0.0000001
 44
0.0000000001
 40
0.0
 40
0.0
 40
0.0
 40
0.0
 40
0.4989266855
 40
1.0
 40
1.0
 40
1.0
 40
1.0
 10
60.7592794459
 20
48.2544351017
 30
0.0
 10
60.7362241203
 20
48.2493342598
 30
0.0
 10
60.6891064098
 20
48.2428699514
 30
0.0
 10
60.6415774141
 20
48.2439294545
 30
0.0
 10
60.6179777189
 20
48.2462595167
 30
0.0
  0
SPLINE
  5
A03
100
AcDbEntity
  8
0
100
AcDbSpline
 62
7
  6
BYLAYER
 70
0
 71
3
 72
15
 73
11
 74
0
 42
0.0000001
 43
0.0000001
 44
0.0000000001
 40
0.0
 40
0.0
 40
0.0
 40
0.0
 40
0.1127963919
 40
0.2276075953
 40
0.3459831003
 40
0.4688958066
 40
0.5965310162
 40
0.7283661767
 40
0.8633657146
 40
1.0
 40
1.0
 40
1.0
 40
1.0
 10
61.1179777189
 20
49.4961197801
 30
0.0
 10
61.1179777189
 20
49.4691920559
 30
0.0
 10
61.1113888382
 20
49.4146420069
 30
0.0
 10
61.0823253495
 20
49.3365807074
 30
0.0
 10
61.0353463822
 20
49.2649244988
 30
0.0
 10
60.9724765454
 20
49.2024131269
 30
0.0
 10
60.896203415
 20
49.1513155981
 30
0.0
 10
60.8094648739
 20
49.1134388822
 30
0.0
 10
60.715566368
 20
49.0901683265
 30
0.0
 10
60.65059623
 20
49.0849395402
 30
0.0
 10
60.6179777189
 20
49.0849395402
 30
0.0
  0
SPLINE
  5
A04
100
AcDbEntity
  8
0
100
AcDbSpline
 62
7
  6
BYLAYER
 70
0
 71
3
 72
14
 73
10
 74
0
 42
0.0000001
 43
0.0000001
 44
0.0000000001
 40
0.0
 40
0.0
 40
0.0
 40
0.0
 40
0.3003186579
 40
0.4415980929
 40
0.5734508899
 40
0.6947557059
 40
0.8054471889
 40
0.9065577329
 40
1.0
 40
1.0
 40
1.0
 40
1.0
 10
61.6990604534
 20
48.7854797895
 30
0.0
 10
61.756815881
 20
48.7854797895
 30
0.0
 10
61.8422306597
 20
48.7947538243
 30
0.0
 10
61.9482029957
 20
48.8260077438
 30
0.0
 10
62.0178708334
 20
48.8566108994
 30
0.0
 10
62.0775865487
 20
48.8935653134
 30
0.0
 10
62.1262950081
 20
48.935656807
 30
0.0
 10
62.163242185
 20
48.9817202492
 30
0.0
 10
62.180251506
 20
49.0154550444
 30
0.0
 10
62.1863581394
 20
49.0323558882
 30
0.0
  0
SPLINE
  5
A05
100
AcDbEntity
  8
0
100
AcDbSpline
 62
7
  6
BYLAYER
 70
0
 71
3
 72
9
 73
5
 74
0
 42
0.0000001
 43
0.0000001
 44
0.0000000001
 40
0.0
 40
0.0
 40
0.0
 40
0.0
 40
0.5042768834
 40
1.0
 40
1.0
 40
1.0
 40
1.0
 10
62.1863581394
 20
49.0323558882
 30
0.0
 10
62.2621237047
 20
49.2419730745
 30
0.0
 10
62.3918563424
 20
49.6653972902
 30
0.0
 10
62.4770764584
 20
50.1000388281
 30
0.0
 10
62.5077290057
 20
50.3169930174
 30
0.0
  0
SPLINE
  5
A06
100
AcDbEntity
  8
0
100
AcDbSpline
 62
7
  6
BYLAYER
 70
0
 71
3
 72
14
 73
10
 74
0
 42
0.0000001
 43
0.0000001
 44
0.0000000001
 40
0.0
 40
0.0
 40
0.0
 40
0.0
 40
0.3601366407
 40
0.5139882055
 40
0.6495201049
 40
0.7662555843
 40
0.8637825474
 40
0.9417741962
 40
1.0
 40
1.0
 40
1.0
 40
1.0
 10
62.5077285558
 20
50.3169925207
 30
0.0
 10
62.5162415021
 20
50.3772460287
 30
0.0
 10
62.528375919
 20
50.4632427175
 30
0.0
 10
62.5430497602
 20
50.5720064363
 30
0.0
 10
62.5517856855
 20
50.6400704955
 30
0.0
 10
62.558733605
 20
50.6987658883
 30
0.0
 10
62.5638141312
 20
50.7478899827
 30
0.0
 10
62.5669746405
 20
50.7872597875
 30
0.0
 10
62.5679758959
 20
50.8102705346
 30
0.0
 10
62.5679758959
 20
50.8201088883
 30
0.0
  0
SPLINE
  5
A07
100
AcDbEntity
  8
0
100
AcDbSpline
 62
7
  6
BYLAYER
 70
0
 71
3
 72
16
 73
12
 74
0
 42
0.0000001
 43
0.0000001
 44
0.0000000001
 40
0.0
 40
0.0
 40
0.0
 40
0.0
 40
0.0446029303
 40
0.0901458981
 40
0.1866151931
 40
0.2942372216
 40
0.4149099495
 40
0.5482767446
 40
0.6923642182
 40
0.8441943226
 40
1.0
 40
1.0
 40
1.0
 40
1.0
 10
61.1179777189
 20
49.4961197801
 30
0.0
 10
61.1179777189
 20
49.5054418281
 30
0.0
 10
61.1163194227
 20
49.5243210522
 30
0.0
 10
61.1063741889
 20
49.5621997513
 30
0.0
 10
61.0807770025
 20
49.6086396148
 30
0.0
 10
61.0331847945
 20
49.6578447279
 30
0.0
 10
60.9702816507
 20
49.7005295501
 30
0.0
 10
60.8943615199
 20
49.7353434254
 30
0.0
 10
60.8081726649
 20
49.761166675
 30
0.0
 10
60.7148970474
 20
49.7770417646
 30
0.0
 10
60.6505412298
 20
49.7806031896
 30
0.0
 10
60.6179777189
 20
49.7806031896
 30
0.0
  0
SPLINE
  5
A08
100
AcDbEntity
  8
0
100
AcDbSpline
 62
7
  6
BYLAYER
 70
0
 71
3
 72
15
 73
11
 74
0
 42
0.0000001
 43
0.0000001
 44
0.0000000001
 40
0.0
 40
0.0
 40
0.0
 40
0.0
 40
0.1127963922
 40
0.2276075962
 40
0.3459831017
 40
0.4688958085
 40
0.5965310185
 40
0.72836618
 40
0.8633657172
 40
1.0
 40
1.0
 40
1.0
 40
1.0
 10
56.7179777189
 20
49.4961197802
 30
0.0
 10
56.7179777189
 20
49.4691920559
 30
0.0
 10
56.7113888381
 20
49.4146420067
 30
0.0
 10
56.6823253493
 20
49.3365807069
 30
0.0
 10
56.6353463816
 20
49.2649244981
 30
0.0
 10
56.5724765443
 20
49.2024131261
 30
0.0
 10
56.4962034135
 20
49.1513155971
 30
0.0
 10
56.409464872
 20
49.1134388818
 30
0.0
 10
56.3155663667
 20
49.090168326
 30
0.0
 10
56.2505962294
 20
49.0849395402
 30
0.0
 10
56.2179777189
 20
49.0849395402
 30
0.0
  0
SPLINE
  5
A09
100
AcDbEntity
  8
0
100
AcDbSpline
 62
7
  6
BYLAYER
 70
0
 71
3
 72
16
 73
12
 74
0
 42
0.0000001
 43
0.0000001
 44
0.0000000001
 40
0.0
 40
0.0
 40
0.0
 40
0.0
 40
0.1558056773
 40
0.3076357818
 40
0.4517232554
 40
0.5850900505
 40
0.7057627784
 40
0.8133848069
 40
0.9098541019
 40
0.9553970697
 40
1.0
 40
1.0
 40
1.0
 40
1.0
 10
60.417977719
 20
49.7806031896
 30
0.0
 10
60.3854142081
 20
49.7806031896
 30
0.0
 10
60.3210583905
 20
49.7770417646
 30
0.0
 10
60.227782773
 20
49.761166675
 30
0.0
 10
60.141593918
 20
49.7353434254
 30
0.0
 10
60.0656737872
 20
49.7005295501
 30
0.0
 10
60.0027706434
 20
49.657844728
 30
0.0
 10
59.9551784353
 20
49.6086396148
 30
0.0
 10
59.9295812489
 20
49.5621997513
 30
0.0
 10
59.9196360151
 20
49.5243210522
 30
0.0
 10
59.9179777189
 20
49.5054418282
 30
0.0
 10
59.9179777189
 20
49.4961197801
 30
0.0
  0
SPLINE
  5
A0A
100
AcDbEntity
  8
0
100
AcDbSpline
 62
7
  6
BYLAYER
 70
0
 71
3
 72
15
 73
11
 74
0
 42
0.0000001
 43
0.0000001
 44
0.0000000001
 40
0.0
 40
0.0
 40
0.0
 40
0.0
 40
0.1366342828
 40
0.27163382
 40
0.4034689815
 40
0.5311041915
 40
0.6540168983
 40
0.7723924038
 40
0.8872036078
 40
1.0
 40
1.0
 40
1.0
 40
1.0
 10
56.0179777189
 20
49.0849395402
 30
0.0
 10
55.9853592084
 20
49.0849395402
 30
0.0
 10
55.9203890711
 20
49.090168326
 30
0.0
 10
55.8264905658
 20
49.1134388817
 30
0.0
 10
55.7397520243
 20
49.1513155971
 30
0.0
 10
55.6634788935
 20
49.2024131261
 30
0.0
 10
55.6006090562
 20
49.264924498
 30
0.0
 10
55.5536300885
 20
49.3365807068
 30
0.0
 10
55.5245665997
 20
49.4146420066
 30
0.0
 10
55.5179777189
 20
49.4691920558
 30
0.0
 10
55.5179777189
 20
49.4961197801
 30
0.0
  0
SPLINE
  5
A0B
100
AcDbEntity
  8
0
100
AcDbSpline
 62
7
  6
BYLAYER
 70
0
 71
3
 72
14
 73
10
 74
0
 42
0.0000001
 43
0.0000001
 44
0.0000000001
 40
0.0
 40
0.0
 40
0.0
 40
0.0
 40
0.1256486515
 40
0.2512013039
 40
0.3764878573
 40
0.5015700819
 40
0.6265149979
 40
0.7512652809
 40
1.0
 40
1.0
 40
1.0
 40
1.0
 10
55.8766613437
 20
48.2544379311
 30
0.0
 10
55.8494575522
 20
48.2633128354
 30
0.0
 10
55.7966051833
 20
48.2861739293
 30
0.0
 10
55.724854459
 20
48.3338593284
 30
0.0
 10
55.6623081824
 20
48.3929023514
 30
0.0
 10
55.6102014278
 20
48.4610911292
 30
0.0
 10
55.5691800714
 20
48.5363279842
 30
0.0
 10
55.5299124178
 20
48.6431292327
 30
0.0
 10
55.5179777189
 20
48.7288336653
 30
0.0
 10
55.5179777189
 20
48.7854797895
 30
0.0
  0
SPLINE
  5
A0C
100
AcDbEntity
  8
0
100
AcDbSpline
 62
7
  6
BYLAYER
 70
0
 71
3
 72
9
 73
5
 74
0
 42
0.0000001
 43
0.0000001
 44
0.0000000001
 40
0.0
 40
0.0
 40
0.0
 40
0.0
 40
0.5010726408
 40
1.0
 40
1.0
 40
1.0
 40
1.0
 10
56.0179777189
 20
48.2462597854
 30
0.0
 10
55.9943756222
 20
48.2439294825
 30
0.0
 10
55.9468416325
 20
48.2428694353
 30
0.0
 10
55.8997193178
 20
48.2493367987
 30
0.0
 10
55.8766617539
 20
48.2544389436
 30
0.0
  0
SPLINE
  5
A0D
100
AcDbEntity
  8
0
100
AcDbSpline
 62
7
  6
BYLAYER
 70
0
 71
3
 72
15
 73
11
 74
0
 42
0.0000001
 43
0.0000001
 44
0.0000000001
 40
0.0
 40
0.0
 40
0.0
 40
0.0
 40
0.1243487908
 40
0.2490663016
 40
0.374074368
 40
0.4993545877
 40
0.6247740884
 40
0.7501718029
 40
0.8753466927
 40
1.0
 40
1.0
 40
1.0
 40
1.0
 10
56.7179777189
 20
48.8582861528
 30
0.0
 10
56.7179777189
 20
48.8231524776
 30
0.0
 10
56.7119041604
 20
48.7526425345
 30
0.0
 10
56.6852509936
 20
48.6498820874
 30
0.0
 10
56.6416845078
 20
48.5527392886
 30
0.0
 10
56.5821278909
 20
48.4642253071
 30
0.0
 10
56.5077914899
 20
48.3874788841
 30
0.0
 10
56.4204668972
 20
48.3258200417
 30
0.0
 10
56.3228560192
 20
48.2826657392
 30
0.0
 10
56.2530557562
 20
48.2682849065
 30
0.0
 10
56.2179777189
 20
48.2651290345
 30
0.0
  0
SPLINE
  5
A0E
100
AcDbEntity
  8
0
100
AcDbSpline
 62
7
  6
BYLAYER
 70
0
 71
3
 72
14
 73
10
 74
0
 42
0.0000001
 43
0.0000001
 44
0.0000000001
 40
0.0
 40
0.0
 40
0.0
 40
0.0
 40
0.0934130424
 40
0.194523856
 40
0.3052025415
 40
0.4265342892
 40
0.5583817846
 40
0.6996709725
 40
1.0
 40
1.0
 40
1.0
 40
1.0
 10
54.4496106635
 20
49.0323338698
 30
0.0
 10
54.4557152749
 20
49.0154391286
 30
0.0
 10
54.4727234139
 20
48.9817125849
 30
0.0
 10
54.50965513
 20
48.9356502889
 30
0.0
 10
54.5583703493
 20
48.8935652782
 30
0.0
 10
54.6180881795
 20
48.8566186072
 30
0.0
 10
54.6877545636
 20
48.8260061596
 30
0.0
 10
54.7937253454
 20
48.7947523841
 30
0.0
 10
54.8791401296
 20
48.7854797895
 30
0.0
 10
54.9368949592
 20
48.7854797895
 30
0.0
  0
SPLINE
  5
A0F
100
AcDbEntity
  8
0
100
AcDbSpline
 62
7
  6
BYLAYER
 70
0
 71
3
 72
14
 73
10
 74
0
 42
0.0000001
 43
0.0000001
 44
0.0000000001
 40
0.0
 40
0.0
 40
0.0
 40
0.0
 40
0.0934137092
 40
0.1945236279
 40
0.3051999507
 40
0.4265419667
 40
0.5584037357
 40
0.6996881935
 40
1.0
 40
1.0
 40
1.0
 40
1.0
 10
24.4863218245
 20
47.3714557121
 30
0.0
 10
24.4802178575
 20
47.3545622478
 30
0.0
 10
24.4632032305
 20
47.3208423078
 30
0.0
 10
24.4262745774
 20
47.2747859015
 30
0.0
 10
24.3775612017
 20
47.2327041727
 30
0.0
 10
24.3178367227
 20
47.1957709739
 30
0.0
 10
24.248169584
 20
47.1651690292
 30
0.0
 10
24.1422119426
 20
47.1339098292
 30
0.0
 10
24.0568073471
 20
47.1246454047
 30
0.0
 10
23.999060806
 20
47.1246454047
 30
0.0
  0
SPLINE
  5
A10
100
AcDbEntity
  8
0
100
AcDbSpline
 62
7
  6
BYLAYER
 70
0
 71
3
 72
9
 73
5
 74
0
 42
0.0000001
 43
0.0000001
 44
0.0000000001
 40
0.0
 40
0.0
 40
0.0
 40
0.0
 40
0.4640351161
 40
1.0
 40
1.0
 40
1.0
 40
1.0
 10
18.8476454776
 20
50.3480904238
 30
0.0
 10
18.8480217337
 20
50.3457021035
 30
0.0
 10
18.8490557731
 20
50.3405859986
 30
0.0
 10
18.850600948
 20
50.335603123
 30
0.0
 10
18.8514858294
 20
50.3329544736
 30
0.0
  0
SPLINE
  5
A11
100
AcDbEntity
  8
0
100
AcDbSpline
 62
7
  6
BYLAYER
 70
0
 71
3
 72
21
 73
17
 74
0
 42
0.0000001
 43
0.0000001
 44
0.0000000001
 40
0.0
 40
0.0
 40
0.0
 40
0.0
 40
0.1090265929
 40
0.1687622244
 40
0.2315787787
 40
0.297035668
 40
0.3645587384
 40
0.4334746852
 40
0.5030408881
 40
0.5724824111
 40
0.6410312107
 40
0.7079640138
 40
0.7726361078
 40
0.8345126296
 40
0.8931995743
 40
1.0
 40
1.0
 40
1.0
 40
1.0
 10
18.8560719712
 20
50.1031052889
 30
0.0
 10
18.9625545541
 20
50.0143333773
 30
0.0
 10
19.1455107153
 20
49.8979505854
 30
0.0
 10
19.4139648725
 20
49.7765819413
 30
0.0
 10
19.6400671387
 20
49.6978450454
 30
0.0
 10
19.8814161546
 20
49.6357188012
 30
0.0
 10
20.1345314251
 20
49.5913376565
 30
0.0
 10
20.3954495362
 20
49.5655961135
 30
0.0
 10
20.6599881953
 20
49.559005082
 30
0.0
 10
20.9238378137
 20
49.5717018663
 30
0.0
 10
21.1827127211
 20
49.6034265405
 30
0.0
 10
21.4325012406
 20
49.6535426806
 30
0.0
 10
21.6693459173
 20
49.7210570918
 30
0.0
 10
21.8899029463
 20
49.8047609447
 30
0.0
 10
22.1497830404
 20
49.9317776836
 30
0.0
 10
22.3252476121
 20
50.0521473458
 30
0.0
 10
22.4260515132
 20
50.1431458638
 30
0.0
  0
SPLINE
  5
A12
100
AcDbEntity
  8
0
100
AcDbSpline
 62
7
  6
BYLAYER
 70
0
 71
3
 72
13
 73
9
 74
0
 42
0.0000001
 43
0.0000001
 44
0.0000000001
 40
0.0
 40
0.0
 40
0.0
 40
0.0
 40
0.0831667151
 40
0.1792421407
 40
0.2879753527
 40
0.4088879787
 40
0.6845334118
 40
1.0
 40
1.0
 40
1.0
 40
1.0
 10
22.3844865343
 20
50.3329498701
 30
0.0
 10
22.3823748171
 20
50.3236611007
 30
0.0
 10
22.3766468212
 20
50.3039077776
 30
0.0
 10
22.3650111462
 20
50.2730221564
 30
0.0
 10
22.3497954149
 20
50.2389380639
 30
0.0
 10
22.3237343078
 20
50.187244685
 30
0.0
 10
22.2828050793
 20
50.1166313702
 30
0.0
 10
22.2458179467
 20
50.0598947484
 30
0.0
 10
22.225495403
 20
50.0300184796
 30
0.0
  0
SPLINE
  5
A13
100
AcDbEntity
  8
0
100
AcDbSpline
 62
7
  6
BYLAYER
 70
0
 71
3
 72
13
 73
9
 74
0
 42
0.0000001
 43
0.0000001
 44
0.0000000001
 40
0.0
 40
0.0
 40
0.0
 40
0.0
 40
0.3154696551
 40
0.5911163827
 40
0.7120266529
 40
0.820758499
 40
0.9168337006
 40
1.0
 40
1.0
 40
1.0
 40
1.0
 10
19.0104602835
 20
50.0300129764
 30
0.0
 10
18.9901370723
 20
50.0598898867
 30
0.0
 10
18.953150784
 20
50.1166289358
 30
0.0
 10
18.9122216547
 20
50.1872439473
 30
0.0
 10
18.8861598018
 20
50.2389376308
 30
0.0
 10
18.8709439475
 20
50.2730218095
 30
0.0
 10
18.8593084593
 20
50.3039078027
 30
0.0
 10
18.8535805479
 20
50.3236613961
 30
0.0
 10
18.8514688215
 20
50.3329502644
 30
0.0
  0
SPLINE
  5
A14
100
AcDbEntity
  8
0
100
AcDbSpline
 62
7
  6
BYLAYER
 70
0
 71
3
 72
11
 73
7
 74
0
 42
0.0000001
 43
0.0000001
 44
0.0000000001
 40
0.0
 40
0.0
 40
0.0
 40
0.0
 40
0.2540773105
 40
0.5049223832
 40
0.7532942043
 40
1.0
 40
1.0
 40
1.0
 40
1.0
 10
24.4863218245
 20
47.3714557121
 30
0.0
 10
24.5368775247
 20
47.5113258971
 30
0.0
 10
24.6281549299
 20
47.7927140555
 30
0.0
 10
24.7355696262
 20
48.2207233373
 30
0.0
 10
24.8122153431
 20
48.650929699
 30
0.0
 10
24.8427500541
 20
48.9394001968
 30
0.0
 10
24.8528958722
 20
49.0834547881
 30
0.0
  0
SPLINE
  5
A15
100
AcDbEntity
  8
0
100
AcDbSpline
 62
7
  6
BYLAYER
 70
0
 71
3
 72
11
 73
7
 74
0
 42
0.0000001
 43
0.0000001
 44
0.0000000001
 40
0.0
 40
0.0
 40
0.0
 40
0.0
 40
0.246710322
 40
0.4950872671
 40
0.7459289167
 40
1.0
 40
1.0
 40
1.0
 40
1.0
 10
16.383007209
 20
49.0834561969
 30
0.0
 10
16.393151566
 20
48.9394192141
 30
0.0
 10
16.4237558319
 20
48.650989817
 30
0.0
 10
16.500448645
 20
48.2208537876
 30
0.0
 10
16.6077742907
 20
47.7928917475
 30
0.0
 10
16.6989678834
 20
47.5115242801
 30
0.0
 10
16.7495152768
 20
47.3716772169
 30
0.0
  0
SPLINE
  5
A16
100
AcDbEntity
  8
0
100
AcDbSpline
 62
7
  6
BYLAYER
 70
0
 71
3
 72
11
 73
7
 74
0
 42
0.0000001
 43
0.0000001
 44
0.0000000001
 40
0.0
 40
0.0
 40
0.0
 40
0.0
 40
0.165997137
 40
0.3874226557
 40
0.6659566264
 40
1.0
 40
1.0
 40
1.0
 40
1.0
 10
18.8181503042
 20
50.4239160634
 30
0.0
 10
18.8181500162
 20
50.4193813686
 30
0.0
 10
18.8199983033
 20
50.4088361144
 30
0.0
 10
18.8259231458
 20
50.3916202487
 30
0.0
 10
18.8353480527
 20
50.370844222
 30
0.0
 10
18.843200894
 20
50.3560602414
 30
0.0
 10
18.8476454776
 20
50.3480904238
 30
0.0
  0
SPLINE
  5
A17
100
AcDbEntity
  8
0
100
AcDbSpline
 62
7
  6
BYLAYER
 70
0
 71
3
 72
14
 73
10
 74
0
 42
0.0000001
 43
0.0000001
 44
0.0000000001
 40
0.0
 40
0.0
 40
0.0
 40
0.0
 40
0.4119927395
 40
0.5746126896
 40
0.7087491798
 40
0.8151794994
 40
0.8955719236
 40
0.9538614368
 40
1.0
 40
1.0
 40
1.0
 40
1.0
 10
24.8679758959
 20
50.8201088883
 30
0.0
 10
24.8679758959
 20
50.8244533866
 30
0.0
 10
24.8678615043
 20
50.8305177853
 30
0.0
 10
24.8672210622
 20
50.8379676882
 30
0.0
 10
24.8665998464
 20
50.8421759914
 30
0.0
 10
24.865805446
 20
50.8454767126
 30
0.0
 10
24.8648329113
 20
50.8478782162
 30
0.0
 10
24.863642048
 20
50.8494893926
 30
0.0
 10
24.8625304417
 20
50.8499082083
 30
0.0
 10
24.8620439067
 20
50.8499083646
 30
0.0
  0
SPLINE
  5
A18
100
AcDbEntity
  8
0
100
AcDbSpline
 62
7
  6
BYLAYER
 70
0
 71
3
 72
12
 73
8
 74
0
 42
0.0000001
 43
0.0000001
 44
0.0000000001
 40
0.0
 40
0.0
 40
0.0
 40
0.0
 40
0.0584830328
 40
0.1366455204
 40
0.3509502393
 40
0.6401320659
 40
1.0
 40
1.0
 40
1.0
 40
1.0
 10
24.8679777189
 20
49.335010582
 30
0.0
 10
24.8679777188
 20
49.3300973532
 30
0.0
 10
24.8677267937
 20
49.3186183406
 30
0.0
 10
24.8665435242
 20
49.2891581178
 30
0.0
 10
24.863705216
 20
49.2403725255
 30
0.0
 10
24.8588907982
 20
49.1680016741
 30
0.0
 10
24.8550619478
 20
49.1136085228
 30
0.0
 10
24.852937884
 20
49.0834502986
 30
0.0
  0
SPLINE
  5
A19
100
AcDbEntity
  8
0
100
AcDbSpline
 62
7
  6
BYLAYER
 70
0
 71
3
 72
11
 73
7
 74
0
 42
0.0000001
 43
0.0000001
 44
0.0000000001
 40
0.0
 40
0.0
 40
0.0
 40
0.0
 40
0.3340406051
 40
0.61257617
 40
0.8340038687
 40
1.0
 40
1.0
 40
1.0
 40
1.0
 10
22.3883096284
 20
50.3480899358
 30
0.0
 10
22.3927542842
 20
50.3560598774
 30
0.0
 10
22.4006073457
 20
50.3708441568
 30
0.0
 10
22.4100326975
 20
50.3916206108
 30
0.0
 10
22.4159580044
 20
50.4088368491
 30
0.0
 10
22.417806517
 20
50.4193823729
 30
0.0
 10
22.4178062371
 20
50.4239171491
 30
0.0
  0
SPLINE
  5
A1A
100
AcDbEntity
  8
0
100
AcDbSpline
 62
7
  6
BYLAYER
 70
0
 71
3
 72
9
 73
5
 74
0
 42
0.0000001
 43
0.0000001
 44
0.0000000001
 40
0.0
 40
0.0
 40
0.0
 40
0.0
 40
0.5359813996
 40
1.0
 40
1.0
 40
1.0
 40
1.0
 10
22.3844695014
 20
50.3329540852
 30
0.0
 10
22.3853543991
 20
50.3356027938
 30
0.0
 10
22.3868997704
 20
50.3405855774
 30
0.0
 10
22.3879333738
 20
50.3457017241
 30
0.0
 10
22.3883096284
 20
50.3480899358
 30
0.0
  0
SPLINE
  5
A1B
100
AcDbEntity
  8
0
100
AcDbSpline
 62
7
  6
BYLAYER
 70
0
 71
3
 72
14
 73
10
 74
0
 42
0.0000001
 43
0.0000001
 44
0.0000000001
 40
0.0
 40
0.0
 40
0.0
 40
0.0
 40
0.3003369938
 40
0.441617311
 40
0.5734697737
 40
0.6947665833
 40
0.8054478438
 40
0.9065545374
 40
1.0
 40
1.0
 40
1.0
 40
1.0
 10
17.2368950008
 20
47.1246454164
 30
0.0
 10
17.1791184072
 20
47.1246454164
 30
0.0
 10
17.0936726922
 20
47.1339229395
 30
0.0
 10
16.9876692948
 20
47.1652043913
 30
0.0
 10
16.9179860103
 20
47.1958266741
 30
0.0
 10
16.858263361
 20
47.2328047907
 30
0.0
 10
16.8095595074
 20
47.2749259113
 30
0.0
 10
16.772625306
 20
47.3210206381
 30
0.0
 10
16.755624146
 20
47.3547706919
 30
0.0
 10
16.7495152768
 20
47.3716772169
 30
0.0
  0
SPLINE
  5
A1C
100
AcDbEntity
  8
0
100
AcDbSpline
 62
7
  6
BYLAYER
 70
0
 71
3
 72
12
 73
8
 74
0
 42
0.0000001
 43
0.0000001
 44
0.0000000001
 40
0.0
 40
0.0
 40
0.0
 40
0.0
 40
0.3598694721
 40
0.6490505494
 40
0.863354129
 40
0.9415166136
 40
1.0
 40
1.0
 40
1.0
 40
1.0
 10
16.3830169001
 20
49.0834580915
 30
0.0
 10
16.3808929339
 20
49.1136155118
 30
0.0
 10
16.3770642641
 20
49.1680070463
 30
0.0
 10
16.3722500398
 20
49.2403756257
 30
0.0
 10
16.3694118437
 20
49.2891595466
 30
0.0
 10
16.3682286306
 20
49.31861879
 30
0.0
 10
16.3679777188
 20
49.3300974759
 30
0.0
 10
16.3679777189
 20
49.335010582
 30
0.0
  0
SPLINE
  5
A1D
100
AcDbEntity
  8
0
100
AcDbSpline
 62
7
  6
BYLAYER
 70
0
 71
3
 72
16
 73
12
 74
0
 42
0.0000001
 43
0.0000001
 44
0.0000000001
 40
0.0
 40
0.0
 40
0.0
 40
0.0
 40
0.0446029303
 40
0.0901458981
 40
0.1866151931
 40
0.2942372216
 40
0.4149099495
 40
0.5482767446
 40
0.6923642182
 40
0.8441943226
 40
1.0
 40
1.0
 40
1.0
 40
1.0
 10
19.0179777189
 20
49.49611978
 30
0.0
 10
19.0179777189
 20
49.5054418281
 30
0.0
 10
19.0163194227
 20
49.5243210521
 30
0.0
 10
19.0063741889
 20
49.5621997512
 30
0.0
 10
18.9807770026
 20
49.6086396147
 30
0.0
 10
18.9331847945
 20
49.6578447279
 30
0.0
 10
18.8702816507
 20
49.7005295501
 30
0.0
 10
18.7943615199
 20
49.7353434253
 30
0.0
 10
18.7081726649
 20
49.761166675
 30
0.0
 10
18.6148970474
 20
49.7770417646
 30
0.0
 10
18.5505412298
 20
49.7806031896
 30
0.0
 10
18.5179777189
 20
49.7806031896
 30
0.0
  0
SPLINE
  5
A1E
100
AcDbEntity
  8
0
100
AcDbSpline
 62
7
  6
BYLAYER
 70
0
 71
3
 72
14
 73
10
 74
0
 42
0.0000001
 43
0.0000001
 44
0.0000000001
 40
0.0
 40
0.0
 40
0.0
 40
0.0
 40
0.1316548902
 40
0.244438522
 40
0.34593853
 40
0.4464013279
 40
0.5560023646
 40
0.6822165137
 40
1.0
 40
1.0
 40
1.0
 40
1.0
 10
22.4178062371
 20
50.4239171491
 30
0.0
 10
22.4178061276
 20
50.4256909314
 30
0.0
 10
22.4175661478
 20
50.4289972749
 30
0.0
 10
22.4161965083
 20
50.4335067074
 30
0.0
 10
22.4137633578
 20
50.4370764356
 30
0.0
 10
22.4102888975
 20
50.4395705687
 30
0.0
 10
22.4059285894
 20
50.4409898602
 30
0.0
 10
22.3984534224
 20
50.4416191211
 30
0.0
 10
22.3924713356
 20
50.4405833655
 30
0.0
 10
22.3883096647
 20
50.4395775686
 30
0.0
  0
SPLINE
  5
A1F
100
AcDbEntity
  8
0
100
AcDbSpline
 62
7
  6
BYLAYER
 70
0
 71
3
 72
15
 73
11
 74
0
 42
0.0000001
 43
0.0000001
 44
0.0000000001
 40
0.0
 40
0.0
 40
0.0
 40
0.0
 40
0.1246723159
 40
0.2498516027
 40
0.3752327535
 40
0.500633556
 40
0.6259042559
 40
0.7509069521
 40
0.8756370194
 40
1.0
 40
1.0
 40
1.0
 40
1.0
 10
22.7179777189
 20
48.2651289933
 30
0.0
 10
22.6828943432
 20
48.2682853461
 30
0.0
 10
22.6130880022
 20
48.2826703675
 30
0.0
 10
22.5154761648
 20
48.3258270538
 30
0.0
 10
22.4281606107
 20
48.3874831584
 30
0.0
 10
22.3538320401
 20
48.4642193053
 30
0.0
 10
22.29428078
 20
48.5527251028
 30
0.0
 10
22.2507084232
 20
48.649864576
 30
0.0
 10
22.2240550758
 20
48.7526313302
 30
0.0
 10
22.2179777189
 20
48.8231484791
 30
0.0
 10
22.2179777189
 20
48.8582861528
 30
0.0
  0
SPLINE
  5
A20
100
AcDbEntity
  8
0
100
AcDbSpline
 62
7
  6
BYLAYER
 70
0
 71
3
 72
9
 73
5
 74
0
 42
0.0000001
 43
0.0000001
 44
0.0000000001
 40
0.0
 40
0.0
 40
0.0
 40
0.0
 40
0.222633808
 40
1.0
 40
1.0
 40
1.0
 40
1.0
 10
16.3937625631
 20
50.5661146611
 30
0.0
 10
16.3962084778
 20
50.5476116089
 30
0.0
 10
16.4073931363
 20
50.4645280081
 30
0.0
 10
16.4191105443
 20
50.3815174608
 30
0.0
 10
16.4282274171
 20
50.316989539
 30
0.0
  0
SPLINE
  5
A21
100
AcDbEntity
  8
0
100
AcDbSpline
 62
7
  6
BYLAYER
 70
0
 71
3
 72
15
 73
11
 74
0
 42
0.0000001
 43
0.0000001
 44
0.0000000001
 40
0.0
 40
0.0
 40
0.0
 40
0.0
 40
0.1366342828
 40
0.27163382
 40
0.4034689815
 40
0.5311041915
 40
0.6540168983
 40
0.7723924038
 40
0.8872036078
 40
1.0
 40
1.0
 40
1.0
 40
1.0
 10
22.7179777189
 20
49.0849395402
 30
0.0
 10
22.6853592084
 20
49.0849395402
 30
0.0
 10
22.6203890711
 20
49.090168326
 30
0.0
 10
22.5264905658
 20
49.1134388817
 30
0.0
 10
22.4397520243
 20
49.1513155971
 30
0.0
 10
22.3634788935
 20
49.2024131261
 30
0.0
 10
22.3006090562
 20
49.264924498
 30
0.0
 10
22.2536300885
 20
49.3365807068
 30
0.0
 10
22.2245665997
 20
49.4146420066
 30
0.0
 10
22.2179777189
 20
49.4691920558
 30
0.0
 10
22.2179777189
 20
49.4961197801
 30
0.0
  0
SPLINE
  5
A22
100
AcDbEntity
  8
0
100
AcDbSpline
 62
7
  6
BYLAYER
 70
0
 71
3
 72
16
 73
12
 74
0
 42
0.0000001
 43
0.0000001
 44
0.0000000001
 40
0.0
 40
0.0
 40
0.0
 40
0.0
 40
0.1558056773
 40
0.3076357818
 40
0.4517232554
 40
0.5850900505
 40
0.7057627784
 40
0.8133848069
 40
0.9098541019
 40
0.9553970697
 40
1.0
 40
1.0
 40
1.0
 40
1.0
 10
18.317977719
 20
49.7806031896
 30
0.0
 10
18.2854142081
 20
49.7806031896
 30
0.0
 10
18.2210583905
 20
49.7770417646
 30
0.0
 10
18.127782773
 20
49.761166675
 30
0.0
 10
18.041593918
 20
49.7353434254
 30
0.0
 10
17.9656737872
 20
49.7005295501
 30
0.0
 10
17.9027706434
 20
49.657844728
 30
0.0
 10
17.8551784353
 20
49.6086396148
 30
0.0
 10
17.8295812489
 20
49.5621997513
 30
0.0
 10
17.8196360151
 20
49.5243210522
 30
0.0
 10
17.8179777189
 20
49.5054418282
 30
0.0
 10
17.8179777189
 20
49.4961197801
 30
0.0
  0
SPLINE
  5
A23
100
AcDbEntity
  8
0
100
AcDbSpline
 62
7
  6
BYLAYER
 70
0
 71
3
 72
14
 73
10
 74
0
 42
0.0000001
 43
0.0000001
 44
0.0000000001
 40
0.0
 40
0.0
 40
0.0
 40
0.0
 40
0.2487512553
 40
0.3735236202
 40
0.4984618738
 40
0.6235584402
 40
0.7488396688
 40
0.874360874
 40
1.0
 40
1.0
 40
1.0
 40
1.0
 10
23.4179777189
 20
48.7854797895
 30
0.0
 10
23.4179777189
 20
48.7288287757
 30
0.0
 10
23.4060342462
 20
48.6431145192
 30
0.0
 10
23.3667646864
 20
48.5363050392
 30
0.0
 10
23.3257476002
 20
48.4610547579
 30
0.0
 10
23.2736141465
 20
48.3928827681
 30
0.0
 10
23.2110707331
 20
48.3338445854
 30
0.0
 10
23.1393310654
 20
48.2861569982
 30
0.0
 10
23.0864823805
 20
48.2633075337
 30
0.0
 10
23.0592798252
 20
48.2544340044
 30
0.0
  0
SPLINE
  5
A24
100
AcDbEntity
  8
0
100
AcDbSpline
 62
7
  6
BYLAYER
 70
0
 71
3
 72
9
 73
5
 74
0
 42
0.0000001
 43
0.0000001
 44
0.0000000001
 40
0.0
 40
0.0
 40
0.0
 40
0.0
 40
0.4989266855
 40
1.0
 40
1.0
 40
1.0
 40
1.0
 10
23.0592794459
 20
48.2544351017
 30
0.0
 10
23.0362241203
 20
48.2493342598
 30
0.0
 10
22.9891064098
 20
48.2428699514
 30
0.0
 10
22.9415774141
 20
48.2439294545
 30
0.0
 10
22.9179777189
 20
48.2462595167
 30
0.0
  0
SPLINE
  5
A25
100
AcDbEntity
  8
0
100
AcDbSpline
 62
7
  6
BYLAYER
 70
0
 71
3
 72
15
 73
11
 74
0
 42
0.0000001
 43
0.0000001
 44
0.0000000001
 40
0.0
 40
0.0
 40
0.0
 40
0.0
 40
0.1127963919
 40
0.2276075953
 40
0.3459831003
 40
0.4688958066
 40
0.5965310162
 40
0.7283661767
 40
0.8633657146
 40
1.0
 40
1.0
 40
1.0
 40
1.0
 10
23.4179777189
 20
49.4961197801
 30
0.0
 10
23.4179777189
 20
49.4691920559
 30
0.0
 10
23.4113888382
 20
49.4146420069
 30
0.0
 10
23.3823253495
 20
49.3365807074
 30
0.0
 10
23.3353463822
 20
49.2649244988
 30
0.0
 10
23.2724765454
 20
49.2024131269
 30
0.0
 10
23.196203415
 20
49.1513155981
 30
0.0
 10
23.1094648739
 20
49.1134388822
 30
0.0
 10
23.015566368
 20
49.0901683265
 30
0.0
 10
22.95059623
 20
49.0849395402
 30
0.0
 10
22.9179777189
 20
49.0849395402
 30
0.0
  0
SPLINE
  5
A26
100
AcDbEntity
  8
0
100
AcDbSpline
 62
7
  6
BYLAYER
 70
0
 71
3
 72
14
 73
10
 74
0
 42
0.0000001
 43
0.0000001
 44
0.0000000001
 40
0.0
 40
0.0
 40
0.0
 40
0.0
 40
0.3003186579
 40
0.4415980929
 40
0.5734508899
 40
0.6947557059
 40
0.8054471889
 40
0.9065577329
 40
1.0
 40
1.0
 40
1.0
 40
1.0
 10
23.9990604534
 20
48.7854797895
 30
0.0
 10
24.056815881
 20
48.7854797895
 30
0.0
 10
24.1422306597
 20
48.7947538243
 30
0.0
 10
24.2482029957
 20
48.8260077438
 30
0.0
 10
24.3178708334
 20
48.8566108994
 30
0.0
 10
24.3775865487
 20
48.8935653134
 30
0.0
 10
24.4262950081
 20
48.935656807
 30
0.0
 10
24.463242185
 20
48.9817202492
 30
0.0
 10
24.480251506
 20
49.0154550444
 30
0.0
 10
24.4863581394
 20
49.0323558882
 30
0.0
  0
SPLINE
  5
A27
100
AcDbEntity
  8
0
100
AcDbSpline
 62
7
  6
BYLAYER
 70
0
 71
3
 72
9
 73
5
 74
0
 42
0.0000001
 43
0.0000001
 44
0.0000000001
 40
0.0
 40
0.0
 40
0.0
 40
0.0
 40
0.5042768834
 40
1.0
 40
1.0
 40
1.0
 40
1.0
 10
24.4863581394
 20
49.0323558882
 30
0.0
 10
24.5621237047
 20
49.2419730745
 30
0.0
 10
24.6918563424
 20
49.6653972902
 30
0.0
 10
24.7770764584
 20
50.1000388281
 30
0.0
 10
24.8077290057
 20
50.3169930174
 30
0.0
  0
SPLINE
  5
A28
100
AcDbEntity
  8
0
100
AcDbSpline
 62
7
  6
BYLAYER
 70
0
 71
3
 72
14
 73
10
 74
0
 42
0.0000001
 43
0.0000001
 44
0.0000000001
 40
0.0
 40
0.0
 40
0.0
 40
0.0
 40
0.3601366407
 40
0.5139882055
 40
0.6495201049
 40
0.7662555843
 40
0.8637825474
 40
0.9417741962
 40
1.0
 40
1.0
 40
1.0
 40
1.0
 10
24.8077285558
 20
50.3169925207
 30
0.0
 10
24.8162415021
 20
50.3772460287
 30
0.0
 10
24.828375919
 20
50.4632427175
 30
0.0
 10
24.8430497602
 20
50.5720064363
 30
0.0
 10
24.8517856855
 20
50.6400704955
 30
0.0
 10
24.858733605
 20
50.6987658883
 30
0.0
 10
24.8638141312
 20
50.7478899827
 30
0.0
 10
24.8669746405
 20
50.7872597875
 30
0.0
 10
24.8679758959
 20
50.8102705346
 30
0.0
 10
24.8679758959
 20
50.8201088883
 30
0.0
  0
SPLINE
  5
A29
100
AcDbEntity
  8
0
100
AcDbSpline
 62
7
  6
BYLAYER
 70
0
 71
3
 72
16
 73
12
 74
0
 42
0.0000001
 43
0.0000001
 44
0.0000000001
 40
0.0
 40
0.0
 40
0.0
 40
0.0
 40
0.0446029303
 40
0.0901458981
 40
0.1866151931
 40
0.2942372216
 40
0.4149099495
 40
0.5482767446
 40
0.6923642182
 40
0.8441943226
 40
1.0
 40
1.0
 40
1.0
 40
1.0
 10
23.4179777189
 20
49.4961197801
 30
0.0
 10
23.4179777189
 20
49.5054418281
 30
0.0
 10
23.4163194227
 20
49.5243210522
 30
0.0
 10
23.4063741889
 20
49.5621997513
 30
0.0
 10
23.3807770025
 20
49.6086396148
 30
0.0
 10
23.3331847945
 20
49.6578447279
 30
0.0
 10
23.2702816507
 20
49.7005295501
 30
0.0
 10
23.1943615199
 20
49.7353434254
 30
0.0
 10
23.1081726649
 20
49.761166675
 30
0.0
 10
23.0148970474
 20
49.7770417646
 30
0.0
 10
22.9505412298
 20
49.7806031896
 30
0.0
 10
22.9179777189
 20
49.7806031896
 30
0.0
  0
SPLINE
  5
A2A
100
AcDbEntity
  8
0
100
AcDbSpline
 62
7
  6
BYLAYER
 70
0
 71
3
 72
15
 73
11
 74
0
 42
0.0000001
 43
0.0000001
 44
0.0000000001
 40
0.0
 40
0.0
 40
0.0
 40
0.0
 40
0.1127963922
 40
0.2276075962
 40
0.3459831017
 40
0.4688958085
 40
0.5965310185
 40
0.72836618
 40
0.8633657172
 40
1.0
 40
1.0
 40
1.0
 40
1.0
 10
19.0179777189
 20
49.4961197802
 30
0.0
 10
19.0179777189
 20
49.4691920559
 30
0.0
 10
19.0113888381
 20
49.4146420067
 30
0.0
 10
18.9823253493
 20
49.3365807069
 30
0.0
 10
18.9353463816
 20
49.2649244981
 30
0.0
 10
18.8724765443
 20
49.2024131261
 30
0.0
 10
18.7962034135
 20
49.1513155971
 30
0.0
 10
18.709464872
 20
49.1134388818
 30
0.0
 10
18.6155663667
 20
49.090168326
 30
0.0
 10
18.5505962294
 20
49.0849395402
 30
0.0
 10
18.5179777189
 20
49.0849395402
 30
0.0
  0
SPLINE
  5
A2B
100
AcDbEntity
  8
0
100
AcDbSpline
 62
7
  6
BYLAYER
 70
0
 71
3
 72
16
 73
12
 74
0
 42
0.0000001
 43
0.0000001
 44
0.0000000001
 40
0.0
 40
0.0
 40
0.0
 40
0.0
 40
0.1558056773
 40
0.3076357818
 40
0.4517232554
 40
0.5850900505
 40
0.7057627784
 40
0.8133848069
 40
0.9098541019
 40
0.9553970697
 40
1.0
 40
1.0
 40
1.0
 40
1.0
 10
22.717977719
 20
49.7806031896
 30
0.0
 10
22.6854142081
 20
49.7806031896
 30
0.0
 10
22.6210583905
 20
49.7770417646
 30
0.0
 10
22.527782773
 20
49.761166675
 30
0.0
 10
22.441593918
 20
49.7353434254
 30
0.0
 10
22.3656737872
 20
49.7005295501
 30
0.0
 10
22.3027706434
 20
49.657844728
 30
0.0
 10
22.2551784353
 20
49.6086396148
 30
0.0
 10
22.2295812489
 20
49.5621997513
 30
0.0
 10
22.2196360151
 20
49.5243210522
 30
0.0
 10
22.2179777189
 20
49.5054418282
 30
0.0
 10
22.2179777189
 20
49.4961197801
 30
0.0
  0
SPLINE
  5
A2C
100
AcDbEntity
  8
0
100
AcDbSpline
 62
7
  6
BYLAYER
 70
0
 71
3
 72
15
 73
11
 74
0
 42
0.0000001
 43
0.0000001
 44
0.0000000001
 40
0.0
 40
0.0
 40
0.0
 40
0.0
 40
0.1366342828
 40
0.27163382
 40
0.4034689815
 40
0.5311041915
 40
0.6540168983
 40
0.7723924038
 40
0.8872036078
 40
1.0
 40
1.0
 40
1.0
 40
1.0
 10
18.3179777189
 20
49.0849395402
 30
0.0
 10
18.2853592084
 20
49.0849395402
 30
0.0
 10
18.2203890711
 20
49.090168326
 30
0.0
 10
18.1264905658
 20
49.1134388817
 30
0.0
 10
18.0397520243
 20
49.1513155971
 30
0.0
 10
17.9634788935
 20
49.2024131261
 30
0.0
 10
17.9006090562
 20
49.264924498
 30
0.0
 10
17.8536300885
 20
49.3365807068
 30
0.0
 10
17.8245665997
 20
49.4146420066
 30
0.0
 10
17.8179777189
 20
49.4691920558
 30
0.0
 10
17.8179777189
 20
49.4961197801
 30
0.0
  0
SPLINE
  5
A2D
100
AcDbEntity
  8
0
100
AcDbSpline
 62
7
  6
BYLAYER
 70
0
 71
3
 72
14
 73
10
 74
0
 42
0.0000001
 43
0.0000001
 44
0.0000000001
 40
0.0
 40
0.0
 40
0.0
 40
0.0
 40
0.1256486515
 40
0.2512013039
 40
0.3764878573
 40
0.5015700819
 40
0.6265149979
 40
0.7512652809
 40
1.0
 40
1.0
 40
1.0
 40
1.0
 10
18.1766613437
 20
48.2544379311
 30
0.0
 10
18.1494575522
 20
48.2633128354
 30
0.0
 10
18.0966051833
 20
48.2861739293
 30
0.0
 10
18.024854459
 20
48.3338593284
 30
0.0
 10
17.9623081824
 20
48.3929023514
 30
0.0
 10
17.9102014278
 20
48.4610911292
 30
0.0
 10
17.8691800714
 20
48.5363279842
 30
0.0
 10
17.8299124178
 20
48.6431292327
 30
0.0
 10
17.8179777189
 20
48.7288336653
 30
0.0
 10
17.8179777189
 20
48.7854797895
 30
0.0
  0
SPLINE
  5
A2E
100
AcDbEntity
  8
0
100
AcDbSpline
 62
7
  6
BYLAYER
 70
0
 71
3
 72
9
 73
5
 74
0
 42
0.0000001
 43
0.0000001
 44
0.0000000001
 40
0.0
 40
0.0
 40
0.0
 40
0.0
 40
0.5010726408
 40
1.0
 40
1.0
 40
1.0
 40
1.0
 10
18.3179777189
 20
48.2462597854
 30
0.0
 10
18.2943756222
 20
48.2439294825
 30
0.0
 10
18.2468416325
 20
48.2428694353
 30
0.0
 10
18.1997193178
 20
48.2493367987
 30
0.0
 10
18.1766617539
 20
48.2544389436
 30
0.0
  0
SPLINE
  5
A2F
100
AcDbEntity
  8
0
100
AcDbSpline
 62
7
  6
BYLAYER
 70
0
 71
3
 72
9
 73
5
 74
0
 42
0.0000001
 43
0.0000001
 44
0.0000000001
 40
0.0
 40
0.0
 40
0.0
 40
0.0
 40
0.5275790767
 40
1.0
 40
1.0
 40
1.0
 40
1.0
 10
22.5879789646
 20
50.3169924202
 30
0.0
 10
22.6094916124
 20
50.3492549878
 30
0.0
 10
22.6491237714
 20
50.4111815785
 30
0.0
 10
22.6857825937
 20
50.474937045
 30
0.0
 10
22.702103155
 20
50.5055854885
 30
0.0
  0
SPLINE
  5
A30
100
AcDbEntity
  8
0
100
AcDbSpline
 62
7
  6
BYLAYER
 70
0
 71
3
 72
15
 73
11
 74
0
 42
0.0000001
 43
0.0000001
 44
0.0000000001
 40
0.0
 40
0.0
 40
0.0
 40
0.0
 40
0.0188115909
 40
0.043900185
 40
0.1127538603
 40
0.2060304802
 40
0.3228206101
 40
0.4619281569
 40
0.6221047017
 40
1.0
 40
1.0
 40
1.0
 40
1.0
 10
18.8514688087
 20
50.446487259
 30
0.0
 10
18.8526366344
 20
50.4458829133
 30
0.0
 10
18.8552649803
 20
50.4442891416
 30
0.0
 10
18.8617577386
 20
50.4398199821
 30
0.0
 10
18.8721078041
 20
50.431797762
 30
0.0
 10
18.8871452477
 20
50.4193893885
 30
0.0
 10
18.9056696399
 20
50.4034943866
 30
0.0
 10
18.9275339437
 20
50.3843159741
 30
0.0
 10
18.9629013087
 20
50.3528551501
 30
0.0
 10
18.9908456571
 20
50.3276809913
 30
0.0
 10
19.0104607051
 20
50.309989198
 30
0.0
  0
SPLINE
  5
A31
100
AcDbEntity
  8
0
100
AcDbSpline
 62
7
  6
BYLAYER
 70
0
 71
3
 72
9
 73
5
 74
0
 42
0.0000001
 43
0.0000001
 44
0.0000000001
 40
0.0
 40
0.0
 40
0.0
 40
0.0
 40
0.471018326
 40
1.0
 40
1.0
 40
1.0
 40
1.0
 10
19.0104607051
 20
50.309989198
 30
0.0
 10
19.0407810089
 20
50.2825764735
 30
0.0
 10
19.1099869223
 20
50.2296724755
 30
0.0
 10
19.184948767
 20
50.1856109957
 30
0.0
 10
19.2255613709
 20
50.1642122297
 30
0.0
  0
SPLINE
  5
A32
100
AcDbEntity
  8
0
100
AcDbSpline
 62
7
  6
BYLAYER
 70
0
 71
3
 72
9
 73
5
 74
0
 42
0.0000001
 43
0.0000001
 44
0.0000000001
 40
0.0
 40
0.0
 40
0.0
 40
0.0
 40
0.5290631127
 40
1.0
 40
1.0
 40
1.0
 40
1.0
 10
22.0095717046
 20
50.1637803607
 30
0.0
 10
22.0503481538
 20
50.1852327345
 30
0.0
 10
22.1256012026
 20
50.2294080082
 30
0.0
 10
22.1950729476
 20
50.2824766161
 30
0.0
 10
22.2254955035
 20
50.3099819003
 30
0.0
  0
SPLINE
  5
A33
100
AcDbEntity
  8
0
100
AcDbSpline
 62
7
  6
BYLAYER
 70
0
 71
3
 72
14
 73
10
 74
0
 42
0.0000001
 43
0.0000001
 44
0.0000000001
 40
0.0
 40
0.0
 40
0.0
 40
0.0
 40
0.4046131846
 40
0.5661120706
 40
0.7015586685
 40
0.8118270238
 40
0.8977978959
 40
0.9602517467
 40
1.0
 40
1.0
 40
1.0
 40
1.0
 10
22.2255285086
 20
50.3099880997
 30
0.0
 10
22.2465190979
 20
50.3289185779
 30
0.0
 10
22.2759138613
 20
50.3553771385
 30
0.0
 10
22.3125703913
 20
50.387908673
 30
0.0
 10
22.3339849498
 20
50.4066374364
 30
0.0
 10
22.3516054066
 20
50.4216821513
 30
0.0
 10
22.3655702147
 20
50.4331666541
 30
0.0
 10
22.3760107711
 20
50.4411367212
 30
0.0
 10
22.3819412718
 20
50.4451657358
 30
0.0
 10
22.3844120148
 20
50.446433008
 30
0.0
  0
LINE
  5
A34
100
AcDbEntity
  8
0
100
AcDbLine
 62
7
  6
BYLAYER
 10
18.8514857993
 20
50.4464911154
 11
18.8332497215
 21
50.4647448787
  0
LINE
  5
A35
100
AcDbEntity
  8
0
100
AcDbLine
 62
7
  6
BYLAYER
 10
22.3844693376
 20
50.4464911743
 11
22.4026905065
 21
50.4647298874
  0
SPLINE
  5
A36
100
AcDbEntity
  8
0
100
AcDbSpline
 62
7
  6
BYLAYER
 70
0
 71
3
 72
9
 73
5
 74
0
 42
0.0000001
 43
0.0000001
 44
0.0000000001
 40
0.0
 40
0.0
 40
0.0
 40
0.0
 40
0.4724390448
 40
1.0
 40
1.0
 40
1.0
 40
1.0
 10
18.5339066133
 20
50.5054862739
 30
0.0
 10
18.5502218856
 20
50.474853064
 30
0.0
 10
18.5868642925
 20
50.4111304367
 30
0.0
 10
18.6264772217
 20
50.3492349224
 30
0.0
 10
18.6479789252
 20
50.316989829
 30
0.0
  0
SPLINE
  5
A37
100
AcDbEntity
  8
0
100
AcDbSpline
 62
7
  6
BYLAYER
 70
0
 71
3
 72
9
 73
5
 74
0
 42
0.0000001
 43
0.0000001
 44
0.0000000001
 40
0.0
 40
0.0
 40
0.0
 40
0.0
 40
0.4773396061
 40
1.0
 40
1.0
 40
1.0
 40
1.0
 10
18.8514859897
 20
50.4464912521
 30
0.0
 10
18.8505422519
 20
50.4456339295
 30
0.0
 10
18.848805106
 20
50.4435207744
 30
0.0
 10
18.8479790079
 20
50.4409334249
 30
0.0
 10
18.8476457998
 20
50.4395777104
 30
0.0
  0
SPLINE
  5
A38
100
AcDbEntity
  8
0
100
AcDbSpline
 62
7
  6
BYLAYER
 70
0
 71
3
 72
9
 73
5
 74
0
 42
0.0000001
 43
0.0000001
 44
0.0000000001
 40
0.0
 40
0.0
 40
0.0
 40
0.0
 40
0.5226635302
 40
1.0
 40
1.0
 40
1.0
 40
1.0
 10
22.3883096647
 20
50.4395775686
 30
0.0
 10
22.3879764688
 20
50.440933321
 30
0.0
 10
22.3871503879
 20
50.4435207465
 30
0.0
 10
22.3854131072
 20
50.4456338645
 30
0.0
 10
22.3844693376
 20
50.4464911743
 30
0.0
  0
SPLINE
  5
A39
100
AcDbEntity
  8
0
100
AcDbSpline
 62
7
  6
BYLAYER
 70
0
 71
3
 72
14
 73
10
 74
0
 42
0.0000001
 43
0.0000001
 44
0.0000000001
 40
0.0
 40
0.0
 40
0.0
 40
0.0
 40
0.3177819344
 40
0.4439928698
 40
0.5535914079
 40
0.6540539897
 40
0.755556286
 40
0.86834294
 40
1.0
 40
1.0
 40
1.0
 40
1.0
 10
18.8476457998
 20
50.4395777104
 30
0.0
 10
18.8434841809
 20
50.4405835042
 30
0.0
 10
18.8375021709
 20
50.4416192164
 30
0.0
 10
18.8300271695
 20
50.4409896597
 30
0.0
 10
18.8256670555
 20
50.4395701016
 30
0.0
 10
18.8221928413
 20
50.4370756862
 30
0.0
 10
18.8197599264
 20
50.4335057695
 30
0.0
 10
18.8183903895
 20
50.4289962504
 30
0.0
 10
18.8181504169
 20
50.4256898623
 30
0.0
 10
18.8181503042
 20
50.4239160634
 30
0.0
  0
SPLINE
  5
A3A
100
AcDbEntity
  8
0
100
AcDbSpline
 62
7
  6
BYLAYER
 70
0
 71
3
 72
15
 73
11
 74
0
 42
0.0000001
 43
0.0000001
 44
0.0000000001
 40
0.0
 40
0.0
 40
0.0
 40
0.0
 40
0.1243487908
 40
0.2490663016
 40
0.374074368
 40
0.4993545877
 40
0.6247740884
 40
0.7501718029
 40
0.8753466927
 40
1.0
 40
1.0
 40
1.0
 40
1.0
 10
19.0179777189
 20
48.8582861528
 30
0.0
 10
19.0179777189
 20
48.8231524776
 30
0.0
 10
19.0119041604
 20
48.7526425345
 30
0.0
 10
18.9852509936
 20
48.6498820874
 30
0.0
 10
18.9416845078
 20
48.5527392886
 30
0.0
 10
18.8821278909
 20
48.4642253071
 30
0.0
 10
18.8077914899
 20
48.3874788841
 30
0.0
 10
18.7204668972
 20
48.3258200417
 30
0.0
 10
18.6228560192
 20
48.2826657392
 30
0.0
 10
18.5530557562
 20
48.2682849065
 30
0.0
 10
18.5179777189
 20
48.2651290345
 30
0.0
  0
SPLINE
  5
A3B
100
AcDbEntity
  8
0
100
AcDbSpline
 62
7
  6
BYLAYER
 70
0
 71
3
 72
14
 73
10
 74
0
 42
0.0000001
 43
0.0000001
 44
0.0000000001
 40
0.0
 40
0.0
 40
0.0
 40
0.0
 40
0.0934130424
 40
0.194523856
 40
0.3052025415
 40
0.4265342892
 40
0.5583817846
 40
0.6996709725
 40
1.0
 40
1.0
 40
1.0
 40
1.0
 10
16.7496106635
 20
49.0323338698
 30
0.0
 10
16.7557152749
 20
49.0154391286
 30
0.0
 10
16.7727234139
 20
48.9817125849
 30
0.0
 10
16.80965513
 20
48.9356502889
 30
0.0
 10
16.8583703493
 20
48.8935652782
 30
0.0
 10
16.9180881795
 20
48.8566186072
 30
0.0
 10
16.9877545636
 20
48.8260061596
 30
0.0
 10
17.0937253454
 20
48.7947523841
 30
0.0
 10
17.1791401296
 20
48.7854797895
 30
0.0
 10
17.2368949592
 20
48.7854797895
 30
0.0
  0
SPLINE
  5
A3C
100
AcDbEntity
  8
0
100
AcDbSpline
 62
7
  6
BYLAYER
 70
0
 71
3
 72
9
 73
5
 74
0
 42
0.0000001
 43
0.0000001
 44
0.0000000001
 40
0.0
 40
0.0
 40
0.0
 40
0.0
 40
0.4957219836
 40
1.0
 40
1.0
 40
1.0
 40
1.0
 10
16.4282353789
 20
50.3169890208
 30
0.0
 10
16.4588884415
 20
50.1000321534
 30
0.0
 10
16.5440919192
 20
49.6653802791
 30
0.0
 10
16.673843746
 20
49.2419545879
 30
0.0
 10
16.7496106635
 20
49.0323338698
 30
0.0
  0
SPLINE
  5
A3D
100
AcDbEntity
  8
0
100
AcDbSpline
 62
7
  6
BYLAYER
 70
0
 71
3
 72
9
 73
5
 74
0
 42
0.0000001
 43
0.0000001
 44
0.0000000001
 40
0.0
 40
0.0
 40
0.0
 40
0.0
 40
0.2446156225
 40
1.0
 40
1.0
 40
1.0
 40
1.0
 10
18.8680290006
 20
45.9416730936
 30
0.0
 10
18.8680313675
 20
45.9439230915
 30
0.0
 10
18.8685026653
 20
45.9531195366
 30
0.0
 10
18.8708907961
 20
45.9621798302
 30
0.0
 10
18.8735027684
 20
45.968618286
 30
0.0
  0
SPLINE
  5
A3E
100
AcDbEntity
  8
0
100
AcDbSpline
 62
7
  6
BYLAYER
 70
0
 71
3
 72
11
 73
7
 74
0
 42
0.0000001
 43
0.0000001
 44
0.0000000001
 40
0.0
 40
0.0
 40
0.0
 40
0.0
 40
0.1945298772
 40
0.4216077612
 40
0.6888131535
 40
1.0
 40
1.0
 40
1.0
 40
1.0
 10
18.8735027684
 20
45.968618286
 30
0.0
 10
18.8767111595
 20
45.9765269017
 30
0.0
 10
18.8863230192
 20
45.9926111691
 30
0.0
 10
18.907167226
 20
46.0146950795
 30
0.0
 10
18.9351903128
 20
46.0363947926
 30
0.0
 10
18.9569076622
 20
46.049603949
 30
0.0
 10
18.9688365432
 20
46.0562446647
 30
0.0
  0
SPLINE
  5
A3F
100
AcDbEntity
  8
0
100
AcDbSpline
 62
7
  6
BYLAYER
 70
0
 71
3
 72
9
 73
5
 74
0
 42
0.0000001
 43
0.0000001
 44
0.0000000001
 40
0.0
 40
0.0
 40
0.0
 40
0.0
 40
0.2445747624
 40
1.0
 40
1.0
 40
1.0
 40
1.0
 10
18.8679777245
 20
45.9193171017
 30
0.0
 10
18.8679776829
 20
45.917067705
 30
0.0
 10
18.868443175
 20
45.9078716101
 30
0.0
 10
18.8708405567
 20
45.8988126956
 30
0.0
 10
18.873461015
 20
45.8923780387
 30
0.0
  0
SPLINE
  5
A40
100
AcDbEntity
  8
0
100
AcDbSpline
 62
7
  6
BYLAYER
 70
0
 71
3
 72
11
 73
7
 74
0
 42
0.0000001
 43
0.0000001
 44
0.0000000001
 40
0.0
 40
0.0
 40
0.0
 40
0.0
 40
0.1945252327
 40
0.421779647
 40
0.6889853398
 40
1.0
 40
1.0
 40
1.0
 40
1.0
 10
18.873461015
 20
45.8923780387
 30
0.0
 10
18.876694787
 20
45.8844373617
 30
0.0
 10
18.8863936942
 20
45.8682928376
 30
0.0
 10
18.9073924231
 20
45.8461544674
 30
0.0
 10
18.9355576236
 20
45.8243741742
 30
0.0
 10
18.957371962
 20
45.8111120839
 30
0.0
 10
18.96935286
 20
45.8044506266
 30
0.0
  0
SPLINE
  5
A41
100
AcDbEntity
  8
0
100
AcDbSpline
 62
7
  6
BYLAYER
 70
0
 71
3
 72
9
 73
5
 74
0
 42
0.0000001
 43
0.0000001
 44
0.0000000001
 40
0.0
 40
0.0
 40
0.0
 40
0.0
 40
0.2459864481
 40
1.0
 40
1.0
 40
1.0
 40
1.0
 10
18.9266147658
 20
43.6015104344
 30
0.0
 10
18.9265566754
 20
43.6034689444
 30
0.0
 10
18.9267050795
 20
43.6114408583
 30
0.0
 10
18.9284594884
 20
43.6193560765
 30
0.0
 10
18.9304921859
 20
43.6250076316
 30
0.0
  0
SPLINE
  5
A42
100
AcDbEntity
  8
0
100
AcDbSpline
 62
7
  6
BYLAYER
 70
0
 71
3
 72
9
 73
5
 74
0
 42
0.0000001
 43
0.0000001
 44
0.0000000001
 40
0.0
 40
0.0
 40
0.0
 40
0.0
 40
0.2297924496
 40
1.0
 40
1.0
 40
1.0
 40
1.0
 10
18.9304921859
 20
43.6250076316
 30
0.0
 10
18.9314923927
 20
43.6277885294
 30
0.0
 10
18.93659039
 20
43.6396252418
 30
0.0
 10
18.944358615
 20
43.6501689569
 30
0.0
 10
18.9510050165
 20
43.6575135537
 30
0.0
  0
SPLINE
  5
A43
100
AcDbEntity
  8
0
100
AcDbSpline
 62
7
  6
BYLAYER
 70
0
 71
3
 72
9
 73
5
 74
0
 42
0.0000001
 43
0.0000001
 44
0.0000000001
 40
0.0
 40
0.0
 40
0.0
 40
0.0
 40
0.4509408796
 40
1.0
 40
1.0
 40
1.0
 40
1.0
 10
18.9510050165
 20
43.6575135537
 30
0.0
 10
18.9595780546
 20
43.6669871776
 30
0.0
 10
18.9812777455
 20
43.6855410647
 30
0.0
 10
19.0054082742
 20
43.7005060235
 30
0.0
 10
19.019002573
 20
43.7080697808
 30
0.0
  0
SPLINE
  5
A44
100
AcDbEntity
  8
0
100
AcDbSpline
 62
7
  6
BYLAYER
 70
0
 71
3
 72
9
 73
5
 74
0
 42
0.0000001
 43
0.0000001
 44
0.0000000001
 40
0.0
 40
0.0
 40
0.0
 40
0.0
 40
0.2446411812
 40
1.0
 40
1.0
 40
1.0
 40
1.0
 10
18.8680291285
 20
44.1595522716
 30
0.0
 10
18.8680270775
 20
44.1618085936
 30
0.0
 10
18.8684826948
 20
44.171030788
 30
0.0
 10
18.8708696953
 20
44.1801196844
 30
0.0
 10
18.8734891997
 20
44.186575119
 30
0.0
  0
SPLINE
  5
A45
100
AcDbEntity
  8
0
100
AcDbSpline
 62
7
  6
BYLAYER
 70
0
 71
3
 72
10
 73
6
 74
0
 42
0.0000001
 43
0.0000001
 44
0.0000000001
 40
0.0
 40
0.0
 40
0.0
 40
0.0
 40
0.4201842122
 40
0.6882075959
 40
1.0
 40
1.0
 40
1.0
 40
1.0
 10
18.8734891997
 20
44.186575119
 30
0.0
 10
18.8804105038
 20
44.2036317909
 30
0.0
 10
18.9007286666
 20
44.2276294021
 30
0.0
 10
18.9353059819
 20
44.2542994731
 30
0.0
 10
18.9570844621
 20
44.2675618113
 30
0.0
 10
18.9690186745
 20
44.2742058662
 30
0.0
  0
SPLINE
  5
A46
100
AcDbEntity
  8
0
100
AcDbSpline
 62
7
  6
BYLAYER
 70
0
 71
3
 72
9
 73
5
 74
0
 42
0.0000001
 43
0.0000001
 44
0.0000000001
 40
0.0
 40
0.0
 40
0.0
 40
0.0
 40
0.2446356689
 40
1.0
 40
1.0
 40
1.0
 40
1.0
 10
18.8679777226
 20
44.1371967092
 30
0.0
 10
18.8679776848
 20
44.1349593436
 30
0.0
 10
18.8684381086
 20
44.1258147412
 30
0.0
 10
18.8708090119
 20
44.1168047473
 30
0.0
 10
18.8734027519
 20
44.1104018058
 30
0.0
  0
SPLINE
  5
A47
100
AcDbEntity
  8
0
100
AcDbSpline
 62
7
  6
BYLAYER
 70
0
 71
3
 72
11
 73
7
 74
0
 42
0.0000001
 43
0.0000001
 44
0.0000000001
 40
0.0
 40
0.0
 40
0.0
 40
0.0
 40
0.1945982065
 40
0.4218626352
 40
0.6890396688
 40
1.0
 40
1.0
 40
1.0
 40
1.0
 10
18.8734027519
 20
44.1104018058
 30
0.0
 10
18.8766142686
 20
44.1024738123
 30
0.0
 10
18.8862594235
 20
44.0863521442
 30
0.0
 10
18.907168303
 20
44.0642390491
 30
0.0
 10
18.9352258559
 20
44.0424826979
 30
0.0
 10
18.9569633817
 20
44.0292346759
 30
0.0
 10
18.9689029127
 20
44.0225805189
 30
0.0
  0
SPLINE
  5
A48
100
AcDbEntity
  8
0
100
AcDbSpline
 62
7
  6
BYLAYER
 70
0
 71
3
 72
9
 73
5
 74
0
 42
0.0000001
 43
0.0000001
 44
0.0000000001
 40
0.0
 40
0.0
 40
0.0
 40
0.0
 40
0.2446105468
 40
1.0
 40
1.0
 40
1.0
 40
1.0
 10
18.8680161899
 20
44.7535930056
 30
0.0
 10
18.8680201588
 20
44.7558376231
 30
0.0
 10
18.8684963334
 20
44.7650119556
 30
0.0
 10
18.8708805343
 20
44.7740494099
 30
0.0
 10
18.8734850631
 20
44.7804731686
 30
0.0
  0
SPLINE
  5
A49
100
AcDbEntity
  8
0
100
AcDbSpline
 62
7
  6
BYLAYER
 70
0
 71
3
 72
11
 73
7
 74
0
 42
0.0000001
 43
0.0000001
 44
0.0000000001
 40
0.0
 40
0.0
 40
0.0
 40
0.0
 40
0.1945864702
 40
0.4216570705
 40
0.6887631111
 40
1.0
 40
1.0
 40
1.0
 40
1.0
 10
18.8734850631
 20
44.7804731686
 30
0.0
 10
18.876693404
 20
44.7883861575
 30
0.0
 10
18.8863039365
 20
44.804477343
 30
0.0
 10
18.9071370136
 20
44.826575193
 30
0.0
 10
18.9351450355
 20
44.848301525
 30
0.0
 10
18.9568649013
 20
44.8615126776
 30
0.0
 10
18.9687979269
 20
44.8681555614
 30
0.0
  0
SPLINE
  5
A4A
100
AcDbEntity
  8
0
100
AcDbSpline
 62
7
  6
BYLAYER
 70
0
 71
3
 72
9
 73
5
 74
0
 42
0.0000001
 43
0.0000001
 44
0.0000000001
 40
0.0
 40
0.0
 40
0.0
 40
0.0
 40
0.2445709749
 40
1.0
 40
1.0
 40
1.0
 40
1.0
 10
18.867977723
 20
44.7312371738
 30
0.0
 10
18.8679776717
 20
44.7289862254
 30
0.0
 10
18.8684437718
 20
44.7197836379
 30
0.0
 10
18.870844604
 20
44.7107185613
 30
0.0
 10
18.8734685602
 20
44.70428
 30
0.0
  0
SPLINE
  5
A4B
100
AcDbEntity
  8
0
100
AcDbSpline
 62
7
  6
BYLAYER
 70
0
 71
3
 72
11
 73
7
 74
0
 42
0.0000001
 43
0.0000001
 44
0.0000000001
 40
0.0
 40
0.0
 40
0.0
 40
0.0
 40
0.1947017597
 40
0.4220310745
 40
0.6891813386
 40
1.0
 40
1.0
 40
1.0
 40
1.0
 10
18.8734685602
 20
44.70428
 30
0.0
 10
18.8766921549
 20
44.6963700694
 30
0.0
 10
18.8863449694
 20
44.6802893706
 30
0.0
 10
18.9072300602
 20
44.6582285118
 30
0.0
 10
18.9352320025
 20
44.6365220536
 30
0.0
 10
18.9569191627
 20
44.6233016096
 30
0.0
 10
18.9688288421
 20
44.6166615746
 30
0.0
  0
SPLINE
  5
A4C
100
AcDbEntity
  8
0
100
AcDbSpline
 62
7
  6
BYLAYER
 70
0
 71
3
 72
9
 73
5
 74
0
 42
0.0000001
 43
0.0000001
 44
0.0000000001
 40
0.0
 40
0.0
 40
0.0
 40
0.0
 40
0.2445572665
 40
1.0
 40
1.0
 40
1.0
 40
1.0
 10
18.8679496486
 20
45.3476333319
 30
0.0
 10
18.8679554018
 20
45.3498702329
 30
0.0
 10
18.8684394929
 20
45.359014729
 30
0.0
 10
18.8708297463
 20
45.3680194532
 30
0.0
 10
18.8734330012
 20
45.374420173
 30
0.0
  0
SPLINE
  5
A4D
100
AcDbEntity
  8
0
100
AcDbSpline
 62
7
  6
BYLAYER
 70
0
 71
3
 72
11
 73
7
 74
0
 42
0.0000001
 43
0.0000001
 44
0.0000000001
 40
0.0
 40
0.0
 40
0.0
 40
0.0
 40
0.1947410392
 40
0.421971699
 40
0.6889776167
 40
1.0
 40
1.0
 40
1.0
 40
1.0
 10
18.8734330012
 20
45.374420173
 30
0.0
 10
18.8766605362
 20
45.3823558335
 30
0.0
 10
18.8863261265
 20
45.3984852938
 30
0.0
 10
18.9072307751
 20
45.4206298204
 30
0.0
 10
18.9352870353
 20
45.4424254973
 30
0.0
 10
18.9570395366
 20
45.4556808754
 30
0.0
 10
18.9689942713
 20
45.4623358249
 30
0.0
  0
SPLINE
  5
A4E
100
AcDbEntity
  8
0
100
AcDbSpline
 62
7
  6
BYLAYER
 70
0
 71
3
 72
9
 73
5
 74
0
 42
0.0000001
 43
0.0000001
 44
0.0000000001
 40
0.0
 40
0.0
 40
0.0
 40
0.0
 40
0.24454169
 40
1.0
 40
1.0
 40
1.0
 40
1.0
 10
18.8679777242
 20
45.3252776211
 30
0.0
 10
18.8679776699
 20
45.3230210534
 30
0.0
 10
18.8684461455
 20
45.3137943732
 30
0.0
 10
18.8708593881
 20
45.3047064178
 30
0.0
 10
18.8734958511
 20
45.2982530201
 30
0.0
  0
SPLINE
  5
A4F
100
AcDbEntity
  8
0
100
AcDbSpline
 62
7
  6
BYLAYER
 70
0
 71
3
 72
11
 73
7
 74
0
 42
0.0000001
 43
0.0000001
 44
0.0000000001
 40
0.0
 40
0.0
 40
0.0
 40
0.0
 40
0.1946560952
 40
0.4219756685
 40
0.689142792
 40
1.0
 40
1.0
 40
1.0
 40
1.0
 10
18.8734958511
 20
45.2982530201
 30
0.0
 10
18.876730692
 20
45.290334944
 30
0.0
 10
18.8864120826
 20
45.2742389951
 30
0.0
 10
18.9073474831
 20
45.2521608208
 30
0.0
 10
18.9354115554
 20
45.2304380693
 30
0.0
 10
18.9571437487
 20
45.2172081946
 30
0.0
 10
18.9690778566
 20
45.2105632706
 30
0.0
  0
SPLINE
  5
A50
100
AcDbEntity
  8
0
100
AcDbSpline
 62
7
  6
BYLAYER
 70
0
 71
3
 72
9
 73
5
 74
0
 42
0.0000001
 43
0.0000001
 44
0.0000000001
 40
0.0
 40
0.0
 40
0.0
 40
0.0
 40
0.2445760549
 40
1.0
 40
1.0
 40
1.0
 40
1.0
 10
18.8679723538
 20
46.5357136661
 30
0.0
 10
18.8679783763
 20
46.5379509634
 30
0.0
 10
18.8684623155
 20
46.5470962957
 30
0.0
 10
18.870848163
 20
46.5561026289
 30
0.0
 10
18.873448142
 20
46.5625052451
 30
0.0
  0
SPLINE
  5
A51
100
AcDbEntity
  8
0
100
AcDbSpline
 62
7
  6
BYLAYER
 70
0
 71
3
 72
11
 73
7
 74
0
 42
0.0000001
 43
0.0000001
 44
0.0000000001
 40
0.0
 40
0.0
 40
0.0
 40
0.0
 40
0.1947173527
 40
0.421889933
 40
0.6888801345
 40
1.0
 40
1.0
 40
1.0
 40
1.0
 10
18.873448142
 20
46.5625052451
 30
0.0
 10
18.8766673602
 20
46.5704327779
 30
0.0
 10
18.8863077992
 20
46.5865482006
 30
0.0
 10
18.9071739516
 20
46.608677031
 30
0.0
 10
18.935194965
 20
46.6304558046
 30
0.0
 10
18.9569288836
 20
46.6436938374
 30
0.0
 10
18.9688739784
 20
46.6503433225
 30
0.0
  0
SPLINE
  5
A52
100
AcDbEntity
  8
0
100
AcDbSpline
 62
7
  6
BYLAYER
 70
0
 71
3
 72
9
 73
5
 74
0
 42
0.0000001
 43
0.0000001
 44
0.0000000001
 40
0.0
 40
0.0
 40
0.0
 40
0.0
 40
0.2445515407
 40
1.0
 40
1.0
 40
1.0
 40
1.0
 10
18.8679777227
 20
46.5133240368
 30
0.0
 10
18.8679776607
 20
46.5110689645
 30
0.0
 10
18.8684454475
 20
46.5018487727
 30
0.0
 10
18.8708552791
 20
46.4927669605
 30
0.0
 10
18.8734883402
 20
46.4863175649
 30
0.0
  0
SPLINE
  5
A53
100
AcDbEntity
  8
0
100
AcDbSpline
 62
7
  6
BYLAYER
 70
0
 71
3
 72
11
 73
7
 74
0
 42
0.0000001
 43
0.0000001
 44
0.0000000001
 40
0.0
 40
0.0
 40
0.0
 40
0.0
 40
0.194675024
 40
0.4220000732
 40
0.6891604851
 40
1.0
 40
1.0
 40
1.0
 40
1.0
 10
18.8734883402
 20
46.4863175649
 30
0.0
 10
18.8767195852
 20
46.4784029831
 30
0.0
 10
18.886391145
 20
46.4623138075
 30
0.0
 10
18.9073080555
 20
46.4402435811
 30
0.0
 10
18.9353483052
 20
46.4185281519
 30
0.0
 10
18.9570629114
 20
46.4053024303
 30
0.0
 10
18.9689874031
 20
46.3986596446
 30
0.0
  0
SPLINE
  5
A54
100
AcDbEntity
  8
0
100
AcDbSpline
 62
7
  6
BYLAYER
 70
0
 71
3
 72
9
 73
5
 74
0
 42
0.0000001
 43
0.0000001
 44
0.0000000001
 40
0.0
 40
0.0
 40
0.0
 40
0.0
 40
0.244583535
 40
1.0
 40
1.0
 40
1.0
 40
1.0
 10
18.8679777227
 20
47.107363488
 30
0.0
 10
18.8679776725
 20
47.1051153806
 30
0.0
 10
18.8684425685
 20
47.0959248878
 30
0.0
 10
18.8708370506
 20
47.0868712844
 30
0.0
 10
18.87345461
 20
47.080440103
 30
0.0
  0
SPLINE
  5
A55
100
AcDbEntity
  8
0
100
AcDbSpline
 62
7
  6
BYLAYER
 70
0
 71
3
 72
11
 73
7
 74
0
 42
0.0000001
 43
0.0000001
 44
0.0000000001
 40
0.0
 40
0.0
 40
0.0
 40
0.0
 40
0.19453596
 40
0.4217940939
 40
0.6889965769
 40
1.0
 40
1.0
 40
1.0
 40
1.0
 10
18.87345461
 20
47.080440103
 30
0.0
 10
18.87668559
 20
47.072501785
 30
0.0
 10
18.8863772715
 20
47.0563616895
 30
0.0
 10
18.9073627124
 20
47.0342282128
 30
0.0
 10
18.9355110597
 20
47.0124520442
 30
0.0
 10
18.9573132658
 20
46.9991924127
 30
0.0
 10
18.9692875837
 20
46.9925323473
 30
0.0
  0
SPLINE
  5
A56
100
AcDbEntity
  8
0
100
AcDbSpline
 62
7
  6
BYLAYER
 70
0
 71
3
 72
9
 73
5
 74
0
 42
0.0000001
 43
0.0000001
 44
0.0000000001
 40
0.0
 40
0.0
 40
0.0
 40
0.0
 40
0.5485985113
 40
1.0
 40
1.0
 40
1.0
 40
1.0
 10
19.1225609119
 20
44.9106756997
 30
0.0
 10
19.0917693487
 20
44.9003511966
 30
0.0
 10
19.0361989682
 20
44.8798092468
 30
0.0
 10
18.982684889
 20
44.8540742082
 30
0.0
 10
18.9596334258
 20
44.8405568591
 30
0.0
  0
SPLINE
  5
A57
100
AcDbEntity
  8
0
100
AcDbSpline
 62
7
  6
BYLAYER
 70
0
 71
3
 72
9
 73
5
 74
0
 42
0.0000001
 43
0.0000001
 44
0.0000000001
 40
0.0
 40
0.0
 40
0.0
 40
0.0
 40
0.54507642
 40
1.0
 40
1.0
 40
1.0
 40
1.0
 10
18.9596334258
 20
44.8405568591
 30
0.0
 10
18.9466586051
 20
44.8329484406
 30
0.0
 10
18.9234852504
 20
44.8178584305
 30
0.0
 10
18.902653675
 20
44.7994837908
 30
0.0
 10
18.8942712063
 20
44.7901392163
 30
0.0
  0
SPLINE
  5
A58
100
AcDbEntity
  8
0
100
AcDbSpline
 62
7
  6
BYLAYER
 70
0
 71
3
 72
9
 73
5
 74
0
 42
0.0000001
 43
0.0000001
 44
0.0000000001
 40
0.0
 40
0.0
 40
0.0
 40
0.0
 40
0.2591578322
 40
1.0
 40
1.0
 40
1.0
 40
1.0
 10
18.8942712063
 20
44.7901392163
 30
0.0
 10
18.8932885599
 20
44.7890437857
 30
0.0
 10
18.88955715
 20
44.7847636316
 30
0.0
 10
18.8860755037
 20
44.7802625117
 30
0.0
 10
18.883683951
 20
44.7768016998
 30
0.0
  0
SPLINE
  5
A59
100
AcDbEntity
  8
0
100
AcDbSpline
 62
7
  6
BYLAYER
 70
0
 71
3
 72
9
 73
5
 74
0
 42
0.0000001
 43
0.0000001
 44
0.0000000001
 40
0.0
 40
0.0
 40
0.0
 40
0.0
 40
0.5485425012
 40
1.0
 40
1.0
 40
1.0
 40
1.0
 10
19.1226312154
 20
44.3166599225
 30
0.0
 10
19.0918588508
 20
44.306343665
 30
0.0
 10
19.0363170793
 20
44.2858164429
 30
0.0
 10
18.9828276412
 20
44.2601056626
 30
0.0
 10
18.9597806699
 20
44.2466025885
 30
0.0
  0
SPLINE
  5
A5A
100
AcDbEntity
  8
0
100
AcDbSpline
 62
7
  6
BYLAYER
 70
0
 71
3
 72
9
 73
5
 74
0
 42
0.0000001
 43
0.0000001
 44
0.0000000001
 40
0.0
 40
0.0
 40
0.0
 40
0.0
 40
0.5451453567
 40
1.0
 40
1.0
 40
1.0
 40
1.0
 10
18.9597806699
 20
44.2466025885
 30
0.0
 10
18.946775427
 20
44.2389828994
 30
0.0
 10
18.9235501673
 20
44.2238713958
 30
0.0
 10
18.9026721613
 20
44.2054647369
 30
0.0
 10
18.8942739304
 20
44.1961031825
 30
0.0
  0
SPLINE
  5
A5B
100
AcDbEntity
  8
0
100
AcDbSpline
 62
7
  6
BYLAYER
 70
0
 71
3
 72
9
 73
5
 74
0
 42
0.0000001
 43
0.0000001
 44
0.0000000001
 40
0.0
 40
0.0
 40
0.0
 40
0.0
 40
0.2590631013
 40
1.0
 40
1.0
 40
1.0
 40
1.0
 10
18.8942739304
 20
44.1961031825
 30
0.0
 10
18.8933012355
 20
44.1950189142
 30
0.0
 10
18.889605651
 20
44.1907813469
 30
0.0
 10
18.8861547846
 20
44.1863272712
 30
0.0
 10
18.8837813816
 20
44.1829033869
 30
0.0
  0
SPLINE
  5
A5C
100
AcDbEntity
  8
0
100
AcDbSpline
 62
7
  6
BYLAYER
 70
0
 71
3
 72
10
 73
6
 74
0
 42
0.0000001
 43
0.0000001
 44
0.0000000001
 40
0.0
 40
0.0
 40
0.0
 40
0.0
 40
0.2087810022
 40
0.4452225843
 40
1.0
 40
1.0
 40
1.0
 40
1.0
 10
18.9688365432
 20
46.0562446647
 30
0.0
 10
18.9829760338
 20
46.0641160096
 30
0.0
 10
19.0139037163
 20
46.0795183232
 30
0.0
 10
19.0854313156
 20
46.1094655946
 30
0.0
 10
19.1438129988
 20
46.128594518
 30
0.0
 10
19.1850599835
 20
46.1407517691
 30
0.0
  0
SPLINE
  5
A5D
100
AcDbEntity
  8
0
100
AcDbSpline
 62
7
  6
BYLAYER
 70
0
 71
3
 72
10
 73
6
 74
0
 42
0.0000001
 43
0.0000001
 44
0.0000000001
 40
0.0
 40
0.0
 40
0.0
 40
0.0
 40
0.208757623
 40
0.4452904977
 40
1.0
 40
1.0
 40
1.0
 40
1.0
 10
18.9688739784
 20
46.6503433225
 30
0.0
 10
18.9830107116
 20
46.6582128285
 30
0.0
 10
19.0139475217
 20
46.6736025928
 30
0.0
 10
19.0854849782
 20
46.7035073033
 30
0.0
 10
19.1438656405
 20
46.7226223719
 30
0.0
 10
19.1851017601
 20
46.7347838465
 30
0.0
  0
SPLINE
  5
A5E
100
AcDbEntity
  8
0
100
AcDbSpline
 62
7
  6
BYLAYER
 70
0
 71
3
 72
9
 73
5
 74
0
 42
0.0000001
 43
0.0000001
 44
0.0000000001
 40
0.0
 40
0.0
 40
0.0
 40
0.0
 40
0.548579871
 40
1.0
 40
1.0
 40
1.0
 40
1.0
 10
19.1225139996
 20
46.0987413118
 30
0.0
 10
19.0917357649
 20
46.0884202487
 30
0.0
 10
19.0361876915
 20
46.0678842837
 30
0.0
 10
18.9826950642
 20
46.0421582963
 30
0.0
 10
18.9596512016
 20
46.028646346
 30
0.0
  0
SPLINE
  5
A5F
100
AcDbEntity
  8
0
100
AcDbSpline
 62
7
  6
BYLAYER
 70
0
 71
3
 72
9
 73
5
 74
0
 42
0.0000001
 43
0.0000001
 44
0.0000000001
 40
0.0
 40
0.0
 40
0.0
 40
0.0
 40
0.5451411379
 40
1.0
 40
1.0
 40
1.0
 40
1.0
 10
18.9596512016
 20
46.028646346
 30
0.0
 10
18.9466594582
 20
46.021028535
 30
0.0
 10
18.9234591331
 20
46.0059205917
 30
0.0
 10
18.9026068972
 20
45.9875193199
 30
0.0
 10
18.8942202915
 20
45.9781611707
 30
0.0
  0
SPLINE
  5
A60
100
AcDbEntity
  8
0
100
AcDbSpline
 62
7
  6
BYLAYER
 70
0
 71
3
 72
9
 73
5
 74
0
 42
0.0000001
 43
0.0000001
 44
0.0000000001
 40
0.0
 40
0.0
 40
0.0
 40
0.0
 40
0.2590671502
 40
1.0
 40
1.0
 40
1.0
 40
1.0
 10
18.8942202915
 20
45.9781611707
 30
0.0
 10
18.8932481974
 20
45.9770764647
 30
0.0
 10
18.8895550776
 20
45.9728372509
 30
0.0
 10
18.8861070486
 20
45.9683814217
 30
0.0
 10
18.8837360629
 20
45.9649562314
 30
0.0
  0
SPLINE
  5
A61
100
AcDbEntity
  8
0
100
AcDbSpline
 62
7
  6
BYLAYER
 70
0
 71
3
 72
10
 73
6
 74
0
 42
0.0000001
 43
0.0000001
 44
0.0000000001
 40
0.0
 40
0.0
 40
0.0
 40
0.0
 40
0.2071299807
 40
0.4430510409
 40
1.0
 40
1.0
 40
1.0
 40
1.0
 10
19.019002573
 20
43.7080697808
 30
0.0
 10
19.0325461222
 20
43.7156053014
 30
0.0
 10
19.0622991004
 20
43.7303246232
 30
0.0
 10
19.1314920803
 20
43.7588959718
 30
0.0
 10
19.1880973455
 20
43.7770153169
 30
0.0
 10
19.2281455568
 20
43.78854347
 30
0.0
  0
SPLINE
  5
A62
100
AcDbEntity
  8
0
100
AcDbSpline
 62
7
  6
BYLAYER
 70
0
 71
3
 72
10
 73
6
 74
0
 42
0.0000001
 43
0.0000001
 44
0.0000000001
 40
0.0
 40
0.0
 40
0.0
 40
0.0
 40
0.2087069304
 40
0.4450519468
 40
1.0
 40
1.0
 40
1.0
 40
1.0
 10
18.9690186745
 20
44.2742058662
 30
0.0
 10
18.9831462223
 20
44.2820710021
 30
0.0
 10
19.0140441849
 20
44.2974659492
 30
0.0
 10
19.0855335097
 20
44.327409911
 30
0.0
 10
19.1439002146
 20
44.3465122051
 30
0.0
 10
19.1851443702
 20
44.3586532825
 30
0.0
  0
SPLINE
  5
A63
100
AcDbEntity
  8
0
100
AcDbSpline
 62
7
  6
BYLAYER
 70
0
 71
3
 72
10
 73
6
 74
0
 42
0.0000001
 43
0.0000001
 44
0.0000000001
 40
0.0
 40
0.0
 40
0.0
 40
0.0
 40
0.2087902987
 40
0.445265227
 40
1.0
 40
1.0
 40
1.0
 40
1.0
 10
18.9687979269
 20
44.8681555614
 30
0.0
 10
18.982938714
 20
44.8760274631
 30
0.0
 10
19.0138724857
 20
44.8914284903
 30
0.0
 10
19.0854066335
 20
44.921368398
 30
0.0
 10
19.1437895116
 20
44.9404981454
 30
0.0
 10
19.1850336209
 20
44.9526598792
 30
0.0
  0
SPLINE
  5
A64
100
AcDbEntity
  8
0
100
AcDbSpline
 62
7
  6
BYLAYER
 70
0
 71
3
 72
10
 73
6
 74
0
 42
0.0000001
 43
0.0000001
 44
0.0000000001
 40
0.0
 40
0.0
 40
0.0
 40
0.0
 40
0.2087313027
 40
0.4452821135
 40
1.0
 40
1.0
 40
1.0
 40
1.0
 10
18.9689942713
 20
45.4623358249
 30
0.0
 10
18.9831225412
 20
45.4702007358
 30
0.0
 10
19.0140466708
 20
45.4855785592
 30
0.0
 10
19.0855568743
 20
45.5154540793
 30
0.0
 10
19.1439145587
 20
45.5345521832
 30
0.0
 10
19.1851324466
 20
45.5467064686
 30
0.0
  0
SPLINE
  5
A65
100
AcDbEntity
  8
0
100
AcDbSpline
 62
7
  6
BYLAYER
 70
0
 71
3
 72
9
 73
5
 74
0
 42
0.0000001
 43
0.0000001
 44
0.0000000001
 40
0.0
 40
0.0
 40
0.0
 40
0.0
 40
0.5484180859
 40
1.0
 40
1.0
 40
1.0
 40
1.0
 10
19.1222085621
 20
46.6926437285
 30
0.0
 10
19.0915421263
 20
46.6823529512
 30
0.0
 10
19.0361786464
 20
46.6618760679
 30
0.0
 10
18.9828583665
 20
46.6362428852
 30
0.0
 10
18.9598738819
 20
46.6227833946
 30
0.0
  0
SPLINE
  5
A66
100
AcDbEntity
  8
0
100
AcDbSpline
 62
7
  6
BYLAYER
 70
0
 71
3
 72
9
 73
5
 74
0
 42
0.0000001
 43
0.0000001
 44
0.0000000001
 40
0.0
 40
0.0
 40
0.0
 40
0.0
 40
0.5451207908
 40
1.0
 40
1.0
 40
1.0
 40
1.0
 10
18.9598738819
 20
46.6227833946
 30
0.0
 10
18.9468658462
 20
46.6151660155
 30
0.0
 10
18.9236337453
 20
46.6000587462
 30
0.0
 10
18.9027452131
 20
46.581659468
 30
0.0
 10
18.8943395622
 20
46.5723015069
 30
0.0
  0
SPLINE
  5
A67
100
AcDbEntity
  8
0
100
AcDbSpline
 62
7
  6
BYLAYER
 70
0
 71
3
 72
9
 73
5
 74
0
 42
0.0000001
 43
0.0000001
 44
0.0000000001
 40
0.0
 40
0.0
 40
0.0
 40
0.0
 40
0.2592577537
 40
1.0
 40
1.0
 40
1.0
 40
1.0
 10
18.8943395622
 20
46.5723015069
 30
0.0
 10
18.8933452335
 20
46.5711945267
 30
0.0
 10
18.8895714192
 20
46.5668703383
 30
0.0
 10
18.8860523833
 20
46.5623204338
 30
0.0
 10
18.8836378477
 20
46.5588212133
 30
0.0
  0
SPLINE
  5
A68
100
AcDbEntity
  8
0
100
AcDbSpline
 62
7
  6
BYLAYER
 70
0
 71
3
 72
9
 73
5
 74
0
 42
0.0000001
 43
0.0000001
 44
0.0000000001
 40
0.0
 40
0.0
 40
0.0
 40
0.0
 40
0.5484836621
 40
1.0
 40
1.0
 40
1.0
 40
1.0
 10
19.1225780006
 20
45.5047214465
 30
0.0
 10
19.0918396112
 20
45.4944152109
 30
0.0
 10
19.036352532
 20
45.4739082999
 30
0.0
 10
18.982913218
 20
45.4482290883
 30
0.0
 10
18.959882717
 20
45.4347429933
 30
0.0
  0
SPLINE
  5
A69
100
AcDbEntity
  8
0
100
AcDbSpline
 62
7
  6
BYLAYER
 70
0
 71
3
 72
9
 73
5
 74
0
 42
0.0000001
 43
0.0000001
 44
0.0000000001
 40
0.0
 40
0.0
 40
0.0
 40
0.0
 40
0.5452315776
 40
1.0
 40
1.0
 40
1.0
 40
1.0
 10
18.959882717
 20
45.4347429933
 30
0.0
 10
18.946846714
 20
45.4271094305
 30
0.0
 10
18.9235706069
 20
45.4119707937
 30
0.0
 10
18.9026499508
 20
45.3935243575
 30
0.0
 10
18.8942391002
 20
45.3841424008
 30
0.0
  0
SPLINE
  5
A6A
100
AcDbEntity
  8
0
100
AcDbSpline
 62
7
  6
BYLAYER
 70
0
 71
3
 72
9
 73
5
 74
0
 42
0.0000001
 43
0.0000001
 44
0.0000000001
 40
0.0
 40
0.0
 40
0.0
 40
0.0
 40
0.2591940467
 40
1.0
 40
1.0
 40
1.0
 40
1.0
 10
18.8942391002
 20
45.3841424008
 30
0.0
 10
18.8932532074
 20
45.383042678
 30
0.0
 10
18.8895102938
 20
45.3787461586
 30
0.0
 10
18.8860192124
 20
45.3742269777
 30
0.0
 10
18.8836225604
 20
45.3707520243
 30
0.0
  0
SPLINE
  5
A6B
100
AcDbEntity
  8
0
100
AcDbSpline
 62
7
  6
BYLAYER
 70
0
 71
3
 72
11
 73
7
 74
0
 42
0.0000001
 43
0.0000001
 44
0.0000000001
 40
0.0
 40
0.0
 40
0.0
 40
0.0
 40
0.1757894009
 40
0.4007396075
 40
0.6755514416
 40
1.0
 40
1.0
 40
1.0
 40
1.0
 10
18.4325888787
 20
100.773579791
 30
0.0
 10
18.4371348013
 20
100.7762141726
 30
0.0
 10
18.4480569873
 20
100.7812362436
 30
0.0
 10
18.4671267255
 20
100.787901767
 30
0.0
 10
18.4908510201
 20
100.7945848526
 30
0.0
 10
18.5082861502
 20
100.7987019034
 30
0.0
 10
18.517755159
 20
100.8007935885
 30
0.0
  0
SPLINE
  5
A6C
100
AcDbEntity
  8
0
100
AcDbSpline
 62
7
  6
BYLAYER
 70
0
 71
3
 72
11
 73
7
 74
0
 42
0.0000001
 43
0.0000001
 44
0.0000000001
 40
0.0
 40
0.0
 40
0.0
 40
0.0
 40
0.1758041797
 40
0.4003849707
 40
0.6750704871
 40
1.0
 40
1.0
 40
1.0
 40
1.0
 10
18.4326394695
 20
101.3734474444
 30
0.0
 10
18.4371826048
 20
101.3760803981
 30
0.0
 10
18.448082788
 20
101.3811036855
 30
0.0
 10
18.4671173955
 20
101.3877854154
 30
0.0
 10
18.4908225682
 20
101.3944743993
 30
0.0
 10
18.5082567662
 20
101.3985888135
 30
0.0
 10
18.517733733
 20
101.4006805321
 30
0.0
  0
SPLINE
  5
A6D
100
AcDbEntity
  8
0
100
AcDbSpline
 62
7
  6
BYLAYER
 70
0
 71
3
 72
12
 73
8
 74
0
 42
0.0000001
 43
0.0000001
 44
0.0000000001
 40
0.0
 40
0.0
 40
0.0
 40
0.0
 40
0.3465598319
 40
0.628353962
 40
0.8454644337
 40
0.9302911791
 40
1.0
 40
1.0
 40
1.0
 40
1.0
 10
18.5403000977
 20
101.3828001663
 30
0.0
 10
18.5267141491
 20
101.3800886368
 30
0.0
 10
18.502147358
 20
101.3747975369
 30
0.0
 10
18.4694953859
 20
101.3660436962
 30
0.0
 10
18.4474146533
 20
101.3583135664
 30
0.0
 10
18.4340311889
 20
101.3518308803
 30
0.0
 10
18.4287699224
 20
101.348549069
 30
0.0
 10
18.4265464068
 20
101.3468693787
 30
0.0
  0
SPLINE
  5
A6E
100
AcDbEntity
  8
0
100
AcDbSpline
 62
7
  6
BYLAYER
 70
0
 71
3
 72
9
 73
5
 74
0
 42
0.0000001
 43
0.0000001
 44
0.0000000001
 40
0.0
 40
0.0
 40
0.0
 40
0.0
 40
0.2939722571
 40
1.0
 40
1.0
 40
1.0
 40
1.0
 10
18.4265464068
 20
101.3468693787
 30
0.0
 10
18.4256272042
 20
101.3461749937
 30
0.0
 10
18.422606793
 20
101.3437053066
 30
0.0
 10
18.4199336311
 20
101.340611558
 30
0.0
 10
18.4188551761
 20
101.3380636631
 30
0.0
  0
SPLINE
  5
A6F
100
AcDbEntity
  8
0
100
AcDbSpline
 62
7
  6
BYLAYER
 70
0
 71
3
 72
9
 73
5
 74
0
 42
0.0000001
 43
0.0000001
 44
0.0000000001
 40
0.0
 40
0.0
 40
0.0
 40
0.0
 40
0.259821804
 40
1.0
 40
1.0
 40
1.0
 40
1.0
 10
18.4188551761
 20
101.3380636631
 30
0.0
 10
18.4187120614
 20
101.3377255485
 30
0.0
 10
18.4182178048
 20
101.3364015033
 30
0.0
 10
18.4179799682
 20
101.3349778975
 30
0.0
 10
18.4179793381
 20
101.3339319477
 30
0.0
  0
SPLINE
  5
A70
100
AcDbEntity
  8
0
100
AcDbSpline
 62
7
  6
BYLAYER
 70
0
 71
3
 72
16
 73
12
 74
0
 42
0.0000001
 43
0.0000001
 44
0.0000000001
 40
0.0
 40
0.0
 40
0.0
 40
0.0
 40
0.2184325058
 40
0.4110792901
 40
0.5773632495
 40
0.7167262073
 40
0.828648523
 40
0.9127292261
 40
0.9691926329
 40
0.987525679
 40
1.0
 40
1.0
 40
1.0
 40
1.0
 10
21.7155613174
 20
101.0267018601
 30
0.0
 10
21.7304370414
 20
101.0278730573
 30
0.0
 10
21.7584252333
 20
101.0301731944
 30
0.0
 10
21.7977014658
 20
101.033780236
 30
0.0
 10
21.8315588032
 20
101.0373303705
 30
0.0
 10
21.8598659934
 20
101.0408293042
 30
0.0
 10
21.8825367234
 20
101.0442489257
 30
0.0
 10
21.8994293928
 20
101.0476184351
 30
0.0
 10
21.9099567745
 20
101.0505547254
 30
0.0
 10
21.9153145553
 20
101.0531516468
 30
0.0
 10
21.9170076713
 20
101.0545127615
 30
0.0
 10
21.9174753505
 20
101.0552251153
 30
0.0
  0
SPLINE
  5
A71
100
AcDbEntity
  8
0
100
AcDbSpline
 62
7
  6
BYLAYER
 70
0
 71
3
 72
9
 73
5
 74
0
 42
0.0000001
 43
0.0000001
 44
0.0000000001
 40
0.0
 40
0.0
 40
0.0
 40
0.0
 40
0.2719145925
 40
1.0
 40
1.0
 40
1.0
 40
1.0
 10
21.9174753505
 20
101.0552251153
 30
0.0
 10
21.9175479767
 20
101.0553357372
 30
0.0
 10
21.9177930393
 20
101.0557556181
 30
0.0
 10
21.917925886
 20
101.0562479885
 30
0.0
 10
21.9179242362
 20
101.0566023205
 30
0.0
  0
SPLINE
  5
A72
100
AcDbEntity
  8
0
100
AcDbSpline
 62
7
  6
BYLAYER
 70
0
 71
3
 72
10
 73
6
 74
0
 42
0.0000001
 43
0.0000001
 44
0.0000000001
 40
0.0
 40
0.0
 40
0.0
 40
0.0
 40
0.5876642976
 40
0.81566907
 40
1.0
 40
1.0
 40
1.0
 40
1.0
 10
18.5402712749
 20
100.7829163925
 30
0.0
 10
18.52062406
 20
100.7789946789
 30
0.0
 10
18.4934262376
 20
100.773018688
 30
0.0
 10
18.4607603237
 20
100.7632214619
 30
0.0
 10
18.447587089
 20
100.7582430674
 30
0.0
 10
18.4418607456
 20
100.7556544687
 30
0.0
  0
SPLINE
  5
A73
100
AcDbEntity
  8
0
100
AcDbSpline
 62
7
  6
BYLAYER
 70
0
 71
3
 72
16
 73
12
 74
0
 42
0.0000001
 43
0.0000001
 44
0.0000000001
 40
0.0
 40
0.0
 40
0.0
 40
0.0
 40
0.0174733769
 40
0.0408272943
 40
0.1057009576
 40
0.1950818421
 40
0.3088658125
 40
0.4467147203
 40
0.6082337556
 40
0.792881823
 40
1.0
 40
1.0
 40
1.0
 40
1.0
 10
21.9148853956
 20
101.0304134936
 30
0.0
 10
21.9136573565
 20
101.0297023279
 30
0.0
 10
21.9106022133
 20
101.0283724272
 30
0.0
 10
21.9024246457
 20
101.0257519672
 30
0.0
 10
21.8883009312
 20
101.0226936172
 30
0.0
 10
21.8668196273
 20
101.0191818727
 30
0.0
 10
21.8393484221
 20
101.0156174756
 30
0.0
 10
21.8059913271
 20
101.0119835232
 30
0.0
 10
21.7668541146
 20
101.0082948749
 30
0.0
 10
21.7220754079
 20
101.0045455215
 30
0.0
 10
21.6903490182
 20
101.0021387936
 30
0.0
 10
21.6735725961
 20
101.00091409
 30
0.0
  0
SPLINE
  5
A74
100
AcDbEntity
  8
0
100
AcDbSpline
 62
7
  6
BYLAYER
 70
0
 71
3
 72
26
 73
22
 74
0
 42
0.0000001
 43
0.0000001
 44
0.0000000001
 40
0.0
 40
0.0
 40
0.0
 40
0.0
 40
0.0017664
 40
0.0034027608
 40
0.0056020785
 40
0.011735109
 40
0.0202077503
 40
0.0310214182
 40
0.0441533846
 40
0.0595737078
 40
0.0772507377
 40
0.1192142869
 40
0.1696357883
 40
0.2280479983
 40
0.2938775819
 40
0.3665036465
 40
0.4452220321
 40
0.5292867208
 40
0.6178707044
 40
0.8051956854
 40
1.0
 40
1.0
 40
1.0
 40
1.0
 10
73.8679811815
 20
89.5908025454
 30
0.0
 10
73.8679811953
 20
89.5897411332
 30
0.0
 10
73.8701821556
 20
89.5883428272
 30
0.0
 10
73.8731148956
 20
89.5871691781
 30
0.0
 10
73.8789636426
 20
89.5854304955
 30
0.0
 10
73.888812994
 20
89.5835023849
 30
0.0
 10
73.903958316
 20
89.5812644955
 30
0.0
 10
73.9233024001
 20
89.5790557191
 30
0.0
 10
73.9468588779
 20
89.5768449264
 30
0.0
 10
73.9745509821
 20
89.5746614023
 30
0.0
 10
74.0195526061
 20
89.5716146741
 30
0.0
 10
74.0855929135
 20
89.5680320522
 30
0.0
 10
74.1761219811
 20
89.564116019
 30
0.0
 10
74.281011901
 20
89.5604384481
 30
0.0
 10
74.3992594266
 20
89.557033571
 30
0.0
 10
74.5297210412
 20
89.5539438398
 30
0.0
 10
74.6711497722
 20
89.5511982082
 30
0.0
 10
74.8221754533
 20
89.5488277669
 30
0.0
 10
75.038463755
 20
89.5461465775
 30
0.0
 10
75.3213036395
 20
89.5439334083
 30
0.0
 10
75.55092174
 20
89.5433477212
 30
0.0
 10
75.6679777189
 20
89.5433477212
 30
0.0
  0
SPLINE
  5
A75
100
AcDbEntity
  8
0
100
AcDbSpline
 62
7
  6
BYLAYER
 70
0
 71
3
 72
11
 73
7
 74
0
 42
0.0000001
 43
0.0000001
 44
0.0000000001
 40
0.0
 40
0.0
 40
0.0
 40
0.0
 40
0.2364936993
 40
0.5
 40
0.7635063007
 40
1.0
 40
1.0
 40
1.0
 40
1.0
 10
74.1679777189
 20
86.8555762406
 30
0.0
 10
74.4044370101
 20
86.8602517132
 30
0.0
 10
74.9044320087
 20
86.8667131855
 30
0.0
 10
75.6679777189
 20
86.8698355203
 30
0.0
 10
76.4315234291
 20
86.8667131855
 30
0.0
 10
76.9315184277
 20
86.8602517132
 30
0.0
 10
77.1679777189
 20
86.8555762406
 30
0.0
  0
SPLINE
  5
A76
100
AcDbEntity
  8
0
100
AcDbSpline
 62
7
  6
BYLAYER
 70
0
 71
3
 72
20
 73
16
 74
0
 42
0.0000001
 43
0.0000001
 44
0.0000000001
 40
0.0
 40
0.0
 40
0.0
 40
0.0
 40
0.2168729604
 40
0.413057599
 40
0.5850958411
 40
0.7301324091
 40
0.791703081
 40
0.8456377018
 40
0.8917258974
 40
0.9297608046
 40
0.9595674635
 40
0.9810836802
 40
0.9943352633
 40
0.9979762496
 40
1.0
 40
1.0
 40
1.0
 40
1.0
 10
71.1680109444
 20
89.4291136448
 30
0.0
 10
71.1861333457
 20
89.4293895988
 30
0.0
 10
71.2206483057
 20
89.4299908266
 30
0.0
 10
71.2695335577
 20
89.4311034409
 30
0.0
 10
71.3124093374
 20
89.4323698903
 30
0.0
 10
71.3440309115
 20
89.4335821235
 30
0.0
 10
71.3657793836
 20
89.4346441834
 30
0.0
 10
71.3792615871
 20
89.4354190844
 30
0.0
 10
71.3907736928
 20
89.4362125782
 30
0.0
 10
71.4002579172
 20
89.4370153343
 30
0.0
 10
71.4076921783
 20
89.437829783
 30
0.0
 10
71.4130103212
 20
89.4386157602
 30
0.0
 10
71.4161827619
 20
89.4393534829
 30
0.0
 10
71.4176127004
 20
89.4399539124
 30
0.0
 10
71.4179777189
 20
89.4403598065
 30
0.0
 10
71.4179777189
 20
89.4405289353
 30
0.0
  0
SPLINE
  5
A77
100
AcDbEntity
  8
0
100
AcDbSpline
 62
7
  6
BYLAYER
 70
0
 71
3
 72
20
 73
16
 74
0
 42
0.0000001
 43
0.0000001
 44
0.0000000001
 40
0.0
 40
0.0
 40
0.0
 40
0.0
 40
0.002023754
 40
0.0056647369
 40
0.0189163004
 40
0.0404324902
 40
0.0702391235
 40
0.1082739964
 40
0.1543621432
 40
0.2082967167
 40
0.2698673588
 40
0.4149038771
 40
0.5869421269
 40
0.7831268587
 40
1.0
 40
1.0
 40
1.0
 40
1.0
 10
79.9179777189
 20
89.4405289354
 30
0.0
 10
79.9179777189
 20
89.4403598075
 30
0.0
 10
79.9183427329
 20
89.4399539152
 30
0.0
 10
79.919772659
 20
89.4393534873
 30
0.0
 10
79.9229450712
 20
89.4386157681
 30
0.0
 10
79.9282631692
 20
89.4378297938
 30
0.0
 10
79.9356973684
 20
89.437015349
 30
0.0
 10
79.9451815144
 20
89.4362125961
 30
0.0
 10
79.9566935249
 20
89.4354191049
 30
0.0
 10
79.9701756194
 20
89.4346442064
 30
0.0
 10
79.991923922
 20
89.4335821498
 30
0.0
 10
80.0235452593
 20
89.4323699188
 30
0.0
 10
80.0664207303
 20
89.4311034712
 30
0.0
 10
80.1153056492
 20
89.4299908567
 30
0.0
 10
80.1498203803
 20
89.4293896275
 30
0.0
 10
80.1679426645
 20
89.4291136727
 30
0.0
  0
SPLINE
  5
A78
100
AcDbEntity
  8
0
100
AcDbSpline
 62
7
  6
BYLAYER
 70
0
 71
3
 72
26
 73
22
 74
0
 42
0.0000001
 43
0.0000001
 44
0.0000000001
 40
0.0
 40
0.0
 40
0.0
 40
0.0
 40
0.1948016819
 40
0.3821235383
 40
0.4707071905
 40
0.5547715451
 40
0.63349003
 40
0.7061167042
 40
0.77194734
 40
0.8303607738
 40
0.880783385
 40
0.9227479947
 40
0.9404253204
 40
0.955845983
 40
0.9689782439
 40
0.9797920729
 40
0.9882647831
 40
0.9943978803
 40
0.9965972234
 40
0.9982336006
 40
1.0
 40
1.0
 40
1.0
 40
1.0
 10
75.6679777189
 20
89.5433477212
 30
0.0
 10
75.7850321159
 20
89.5433477212
 30
0.0
 10
76.0146467572
 20
89.5439333778
 30
0.0
 10
76.2974829835
 20
89.5461465068
 30
0.0
 10
76.5137690089
 20
89.5488275999
 30
0.0
 10
76.6647943506
 20
89.5511979982
 30
0.0
 10
76.8062233076
 20
89.5539435936
 30
0.0
 10
76.9366859815
 20
89.5570332966
 30
0.0
 10
77.0549352417
 20
89.5604381814
 30
0.0
 10
77.1598271976
 20
89.5641157529
 30
0.0
 10
77.2503583033
 20
89.5680318587
 30
0.0
 10
77.3164000948
 20
89.5716144861
 30
0.0
 10
77.3614027351
 20
89.5746612889
 30
0.0
 10
77.3890953977
 20
89.5768448344
 30
0.0
 10
77.4126523543
 20
89.579055643
 30
0.0
 10
77.4319967526
 20
89.5812644393
 30
0.0
 10
77.4471422525
 20
89.5835023623
 30
0.0
 10
77.4569916954
 20
89.5854304791
 30
0.0
 10
77.4628405154
 20
89.5871691715
 30
0.0
 10
77.4657732693
 20
89.5883428126
 30
0.0
 10
77.4679742702
 20
89.5897411336
 30
0.0
 10
77.4679742564
 20
89.5908025454
 30
0.0
  0
SPLINE
  5
A79
100
AcDbEntity
  8
0
100
AcDbSpline
 62
7
  6
BYLAYER
 70
0
 71
3
 72
20
 73
16
 74
0
 42
0.0000001
 43
0.0000001
 44
0.0000000001
 40
0.0
 40
0.0
 40
0.0
 40
0.0
 40
0.2168729611
 40
0.4130576002
 40
0.5850958423
 40
0.7301324101
 40
0.7917030818
 40
0.8456377024
 40
0.8917258978
 40
0.9297608049
 40
0.9595674636
 40
0.9810836802
 40
0.9943352632
 40
0.9979762496
 40
1.0
 40
1.0
 40
1.0
 40
1.0
 10
80.1679444811
 20
89.7538096353
 30
0.0
 10
80.1498220806
 20
89.753533681
 30
0.0
 10
80.1153071223
 20
89.7529324531
 30
0.0
 10
80.0664218725
 20
89.7518198393
 30
0.0
 10
80.0235460949
 20
89.75055339
 30
0.0
 10
79.9919245224
 20
89.7493411567
 30
0.0
 10
79.9701760515
 20
89.7482790968
 30
0.0
 10
79.9566938486
 20
89.7475041958
 30
0.0
 10
79.9451817436
 20
89.746710702
 30
0.0
 10
79.9356975197
 20
89.7459079459
 30
0.0
 10
79.928263259
 20
89.7450934973
 30
0.0
 10
79.9229451164
 20
89.7443075201
 30
0.0
 10
79.9197726758
 20
89.7435697974
 30
0.0
 10
79.9183427374
 20
89.7429693679
 30
0.0
 10
79.9179777189
 20
89.7425634738
 30
0.0
 10
79.9179777189
 20
89.742394345
 30
0.0
  0
SPLINE
  5
A7A
100
AcDbEntity
  8
0
100
AcDbSpline
 62
7
  6
BYLAYER
 70
0
 71
3
 72
26
 73
22
 74
0
 42
0.0000001
 43
0.0000001
 44
0.0000000001
 40
0.0
 40
0.0
 40
0.0
 40
0.0
 40
0.1948016819
 40
0.3821235383
 40
0.4707071905
 40
0.5547715451
 40
0.63349003
 40
0.7061167042
 40
0.77194734
 40
0.8303607738
 40
0.880783385
 40
0.9227479947
 40
0.9404253204
 40
0.955845983
 40
0.9689782439
 40
0.9797920729
 40
0.9882647831
 40
0.9943978803
 40
0.9965972234
 40
0.9982336006
 40
1.0
 40
1.0
 40
1.0
 40
1.0
 10
75.6679777189
 20
89.6382573696
 30
0.0
 10
75.5509233219
 20
89.6382573696
 30
0.0
 10
75.3213086806
 20
89.637671713
 30
0.0
 10
75.0384724543
 20
89.635458584
 30
0.0
 10
74.8221864289
 20
89.6327774909
 30
0.0
 10
74.6711610872
 20
89.6304070926
 30
0.0
 10
74.5297321302
 20
89.6276614972
 30
0.0
 10
74.3992694563
 20
89.6245717942
 30
0.0
 10
74.2810201962
 20
89.6211669094
 30
0.0
 10
74.1761282402
 20
89.6174893378
 30
0.0
 10
74.0855971345
 20
89.6135732321
 30
0.0
 10
74.019555343
 20
89.6099906047
 30
0.0
 10
73.9745527027
 20
89.6069438019
 30
0.0
 10
73.9468600401
 20
89.6047602563
 30
0.0
 10
73.9233030835
 20
89.6025494478
 30
0.0
 10
73.9039586852
 20
89.6003406515
 30
0.0
 10
73.8888131853
 20
89.5981027285
 30
0.0
 10
73.8789637424
 20
89.5961746116
 30
0.0
 10
73.8731149224
 20
89.5944359192
 30
0.0
 10
73.8701821685
 20
89.5932622782
 30
0.0
 10
73.8679811676
 20
89.5918639572
 30
0.0
 10
73.8679811815
 20
89.5908025454
 30
0.0
  0
SPLINE
  5
A7B
100
AcDbEntity
  8
0
100
AcDbSpline
 62
7
  6
BYLAYER
 70
0
 71
3
 72
26
 73
22
 74
0
 42
0.0000001
 43
0.0000001
 44
0.0000000001
 40
0.0
 40
0.0
 40
0.0
 40
0.0
 40
0.0017664
 40
0.0034027608
 40
0.0056020785
 40
0.011735109
 40
0.0202077503
 40
0.0310214182
 40
0.0441533846
 40
0.0595737078
 40
0.0772507377
 40
0.1192142869
 40
0.1696357883
 40
0.2280479983
 40
0.2938775819
 40
0.3665036465
 40
0.4452220321
 40
0.5292867208
 40
0.6178707044
 40
0.8051956854
 40
1.0
 40
1.0
 40
1.0
 40
1.0
 10
77.4679742564
 20
89.5908025454
 30
0.0
 10
77.4679742425
 20
89.5918639576
 30
0.0
 10
77.4657732822
 20
89.5932622635
 30
0.0
 10
77.4628405422
 20
89.5944359127
 30
0.0
 10
77.4569917952
 20
89.5961745953
 30
0.0
 10
77.4471424438
 20
89.5981027059
 30
0.0
 10
77.4319971218
 20
89.6003405953
 30
0.0
 10
77.4126530377
 20
89.6025493717
 30
0.0
 10
77.3890965599
 20
89.6047601644
 30
0.0
 10
77.3614044557
 20
89.6069436884
 30
0.0
 10
77.3164028317
 20
89.6099904167
 30
0.0
 10
77.2503625243
 20
89.6135730386
 30
0.0
 10
77.1598334567
 20
89.6174890718
 30
0.0
 10
77.0549435368
 20
89.6211666427
 30
0.0
 10
76.9366960112
 20
89.6245715197
 30
0.0
 10
76.8062343966
 20
89.627661251
 30
0.0
 10
76.6648056656
 20
89.6304068826
 30
0.0
 10
76.5137799845
 20
89.6327773239
 30
0.0
 10
76.2974916828
 20
89.6354585133
 30
0.0
 10
76.0146517983
 20
89.6376716825
 30
0.0
 10
75.7850336978
 20
89.6382573696
 30
0.0
 10
75.6679777189
 20
89.6382573696
 30
0.0
  0
SPLINE
  5
A7C
100
AcDbEntity
  8
0
100
AcDbSpline
 62
7
  6
BYLAYER
 70
0
 71
3
 72
11
 73
7
 74
0
 42
0.0000001
 43
0.0000001
 44
0.0000000001
 40
0.0
 40
0.0
 40
0.0
 40
0.0
 40
0.2364936993
 40
0.5
 40
0.7635063007
 40
1.0
 40
1.0
 40
1.0
 40
1.0
 10
77.1679777189
 20
89.3547072777
 30
0.0
 10
76.9315184277
 20
89.3593827503
 30
0.0
 10
76.4315234291
 20
89.3658442226
 30
0.0
 10
75.6679777189
 20
89.3689665575
 30
0.0
 10
74.9044320087
 20
89.3658442226
 30
0.0
 10
74.4044370101
 20
89.3593827503
 30
0.0
 10
74.1679777189
 20
89.3547072777
 30
0.0
  0
SPLINE
  5
A7D
100
AcDbEntity
  8
0
100
AcDbSpline
 62
7
  6
BYLAYER
 70
0
 71
3
 72
20
 73
16
 74
0
 42
0.0000001
 43
0.0000001
 44
0.0000000001
 40
0.0
 40
0.0
 40
0.0
 40
0.0
 40
0.0020236707
 40
0.0056644652
 40
0.0189155244
 40
0.0404311629
 40
0.0702373096
 40
0.1082718451
 40
0.1543597985
 40
0.2082942947
 40
0.2698649475
 40
0.4149016766
 40
0.5869404005
 40
0.7831258822
 40
1.0
 40
1.0
 40
1.0
 40
1.0
 10
71.4179777189
 20
89.7423942784
 30
0.0
 10
71.417977733
 20
89.7425633993
 30
0.0
 10
71.4176127668
 20
89.7429693044
 30
0.0
 10
71.4161829007
 20
89.7435697332
 30
0.0
 10
71.4130106073
 20
89.7443074613
 30
0.0
 10
71.4076926361
 20
89.7450934361
 30
0.0
 10
71.4002585579
 20
89.745907886
 30
0.0
 10
71.3907745
 20
89.7467106418
 30
0.0
 10
71.379262545
 20
89.747504137
 30
0.0
 10
71.3657804772
 20
89.7482790397
 30
0.0
 10
71.3440321705
 20
89.749341103
 30
0.0
 10
71.3124107865
 20
89.7505533415
 30
0.0
 10
71.2695352108
 20
89.7518197966
 30
0.0
 10
71.2206501254
 20
89.7529324174
 30
0.0
 10
71.1861352622
 20
89.7535336496
 30
0.0
 10
71.1680129028
 20
89.7538096057
 30
0.0
  0
SPLINE
  5
A7E
100
AcDbEntity
  8
0
100
AcDbSpline
 62
7
  6
BYLAYER
 70
0
 71
3
 72
26
 73
22
 74
0
 42
0.0000001
 43
0.0000001
 44
0.0000000001
 40
0.0
 40
0.0
 40
0.0
 40
0.0
 40
0.0017664
 40
0.0034027608
 40
0.0056020785
 40
0.011735109
 40
0.0202077503
 40
0.0310214182
 40
0.0441533846
 40
0.0595737078
 40
0.0772507377
 40
0.1192142869
 40
0.1696357883
 40
0.2280479983
 40
0.2938775819
 40
0.3665036465
 40
0.4452220321
 40
0.5292867208
 40
0.6178707044
 40
0.8051956854
 40
1.0
 40
1.0
 40
1.0
 40
1.0
 10
53.8679811815
 20
89.5908025454
 30
0.0
 10
53.8679811953
 20
89.5897411332
 30
0.0
 10
53.8701821556
 20
89.5883428272
 30
0.0
 10
53.8731148956
 20
89.5871691781
 30
0.0
 10
53.8789636426
 20
89.5854304955
 30
0.0
 10
53.888812994
 20
89.5835023849
 30
0.0
 10
53.903958316
 20
89.5812644955
 30
0.0
 10
53.9233024001
 20
89.5790557191
 30
0.0
 10
53.9468588779
 20
89.5768449264
 30
0.0
 10
53.9745509821
 20
89.5746614023
 30
0.0
 10
54.0195526061
 20
89.5716146741
 30
0.0
 10
54.0855929135
 20
89.5680320522
 30
0.0
 10
54.1761219811
 20
89.564116019
 30
0.0
 10
54.281011901
 20
89.5604384481
 30
0.0
 10
54.3992594266
 20
89.557033571
 30
0.0
 10
54.5297210412
 20
89.5539438398
 30
0.0
 10
54.6711497722
 20
89.5511982082
 30
0.0
 10
54.8221754533
 20
89.5488277669
 30
0.0
 10
55.038463755
 20
89.5461465775
 30
0.0
 10
55.3213036395
 20
89.5439334083
 30
0.0
 10
55.55092174
 20
89.5433477212
 30
0.0
 10
55.6679777189
 20
89.5433477212
 30
0.0
  0
SPLINE
  5
A7F
100
AcDbEntity
  8
0
100
AcDbSpline
 62
7
  6
BYLAYER
 70
0
 71
3
 72
11
 73
7
 74
0
 42
0.0000001
 43
0.0000001
 44
0.0000000001
 40
0.0
 40
0.0
 40
0.0
 40
0.0
 40
0.2364936993
 40
0.5
 40
0.7635063007
 40
1.0
 40
1.0
 40
1.0
 40
1.0
 10
54.1679777189
 20
86.8555762406
 30
0.0
 10
54.4044370101
 20
86.8602517132
 30
0.0
 10
54.9044320087
 20
86.8667131855
 30
0.0
 10
55.6679777189
 20
86.8698355203
 30
0.0
 10
56.4315234291
 20
86.8667131855
 30
0.0
 10
56.9315184277
 20
86.8602517132
 30
0.0
 10
57.1679777189
 20
86.8555762406
 30
0.0
  0
SPLINE
  5
A80
100
AcDbEntity
  8
0
100
AcDbSpline
 62
7
  6
BYLAYER
 70
0
 71
3
 72
20
 73
16
 74
0
 42
0.0000001
 43
0.0000001
 44
0.0000000001
 40
0.0
 40
0.0
 40
0.0
 40
0.0
 40
0.2168729604
 40
0.413057599
 40
0.5850958411
 40
0.7301324091
 40
0.791703081
 40
0.8456377018
 40
0.8917258974
 40
0.9297608046
 40
0.9595674635
 40
0.9810836802
 40
0.9943352633
 40
0.9979762496
 40
1.0
 40
1.0
 40
1.0
 40
1.0
 10
51.1680109444
 20
89.4291136448
 30
0.0
 10
51.1861333457
 20
89.4293895988
 30
0.0
 10
51.2206483057
 20
89.4299908266
 30
0.0
 10
51.2695335577
 20
89.4311034409
 30
0.0
 10
51.3124093374
 20
89.4323698903
 30
0.0
 10
51.3440309115
 20
89.4335821235
 30
0.0
 10
51.3657793836
 20
89.4346441834
 30
0.0
 10
51.3792615871
 20
89.4354190844
 30
0.0
 10
51.3907736928
 20
89.4362125782
 30
0.0
 10
51.4002579172
 20
89.4370153343
 30
0.0
 10
51.4076921783
 20
89.437829783
 30
0.0
 10
51.4130103212
 20
89.4386157602
 30
0.0
 10
51.4161827619
 20
89.4393534829
 30
0.0
 10
51.4176127004
 20
89.4399539124
 30
0.0
 10
51.4179777189
 20
89.4403598065
 30
0.0
 10
51.4179777189
 20
89.4405289353
 30
0.0
  0
SPLINE
  5
A81
100
AcDbEntity
  8
0
100
AcDbSpline
 62
7
  6
BYLAYER
 70
0
 71
3
 72
20
 73
16
 74
0
 42
0.0000001
 43
0.0000001
 44
0.0000000001
 40
0.0
 40
0.0
 40
0.0
 40
0.0
 40
0.002023754
 40
0.0056647369
 40
0.0189163004
 40
0.0404324902
 40
0.0702391235
 40
0.1082739964
 40
0.1543621432
 40
0.2082967167
 40
0.2698673588
 40
0.4149038771
 40
0.5869421269
 40
0.7831268587
 40
1.0
 40
1.0
 40
1.0
 40
1.0
 10
59.9179777189
 20
89.4405289354
 30
0.0
 10
59.9179777189
 20
89.4403598075
 30
0.0
 10
59.9183427329
 20
89.4399539152
 30
0.0
 10
59.919772659
 20
89.4393534873
 30
0.0
 10
59.9229450712
 20
89.4386157681
 30
0.0
 10
59.9282631692
 20
89.4378297938
 30
0.0
 10
59.9356973684
 20
89.437015349
 30
0.0
 10
59.9451815144
 20
89.4362125961
 30
0.0
 10
59.9566935249
 20
89.4354191049
 30
0.0
 10
59.9701756194
 20
89.4346442064
 30
0.0
 10
59.991923922
 20
89.4335821498
 30
0.0
 10
60.0235452593
 20
89.4323699188
 30
0.0
 10
60.0664207303
 20
89.4311034712
 30
0.0
 10
60.1153056492
 20
89.4299908567
 30
0.0
 10
60.1498203803
 20
89.4293896275
 30
0.0
 10
60.1679426645
 20
89.4291136727
 30
0.0
  0
SPLINE
  5
A82
100
AcDbEntity
  8
0
100
AcDbSpline
 62
7
  6
BYLAYER
 70
0
 71
3
 72
26
 73
22
 74
0
 42
0.0000001
 43
0.0000001
 44
0.0000000001
 40
0.0
 40
0.0
 40
0.0
 40
0.0
 40
0.1948016819
 40
0.3821235383
 40
0.4707071905
 40
0.5547715451
 40
0.63349003
 40
0.7061167042
 40
0.77194734
 40
0.8303607738
 40
0.880783385
 40
0.9227479947
 40
0.9404253204
 40
0.955845983
 40
0.9689782439
 40
0.9797920729
 40
0.9882647831
 40
0.9943978803
 40
0.9965972234
 40
0.9982336006
 40
1.0
 40
1.0
 40
1.0
 40
1.0
 10
55.6679777189
 20
89.5433477212
 30
0.0
 10
55.7850321159
 20
89.5433477212
 30
0.0
 10
56.0146467572
 20
89.5439333778
 30
0.0
 10
56.2974829835
 20
89.5461465068
 30
0.0
 10
56.5137690089
 20
89.5488275999
 30
0.0
 10
56.6647943506
 20
89.5511979982
 30
0.0
 10
56.8062233076
 20
89.5539435936
 30
0.0
 10
56.9366859815
 20
89.5570332966
 30
0.0
 10
57.0549352417
 20
89.5604381814
 30
0.0
 10
57.1598271976
 20
89.5641157529
 30
0.0
 10
57.2503583033
 20
89.5680318587
 30
0.0
 10
57.3164000948
 20
89.5716144861
 30
0.0
 10
57.3614027351
 20
89.5746612889
 30
0.0
 10
57.3890953977
 20
89.5768448344
 30
0.0
 10
57.4126523543
 20
89.579055643
 30
0.0
 10
57.4319967526
 20
89.5812644393
 30
0.0
 10
57.4471422525
 20
89.5835023623
 30
0.0
 10
57.4569916954
 20
89.5854304791
 30
0.0
 10
57.4628405154
 20
89.5871691715
 30
0.0
 10
57.4657732693
 20
89.5883428126
 30
0.0
 10
57.4679742702
 20
89.5897411336
 30
0.0
 10
57.4679742564
 20
89.5908025454
 30
0.0
  0
SPLINE
  5
A83
100
AcDbEntity
  8
0
100
AcDbSpline
 62
7
  6
BYLAYER
 70
0
 71
3
 72
20
 73
16
 74
0
 42
0.0000001
 43
0.0000001
 44
0.0000000001
 40
0.0
 40
0.0
 40
0.0
 40
0.0
 40
0.2168729611
 40
0.4130576002
 40
0.5850958423
 40
0.7301324101
 40
0.7917030818
 40
0.8456377024
 40
0.8917258978
 40
0.9297608049
 40
0.9595674636
 40
0.9810836802
 40
0.9943352632
 40
0.9979762496
 40
1.0
 40
1.0
 40
1.0
 40
1.0
 10
60.1679444811
 20
89.7538096353
 30
0.0
 10
60.1498220806
 20
89.753533681
 30
0.0
 10
60.1153071223
 20
89.7529324531
 30
0.0
 10
60.0664218725
 20
89.7518198393
 30
0.0
 10
60.0235460949
 20
89.75055339
 30
0.0
 10
59.9919245224
 20
89.7493411567
 30
0.0
 10
59.9701760515
 20
89.7482790968
 30
0.0
 10
59.9566938486
 20
89.7475041958
 30
0.0
 10
59.9451817436
 20
89.746710702
 30
0.0
 10
59.9356975197
 20
89.7459079459
 30
0.0
 10
59.928263259
 20
89.7450934973
 30
0.0
 10
59.9229451164
 20
89.7443075201
 30
0.0
 10
59.9197726758
 20
89.7435697974
 30
0.0
 10
59.9183427374
 20
89.7429693679
 30
0.0
 10
59.9179777189
 20
89.7425634738
 30
0.0
 10
59.9179777189
 20
89.742394345
 30
0.0
  0
SPLINE
  5
A84
100
AcDbEntity
  8
0
100
AcDbSpline
 62
7
  6
BYLAYER
 70
0
 71
3
 72
26
 73
22
 74
0
 42
0.0000001
 43
0.0000001
 44
0.0000000001
 40
0.0
 40
0.0
 40
0.0
 40
0.0
 40
0.1948016819
 40
0.3821235383
 40
0.4707071905
 40
0.5547715451
 40
0.63349003
 40
0.7061167042
 40
0.77194734
 40
0.8303607738
 40
0.880783385
 40
0.9227479947
 40
0.9404253204
 40
0.955845983
 40
0.9689782439
 40
0.9797920729
 40
0.9882647831
 40
0.9943978803
 40
0.9965972234
 40
0.9982336006
 40
1.0
 40
1.0
 40
1.0
 40
1.0
 10
55.6679777189
 20
89.6382573696
 30
0.0
 10
55.5509233219
 20
89.6382573696
 30
0.0
 10
55.3213086806
 20
89.637671713
 30
0.0
 10
55.0384724543
 20
89.635458584
 30
0.0
 10
54.8221864289
 20
89.6327774909
 30
0.0
 10
54.6711610872
 20
89.6304070926
 30
0.0
 10
54.5297321302
 20
89.6276614972
 30
0.0
 10
54.3992694563
 20
89.6245717942
 30
0.0
 10
54.2810201962
 20
89.6211669094
 30
0.0
 10
54.1761282402
 20
89.6174893378
 30
0.0
 10
54.0855971345
 20
89.6135732321
 30
0.0
 10
54.019555343
 20
89.6099906047
 30
0.0
 10
53.9745527027
 20
89.6069438019
 30
0.0
 10
53.9468600401
 20
89.6047602563
 30
0.0
 10
53.9233030835
 20
89.6025494478
 30
0.0
 10
53.9039586852
 20
89.6003406515
 30
0.0
 10
53.8888131853
 20
89.5981027285
 30
0.0
 10
53.8789637424
 20
89.5961746116
 30
0.0
 10
53.8731149224
 20
89.5944359192
 30
0.0
 10
53.8701821685
 20
89.5932622782
 30
0.0
 10
53.8679811676
 20
89.5918639572
 30
0.0
 10
53.8679811815
 20
89.5908025454
 30
0.0
  0
SPLINE
  5
A85
100
AcDbEntity
  8
0
100
AcDbSpline
 62
7
  6
BYLAYER
 70
0
 71
3
 72
26
 73
22
 74
0
 42
0.0000001
 43
0.0000001
 44
0.0000000001
 40
0.0
 40
0.0
 40
0.0
 40
0.0
 40
0.0017664
 40
0.0034027608
 40
0.0056020785
 40
0.011735109
 40
0.0202077503
 40
0.0310214182
 40
0.0441533846
 40
0.0595737078
 40
0.0772507377
 40
0.1192142869
 40
0.1696357883
 40
0.2280479983
 40
0.2938775819
 40
0.3665036465
 40
0.4452220321
 40
0.5292867208
 40
0.6178707044
 40
0.8051956854
 40
1.0
 40
1.0
 40
1.0
 40
1.0
 10
57.4679742564
 20
89.5908025454
 30
0.0
 10
57.4679742425
 20
89.5918639576
 30
0.0
 10
57.4657732822
 20
89.5932622635
 30
0.0
 10
57.4628405422
 20
89.5944359127
 30
0.0
 10
57.4569917952
 20
89.5961745953
 30
0.0
 10
57.4471424438
 20
89.5981027059
 30
0.0
 10
57.4319971218
 20
89.6003405953
 30
0.0
 10
57.4126530377
 20
89.6025493717
 30
0.0
 10
57.3890965599
 20
89.6047601644
 30
0.0
 10
57.3614044557
 20
89.6069436884
 30
0.0
 10
57.3164028317
 20
89.6099904167
 30
0.0
 10
57.2503625243
 20
89.6135730386
 30
0.0
 10
57.1598334567
 20
89.6174890718
 30
0.0
 10
57.0549435368
 20
89.6211666427
 30
0.0
 10
56.9366960112
 20
89.6245715197
 30
0.0
 10
56.8062343966
 20
89.627661251
 30
0.0
 10
56.6648056656
 20
89.6304068826
 30
0.0
 10
56.5137799845
 20
89.6327773239
 30
0.0
 10
56.2974916828
 20
89.6354585133
 30
0.0
 10
56.0146517983
 20
89.6376716825
 30
0.0
 10
55.7850336978
 20
89.6382573696
 30
0.0
 10
55.6679777189
 20
89.6382573696
 30
0.0
  0
SPLINE
  5
A86
100
AcDbEntity
  8
0
100
AcDbSpline
 62
7
  6
BYLAYER
 70
0
 71
3
 72
11
 73
7
 74
0
 42
0.0000001
 43
0.0000001
 44
0.0000000001
 40
0.0
 40
0.0
 40
0.0
 40
0.0
 40
0.2364936993
 40
0.5
 40
0.7635063007
 40
1.0
 40
1.0
 40
1.0
 40
1.0
 10
57.1679777189
 20
89.3547072777
 30
0.0
 10
56.9315184277
 20
89.3593827503
 30
0.0
 10
56.4315234291
 20
89.3658442226
 30
0.0
 10
55.6679777189
 20
89.3689665575
 30
0.0
 10
54.9044320087
 20
89.3658442226
 30
0.0
 10
54.4044370101
 20
89.3593827503
 30
0.0
 10
54.1679777189
 20
89.3547072777
 30
0.0
  0
SPLINE
  5
A87
100
AcDbEntity
  8
0
100
AcDbSpline
 62
7
  6
BYLAYER
 70
0
 71
3
 72
20
 73
16
 74
0
 42
0.0000001
 43
0.0000001
 44
0.0000000001
 40
0.0
 40
0.0
 40
0.0
 40
0.0
 40
0.0020236707
 40
0.0056644652
 40
0.0189155244
 40
0.0404311629
 40
0.0702373096
 40
0.1082718451
 40
0.1543597985
 40
0.2082942947
 40
0.2698649475
 40
0.4149016766
 40
0.5869404005
 40
0.7831258822
 40
1.0
 40
1.0
 40
1.0
 40
1.0
 10
51.4179777189
 20
89.7423942784
 30
0.0
 10
51.417977733
 20
89.7425633993
 30
0.0
 10
51.4176127668
 20
89.7429693044
 30
0.0
 10
51.4161829007
 20
89.7435697332
 30
0.0
 10
51.4130106073
 20
89.7443074613
 30
0.0
 10
51.4076926361
 20
89.7450934361
 30
0.0
 10
51.4002585579
 20
89.745907886
 30
0.0
 10
51.3907745
 20
89.7467106418
 30
0.0
 10
51.379262545
 20
89.747504137
 30
0.0
 10
51.3657804772
 20
89.7482790397
 30
0.0
 10
51.3440321705
 20
89.749341103
 30
0.0
 10
51.3124107865
 20
89.7505533415
 30
0.0
 10
51.2695352108
 20
89.7518197966
 30
0.0
 10
51.2206501254
 20
89.7529324174
 30
0.0
 10
51.1861352622
 20
89.7535336496
 30
0.0
 10
51.1680129028
 20
89.7538096057
 30
0.0
  0
SPLINE
  5
A88
100
AcDbEntity
  8
0
100
AcDbSpline
 62
7
  6
BYLAYER
 70
0
 71
3
 72
26
 73
22
 74
0
 42
0.0000001
 43
0.0000001
 44
0.0000000001
 40
0.0
 40
0.0
 40
0.0
 40
0.0
 40
0.0017664
 40
0.0034027608
 40
0.0056020785
 40
0.011735109
 40
0.0202077503
 40
0.0310214182
 40
0.0441533846
 40
0.0595737078
 40
0.0772507377
 40
0.1192142869
 40
0.1696357883
 40
0.2280479983
 40
0.2938775819
 40
0.3665036465
 40
0.4452220321
 40
0.5292867208
 40
0.6178707044
 40
0.8051956854
 40
1.0
 40
1.0
 40
1.0
 40
1.0
 10
33.8679811815
 20
89.5908025454
 30
0.0
 10
33.8679811953
 20
89.5897411332
 30
0.0
 10
33.8701821556
 20
89.5883428272
 30
0.0
 10
33.8731148956
 20
89.5871691781
 30
0.0
 10
33.8789636426
 20
89.5854304955
 30
0.0
 10
33.888812994
 20
89.5835023849
 30
0.0
 10
33.903958316
 20
89.5812644955
 30
0.0
 10
33.9233024001
 20
89.5790557191
 30
0.0
 10
33.9468588779
 20
89.5768449264
 30
0.0
 10
33.9745509821
 20
89.5746614023
 30
0.0
 10
34.0195526061
 20
89.5716146741
 30
0.0
 10
34.0855929135
 20
89.5680320522
 30
0.0
 10
34.1761219811
 20
89.564116019
 30
0.0
 10
34.281011901
 20
89.5604384481
 30
0.0
 10
34.3992594266
 20
89.557033571
 30
0.0
 10
34.5297210412
 20
89.5539438398
 30
0.0
 10
34.6711497722
 20
89.5511982082
 30
0.0
 10
34.8221754533
 20
89.5488277669
 30
0.0
 10
35.038463755
 20
89.5461465775
 30
0.0
 10
35.3213036395
 20
89.5439334083
 30
0.0
 10
35.55092174
 20
89.5433477212
 30
0.0
 10
35.6679777189
 20
89.5433477212
 30
0.0
  0
SPLINE
  5
A89
100
AcDbEntity
  8
0
100
AcDbSpline
 62
7
  6
BYLAYER
 70
0
 71
3
 72
11
 73
7
 74
0
 42
0.0000001
 43
0.0000001
 44
0.0000000001
 40
0.0
 40
0.0
 40
0.0
 40
0.0
 40
0.2364936993
 40
0.5
 40
0.7635063007
 40
1.0
 40
1.0
 40
1.0
 40
1.0
 10
34.1679777189
 20
86.8555762406
 30
0.0
 10
34.4044370101
 20
86.8602517132
 30
0.0
 10
34.9044320087
 20
86.8667131855
 30
0.0
 10
35.6679777189
 20
86.8698355203
 30
0.0
 10
36.4315234291
 20
86.8667131855
 30
0.0
 10
36.9315184277
 20
86.8602517132
 30
0.0
 10
37.1679777189
 20
86.8555762406
 30
0.0
  0
SPLINE
  5
A8A
100
AcDbEntity
  8
0
100
AcDbSpline
 62
7
  6
BYLAYER
 70
0
 71
3
 72
20
 73
16
 74
0
 42
0.0000001
 43
0.0000001
 44
0.0000000001
 40
0.0
 40
0.0
 40
0.0
 40
0.0
 40
0.2168729604
 40
0.413057599
 40
0.5850958411
 40
0.7301324091
 40
0.791703081
 40
0.8456377018
 40
0.8917258974
 40
0.9297608046
 40
0.9595674635
 40
0.9810836802
 40
0.9943352633
 40
0.9979762496
 40
1.0
 40
1.0
 40
1.0
 40
1.0
 10
31.1680109444
 20
89.4291136448
 30
0.0
 10
31.1861333457
 20
89.4293895988
 30
0.0
 10
31.2206483057
 20
89.4299908266
 30
0.0
 10
31.2695335577
 20
89.4311034409
 30
0.0
 10
31.3124093374
 20
89.4323698903
 30
0.0
 10
31.3440309115
 20
89.4335821235
 30
0.0
 10
31.3657793836
 20
89.4346441834
 30
0.0
 10
31.3792615871
 20
89.4354190844
 30
0.0
 10
31.3907736928
 20
89.4362125782
 30
0.0
 10
31.4002579172
 20
89.4370153343
 30
0.0
 10
31.4076921783
 20
89.437829783
 30
0.0
 10
31.4130103212
 20
89.4386157602
 30
0.0
 10
31.4161827619
 20
89.4393534829
 30
0.0
 10
31.4176127004
 20
89.4399539124
 30
0.0
 10
31.4179777189
 20
89.4403598065
 30
0.0
 10
31.4179777189
 20
89.4405289353
 30
0.0
  0
SPLINE
  5
A8B
100
AcDbEntity
  8
0
100
AcDbSpline
 62
7
  6
BYLAYER
 70
0
 71
3
 72
20
 73
16
 74
0
 42
0.0000001
 43
0.0000001
 44
0.0000000001
 40
0.0
 40
0.0
 40
0.0
 40
0.0
 40
0.002023754
 40
0.0056647369
 40
0.0189163004
 40
0.0404324902
 40
0.0702391235
 40
0.1082739964
 40
0.1543621432
 40
0.2082967167
 40
0.2698673588
 40
0.4149038771
 40
0.5869421269
 40
0.7831268587
 40
1.0
 40
1.0
 40
1.0
 40
1.0
 10
39.9179777189
 20
89.4405289354
 30
0.0
 10
39.9179777189
 20
89.4403598075
 30
0.0
 10
39.9183427329
 20
89.4399539152
 30
0.0
 10
39.919772659
 20
89.4393534873
 30
0.0
 10
39.9229450712
 20
89.4386157681
 30
0.0
 10
39.9282631692
 20
89.4378297938
 30
0.0
 10
39.9356973684
 20
89.437015349
 30
0.0
 10
39.9451815144
 20
89.4362125961
 30
0.0
 10
39.9566935249
 20
89.4354191049
 30
0.0
 10
39.9701756194
 20
89.4346442064
 30
0.0
 10
39.991923922
 20
89.4335821498
 30
0.0
 10
40.0235452593
 20
89.4323699188
 30
0.0
 10
40.0664207303
 20
89.4311034712
 30
0.0
 10
40.1153056492
 20
89.4299908567
 30
0.0
 10
40.1498203803
 20
89.4293896275
 30
0.0
 10
40.1679426645
 20
89.4291136727
 30
0.0
  0
SPLINE
  5
A8C
100
AcDbEntity
  8
0
100
AcDbSpline
 62
7
  6
BYLAYER
 70
0
 71
3
 72
26
 73
22
 74
0
 42
0.0000001
 43
0.0000001
 44
0.0000000001
 40
0.0
 40
0.0
 40
0.0
 40
0.0
 40
0.1948016819
 40
0.3821235383
 40
0.4707071905
 40
0.5547715451
 40
0.63349003
 40
0.7061167042
 40
0.77194734
 40
0.8303607738
 40
0.880783385
 40
0.9227479947
 40
0.9404253204
 40
0.955845983
 40
0.9689782439
 40
0.9797920729
 40
0.9882647831
 40
0.9943978803
 40
0.9965972234
 40
0.9982336006
 40
1.0
 40
1.0
 40
1.0
 40
1.0
 10
35.6679777189
 20
89.5433477212
 30
0.0
 10
35.7850321159
 20
89.5433477212
 30
0.0
 10
36.0146467572
 20
89.5439333778
 30
0.0
 10
36.2974829835
 20
89.5461465068
 30
0.0
 10
36.5137690089
 20
89.5488275999
 30
0.0
 10
36.6647943506
 20
89.5511979982
 30
0.0
 10
36.8062233076
 20
89.5539435936
 30
0.0
 10
36.9366859815
 20
89.5570332966
 30
0.0
 10
37.0549352417
 20
89.5604381814
 30
0.0
 10
37.1598271976
 20
89.5641157529
 30
0.0
 10
37.2503583033
 20
89.5680318587
 30
0.0
 10
37.3164000948
 20
89.5716144861
 30
0.0
 10
37.3614027351
 20
89.5746612889
 30
0.0
 10
37.3890953977
 20
89.5768448344
 30
0.0
 10
37.4126523543
 20
89.579055643
 30
0.0
 10
37.4319967526
 20
89.5812644393
 30
0.0
 10
37.4471422525
 20
89.5835023623
 30
0.0
 10
37.4569916954
 20
89.5854304791
 30
0.0
 10
37.4628405154
 20
89.5871691715
 30
0.0
 10
37.4657732693
 20
89.5883428126
 30
0.0
 10
37.4679742702
 20
89.5897411336
 30
0.0
 10
37.4679742564
 20
89.5908025454
 30
0.0
  0
SPLINE
  5
A8D
100
AcDbEntity
  8
0
100
AcDbSpline
 62
7
  6
BYLAYER
 70
0
 71
3
 72
20
 73
16
 74
0
 42
0.0000001
 43
0.0000001
 44
0.0000000001
 40
0.0
 40
0.0
 40
0.0
 40
0.0
 40
0.2168729611
 40
0.4130576002
 40
0.5850958423
 40
0.7301324101
 40
0.7917030818
 40
0.8456377024
 40
0.8917258978
 40
0.9297608049
 40
0.9595674636
 40
0.9810836802
 40
0.9943352632
 40
0.9979762496
 40
1.0
 40
1.0
 40
1.0
 40
1.0
 10
40.1679444811
 20
89.7538096353
 30
0.0
 10
40.1498220806
 20
89.753533681
 30
0.0
 10
40.1153071223
 20
89.7529324531
 30
0.0
 10
40.0664218725
 20
89.7518198393
 30
0.0
 10
40.0235460949
 20
89.75055339
 30
0.0
 10
39.9919245224
 20
89.7493411567
 30
0.0
 10
39.9701760515
 20
89.7482790968
 30
0.0
 10
39.9566938486
 20
89.7475041958
 30
0.0
 10
39.9451817436
 20
89.746710702
 30
0.0
 10
39.9356975197
 20
89.7459079459
 30
0.0
 10
39.928263259
 20
89.7450934973
 30
0.0
 10
39.9229451164
 20
89.7443075201
 30
0.0
 10
39.9197726758
 20
89.7435697974
 30
0.0
 10
39.9183427374
 20
89.7429693679
 30
0.0
 10
39.9179777189
 20
89.7425634738
 30
0.0
 10
39.9179777189
 20
89.742394345
 30
0.0
  0
SPLINE
  5
A8E
100
AcDbEntity
  8
0
100
AcDbSpline
 62
7
  6
BYLAYER
 70
0
 71
3
 72
26
 73
22
 74
0
 42
0.0000001
 43
0.0000001
 44
0.0000000001
 40
0.0
 40
0.0
 40
0.0
 40
0.0
 40
0.1948016819
 40
0.3821235383
 40
0.4707071905
 40
0.5547715451
 40
0.63349003
 40
0.7061167042
 40
0.77194734
 40
0.8303607738
 40
0.880783385
 40
0.9227479947
 40
0.9404253204
 40
0.955845983
 40
0.9689782439
 40
0.9797920729
 40
0.9882647831
 40
0.9943978803
 40
0.9965972234
 40
0.9982336006
 40
1.0
 40
1.0
 40
1.0
 40
1.0
 10
35.6679777189
 20
89.6382573696
 30
0.0
 10
35.5509233219
 20
89.6382573696
 30
0.0
 10
35.3213086806
 20
89.637671713
 30
0.0
 10
35.0384724543
 20
89.635458584
 30
0.0
 10
34.8221864289
 20
89.6327774909
 30
0.0
 10
34.6711610872
 20
89.6304070926
 30
0.0
 10
34.5297321302
 20
89.6276614972
 30
0.0
 10
34.3992694563
 20
89.6245717942
 30
0.0
 10
34.2810201962
 20
89.6211669094
 30
0.0
 10
34.1761282402
 20
89.6174893378
 30
0.0
 10
34.0855971345
 20
89.6135732321
 30
0.0
 10
34.019555343
 20
89.6099906047
 30
0.0
 10
33.9745527027
 20
89.6069438019
 30
0.0
 10
33.9468600401
 20
89.6047602563
 30
0.0
 10
33.9233030835
 20
89.6025494478
 30
0.0
 10
33.9039586852
 20
89.6003406515
 30
0.0
 10
33.8888131853
 20
89.5981027285
 30
0.0
 10
33.8789637424
 20
89.5961746116
 30
0.0
 10
33.8731149224
 20
89.5944359192
 30
0.0
 10
33.8701821685
 20
89.5932622782
 30
0.0
 10
33.8679811676
 20
89.5918639572
 30
0.0
 10
33.8679811815
 20
89.5908025454
 30
0.0
  0
SPLINE
  5
A8F
100
AcDbEntity
  8
0
100
AcDbSpline
 62
7
  6
BYLAYER
 70
0
 71
3
 72
26
 73
22
 74
0
 42
0.0000001
 43
0.0000001
 44
0.0000000001
 40
0.0
 40
0.0
 40
0.0
 40
0.0
 40
0.0017664
 40
0.0034027608
 40
0.0056020785
 40
0.011735109
 40
0.0202077503
 40
0.0310214182
 40
0.0441533846
 40
0.0595737078
 40
0.0772507377
 40
0.1192142869
 40
0.1696357883
 40
0.2280479983
 40
0.2938775819
 40
0.3665036465
 40
0.4452220321
 40
0.5292867208
 40
0.6178707044
 40
0.8051956854
 40
1.0
 40
1.0
 40
1.0
 40
1.0
 10
37.4679742564
 20
89.5908025454
 30
0.0
 10
37.4679742425
 20
89.5918639576
 30
0.0
 10
37.4657732822
 20
89.5932622635
 30
0.0
 10
37.4628405422
 20
89.5944359127
 30
0.0
 10
37.4569917952
 20
89.5961745953
 30
0.0
 10
37.4471424438
 20
89.5981027059
 30
0.0
 10
37.4319971218
 20
89.6003405953
 30
0.0
 10
37.4126530377
 20
89.6025493717
 30
0.0
 10
37.3890965599
 20
89.6047601644
 30
0.0
 10
37.3614044557
 20
89.6069436884
 30
0.0
 10
37.3164028317
 20
89.6099904167
 30
0.0
 10
37.2503625243
 20
89.6135730386
 30
0.0
 10
37.1598334567
 20
89.6174890718
 30
0.0
 10
37.0549435368
 20
89.6211666427
 30
0.0
 10
36.9366960112
 20
89.6245715197
 30
0.0
 10
36.8062343966
 20
89.627661251
 30
0.0
 10
36.6648056656
 20
89.6304068826
 30
0.0
 10
36.5137799845
 20
89.6327773239
 30
0.0
 10
36.2974916828
 20
89.6354585133
 30
0.0
 10
36.0146517983
 20
89.6376716825
 30
0.0
 10
35.7850336978
 20
89.6382573696
 30
0.0
 10
35.6679777189
 20
89.6382573696
 30
0.0
  0
SPLINE
  5
A90
100
AcDbEntity
  8
0
100
AcDbSpline
 62
7
  6
BYLAYER
 70
0
 71
3
 72
11
 73
7
 74
0
 42
0.0000001
 43
0.0000001
 44
0.0000000001
 40
0.0
 40
0.0
 40
0.0
 40
0.0
 40
0.2364936993
 40
0.5
 40
0.7635063007
 40
1.0
 40
1.0
 40
1.0
 40
1.0
 10
37.1679777189
 20
89.3547072777
 30
0.0
 10
36.9315184277
 20
89.3593827503
 30
0.0
 10
36.4315234291
 20
89.3658442226
 30
0.0
 10
35.6679777189
 20
89.3689665575
 30
0.0
 10
34.9044320087
 20
89.3658442226
 30
0.0
 10
34.4044370101
 20
89.3593827503
 30
0.0
 10
34.1679777189
 20
89.3547072777
 30
0.0
  0
SPLINE
  5
A91
100
AcDbEntity
  8
0
100
AcDbSpline
 62
7
  6
BYLAYER
 70
0
 71
3
 72
20
 73
16
 74
0
 42
0.0000001
 43
0.0000001
 44
0.0000000001
 40
0.0
 40
0.0
 40
0.0
 40
0.0
 40
0.0020236707
 40
0.0056644652
 40
0.0189155244
 40
0.0404311629
 40
0.0702373096
 40
0.1082718451
 40
0.1543597985
 40
0.2082942947
 40
0.2698649475
 40
0.4149016766
 40
0.5869404005
 40
0.7831258822
 40
1.0
 40
1.0
 40
1.0
 40
1.0
 10
31.4179777189
 20
89.7423942784
 30
0.0
 10
31.417977733
 20
89.7425633993
 30
0.0
 10
31.4176127668
 20
89.7429693044
 30
0.0
 10
31.4161829007
 20
89.7435697332
 30
0.0
 10
31.4130106073
 20
89.7443074613
 30
0.0
 10
31.4076926361
 20
89.7450934361
 30
0.0
 10
31.4002585579
 20
89.745907886
 30
0.0
 10
31.3907745
 20
89.7467106418
 30
0.0
 10
31.379262545
 20
89.747504137
 30
0.0
 10
31.3657804772
 20
89.7482790397
 30
0.0
 10
31.3440321705
 20
89.749341103
 30
0.0
 10
31.3124107865
 20
89.7505533415
 30
0.0
 10
31.2695352108
 20
89.7518197966
 30
0.0
 10
31.2206501254
 20
89.7529324174
 30
0.0
 10
31.1861352622
 20
89.7535336496
 30
0.0
 10
31.1680129028
 20
89.7538096057
 30
0.0
  0
SPLINE
  5
A92
100
AcDbEntity
  8
0
100
AcDbSpline
 62
7
  6
BYLAYER
 70
0
 71
3
 72
22
 73
18
 74
0
 42
0.0000001
 43
0.0000001
 44
0.0000000001
 40
0.0
 40
0.0
 40
0.0
 40
0.0
 40
0.0122535537
 40
0.0222682066
 40
0.0300493527
 40
0.0407581288
 40
0.0549657813
 40
0.0734336311
 40
0.1257588518
 40
0.1987574913
 40
0.2871811616
 40
0.3837738071
 40
0.4839665107
 40
0.585981953
 40
0.6889586908
 40
0.7925549459
 40
1.0
 40
1.0
 40
1.0
 40
1.0
 10
18.6400369736
 20
102.070839537
 30
0.0
 10
18.6389316665
 20
102.0707149805
 30
0.0
 10
18.6348535335
 20
102.0701484707
 30
0.0
 10
18.6395181349
 20
102.0709011603
 30
0.0
 10
18.6416445709
 20
102.0713657772
 30
0.0
 10
18.6446887681
 20
102.072025657
 30
0.0
 10
18.6484561166
 20
102.0729526846
 30
0.0
 10
18.6559183255
 20
102.0750395835
 30
0.0
 10
18.6682765664
 20
102.079210942
 30
0.0
 10
18.6860504343
 20
102.0871090227
 30
0.0
 10
18.7062874397
 20
102.0990078939
 30
0.0
 10
18.7268208901
 20
102.1149048282
 30
0.0
 10
18.7458691822
 20
102.1343356616
 30
0.0
 10
18.7623987043
 20
102.1566764739
 30
0.0
 10
18.7757913599
 20
102.1813939316
 30
0.0
 10
18.7889001813
 20
102.2167070808
 30
0.0
 10
18.7929777189
 20
102.2451530261
 30
0.0
 10
18.7929777189
 20
102.2639836262
 30
0.0
  0
SPLINE
  5
A93
100
AcDbEntity
  8
0
100
AcDbSpline
 62
7
  6
BYLAYER
 70
0
 71
3
 72
20
 73
16
 74
0
 42
0.0000001
 43
0.0000001
 44
0.0000000001
 40
0.0
 40
0.0
 40
0.0
 40
0.0
 40
0.2003167181
 40
0.3988303304
 40
0.4966518431
 40
0.592393003
 40
0.6843733477
 40
0.7696595576
 40
0.8429660982
 40
0.8999237056
 40
0.9414105514
 40
0.9692814419
 40
0.9953638013
 40
0.9989247345
 40
1.0
 40
1.0
 40
1.0
 40
1.0
 10
21.5482326076
 20
102.218513632
 30
0.0
 10
21.5516360261
 20
102.2039862521
 30
0.0
 10
21.5617071067
 20
102.175728175
 30
0.0
 10
21.5817646525
 20
102.1442629182
 30
0.0
 10
21.6013499784
 20
102.1225337832
 30
0.0
 10
21.6172512725
 20
102.1083413101
 30
0.0
 10
21.6338236537
 20
102.0964977682
 30
0.0
 10
21.6501100725
 20
102.0872810162
 30
0.0
 10
21.664618239
 20
102.0805243436
 30
0.0
 10
21.6767880067
 20
102.0760036514
 30
0.0
 10
21.6854156101
 20
102.0734507988
 30
0.0
 10
21.6932871382
 20
102.0715923549
 30
0.0
 10
21.6952741712
 20
102.0710603086
 30
0.0
 10
21.6995577066
 20
102.0703862914
 30
0.0
 10
21.6990859011
 20
102.0704527514
 30
0.0
 10
21.6990065606
 20
102.0704636962
 30
0.0
  0
SPLINE
  5
A94
100
AcDbEntity
  8
0
100
AcDbSpline
 62
7
  6
BYLAYER
 70
0
 71
3
 72
28
 73
24
 74
0
 42
0.0000001
 43
0.0000001
 44
0.0000000001
 40
0.0
 40
0.0
 40
0.0
 40
0.0
 40
0.0007171391
 40
0.0018413915
 40
0.005585468
 40
0.0114375365
 40
0.0194283394
 40
0.0295636207
 40
0.0418338891
 40
0.056223293
 40
0.0727145376
 40
0.0912890461
 40
0.1119209419
 40
0.1592323427
 40
0.2143923884
 40
0.2770892317
 40
0.3469766755
 40
0.42365998
 40
0.5067090516
 40
0.5956571431
 40
0.6900033132
 40
0.7892193186
 40
1.0
 40
1.0
 40
1.0
 40
1.0
 10
17.0680123075
 20
104.4632410547
 30
0.0
 10
17.0681210494
 20
104.4627768934
 30
0.0
 10
17.0689957841
 20
104.4617879801
 30
0.0
 10
17.0722592233
 20
104.4600498896
 30
0.0
 10
17.0791920214
 20
104.4580895595
 30
0.0
 10
17.0906436117
 20
104.4558744753
 30
0.0
 10
17.1064436254
 20
104.4536321695
 30
0.0
 10
17.126519164
 20
104.451371512
 30
0.0
 10
17.150878038
 20
104.4491150174
 30
0.0
 10
17.1794751148
 20
104.4468684152
 30
0.0
 10
17.2122762147
 20
104.4446392614
 30
0.0
 10
17.249236491
 20
104.4424323214
 30
0.0
 10
17.3066700443
 20
104.4393843959
 30
0.0
 10
17.3884245217
 20
104.4357301028
 30
0.0
 10
17.4981476769
 20
104.4316557319
 30
0.0
 10
17.622892899
 20
104.4277468158
 30
0.0
 10
17.7619573746
 20
104.4240288929
 30
0.0
 10
17.9145606967
 20
104.4205251793
 30
0.0
 10
18.0798427246
 20
104.4172575686
 30
0.0
 10
18.2568730387
 20
104.4142455397
 30
0.0
 10
18.4446561922
 20
104.41150661
 30
0.0
 10
18.713428682
 20
104.4081735612
 30
0.0
 10
18.9194952287
 20
104.4062417729
 30
0.0
 10
19.0596106856
 20
104.4051600652
 30
0.0
  0
SPLINE
  5
A95
100
AcDbEntity
  8
0
100
AcDbSpline
 62
7
  6
BYLAYER
 70
0
 71
3
 72
30
 73
26
 74
0
 42
0.0000001
 43
0.0000001
 44
0.0000000001
 40
0.0
 40
0.0
 40
0.0
 40
0.0
 40
0.2090419736
 40
0.3079755357
 40
0.402339029
 40
0.4915284357
 40
0.5749811505
 40
0.6521617775
 40
0.7225849474
 40
0.7857967803
 40
0.8414035155
 40
0.889047875
 40
0.9097915004
 40
0.9284381257
 40
0.9449559107
 40
0.9593220542
 40
0.9715180852
 40
0.9815269997
 40
0.9893365042
 40
0.9924175625
 40
0.994952495
 40
0.9969469289
 40
0.9984136698
 40
0.9993880057
 40
1.0
 40
1.0
 40
1.0
 40
1.0
 10
21.071242119
 20
104.4037404313
 30
0.0
 10
21.2245225872
 20
104.404681748
 30
0.0
 10
21.450344341
 20
104.4064494618
 30
0.0
 10
21.7453486641
 20
104.409648453
 30
0.0
 10
21.9524690297
 20
104.4123425746
 30
0.0
 10
22.1482321312
 20
104.4153583593
 30
0.0
 10
22.3313888747
 20
104.4186747504
 30
0.0
 10
22.5007769047
 20
104.4222705992
 30
0.0
 10
22.6553133002
 20
104.426119699
 30
0.0
 10
22.7940185585
 20
104.4301956008
 30
0.0
 10
22.9160060559
 20
104.4344679057
 30
0.0
 10
23.0068470063
 20
104.4383180276
 30
0.0
 10
23.0705854377
 20
104.4415410234
 30
0.0
 10
23.1115146602
 20
104.4438764783
 30
0.0
 10
23.1477573881
 20
104.4462382003
 30
0.0
 10
23.1792571164
 20
104.4486208357
 30
0.0
 10
23.2059678101
 20
104.4510148675
 30
0.0
 10
23.2278465677
 20
104.4534140147
 30
0.0
 10
23.2430292889
 20
104.4555317664
 30
0.0
 10
23.2527157811
 20
104.4573009391
 30
0.0
 10
23.258161559
 20
104.4585236221
 30
0.0
 10
23.2623996836
 20
104.4597148536
 30
0.0
 10
23.2654205603
 20
104.4609399118
 30
0.0
 10
23.2673737161
 20
104.4620548953
 30
0.0
 10
23.2680117004
 20
104.4631995627
 30
0.0
 10
23.2679728384
 20
104.4636466314
 30
0.0
  0
SPLINE
  5
A96
100
AcDbEntity
  8
0
100
AcDbSpline
 62
7
  6
BYLAYER
 70
0
 71
3
 72
17
 73
13
 74
0
 42
0.0000001
 43
0.0000001
 44
0.0000000001
 40
0.0
 40
0.0
 40
0.0
 40
0.0
 40
0.0078574456
 40
0.0220510637
 40
0.0434715418
 40
0.0723333776
 40
0.152611725
 40
0.2630418463
 40
0.403396686
 40
0.5732978787
 40
0.7723409126
 40
1.0
 40
1.0
 40
1.0
 40
1.0
 10
18.4679966868
 20
104.1634354019
 30
0.0
 10
18.4680888552
 20
104.1630419843
 30
0.0
 10
18.4690855379
 20
104.1622549267
 30
0.0
 10
18.471115642
 20
104.1614715254
 30
0.0
 10
18.4743471706
 20
104.160585587
 30
0.0
 10
18.4809195739
 20
104.1592860742
 30
0.0
 10
18.4921259469
 20
104.1577544962
 30
0.0
 10
18.509058582
 20
104.1560363374
 30
0.0
 10
18.5306281018
 20
104.1543200255
 30
0.0
 10
18.5567629003
 20
104.1526152027
 30
0.0
 10
18.5873979147
 20
104.1509339105
 30
0.0
 10
18.6093169041
 20
104.1499013788
 30
0.0
 10
18.6210128464
 20
104.1493838368
 30
0.0
  0
SPLINE
  5
A97
100
AcDbEntity
  8
0
100
AcDbSpline
 62
7
  6
BYLAYER
 70
0
 71
3
 72
9
 73
5
 74
0
 42
0.0000001
 43
0.0000001
 44
0.0000000001
 40
0.0
 40
0.0
 40
0.0
 40
0.0
 40
0.4413434162
 40
1.0
 40
1.0
 40
1.0
 40
1.0
 10
18.6210128464
 20
104.1493838368
 30
0.0
 10
18.6632138155
 20
104.1475164563
 30
0.0
 10
18.7588726591
 20
104.1441960793
 30
0.0
 10
18.8545554645
 20
104.141774878
 30
0.0
 10
18.9080128724
 20
104.1405849641
 30
0.0
  0
SPLINE
  5
A98
100
AcDbEntity
  8
0
100
AcDbSpline
 62
7
  6
BYLAYER
 70
0
 71
3
 72
9
 73
5
 74
0
 42
0.0000001
 43
0.0000001
 44
0.0000000001
 40
0.0
 40
0.0
 40
0.0
 40
0.0
 40
0.5560906715
 40
1.0
 40
1.0
 40
1.0
 40
1.0
 10
21.4452104018
 20
104.140975297
 30
0.0
 10
21.4949191792
 20
104.1421162931
 30
0.0
 10
21.5843028864
 20
104.1444345238
 30
0.0
 10
21.6736641704
 20
104.1475680774
 30
0.0
 10
21.713317207
 20
104.149312146
 30
0.0
  0
SPLINE
  5
A99
100
AcDbEntity
  8
0
100
AcDbSpline
 62
7
  6
BYLAYER
 70
0
 71
3
 72
17
 73
13
 74
0
 42
0.0000001
 43
0.0000001
 44
0.0000000001
 40
0.0
 40
0.0
 40
0.0
 40
0.0
 40
0.2298001032
 40
0.4303906697
 40
0.6012029289
 40
0.7418235111
 40
0.8518710939
 40
0.9311028494
 40
0.9592002901
 40
0.9797126349
 40
0.9929072434
 40
1.0
 40
1.0
 40
1.0
 40
1.0
 10
21.713317207
 20
104.149312146
 30
0.0
 10
21.7252591585
 20
104.1498373916
 30
0.0
 10
21.7476223431
 20
104.1508851907
 30
0.0
 10
21.778849138
 20
104.1525932727
 30
0.0
 10
21.8054263444
 20
104.1543248281
 30
0.0
 10
21.8272847331
 20
104.1560700943
 30
0.0
 10
21.8443516412
 20
104.1578098846
 30
0.0
 10
21.8555694064
 20
104.1593749302
 30
0.0
 10
21.862075018
 20
104.1606852762
 30
0.0
 10
21.8651930684
 20
104.1616063735
 30
0.0
 10
21.8671138084
 20
104.1623518368
 30
0.0
 10
21.8679772143
 20
104.1632283877
 30
0.0
 10
21.8679776261
 20
104.1635973309
 30
0.0
  0
SPLINE
  5
A9A
100
AcDbEntity
  8
0
100
AcDbSpline
 62
7
  6
BYLAYER
 70
0
 71
3
 72
9
 73
5
 74
0
 42
0.0000001
 43
0.0000001
 44
0.0000000001
 40
0.0
 40
0.0
 40
0.0
 40
0.0
 40
0.4112186557
 40
1.0
 40
1.0
 40
1.0
 40
1.0
 10
18.4605264325
 20
102.0717583294
 30
0.0
 10
18.4819603247
 20
102.073682169
 30
0.0
 10
18.5342069134
 20
102.0768989948
 30
0.0
 10
18.5864873705
 20
102.07919124
 30
0.0
 10
18.6172768302
 20
102.0803784224
 30
0.0
  0
SPLINE
  5
A9B
100
AcDbEntity
  8
0
100
AcDbSpline
 62
7
  6
BYLAYER
 70
0
 71
3
 72
12
 73
8
 74
0
 42
0.0000001
 43
0.0000001
 44
0.0000000001
 40
0.0
 40
0.0
 40
0.0
 40
0.0
 40
0.3582992632
 40
0.6457692152
 40
0.8601899109
 40
0.9394891412
 40
1.0
 40
1.0
 40
1.0
 40
1.0
 10
21.7208581311
 20
102.0802940592
 30
0.0
 10
21.7429668784
 20
102.0794359804
 30
0.0
 10
21.7828092948
 20
102.0777449354
 30
0.0
 10
21.8358477963
 20
102.0748464047
 30
0.0
 10
21.8716493951
 20
102.0722444947
 30
0.0
 10
21.8934072611
 20
102.069983197
 30
0.0
 10
21.9019666317
 20
102.0688267471
 30
0.0
 10
21.9056509295
 20
102.0682036547
 30
0.0
  0
SPLINE
  5
A9C
100
AcDbEntity
  8
0
100
AcDbSpline
 62
7
  6
BYLAYER
 70
0
 71
3
 72
10
 73
6
 74
0
 42
0.0000001
 43
0.0000001
 44
0.0000000001
 40
0.0
 40
0.0
 40
0.0
 40
0.0
 40
0.5523915285
 40
0.8033867765
 40
1.0
 40
1.0
 40
1.0
 40
1.0
 10
18.7610265353
 20
104.0718654341
 30
0.0
 10
18.7482591881
 20
104.0915817096
 30
0.0
 10
18.7243274977
 20
104.1173458888
 30
0.0
 10
18.6880002834
 20
104.1396604493
 30
0.0
 10
18.6705552023
 20
104.1474329485
 30
0.0
 10
18.6626897639
 20
104.1502671403
 30
0.0
  0
SPLINE
  5
A9D
100
AcDbEntity
  8
0
100
AcDbSpline
 62
7
  6
BYLAYER
 70
0
 71
3
 72
10
 73
6
 74
0
 42
0.0000001
 43
0.0000001
 44
0.0000000001
 40
0.0
 40
0.0
 40
0.0
 40
0.0
 40
0.4427404035
 40
0.7167005249
 40
1.0
 40
1.0
 40
1.0
 40
1.0
 10
21.6739250721
 20
104.1504523457
 30
0.0
 10
21.6571189957
 20
104.1445394715
 30
0.0
 10
21.6311617358
 20
104.1308999688
 30
0.0
 10
21.600313467
 20
104.1048598058
 30
0.0
 10
21.5857994326
 20
104.0875801164
 30
0.0
 10
21.5792399141
 20
104.0782563601
 30
0.0
  0
SPLINE
  5
A9E
100
AcDbEntity
  8
0
100
AcDbSpline
 62
7
  6
BYLAYER
 70
0
 71
3
 72
18
 73
14
 74
0
 42
0.0000001
 43
0.0000001
 44
0.0000000001
 40
0.0
 40
0.0
 40
0.0
 40
0.0
 40
0.0129918374
 40
0.0328462041
 40
0.0596634345
 40
0.0934314643
 40
0.13410296
 40
0.1816161302
 40
0.2968601066
 40
0.4380117828
 40
0.6033959747
 40
0.7913078694
 40
1.0
 40
1.0
 40
1.0
 40
1.0
 10
18.4209831486
 20
100.8899822898
 30
0.0
 10
18.4233547548
 20
100.8913565739
 30
0.0
 10
18.429968677
 20
100.8936565907
 30
0.0
 10
18.4421803318
 20
100.8966203786
 30
0.0
 10
18.4589025468
 20
100.8996282356
 30
0.0
 10
18.4800404419
 20
100.9027017933
 30
0.0
 10
18.5055846447
 20
100.9058140378
 30
0.0
 10
18.5482678845
 20
100.9103141325
 30
0.0
 10
18.6121516131
 20
100.915854894
 30
0.0
 10
18.7009001712
 20
100.9223756085
 30
0.0
 10
18.8050011485
 20
100.9291266566
 30
0.0
 10
18.9233625822
 20
100.9361314156
 30
0.0
 10
19.0069104488
 20
100.940754182
 30
0.0
 10
19.0508758995
 20
100.9431346458
 30
0.0
  0
SPLINE
  5
A9F
100
AcDbEntity
  8
0
100
AcDbSpline
 62
7
  6
BYLAYER
 70
0
 71
3
 72
18
 73
14
 74
0
 42
0.0000001
 43
0.0000001
 44
0.0000000001
 40
0.0
 40
0.0
 40
0.0
 40
0.0
 40
0.1997578013
 40
0.3823239056
 40
0.5450430233
 40
0.6857653943
 40
0.8028234234
 40
0.8519842858
 40
0.8946515999
 40
0.9307165928
 40
0.9601964786
 40
0.9831929298
 40
1.0
 40
1.0
 40
1.0
 40
1.0
 10
21.0698381081
 20
101.057848239
 30
0.0
 10
21.1264474142
 20
101.0621402771
 30
0.0
 10
21.2347650677
 20
101.0707490623
 30
0.0
 10
21.3890570747
 20
101.0845241048
 30
0.0
 10
21.5264685516
 20
101.0986058265
 30
0.0
 10
21.64511833
 20
101.1129475768
 30
0.0
 10
21.7314470606
 20
101.1256177595
 30
0.0
 10
21.7898748675
 20
101.136158998
 30
0.0
 10
21.8254559546
 20
101.1436236892
 30
0.0
 10
21.8552931479
 20
101.1511019567
 30
0.0
 10
21.8793559049
 20
101.1585695508
 30
0.0
 10
21.8975985911
 20
101.1659899479
 30
0.0
 10
21.9074759233
 20
101.1717491931
 30
0.0
 10
21.9111270822
 20
101.1748289897
 30
0.0
  0
SPLINE
  5
AA0
100
AcDbEntity
  8
0
100
AcDbSpline
 62
7
  6
BYLAYER
 70
0
 71
3
 72
9
 73
5
 74
0
 42
0.0000001
 43
0.0000001
 44
0.0000000001
 40
0.0
 40
0.0
 40
0.0
 40
0.0
 40
0.2891629388
 40
1.0
 40
1.0
 40
1.0
 40
1.0
 10
21.9111270822
 20
101.1748289897
 30
0.0
 10
21.9118754845
 20
101.1754602761
 30
0.0
 10
21.9143668215
 20
101.177735499
 30
0.0
 10
21.9164969247
 20
101.180542528
 30
0.0
 10
21.917336223
 20
101.1827983208
 30
0.0
  0
SPLINE
  5
AA1
100
AcDbEntity
  8
0
100
AcDbSpline
 62
7
  6
BYLAYER
 70
0
 71
3
 72
9
 73
5
 74
0
 42
0.0000001
 43
0.0000001
 44
0.0000000001
 40
0.0
 40
0.0
 40
0.0
 40
0.0
 40
0.2576436622
 40
1.0
 40
1.0
 40
1.0
 40
1.0
 10
21.917336223
 20
101.1827983208
 30
0.0
 10
21.9174452507
 20
101.183091356
 30
0.0
 10
21.9178238492
 20
101.1842445488
 30
0.0
 10
21.9180057478
 20
101.1854643323
 30
0.0
 10
21.918011456
 20
101.1863651925
 30
0.0
  0
SPLINE
  5
AA2
100
AcDbEntity
  8
0
100
AcDbSpline
 62
7
  6
BYLAYER
 70
0
 71
3
 72
20
 73
16
 74
0
 42
0.0000001
 43
0.0000001
 44
0.0000000001
 40
0.0
 40
0.0
 40
0.0
 40
0.0
 40
0.002534052
 40
0.0065572748
 40
0.0200397978
 40
0.0411598701
 40
0.0700167384
 40
0.1066275072
 40
0.1509674056
 40
0.2029680693
 40
0.2625523093
 40
0.404148843
 40
0.5749718315
 40
0.7739662416
 40
1.0
 40
1.0
 40
1.0
 40
1.0
 10
18.7929930606
 20
102.2638526544
 30
0.0
 10
18.7930431135
 20
102.2636390054
 30
0.0
 10
18.7934569722
 20
102.2631851165
 30
0.0
 10
18.7949900188
 20
102.2623927423
 30
0.0
 10
18.7982512749
 20
102.2614968421
 30
0.0
 10
18.8036387523
 20
102.2604852049
 30
0.0
 10
18.8110752833
 20
102.2594604005
 30
0.0
 10
18.8205256592
 20
102.2584274122
 30
0.0
 10
18.8319937674
 20
102.2573972339
 30
0.0
 10
18.8454569025
 20
102.2563719628
 30
0.0
 10
18.8673340322
 20
102.2549324845
 30
0.0
 10
18.8995024919
 20
102.2532149469
 30
0.0
 10
18.9437469827
 20
102.2513016245
 30
0.0
 10
18.995311432
 20
102.2494544052
 30
0.0
 10
19.0320997769
 20
102.2483448588
 30
0.0
 10
19.0516652628
 20
102.2477962984
 30
0.0
  0
SPLINE
  5
AA3
100
AcDbEntity
  8
0
100
AcDbSpline
 62
7
  6
BYLAYER
 70
0
 71
3
 72
23
 73
19
 74
0
 42
0.0000001
 43
0.0000001
 44
0.0000000001
 40
0.0
 40
0.0
 40
0.0
 40
0.0
 40
0.2200742242
 40
0.4164430171
 40
0.5870043726
 40
0.6620094456
 40
0.7299012434
 40
0.790490942
 40
0.843604687
 40
0.8891176388
 40
0.9269175407
 40
0.9568992861
 40
0.9689386942
 40
0.9790092163
 40
0.9871151174
 40
0.9932701563
 40
0.9975150038
 40
1.0
 40
1.0
 40
1.0
 40
1.0
 10
21.0800451269
 20
102.2432358328
 30
0.0
 10
21.1140676407
 20
102.2438439427
 30
0.0
 10
21.1784460176
 20
102.2451074495
 30
0.0
 10
21.269182666
 20
102.2472996001
 30
0.0
 10
21.3374849527
 20
102.2493410295
 30
0.0
 10
21.3859205743
 20
102.2510893669
 30
0.0
 10
21.4173575303
 20
102.2523766394
 30
0.0
 10
21.4454052413
 20
102.2536921834
 30
0.0
 10
21.4699870546
 20
102.2550323442
 30
0.0
 10
21.4910383102
 20
102.2563902225
 30
0.0
 10
21.5085024317
 20
102.2577609823
 30
0.0
 10
21.5207872192
 20
102.2589741368
 30
0.0
 10
21.5287769879
 20
102.2599886991
 30
0.0
 10
21.5333986464
 20
102.2606928403
 30
0.0
 10
21.53709021
 20
102.2613903299
 30
0.0
 10
21.5398850239
 20
102.2620844368
 30
0.0
 10
21.541733001
 20
102.2627474549
 30
0.0
 10
21.5426800122
 20
102.2633191702
 30
0.0
 10
21.5428774466
 20
102.2636487958
 30
0.0
  0
SPLINE
  5
AA4
100
AcDbEntity
  8
0
100
AcDbSpline
 62
7
  6
BYLAYER
 70
0
 71
3
 72
12
 73
8
 74
0
 42
0.0000001
 43
0.0000001
 44
0.0000000001
 40
0.0
 40
0.0
 40
0.0
 40
0.0
 40
0.0369031667
 40
0.0947797524
 40
0.2875352288
 40
0.5887677781
 40
1.0
 40
1.0
 40
1.0
 40
1.0
 10
21.7429598004
 20
102.0641743112
 30
0.0
 10
21.7429045523
 20
102.0644101361
 30
0.0
 10
21.7424596941
 20
102.0649125004
 30
0.0
 10
21.7408007776
 20
102.0657952749
 30
0.0
 10
21.7372769272
 20
102.0667911511
 30
0.0
 10
21.7314578812
 20
102.067916877
 30
0.0
 10
21.726820941
 20
102.068573968
 30
0.0
 10
21.7241441532
 20
102.0689201502
 30
0.0
  0
SPLINE
  5
AA5
100
AcDbEntity
  8
0
100
AcDbSpline
 62
7
  6
BYLAYER
 70
0
 71
3
 72
12
 73
8
 74
0
 42
0.0000001
 43
0.0000001
 44
0.0000000001
 40
0.0
 40
0.0
 40
0.0
 40
0.0
 40
0.4012055056
 40
0.7000869529
 40
0.8975987524
 40
0.9596965217
 40
1.0
 40
1.0
 40
1.0
 40
1.0
 10
18.614551324
 20
102.0692620502
 30
0.0
 10
18.6116030904
 20
102.0689062888
 30
0.0
 10
18.6064597465
 20
102.0682291471
 30
0.0
 10
18.5999302413
 20
102.0670670878
 30
0.0
 10
18.5958887038
 20
102.0660529832
 30
0.0
 10
18.5938723364
 20
102.0651462861
 30
0.0
 10
18.5932462091
 20
102.0646637425
 30
0.0
 10
18.5930929215
 20
102.0644078218
 30
0.0
  0
LINE
  5
AA6
100
AcDbEntity
  8
0
100
AcDbLine
 62
7
  6
BYLAYER
 10
18.5930929215
 20
102.0644078218
 11
18.5929956374
 21
102.0638742667
  0
SPLINE
  5
AA7
100
AcDbEntity
  8
0
100
AcDbSpline
 62
7
  6
BYLAYER
 70
0
 71
3
 72
12
 73
8
 74
0
 42
0.0000001
 43
0.0000001
 44
0.0000000001
 40
0.0
 40
0.0
 40
0.0
 40
0.0
 40
0.0360306007
 40
0.0933973884
 40
0.2859146161
 40
0.5876505705
 40
1.0
 40
1.0
 40
1.0
 40
1.0
 10
18.5929956374
 20
102.0638742667
 30
0.0
 10
18.5930534645
 20
102.0636274333
 30
0.0
 10
18.5935345322
 20
102.0631034062
 30
0.0
 10
18.5953137202
 20
102.0621899576
 30
0.0
 10
18.5991000939
 20
102.0611566467
 30
0.0
 10
18.6053546988
 20
102.0599897959
 30
0.0
 10
18.6103405465
 20
102.0593085341
 30
0.0
 10
18.6132196161
 20
102.0589496396
 30
0.0
  0
SPLINE
  5
AA8
100
AcDbEntity
  8
0
100
AcDbSpline
 62
7
  6
BYLAYER
 70
0
 71
3
 72
13
 73
9
 74
0
 42
0.0000001
 43
0.0000001
 44
0.0000000001
 40
0.0
 40
0.0
 40
0.0
 40
0.0
 40
0.0553585374
 40
0.1318281049
 40
0.2289697305
 40
0.3462186621
 40
0.6379931893
 40
1.0
 40
1.0
 40
1.0
 40
1.0
 10
18.6132196161
 20
102.0589496396
 30
0.0
 10
18.6213900306
 20
102.0579311449
 30
0.0
 10
18.6409214015
 20
102.0561313387
 30
0.0
 10
18.6748976627
 20
102.0538149531
 30
0.0
 10
18.7181002118
 20
102.0515386273
 30
0.0
 10
18.7933161593
 20
102.048338405
 30
0.0
 10
18.9079415751
 20
102.0447679537
 30
0.0
 10
19.0051557138
 20
102.0425497774
 30
0.0
 10
19.0589873762
 20
102.0414735309
 30
0.0
  0
SPLINE
  5
AA9
100
AcDbEntity
  8
0
100
AcDbSpline
 62
7
  6
BYLAYER
 70
0
 71
3
 72
14
 73
10
 74
0
 42
0.0000001
 43
0.0000001
 44
0.0000000001
 40
0.0
 40
0.0
 40
0.0
 40
0.0
 40
0.3679136405
 40
0.5259228295
 40
0.664492714
 40
0.7822282076
 40
0.8779803964
 40
0.9507954331
 40
1.0
 40
1.0
 40
1.0
 40
1.0
 10
21.0832033717
 20
102.0381783716
 30
0.0
 10
21.1619607365
 20
102.0393121943
 30
0.0
 10
21.2745390786
 20
102.0412293226
 30
0.0
 10
21.4167590021
 20
102.0445867206
 30
0.0
 10
21.5054221493
 20
102.0471535621
 30
0.0
 10
21.5807437158
 20
102.0498747735
 30
0.0
 10
21.6419772777
 20
102.0526846593
 30
0.0
 10
21.6885054312
 20
102.0555849999
 30
0.0
 10
21.7145448903
 20
102.0578565703
 30
0.0
 10
21.724987841
 20
102.0592390159
 30
0.0
  0
SPLINE
  5
AAA
100
AcDbEntity
  8
0
100
AcDbSpline
 62
7
  6
BYLAYER
 70
0
 71
3
 72
12
 73
8
 74
0
 42
0.0000001
 43
0.0000001
 44
0.0000000001
 40
0.0
 40
0.0
 40
0.0
 40
0.0
 40
0.3977072209
 40
0.695214684
 40
0.8937143358
 40
0.957355714
 40
1.0
 40
1.0
 40
1.0
 40
1.0
 10
21.724987841
 20
102.0592390159
 30
0.0
 10
21.7274316716
 20
102.059562532
 30
0.0
 10
21.7317012697
 20
102.0601791481
 30
0.0
 10
21.7371311356
 20
102.061234003
 30
0.0
 10
21.7405023982
 20
102.0621574514
 30
0.0
 10
21.7421991065
 20
102.0629791936
 30
0.0
 10
21.7427266939
 20
102.0634139944
 30
0.0
 10
21.7428625163
 20
102.063640756
 30
0.0
  0
LINE
  5
AAB
100
AcDbEntity
  8
0
100
AcDbLine
 62
7
  6
BYLAYER
 10
21.7428625163
 20
102.063640756
 11
21.7429598004
 21
102.0641743112
  0
SPLINE
  5
AAC
100
AcDbEntity
  8
0
100
AcDbSpline
 62
7
  6
BYLAYER
 70
0
 71
3
 72
17
 73
13
 74
0
 42
0.0000001
 43
0.0000001
 44
0.0000000001
 40
0.0
 40
0.0
 40
0.0
 40
0.0
 40
0.0158629487
 40
0.0385969958
 40
0.0681448083
 40
0.1044146353
 40
0.1966612033
 40
0.3141098426
 40
0.4552000169
 40
0.618050695
 40
0.8004657683
 40
1.0
 40
1.0
 40
1.0
 40
1.0
 10
21.9090395923
 20
102.0604642718
 30
0.0
 10
21.9046853538
 20
102.0595981744
 30
0.0
 10
21.8939763331
 20
102.058099157
 30
0.0
 10
21.8750047082
 20
102.0561640855
 30
0.0
 10
21.8502938529
 20
102.0542369302
 30
0.0
 10
21.8061440982
 20
102.0514530126
 30
0.0
 10
21.7373767514
 20
102.0482481019
 30
0.0
 10
21.6392639145
 20
102.0447751349
 30
0.0
 10
21.5213736653
 20
102.0415327134
 30
0.0
 10
21.3852898456
 20
102.0385651833
 30
0.0
 10
21.2328399183
 20
102.0359237877
 30
0.0
 10
21.1259540528
 20
102.0344648843
 30
0.0
 10
21.0701148085
 20
102.0337874712
 30
0.0
  0
SPLINE
  5
AAD
100
AcDbEntity
  8
0
100
AcDbSpline
 62
7
  6
BYLAYER
 70
0
 71
3
 72
13
 73
9
 74
0
 42
0.0000001
 43
0.0000001
 44
0.0000000001
 40
0.0
 40
0.0
 40
0.0
 40
0.0
 40
0.3569605442
 40
0.6480004927
 40
0.7660070117
 40
0.8644730019
 40
0.9426473318
 40
1.0
 40
1.0
 40
1.0
 40
1.0
 10
19.0510381789
 20
102.0368594433
 30
0.0
 10
18.97927758
 20
102.0380591091
 30
0.0
 10
18.8490141998
 20
102.0405837166
 30
0.0
 10
18.6950532834
 20
102.0447451813
 30
0.0
 10
18.5930827077
 20
102.0485416303
 30
0.0
 10
18.53390208
 20
102.0512748025
 30
0.0
 10
18.4869388187
 20
102.0540761495
 30
0.0
 10
18.4597704787
 20
102.0562574825
 30
0.0
 10
18.4483044798
 20
102.0574834098
 30
0.0
  0
SPLINE
  5
AAE
100
AcDbEntity
  8
0
100
AcDbSpline
 62
7
  6
BYLAYER
 70
0
 71
3
 72
14
 73
10
 74
0
 42
0.0000001
 43
0.0000001
 44
0.0000000001
 40
0.0
 40
0.0
 40
0.0
 40
0.0
 40
0.0615922305
 40
0.1416654724
 40
0.2405592858
 40
0.3580020355
 40
0.4933766336
 40
0.6459926041
 40
1.0
 40
1.0
 40
1.0
 40
1.0
 10
21.400647432
 20
101.4549615216
 30
0.0
 10
21.3946116896
 20
101.4514490791
 30
0.0
 10
21.3799100216
 20
101.4448139314
 30
0.0
 10
21.3540661358
 20
101.4360603925
 30
0.0
 10
21.3215981935
 20
101.4273077868
 30
0.0
 10
21.2826841712
 20
101.4185679023
 30
0.0
 10
21.2375426203
 20
101.4098578386
 30
0.0
 10
21.1657704662
 20
101.397702369
 30
0.0
 10
21.1088833454
 20
101.3896605465
 30
0.0
 10
21.0690865376
 20
101.3844412687
 30
0.0
  0
SPLINE
  5
AAF
100
AcDbEntity
  8
0
100
AcDbSpline
 62
7
  6
BYLAYER
 70
0
 71
3
 72
13
 73
9
 74
0
 42
0.0000001
 43
0.0000001
 44
0.0000000001
 40
0.0
 40
0.0
 40
0.0
 40
0.0
 40
0.3660738458
 40
0.6553269864
 40
0.7707276282
 40
0.8665412878
 40
0.9428393731
 40
1.0
 40
1.0
 40
1.0
 40
1.0
 10
19.0625883466
 20
101.209685482
 30
0.0
 10
19.0453965308
 20
101.2075312598
 30
0.0
 10
19.0146556989
 20
101.2033943055
 30
0.0
 10
18.9786549892
 20
101.1974161822
 30
0.0
 10
18.9554838714
 20
101.1924842022
 30
0.0
 10
18.9422942006
 20
101.189102004
 30
0.0
 10
18.9319681825
 20
101.1857584922
 30
0.0
 10
18.9261518049
 20
101.1832164127
 30
0.0
 10
18.9238134122
 20
101.1818558387
 30
0.0
  0
SPLINE
  5
AB0
100
AcDbEntity
  8
0
100
AcDbSpline
 62
7
  6
BYLAYER
 70
0
 71
3
 72
17
 73
13
 74
0
 42
0.0000001
 43
0.0000001
 44
0.0000000001
 40
0.0
 40
0.0
 40
0.0
 40
0.0
 40
0.0202385204
 40
0.0464462372
 40
0.0787267767
 40
0.1170861482
 40
0.2117633418
 40
0.329546899
 40
0.4690815683
 40
0.6286943071
 40
0.8064038981
 40
1.0
 40
1.0
 40
1.0
 40
1.0
 10
21.9034538871
 20
101.7468049061
 30
0.0
 10
21.8985383233
 20
101.7439449407
 30
0.0
 10
21.886604274
 20
101.7385306921
 30
0.0
 10
21.8656562962
 20
101.7313890673
 30
0.0
 10
21.8393838967
 20
101.7242318395
 30
0.0
 10
21.7940710915
 20
101.7139620425
 30
0.0
 10
21.724633467
 20
101.7016910358
 30
0.0
 10
21.6266915389
 20
101.687830574
 30
0.0
 10
21.5103269393
 20
101.6741446581
 30
0.0
 10
21.3770047463
 20
101.6606805752
 30
0.0
 10
21.2283972467
 20
101.6475006723
 30
0.0
 10
21.1243859061
 20
101.6392500681
 30
0.0
 10
21.07014109
 20
101.6351381396
 30
0.0
  0
SPLINE
  5
AB1
100
AcDbEntity
  8
0
100
AcDbSpline
 62
7
  6
BYLAYER
 70
0
 71
3
 72
21
 73
17
 74
0
 42
0.0000001
 43
0.0000001
 44
0.0000000001
 40
0.0
 40
0.0
 40
0.0
 40
0.0
 40
0.2173421832
 40
0.4119109421
 40
0.5814669741
 40
0.6562495706
 40
0.7240762834
 40
0.7847670458
 40
0.8381454233
 40
0.8840609454
 40
0.9224125236
 40
0.9531167521
 40
0.9761325166
 40
0.9915557555
 40
0.9965591378
 40
1.0
 40
1.0
 40
1.0
 40
1.0
 10
19.0509165907
 20
101.5204039745
 30
0.0
 10
19.0048586306
 20
101.5179097343
 30
0.0
 10
18.9175743813
 20
101.5130757315
 30
0.0
 10
18.7943897842
 20
101.5057504161
 30
0.0
 10
18.7014415848
 20
101.4996484085
 30
0.0
 10
18.635369216
 20
101.4948049987
 30
0.0
 10
18.5923598361
 20
101.4913784449
 30
0.0
 10
18.5539041811
 20
101.4880022234
 30
0.0
 10
18.5201148398
 20
101.4846725229
 30
0.0
 10
18.4910850222
 20
101.4813890735
 30
0.0
 10
18.4669038269
 20
101.478148916
 30
0.0
 10
18.4476059468
 20
101.474975504
 30
0.0
 10
18.433289329
 20
101.4718488618
 30
0.0
 10
18.4244059063
 20
101.4691166626
 30
0.0
 10
18.4199548577
 20
101.4667047191
 30
0.0
 10
18.4185999528
 20
101.4654304951
 30
0.0
 10
18.4182606491
 20
101.4647838738
 30
0.0
  0
LINE
  5
AB2
100
AcDbEntity
  8
0
100
AcDbLine
 62
7
  6
BYLAYER
 10
18.4182606491
 20
101.4647838738
 11
18.4180958771
 21
101.4644024483
  0
LINE
  5
AB3
100
AcDbEntity
  8
0
100
AcDbLine
 62
7
  6
BYLAYER
 10
18.4180958771
 20
101.4644024483
 11
18.4179972447
 21
101.4639888188
  0
SPLINE
  5
AB4
100
AcDbEntity
  8
0
100
AcDbSpline
 62
7
  6
BYLAYER
 70
0
 71
3
 72
14
 73
10
 74
0
 42
0.0000001
 43
0.0000001
 44
0.0000000001
 40
0.0
 40
0.0
 40
0.0
 40
0.0
 40
0.0616610204
 40
0.1417272887
 40
0.240444608
 40
0.3577517985
 40
0.493166732
 40
0.6459053527
 40
1.0
 40
1.0
 40
1.0
 40
1.0
 10
21.4007623367
 20
100.8551433327
 30
0.0
 10
21.3947315806
 20
100.8516340629
 30
0.0
 10
21.3800525999
 20
100.8450089034
 30
0.0
 10
21.3542765847
 20
100.8362636479
 30
0.0
 10
21.3219163187
 20
100.8275038027
 30
0.0
 10
21.2831128487
 20
100.8187672767
 30
0.0
 10
21.2380577461
 20
100.8100681996
 30
0.0
 10
21.1663990867
 20
100.7979275879
 30
0.0
 10
21.1096013198
 20
100.7898895254
 30
0.0
 10
21.0698740703
 20
100.78466904
 30
0.0
  0
LINE
  5
AB5
100
AcDbEntity
  8
0
100
AcDbLine
 62
7
  6
BYLAYER
 10
21.0698740703
 20
100.78466904
 11
21.0653793937
 21
100.7840802328
  0
SPLINE
  5
AB6
100
AcDbEntity
  8
0
100
AcDbSpline
 62
7
  6
BYLAYER
 70
0
 71
3
 72
17
 73
13
 74
0
 42
0.0000001
 43
0.0000001
 44
0.0000000001
 40
0.0
 40
0.0
 40
0.0
 40
0.0
 40
0.0201971489
 40
0.0463733492
 40
0.0786295099
 40
0.1169694956
 40
0.2116210225
 40
0.3293982994
 40
0.4689460255
 40
0.6285893179
 40
0.8063449035
 40
1.0
 40
1.0
 40
1.0
 40
1.0
 10
21.9035414625
 20
101.146963151
 30
0.0
 10
21.8986357895
 20
101.1441080498
 30
0.0
 10
21.8867185519
 20
101.1387030267
 30
0.0
 10
21.8657971479
 20
101.1315615414
 30
0.0
 10
21.8395451839
 20
101.1243979387
 30
0.0
 10
21.7942498087
 20
101.1141159741
 30
0.0
 10
21.7248192746
 20
101.1018409982
 30
0.0
 10
21.6268723668
 20
101.087975932
 30
0.0
 10
21.5104848234
 20
101.0742835123
 30
0.0
 10
21.3771229725
 20
101.0608134452
 30
0.0
 10
21.2284611072
 20
101.04762777
 30
0.0
 10
21.1244088143
 20
101.039373792
 30
0.0
 10
21.0701414432
 20
101.0352601584
 30
0.0
  0
SPLINE
  5
AB7
100
AcDbEntity
  8
0
100
AcDbSpline
 62
7
  6
BYLAYER
 70
0
 71
3
 72
20
 73
16
 74
0
 42
0.0000001
 43
0.0000001
 44
0.0000000001
 40
0.0
 40
0.0
 40
0.0
 40
0.0
 40
0.2148744274
 40
0.4075793748
 40
0.5759535681
 40
0.7181279044
 40
0.7788957336
 40
0.8325558097
 40
0.878957084
 40
0.9179975507
 40
0.9495930365
 40
0.9736899561
 40
0.9903507884
 40
0.9959927137
 40
1.0
 40
1.0
 40
1.0
 40
1.0
 10
19.0509166707
 20
100.9205259908
 30
0.0
 10
19.0054410551
 20
100.918063289
 30
0.0
 10
18.9191873355
 20
100.9132870741
 30
0.0
 10
18.7973289674
 20
100.9060533772
 30
0.0
 10
18.6908925055
 20
100.8990843058
 30
0.0
 10
18.6124090404
 20
100.8932222078
 30
0.0
 10
18.5582252659
 20
100.8885222998
 30
0.0
 10
18.5242969167
 20
100.8852282232
 30
0.0
 10
18.4949920933
 20
100.8819764928
 30
0.0
 10
18.4703955258
 20
100.8787684224
 30
0.0
 10
18.4505523374
 20
100.8756278743
 30
0.0
 10
18.4355425303
 20
100.8725403823
 30
0.0
 10
18.4260296923
 20
100.8698493638
 30
0.0
 10
18.4209779877
 20
100.8674872538
 30
0.0
 10
18.4192876072
 20
100.8662655276
 30
0.0
 10
18.4187361133
 20
100.8656195957
 30
0.0
  0
LINE
  5
AB8
100
AcDbEntity
  8
0
100
AcDbLine
 62
7
  6
BYLAYER
 10
18.4187361133
 20
100.8656195957
 11
18.4182607905
 21
100.8649279264
  0
LINE
  5
AB9
100
AcDbEntity
  8
0
100
AcDbLine
 62
7
  6
BYLAYER
 10
18.4182607905
 20
100.8649279264
 11
18.4180991447
 21
100.864552656
  0
LINE
  5
ABA
100
AcDbEntity
  8
0
100
AcDbLine
 62
7
  6
BYLAYER
 10
18.4180991447
 20
100.864552656
 11
18.4179972447
 21
100.8641252278
  0
SPLINE
  5
ABB
100
AcDbEntity
  8
0
100
AcDbSpline
 62
7
  6
BYLAYER
 70
0
 71
3
 72
23
 73
19
 74
0
 42
0.0000001
 43
0.0000001
 44
0.0000000001
 40
0.0
 40
0.0
 40
0.0
 40
0.0
 40
0.0084786456
 40
0.0174686879
 40
0.0273598454
 40
0.0384441659
 40
0.0649172193
 40
0.0978884356
 40
0.1377557172
 40
0.1846470001
 40
0.2385270014
 40
0.2992797774
 40
0.3667048726
 40
0.4405636756
 40
0.5205609023
 40
0.6063674582
 40
0.7939245603
 40
1.0
 40
1.0
 40
1.0
 40
1.0
 10
17.1429899675
 20
78.626104695
 30
0.0
 10
17.1430891014
 20
78.6211967728
 30
0.0
 10
17.1445688024
 20
78.611074541
 30
0.0
 10
17.1504407309
 20
78.5962399543
 30
0.0
 10
17.1598659288
 20
78.5815678904
 30
0.0
 10
17.1781909978
 20
78.5609862188
 30
0.0
 10
17.210870335
 20
78.5359932133
 30
0.0
 10
17.2612624889
 20
78.5081049758
 30
0.0
 10
17.325031439
 20
78.480691737
 30
0.0
 10
17.4019635699
 20
78.4538798263
 30
0.0
 10
17.4918024458
 20
78.4277822886
 30
0.0
 10
17.5941684271
 20
78.4025507305
 30
0.0
 10
17.7086178986
 20
78.3782956141
 30
0.0
 10
17.8346391647
 20
78.3551490733
 30
0.0
 10
17.9716636502
 20
78.333213584
 30
0.0
 10
18.1742912363
 20
78.3048860182
 30
0.0
 10
18.4501744236
 20
78.2737664568
 30
0.0
 10
18.677286744
 20
78.2544823509
 30
0.0
 10
18.7962787952
 20
78.2457434726
 30
0.0
  0
LINE
  5
ABC
100
AcDbEntity
  8
0
100
AcDbLine
 62
7
  6
BYLAYER
 10
18.7962787952
 20
78.2457434726
 11
18.8205886035
 21
78.2439772444
  0
SPLINE
  5
ABD
100
AcDbEntity
  8
0
100
AcDbSpline
 62
7
  6
BYLAYER
 70
0
 71
3
 72
23
 73
19
 74
0
 42
0.0000001
 43
0.0000001
 44
0.0000000001
 40
0.0
 40
0.0
 40
0.0
 40
0.0
 40
0.2067237453
 40
0.3948205516
 40
0.4808346322
 40
0.560985836
 40
0.634940221
 40
0.7023952909
 40
0.7631085335
 40
0.8168767303
 40
0.8635831263
 40
0.903196447
 40
0.9358550603
 40
0.9619848507
 40
0.9729063309
 40
0.9826580837
 40
0.9915521431
 40
1.0
 40
1.0
 40
1.0
 40
1.0
 10
21.6780137666
 20
78.2448912379
 30
0.0
 10
21.7983559456
 20
78.253638155
 30
0.0
 10
22.0280169761
 20
78.2729780485
 30
0.0
 10
22.3069679771
 20
78.304283456
 30
0.0
 10
22.5117738144
 20
78.3328282273
 30
0.0
 10
22.6501806104
 20
78.3549453959
 30
0.0
 10
22.7773883738
 20
78.378295197
 30
0.0
 10
22.8928131506
 20
78.4027738301
 30
0.0
 10
22.9959293102
 20
78.42824471
 30
0.0
 10
23.0862827364
 20
78.4545938649
 30
0.0
 10
23.1634854534
 20
78.4816659174
 30
0.0
 10
23.2272802462
 20
78.5093449758
 30
0.0
 10
23.2774539869
 20
78.537501795
 30
0.0
 10
23.3097644393
 20
78.5627698293
 30
0.0
 10
23.3276070553
 20
78.583578264
 30
0.0
 10
23.336614187
 20
78.5984118261
 30
0.0
 10
23.3419868879
 20
78.6134150052
 30
0.0
 10
23.3430650461
 20
78.6236005223
 30
0.0
 10
23.3429654703
 20
78.6285303261
 30
0.0
  0
SPLINE
  5
ABE
100
AcDbEntity
  8
0
100
AcDbSpline
 62
7
  6
BYLAYER
 70
0
 71
3
 72
10
 73
6
 74
0
 42
0.0000001
 43
0.0000001
 44
0.0000000001
 40
0.0
 40
0.0
 40
0.0
 40
0.0
 40
0.2027257437
 40
0.4371817878
 40
1.0
 40
1.0
 40
1.0
 40
1.0
 10
18.6134521076
 20
78.2628213393
 30
0.0
 10
18.6243021597
 20
78.2577415022
 30
0.0
 10
18.6482046525
 20
78.2478586824
 30
0.0
 10
18.7041403457
 20
78.2287244241
 30
0.0
 10
18.7497924822
 20
78.2167954529
 30
0.0
 10
18.782179491
 20
78.2092231861
 30
0.0
  0
SPLINE
  5
ABF
100
AcDbEntity
  8
0
100
AcDbSpline
 62
7
  6
BYLAYER
 70
0
 71
3
 72
10
 73
6
 74
0
 42
0.0000001
 43
0.0000001
 44
0.0000000001
 40
0.0
 40
0.0
 40
0.0
 40
0.0
 40
0.5459244645
 40
0.785209456
 40
1.0
 40
1.0
 40
1.0
 40
1.0
 10
21.3174285146
 20
78.1468901009
 30
0.0
 10
21.3859379734
 20
78.1546659405
 30
0.0
 10
21.4843172209
 20
78.1675323947
 30
0.0
 10
21.6088065513
 20
78.1889081636
 30
0.0
 10
21.6650083879
 20
78.2003972673
 30
0.0
 10
21.6914657664
 20
78.2063904352
 30
0.0
  0
SPLINE
  5
AC0
100
AcDbEntity
  8
0
100
AcDbSpline
 62
7
  6
BYLAYER
 70
0
 71
3
 72
10
 73
6
 74
0
 42
0.0000001
 43
0.0000001
 44
0.0000000001
 40
0.0
 40
0.0
 40
0.0
 40
0.0
 40
0.565870214
 40
0.7995951534
 40
1.0
 40
1.0
 40
1.0
 40
1.0
 10
21.6914657664
 20
78.2063904352
 30
0.0
 10
21.7265672413
 20
78.2143416778
 30
0.0
 10
21.7759339614
 20
78.2268853793
 30
0.0
 10
21.8362202052
 20
78.2472325771
 30
0.0
 10
21.8617806685
 20
78.2577690483
 30
0.0
 10
21.8733115713
 20
78.2632009239
 30
0.0
  0
SPLINE
  5
AC1
100
AcDbEntity
  8
0
100
AcDbSpline
 62
7
  6
BYLAYER
 70
0
 71
3
 72
9
 73
5
 74
0
 42
0.0000001
 43
0.0000001
 44
0.0000000001
 40
0.0
 40
0.0
 40
0.0
 40
0.0
 40
0.4689102677
 40
1.0
 40
1.0
 40
1.0
 40
1.0
 10
21.6369303245
 20
78.209455438
 30
0.0
 10
21.6310514425
 20
78.1983917147
 30
0.0
 10
21.6213253598
 20
78.1732168888
 30
0.0
 10
21.6179777189
 20
78.1463734846
 30
0.0
 10
21.6179777189
 20
78.1321834762
 30
0.0
  0
SPLINE
  5
AC2
100
AcDbEntity
  8
0
100
AcDbSpline
 62
7
  6
BYLAYER
 70
0
 71
3
 72
9
 73
5
 74
0
 42
0.0000001
 43
0.0000001
 44
0.0000000001
 40
0.0
 40
0.0
 40
0.0
 40
0.0
 40
0.4451460907
 40
1.0
 40
1.0
 40
1.0
 40
1.0
 10
21.9718696488
 20
75.9009197589
 30
0.0
 10
21.9625809118
 20
75.8894136027
 30
0.0
 10
21.9376697418
 20
75.8668912261
 30
0.0
 10
21.9094431525
 20
75.8492228104
 30
0.0
 10
21.8933400516
 20
75.8402545601
 30
0.0
  0
SPLINE
  5
AC3
100
AcDbEntity
  8
0
100
AcDbSpline
 62
7
  6
BYLAYER
 70
0
 71
3
 72
14
 73
10
 74
0
 42
0.0000001
 43
0.0000001
 44
0.0000000001
 40
0.0
 40
0.0
 40
0.0
 40
0.0
 40
0.0750609413
 40
0.1586346541
 40
0.2551563325
 40
0.3674756325
 40
0.497344589
 40
0.6457614188
 40
1.0
 40
1.0
 40
1.0
 40
1.0
 10
21.6178271316
 20
78.1293514064
 30
0.0
 10
21.6175259927
 20
78.1265198273
 30
0.0
 10
21.6159065123
 20
78.1206169628
 30
0.0
 10
21.6109075446
 20
78.1122320642
 30
0.0
 10
21.6033990204
 20
78.1039911735
 30
0.0
 10
21.5934086774
 20
78.0958568141
 30
0.0
 10
21.5809393261
 20
78.0878090744
 30
0.0
 10
21.5597425962
 20
78.0765211318
 30
0.0
 10
21.5420493861
 20
78.0692755991
 30
0.0
 10
21.5294410883
 20
78.0646252493
 30
0.0
  0
SPLINE
  5
AC4
100
AcDbEntity
  8
0
100
AcDbSpline
 62
7
  6
BYLAYER
 70
0
 71
3
 72
9
 73
5
 74
0
 42
0.0000001
 43
0.0000001
 44
0.0000000001
 40
0.0
 40
0.0
 40
0.0
 40
0.0
 40
0.267370738
 40
1.0
 40
1.0
 40
1.0
 40
1.0
 10
21.3281202472
 20
76.0918050051
 30
0.0
 10
21.3442517025
 20
76.0939390079
 30
0.0
 10
21.4045391757
 20
76.1022558716
 30
0.0
 10
21.4646465573
 20
76.1119507817
 30
0.0
 10
21.5084675762
 20
76.1201815617
 30
0.0
  0
SPLINE
  5
AC5
100
AcDbEntity
  8
0
100
AcDbSpline
 62
7
  6
BYLAYER
 70
0
 71
3
 72
8
 73
4
 74
0
 42
0.0000001
 43
0.0000001
 44
0.0000000001
 40
0.0
 40
0.0
 40
0.0
 40
0.0
 40
1.0
 40
1.0
 40
1.0
 40
1.0
 10
18.4929244467
 20
75.0840615866
 30
0.0
 10
18.4929621365
 20
75.0828580272
 30
0.0
 10
18.4931792921
 20
75.0816505781
 30
0.0
 10
18.4935417307
 20
75.0805022689
 30
0.0
  0
SPLINE
  5
AC6
100
AcDbEntity
  8
0
100
AcDbSpline
 62
7
  6
BYLAYER
 70
0
 71
3
 72
9
 73
5
 74
0
 42
0.0000001
 43
0.0000001
 44
0.0000000001
 40
0.0
 40
0.0
 40
0.0
 40
0.0
 40
0.2116156319
 40
1.0
 40
1.0
 40
1.0
 40
1.0
 10
18.4937246156
 20
75.0799600424
 30
0.0
 10
18.4940962438
 20
75.0789246975
 30
0.0
 10
18.4964044234
 20
75.0742253047
 30
0.0
 10
18.500373476
 20
75.0705693972
 30
0.0
 10
18.5036341238
 20
75.068086802
 30
0.0
  0
SPLINE
  5
AC7
100
AcDbEntity
  8
0
100
AcDbSpline
 62
7
  6
BYLAYER
 70
0
 71
3
 72
14
 73
10
 74
0
 42
0.0000001
 43
0.0000001
 44
0.0000000001
 40
0.0
 40
0.0
 40
0.0
 40
0.0
 40
0.0576922648
 40
0.1341502182
 40
0.2300513106
 40
0.3455819613
 40
0.4807217031
 40
0.635249966
 40
1.0
 40
1.0
 40
1.0
 40
1.0
 10
18.5036341238
 20
75.068086802
 30
0.0
 10
18.5083089085
 20
75.06452751
 30
0.0
 10
18.5203505139
 20
75.0578455255
 30
0.0
 10
18.5421606393
 20
75.0492484706
 30
0.0
 10
18.5702677921
 20
75.0407947753
 30
0.0
 10
18.6046008363
 20
75.0325639713
 30
0.0
 10
18.6451070326
 20
75.0246242539
 30
0.0
 10
18.7108975562
 20
75.0139214998
 30
0.0
 10
18.7634119823
 20
75.0074848273
 30
0.0
 10
18.8003475379
 20
75.003524551
 30
0.0
  0
SPLINE
  5
AC8
100
AcDbEntity
  8
0
100
AcDbSpline
 62
7
  6
BYLAYER
 70
0
 71
3
 72
13
 73
9
 74
0
 42
0.0000001
 43
0.0000001
 44
0.0000000001
 40
0.0
 40
0.0
 40
0.0
 40
0.0
 40
0.3121638188
 40
0.5851608213
 40
0.7057623085
 40
0.8152762388
 40
0.9134165198
 40
1.0
 40
1.0
 40
1.0
 40
1.0
 10
21.3341014185
 20
75.1062763738
 30
0.0
 10
21.3932268526
 20
75.1169205978
 30
0.0
 10
21.5037305125
 20
75.1387846372
 30
0.0
 10
21.6356425294
 20
75.1715019688
 30
0.0
 10
21.7283101891
 20
75.1996363073
 30
0.0
 10
21.7879859203
 20
75.2204315908
 30
0.0
 10
21.8404828112
 20
75.2417255496
 30
0.0
 10
21.8725422667
 20
75.2571812349
 30
0.0
 10
21.8872074058
 20
75.2650925505
 30
0.0
  0
SPLINE
  5
AC9
100
AcDbEntity
  8
0
100
AcDbSpline
 62
7
  6
BYLAYER
 70
0
 71
3
 72
11
 73
7
 74
0
 42
0.0000001
 43
0.0000001
 44
0.0000000001
 40
0.0
 40
0.0
 40
0.0
 40
0.0
 40
0.3221849584
 40
0.5907145231
 40
0.812379681
 40
1.0
 40
1.0
 40
1.0
 40
1.0
 10
21.8888935283
 20
75.2660060703
 30
0.0
 10
21.9030227116
 20
75.273694176
 30
0.0
 10
21.9283430976
 20
75.2889551647
 30
0.0
 10
21.9600550812
 20
75.3145193629
 30
0.0
 10
21.981951784
 20
75.3407044635
 30
0.0
 10
21.9900456087
 20
75.360003338
 30
0.0
 10
21.9918113915
 20
75.3692025414
 30
0.0
  0
SPLINE
  5
ACA
100
AcDbEntity
  8
0
100
AcDbSpline
 62
7
  6
BYLAYER
 70
0
 71
3
 72
8
 73
4
 74
0
 42
0.0000001
 43
0.0000001
 44
0.0000000001
 40
0.0
 40
0.0
 40
0.0
 40
0.0
 40
1.0
 40
1.0
 40
1.0
 40
1.0
 10
18.4929610589
 20
74.4899016177
 30
0.0
 10
18.4930077617
 20
74.4887039212
 30
0.0
 10
18.4932300499
 20
74.4875039949
 30
0.0
 10
18.4935937256
 20
74.4863618924
 30
0.0
  0
SPLINE
  5
ACB
100
AcDbEntity
  8
0
100
AcDbSpline
 62
7
  6
BYLAYER
 70
0
 71
3
 72
9
 73
5
 74
0
 42
0.0000001
 43
0.0000001
 44
0.0000000001
 40
0.0
 40
0.0
 40
0.0
 40
0.0
 40
0.2117251926
 40
1.0
 40
1.0
 40
1.0
 40
1.0
 10
18.4937859763
 20
74.4857976048
 30
0.0
 10
18.4941636169
 20
74.4847571797
 30
0.0
 10
18.4964962592
 20
74.4800374695
 30
0.0
 10
18.5004858912
 20
74.4763617235
 30
0.0
 10
18.5037650317
 20
74.4738659436
 30
0.0
  0
SPLINE
  5
ACC
100
AcDbEntity
  8
0
100
AcDbSpline
 62
7
  6
BYLAYER
 70
0
 71
3
 72
14
 73
10
 74
0
 42
0.0000001
 43
0.0000001
 44
0.0000000001
 40
0.0
 40
0.0
 40
0.0
 40
0.0
 40
0.0576513845
 40
0.1340358792
 40
0.2299311085
 40
0.3456245866
 40
0.4810001458
 40
0.635572368
 40
1.0
 40
1.0
 40
1.0
 40
1.0
 10
18.5037650317
 20
74.4738659436
 30
0.0
 10
18.5084347097
 20
74.4703118146
 30
0.0
 10
18.5204551938
 20
74.4636319779
 30
0.0
 10
18.5422413012
 20
74.4550381838
 30
0.0
 10
18.5703436254
 20
74.4465909405
 30
0.0
 10
18.6047034597
 20
74.438377447
 30
0.0
 10
18.64523746
 20
74.4304572739
 30
0.0
 10
18.7109896382
 20
74.4197615286
 30
0.0
 10
18.7634473412
 20
74.413319892
 30
0.0
 10
18.8003306805
 20
74.4093601061
 30
0.0
  0
SPLINE
  5
ACD
100
AcDbEntity
  8
0
100
AcDbSpline
 62
7
  6
BYLAYER
 70
0
 71
3
 72
13
 73
9
 74
0
 42
0.0000001
 43
0.0000001
 44
0.0000000001
 40
0.0
 40
0.0
 40
0.0
 40
0.0
 40
0.3121185847
 40
0.5851838161
 40
0.7058812655
 40
0.8154499916
 40
0.9135461146
 40
1.0
 40
1.0
 40
1.0
 40
1.0
 10
21.3341391019
 20
74.512108249
 30
0.0
 10
21.3932637007
 20
74.5227486596
 30
0.0
 10
21.5037796592
 20
74.5446459876
 30
0.0
 10
21.6357251793
 20
74.577385704
 30
0.0
 10
21.7284515463
 20
74.6055115315
 30
0.0
 10
21.7881577374
 20
74.6263049454
 30
0.0
 10
21.840636922
 20
74.6476025226
 30
0.0
 10
21.8726514489
 20
74.6630849023
 30
0.0
 10
21.8872884919
 20
74.6709999567
 30
0.0
  0
SPLINE
  5
ACE
100
AcDbEntity
  8
0
100
AcDbSpline
 62
7
  6
BYLAYER
 70
0
 71
3
 72
11
 73
7
 74
0
 42
0.0000001
 43
0.0000001
 44
0.0000000001
 40
0.0
 40
0.0
 40
0.0
 40
0.0
 40
0.3219919899
 40
0.5906895402
 40
0.81248811
 40
1.0
 40
1.0
 40
1.0
 40
1.0
 10
21.8888218438
 20
74.6718323465
 30
0.0
 10
21.902947184
 20
74.6795302707
 30
0.0
 10
21.9282794071
 20
74.6948053505
 30
0.0
 10
21.9600392512
 20
74.7203593963
 30
0.0
 10
21.9820048914
 20
74.7465271913
 30
0.0
 10
21.9901221208
 20
74.7658427893
 30
0.0
 10
21.9918697844
 20
74.7750464354
 30
0.0
  0
SPLINE
  5
ACF
100
AcDbEntity
  8
0
100
AcDbSpline
 62
7
  6
BYLAYER
 70
0
 71
3
 72
9
 73
5
 74
0
 42
0.0000001
 43
0.0000001
 44
0.0000000001
 40
0.0
 40
0.0
 40
0.0
 40
0.0
 40
0.4684827029
 40
1.0
 40
1.0
 40
1.0
 40
1.0
 10
21.4061175554
 20
75.5682835557
 30
0.0
 10
21.3935572664
 20
75.56125433
 30
0.0
 10
21.3660231051
 20
75.547537712
 30
0.0
 10
21.3376511063
 20
75.5357047125
 30
0.0
 10
21.3224287733
 20
75.529792696
 30
0.0
  0
SPLINE
  5
AD0
100
AcDbEntity
  8
0
100
AcDbSpline
 62
7
  6
BYLAYER
 70
0
 71
3
 72
13
 73
9
 74
0
 42
0.0000001
 43
0.0000001
 44
0.0000000001
 40
0.0
 40
0.0
 40
0.0
 40
0.0
 40
0.0854747314
 40
0.1827771051
 40
0.2918179973
 40
0.4123431347
 40
0.6861445844
 40
1.0
 40
1.0
 40
1.0
 40
1.0
 10
21.8933400516
 20
75.8402545601
 30
0.0
 10
21.878798854
 20
75.8321561758
 30
0.0
 10
21.8468679491
 20
75.81633265
 30
0.0
 10
21.7943457126
 20
75.7945691654
 30
0.0
 10
21.734318982
 20
75.7733253081
 30
0.0
 10
21.640589244
 20
75.7445695295
 30
0.0
 10
21.5066949652
 20
75.7111897306
 30
0.0
 10
21.3944208335
 20
75.6888992998
 30
0.0
 10
21.3342727908
 20
75.6780647221
 30
0.0
  0
SPLINE
  5
AD1
100
AcDbEntity
  8
0
100
AcDbSpline
 62
7
  6
BYLAYER
 70
0
 71
3
 72
13
 73
9
 74
0
 42
0.0000001
 43
0.0000001
 44
0.0000000001
 40
0.0
 40
0.0
 40
0.0
 40
0.0
 40
0.3501151122
 40
0.6349489389
 40
0.7519785347
 40
0.851783992
 40
0.9343739724
 40
1.0
 40
1.0
 40
1.0
 40
1.0
 10
18.8003835302
 20
75.5752786231
 30
0.0
 10
18.7661726674
 20
75.5789462236
 30
0.0
 10
18.7042234426
 20
75.5865129245
 30
0.0
 10
18.6312761586
 20
75.5986205058
 30
0.0
 10
18.5831375567
 20
75.6093132074
 30
0.0
 10
18.5547214086
 20
75.6170187219
 30
0.0
 10
18.5316364955
 20
75.6248834627
 30
0.0
 10
18.5183029572
 20
75.6308659554
 30
0.0
 10
18.5126736853
 20
75.6340130838
 30
0.0
  0
SPLINE
  5
AD2
100
AcDbEntity
  8
0
100
AcDbSpline
 62
7
  6
BYLAYER
 70
0
 71
3
 72
9
 73
5
 74
0
 42
0.0000001
 43
0.0000001
 44
0.0000000001
 40
0.0
 40
0.0
 40
0.0
 40
0.0
 40
0.4686368097
 40
1.0
 40
1.0
 40
1.0
 40
1.0
 10
21.40577799
 20
74.9739379851
 30
0.0
 10
21.3934160095
 20
74.9670189481
 30
0.0
 10
21.3663341225
 20
74.9535052581
 30
0.0
 10
21.3384255599
 20
74.9418454677
 30
0.0
 10
21.3234572836
 20
74.93601774
 30
0.0
  0
SPLINE
  5
AD3
100
AcDbEntity
  8
0
100
AcDbSpline
 62
7
  6
BYLAYER
 70
0
 71
3
 72
13
 73
9
 74
0
 42
0.0000001
 43
0.0000001
 44
0.0000000001
 40
0.0
 40
0.0
 40
0.0
 40
0.0
 40
0.0855216083
 40
0.1828559167
 40
0.2919151953
 40
0.4124455664
 40
0.686219055
 40
1.0
 40
1.0
 40
1.0
 40
1.0
 10
21.89308606
 20
75.2459536677
 30
0.0
 10
21.8785402223
 20
75.2378618365
 30
0.0
 10
21.8466051318
 20
75.2220522779
 30
0.0
 10
21.7940848301
 20
75.2003085864
 30
0.0
 10
21.7340732068
 20
75.1790845945
 30
0.0
 10
21.6403870663
 20
75.1503556802
 30
0.0
 10
21.5065759282
 20
75.117004517
 30
0.0
 10
21.3943767983
 20
75.0947304965
 30
0.0
 10
21.3342728561
 20
75.0839038686
 30
0.0
  0
SPLINE
  5
AD4
100
AcDbEntity
  8
0
100
AcDbSpline
 62
7
  6
BYLAYER
 70
0
 71
3
 72
13
 73
9
 74
0
 42
0.0000001
 43
0.0000001
 44
0.0000000001
 40
0.0
 40
0.0
 40
0.0
 40
0.0
 40
0.3499286868
 40
0.634695849
 40
0.7517370295
 40
0.8515849105
 40
0.9342530352
 40
1.0
 40
1.0
 40
1.0
 40
1.0
 10
18.8003834956
 20
74.9811175993
 30
0.0
 10
18.7662083888
 20
74.9847814319
 30
0.0
 10
18.7043154958
 20
74.9923408295
 30
0.0
 10
18.6314288139
 20
75.0044349342
 30
0.0
 10
18.5833129945
 20
75.015107365
 30
0.0
 10
18.5548953878
 20
75.0227989773
 30
0.0
 10
18.531795471
 20
75.0306548487
 30
0.0
 10
18.5184486151
 20
75.0366371215
 30
0.0
 10
18.5128100279
 20
75.0397851511
 30
0.0
  0
SPLINE
  5
AD5
100
AcDbEntity
  8
0
100
AcDbSpline
 62
7
  6
BYLAYER
 70
0
 71
3
 72
9
 73
5
 74
0
 42
0.0000001
 43
0.0000001
 44
0.0000000001
 40
0.0
 40
0.0
 40
0.0
 40
0.0
 40
0.2344417075
 40
1.0
 40
1.0
 40
1.0
 40
1.0
 10
21.4057482117
 20
74.379788804
 30
0.0
 10
21.4019882169
 20
74.3776842445
 30
0.0
 10
21.3858191942
 20
74.3689414751
 30
0.0
 10
21.3691879165
 20
74.3610696353
 30
0.0
 10
21.3563059623
 20
74.3554096287
 30
0.0
  0
SPLINE
  5
AD6
100
AcDbEntity
  8
0
100
AcDbSpline
 62
7
  6
BYLAYER
 70
0
 71
3
 72
13
 73
9
 74
0
 42
0.0000001
 43
0.0000001
 44
0.0000000001
 40
0.0
 40
0.0
 40
0.0
 40
0.0
 40
0.0854899176
 40
0.1828015433
 40
0.2918474402
 40
0.4123739309
 40
0.6861669103
 40
1.0
 40
1.0
 40
1.0
 40
1.0
 10
21.8932648724
 20
74.6518924006
 30
0.0
 10
21.8787225578
 20
74.6437949422
 30
0.0
 10
21.8467905518
 20
74.6279745855
 30
0.0
 10
21.7942685385
 20
74.6062173149
 30
0.0
 10
21.7342461692
 20
74.5849800073
 30
0.0
 10
21.6405293882
 20
74.5562323367
 30
0.0
 10
21.5066597962
 20
74.5228608271
 30
0.0
 10
21.3944078711
 20
74.5005752518
 30
0.0
 10
21.3342728923
 20
74.4897430295
 30
0.0
  0
LINE
  5
AD7
100
AcDbEntity
  8
0
100
AcDbLine
 62
7
  6
BYLAYER
 10
18.8052562011
 20
74.3864379115
 11
18.8003836483
 21
74.3869567711
  0
SPLINE
  5
AD8
100
AcDbEntity
  8
0
100
AcDbSpline
 62
7
  6
BYLAYER
 70
0
 71
3
 72
13
 73
9
 74
0
 42
0.0000001
 43
0.0000001
 44
0.0000000001
 40
0.0
 40
0.0
 40
0.0
 40
0.0
 40
0.3497945217
 40
0.63451678
 40
0.7515710275
 40
0.851455108
 40
0.9341802853
 40
1.0
 40
1.0
 40
1.0
 40
1.0
 10
18.8003836483
 20
74.3869567711
 30
0.0
 10
18.7662353182
 20
74.3906177099
 30
0.0
 10
18.7043845776
 20
74.3981711164
 30
0.0
 10
18.6315425288
 20
74.4102532268
 30
0.0
 10
18.5834442587
 20
74.420915547
 30
0.0
 10
18.5550264084
 20
74.4286007574
 30
0.0
 10
18.5319171262
 20
74.4364491249
 30
0.0
 10
18.518559222
 20
74.4424224328
 30
0.0
 10
18.5129123901
 20
74.4455650321
 30
0.0
  0
SPLINE
  5
AD9
100
AcDbEntity
  8
0
100
AcDbSpline
 62
7
  6
BYLAYER
 70
0
 71
3
 72
9
 73
5
 74
0
 42
0.0000001
 43
0.0000001
 44
0.0000000001
 40
0.0
 40
0.0
 40
0.0
 40
0.0
 40
0.2343725118
 40
1.0
 40
1.0
 40
1.0
 40
1.0
 10
21.5598574503
 20
76.0902733007
 30
0.0
 10
21.5422991108
 20
76.0874814346
 30
0.0
 10
21.4672974558
 20
76.0761065919
 30
0.0
 10
21.3920064646
 20
76.0666871667
 30
0.0
 10
21.3342824592
 20
76.0602791913
 30
0.0
  0
SPLINE
  5
ADA
100
AcDbEntity
  8
0
100
AcDbSpline
 62
7
  6
BYLAYER
 70
0
 71
3
 72
13
 73
9
 74
0
 42
0.0000001
 43
0.0000001
 44
0.0000000001
 40
0.0
 40
0.0
 40
0.0
 40
0.0
 40
0.0916903568
 40
0.187463929
 40
0.2909327621
 40
0.4049851142
 40
0.6724371889
 40
1.0
 40
1.0
 40
1.0
 40
1.0
 10
60.0679211241
 20
45.6446527128
 30
0.0
 10
60.0679227926
 20
45.6495240547
 30
0.0
 10
60.066814152
 20
45.6595150402
 30
0.0
 10
60.0618858781
 20
45.6742675906
 30
0.0
 10
60.0537540354
 20
45.6888839512
 30
0.0
 10
60.0378455203
 20
45.7092572258
 30
0.0
 10
60.0091141027
 20
45.7340877034
 30
0.0
 10
59.9822033419
 20
45.7508106562
 30
0.0
 10
59.9669980305
 20
45.7592756755
 30
0.0
  0
SPLINE
  5
ADB
100
AcDbEntity
  8
0
100
AcDbSpline
 62
7
  6
BYLAYER
 70
0
 71
3
 72
13
 73
9
 74
0
 42
0.0000001
 43
0.0000001
 44
0.0000000001
 40
0.0
 40
0.0
 40
0.0
 40
0.0
 40
0.0916534294
 40
0.1874572801
 40
0.2910215822
 40
0.4051838366
 40
0.6726186546
 40
1.0
 40
1.0
 40
1.0
 40
1.0
 10
60.0679777133
 20
45.6222975059
 30
0.0
 10
60.0679778201
 20
45.6174181399
 30
0.0
 10
60.0668509097
 20
45.6074071556
 30
0.0
 10
60.0618693552
 20
45.5926334089
 30
0.0
 10
60.0536750748
 20
45.5779986688
 30
0.0
 10
60.0376890996
 20
45.5576078912
 30
0.0
 10
60.0089092589
 20
45.5327292563
 30
0.0
 10
59.9819538468
 20
45.515971235
 30
0.0
 10
59.9667234584
 20
45.5074977528
 30
0.0
  0
SPLINE
  5
ADC
100
AcDbEntity
  8
0
100
AcDbSpline
 62
7
  6
BYLAYER
 70
0
 71
3
 72
20
 73
16
 74
0
 42
0.0000001
 43
0.0000001
 44
0.0000000001
 40
0.0
 40
0.0
 40
0.0
 40
0.0
 40
0.0153852724
 40
0.0252045072
 40
0.0367401307
 40
0.0653527428
 40
0.1016370602
 40
0.1455731971
 40
0.1969203681
 40
0.2553211317
 40
0.3203009402
 40
0.4677660722
 40
0.6342209166
 40
0.8137756532
 40
1.0
 40
1.0
 40
1.0
 40
1.0
 10
57.2187781705
 20
41.4085967089
 30
0.0
 10
57.2202884872
 20
41.4030289675
 30
0.0
 10
57.2260317892
 20
41.3948938667
 30
0.0
 10
57.236448618
 20
41.3859459791
 30
0.0
 10
57.2521320001
 20
41.3755715173
 30
0.0
 10
57.2781635111
 20
41.363349537
 30
0.0
 10
57.3167233002
 20
41.3498784409
 30
0.0
 10
57.364360943
 20
41.3369329095
 30
0.0
 10
57.4206728774
 20
41.3246190659
 30
0.0
 10
57.4851796223
 20
41.313083683
 30
0.0
 10
57.5856617947
 20
41.2982592451
 30
0.0
 10
57.7269615763
 20
41.2829620099
 30
0.0
 10
57.9115565062
 20
41.2697689541
 30
0.0
 10
58.1109881102
 20
41.2616417299
 30
0.0
 10
58.2481499522
 20
41.259820603
 30
0.0
 10
58.3179777189
 20
41.259820603
 30
0.0
  0
SPLINE
  5
ADD
100
AcDbEntity
  8
0
100
AcDbSpline
 62
7
  6
BYLAYER
 70
0
 71
3
 72
10
 73
6
 74
0
 42
0.0000001
 43
0.0000001
 44
0.0000000001
 40
0.0
 40
0.0
 40
0.0
 40
0.0
 40
0.5247664687
 40
0.7619257834
 40
1.0
 40
1.0
 40
1.0
 40
1.0
 10
59.9228174151
 20
43.3908299673
 30
0.0
 10
59.9296612556
 20
43.3818396793
 30
0.0
 10
59.9378835461
 20
43.3668847731
 30
0.0
 10
59.9404281746
 20
43.3452856376
 30
0.0
 10
59.9389254392
 20
43.3350307409
 30
0.0
 10
59.9375855997
 20
43.3300829313
 30
0.0
  0
SPLINE
  5
ADE
100
AcDbEntity
  8
0
100
AcDbSpline
 62
7
  6
BYLAYER
 70
0
 71
3
 72
13
 73
9
 74
0
 42
0.0000001
 43
0.0000001
 44
0.0000000001
 40
0.0
 40
0.0
 40
0.0
 40
0.0
 40
0.091616356
 40
0.1873227863
 40
0.2907949391
 40
0.4049679373
 40
0.6725843204
 40
1.0
 40
1.0
 40
1.0
 40
1.0
 10
60.0679470759
 20
43.8625321436
 30
0.0
 10
60.0679572138
 20
43.8674076855
 30
0.0
 10
60.0668612057
 20
43.8774102618
 30
0.0
 10
60.0619269353
 20
43.8921819451
 30
0.0
 10
60.053758388
 20
43.9068151771
 30
0.0
 10
60.0377580002
 20
43.9271908183
 30
0.0
 10
60.0089570303
 20
43.9520396852
 30
0.0
 10
59.9820024392
 20
43.9687950578
 30
0.0
 10
59.9667787022
 20
43.9772707293
 30
0.0
  0
SPLINE
  5
ADF
100
AcDbEntity
  8
0
100
AcDbSpline
 62
7
  6
BYLAYER
 70
0
 71
3
 72
20
 73
16
 74
0
 42
0.0000001
 43
0.0000001
 44
0.0000000001
 40
0.0
 40
0.0
 40
0.0
 40
0.0
 40
0.1862220753
 40
0.3657736922
 40
0.5322277983
 40
0.6796933069
 40
0.7446738634
 40
0.8030759128
 40
0.8544240103
 40
0.8983613675
 40
0.9346463197
 40
0.9632595563
 40
0.9747952834
 40
0.9846146036
 40
1.0
 40
1.0
 40
1.0
 40
1.0
 10
58.3179777189
 20
41.259820603
 30
0.0
 10
58.3878046349
 20
41.259820603
 30
0.0
 10
58.5249644579
 20
41.2616416403
 30
0.0
 10
58.7243937707
 20
41.2697687025
 30
0.0
 10
58.9089874151
 20
41.2829614001
 30
0.0
 10
59.0502873835
 20
41.2982583324
 30
0.0
 10
59.1507704525
 20
41.3130828625
 30
0.0
 10
59.2152783609
 20
41.3246180777
 30
0.0
 10
59.2715915293
 20
41.3369322798
 30
0.0
 10
59.3192302878
 20
41.3498777186
 30
0.0
 10
59.357790909
 20
41.3633492294
 30
0.0
 10
59.3838230049
 20
41.3755711797
 30
0.0
 10
59.3995066288
 20
41.3859458442
 30
0.0
 10
59.4099235306
 20
41.3948938097
 30
0.0
 10
59.4156669746
 20
41.4030289227
 30
0.0
 10
59.4171773037
 20
41.408596709
 30
0.0
  0
SPLINE
  5
AE0
100
AcDbEntity
  8
0
100
AcDbSpline
 62
7
  6
BYLAYER
 70
0
 71
3
 72
13
 73
9
 74
0
 42
0.0000001
 43
0.0000001
 44
0.0000000001
 40
0.0
 40
0.0
 40
0.0
 40
0.0
 40
0.0917220299
 40
0.1875355138
 40
0.2910327213
 40
0.4050766441
 40
0.6724113822
 40
1.0
 40
1.0
 40
1.0
 40
1.0
 10
60.0679234632
 20
44.4565726089
 30
0.0
 10
60.0679210758
 20
44.4614428076
 30
0.0
 10
60.0668045798
 20
44.4714307387
 30
0.0
 10
60.0618709202
 20
44.4861771389
 30
0.0
 10
60.0537428493
 20
44.5007876011
 30
0.0
 10
60.0378583392
 20
44.5211532508
 30
0.0
 10
60.0091693386
 20
44.5459919193
 30
0.0
 10
59.9822750891
 20
44.5627001078
 30
0.0
 10
59.9670773107
 20
44.5711607295
 30
0.0
  0
SPLINE
  5
AE1
100
AcDbEntity
  8
0
100
AcDbSpline
 62
7
  6
BYLAYER
 70
0
 71
3
 72
13
 73
9
 74
0
 42
0.0000001
 43
0.0000001
 44
0.0000000001
 40
0.0
 40
0.0
 40
0.0
 40
0.0
 40
0.0917340924
 40
0.1876030119
 40
0.2912096612
 40
0.405388323
 40
0.6727755524
 40
1.0
 40
1.0
 40
1.0
 40
1.0
 10
60.0679777152
 20
44.4342168526
 30
0.0
 10
60.0679778128
 20
44.4293480011
 30
0.0
 10
60.0668559573
 20
44.4193597209
 30
0.0
 10
60.0618960153
 20
44.404618316
 30
0.0
 10
60.0537366656
 20
44.3900149492
 30
0.0
 10
60.037820068
 20
44.3696690208
 30
0.0
 10
60.0091632547
 20
44.3448399701
 30
0.0
 10
59.9823156235
 20
44.328110934
 30
0.0
 10
59.9671466958
 20
44.3196528305
 30
0.0
  0
SPLINE
  5
AE2
100
AcDbEntity
  8
0
100
AcDbSpline
 62
7
  6
BYLAYER
 70
0
 71
3
 72
13
 73
9
 74
0
 42
0.0000001
 43
0.0000001
 44
0.0000000001
 40
0.0
 40
0.0
 40
0.0
 40
0.0
 40
0.0917776871
 40
0.1877024555
 40
0.291334192
 40
0.4054730146
 40
0.6726169928
 40
1.0
 40
1.0
 40
1.0
 40
1.0
 10
60.0679696093
 20
45.050613295
 30
0.0
 10
60.06795706
 20
45.0554846705
 30
0.0
 10
60.0668137714
 20
45.0654753609
 30
0.0
 10
60.0618392638
 20
45.0802184152
 30
0.0
 10
60.0536815356
 20
45.0948251623
 30
0.0
 10
60.037792312
 20
45.1151754239
 30
0.0
 10
60.009174971
 20
45.1400447395
 30
0.0
 10
59.9823163523
 20
45.1567567544
 30
0.0
 10
59.9671334042
 20
45.1652086438
 30
0.0
  0
SPLINE
  5
AE3
100
AcDbEntity
  8
0
100
AcDbSpline
 62
7
  6
BYLAYER
 70
0
 71
3
 72
13
 73
9
 74
0
 42
0.0000001
 43
0.0000001
 44
0.0000000001
 40
0.0
 40
0.0
 40
0.0
 40
0.0
 40
0.0917105417
 40
0.1875612407
 40
0.2911564708
 40
0.4053309384
 40
0.6727315024
 40
1.0
 40
1.0
 40
1.0
 40
1.0
 10
60.0679777142
 20
45.0282574773
 30
0.0
 10
60.0679778328
 20
45.023385597
 30
0.0
 10
60.0668545337
 20
45.0133907302
 30
0.0
 10
60.0618884024
 20
44.9986398904
 30
0.0
 10
60.0537190293
 20
44.984027293
 30
0.0
 10
60.0377825255
 20
44.963668217
 30
0.0
 10
60.0090902381
 20
44.9388248052
 30
0.0
 10
59.982211494
 20
44.9220875126
 30
0.0
 10
59.9670248513
 20
44.913625028
 30
0.0
  0
SPLINE
  5
AE4
100
AcDbEntity
  8
0
100
AcDbSpline
 62
7
  6
BYLAYER
 70
0
 71
3
 72
13
 73
9
 74
0
 42
0.0000001
 43
0.0000001
 44
0.0000000001
 40
0.0
 40
0.0
 40
0.0
 40
0.0
 40
0.091774213
 40
0.1876763374
 40
0.2912697644
 40
0.4053690229
 40
0.6725108554
 40
1.0
 40
1.0
 40
1.0
 40
1.0
 10
60.0679489966
 20
46.2386934658
 30
0.0
 10
60.0679383897
 20
46.2435634916
 30
0.0
 10
60.0668021301
 20
46.2535508389
 30
0.0
 10
60.0618422928
 20
46.2682912722
 30
0.0
 10
60.0536995939
 20
46.2828958849
 30
0.0
 10
60.0378259545
 20
46.3032455235
 30
0.0
 10
60.0092090422
 20
46.3281095163
 30
0.0
 10
59.9823456065
 20
46.3448087852
 30
0.0
 10
59.9671614146
 20
46.3532614391
 30
0.0
  0
SPLINE
  5
AE5
100
AcDbEntity
  8
0
100
AcDbSpline
 62
7
  6
BYLAYER
 70
0
 71
3
 72
13
 73
9
 74
0
 42
0.0000001
 43
0.0000001
 44
0.0000000001
 40
0.0
 40
0.0
 40
0.0
 40
0.0
 40
0.0917235292
 40
0.1875893206
 40
0.2912009266
 40
0.4053788923
 40
0.6727491102
 40
1.0
 40
1.0
 40
1.0
 40
1.0
 10
60.0679765831
 20
46.2163042413
 30
0.0
 10
60.0679776671
 20
46.2114339577
 30
0.0
 10
60.0668581635
 20
46.2014417924
 30
0.0
 10
60.0618927249
 20
46.186695592
 30
0.0
 10
60.0537259916
 20
46.1720886231
 30
0.0
 10
60.0378014037
 20
46.1517366043
 30
0.0
 10
60.0091313336
 20
46.126897987
 30
0.0
 10
59.9822674889
 20
46.1101693408
 30
0.0
 10
59.9670901939
 20
46.101708762
 30
0.0
  0
SPLINE
  5
AE6
100
AcDbEntity
  8
0
100
AcDbSpline
 62
7
  6
BYLAYER
 70
0
 71
3
 72
13
 73
9
 74
0
 42
0.0000001
 43
0.0000001
 44
0.0000000001
 40
0.0
 40
0.0
 40
0.0
 40
0.0
 40
0.0917185054
 40
0.1876298355
 40
0.2913079818
 40
0.40553411
 40
0.6728139523
 40
1.0
 40
1.0
 40
1.0
 40
1.0
 10
60.0680180329
 20
46.8327335698
 30
0.0
 10
60.0680070283
 20
46.8376123755
 30
0.0
 10
60.0668548778
 20
46.8476214949
 30
0.0
 10
60.0618421004
 20
46.8623864798
 30
0.0
 10
60.0536315021
 20
46.8770125742
 30
0.0
 10
60.0376599929
 20
46.8973872876
 30
0.0
 10
60.0089562528
 20
46.9222787997
 30
0.0
 10
59.9820494607
 20
46.9390356399
 30
0.0
 10
59.9668428554
 20
46.9475010437
 30
0.0
  0
SPLINE
  5
AE7
100
AcDbEntity
  8
0
100
AcDbSpline
 62
7
  6
BYLAYER
 70
0
 71
3
 72
13
 73
9
 74
0
 42
0.0000001
 43
0.0000001
 44
0.0000000001
 40
0.0
 40
0.0
 40
0.0
 40
0.0
 40
0.0916705126
 40
0.1874871529
 40
0.2910593135
 40
0.405224589
 40
0.6726505848
 40
1.0
 40
1.0
 40
1.0
 40
1.0
 10
60.0679777151
 20
46.8103437989
 30
0.0
 10
60.0679778393
 20
46.8054666465
 30
0.0
 10
60.0668520672
 20
46.7954604887
 30
0.0
 10
60.0618751379
 20
46.7806936446
 30
0.0
 10
60.0536882594
 20
46.7660656502
 30
0.0
 10
60.0377168763
 20
46.7456844009
 30
0.0
 10
60.0089632017
 20
46.7208158892
 30
0.0
 10
59.9820305958
 20
46.7040636115
 30
0.0
 10
59.9668131531
 20
46.6955932959
 30
0.0
  0
SPLINE
  5
AE8
100
AcDbEntity
  8
0
100
AcDbSpline
 62
7
  6
BYLAYER
 70
0
 71
3
 72
18
 73
14
 74
0
 42
0.0000001
 43
0.0000001
 44
0.0000000001
 40
0.0
 40
0.0
 40
0.0
 40
0.0
 40
0.1607513204
 40
0.317884141
 40
0.4677165419
 40
0.6068413802
 40
0.7319853398
 40
0.788471182
 40
0.8405254541
 40
0.8878884832
 40
0.9303255633
 40
0.9676931231
 40
1.0
 40
1.0
 40
1.0
 40
1.0
 10
58.3179782951
 20
44.6560548418
 30
0.0
 10
58.4084972711
 20
44.660950549
 30
0.0
 10
58.5874008727
 20
44.6725526658
 30
0.0
 10
58.8501603278
 20
44.6957520148
 30
0.0
 10
59.1001031557
 20
44.72454257
 30
0.0
 10
59.3311978536
 20
44.7583955492
 30
0.0
 10
59.509090988
 20
44.7915243746
 30
0.0
 10
59.6375959002
 20
44.8207930492
 30
0.0
 10
59.7226975036
 20
44.8429308775
 30
0.0
 10
59.7993428742
 20
44.8659102931
 30
0.0
 10
59.8670486211
 20
44.8896503922
 30
0.0
 10
59.9254048675
 20
44.9140743666
 30
0.0
 10
59.9604371924
 20
44.9320133327
 30
0.0
 10
59.9761544294
 20
44.9412266283
 30
0.0
  0
SPLINE
  5
AE9
100
AcDbEntity
  8
0
100
AcDbSpline
 62
7
  6
BYLAYER
 70
0
 71
3
 72
11
 73
7
 74
0
 42
0.0000001
 43
0.0000001
 44
0.0000000001
 40
0.0
 40
0.0
 40
0.0
 40
0.0
 40
0.3130439615
 40
0.580014579
 40
0.8058767916
 40
1.0
 40
1.0
 40
1.0
 40
1.0
 10
59.9761544294
 20
44.9412266283
 30
0.0
 10
59.9878522169
 20
44.9480837607
 30
0.0
 10
60.0090148596
 20
44.961721955
 30
0.0
 10
60.0358634759
 20
44.9842226865
 30
0.0
 10
60.0551418967
 20
45.007142052
 30
0.0
 10
60.0631198478
 20
45.0238361759
 30
0.0
 10
60.0653851153
 20
45.0319337036
 30
0.0
  0
SPLINE
  5
AEA
100
AcDbEntity
  8
0
100
AcDbSpline
 62
7
  6
BYLAYER
 70
0
 71
3
 72
9
 73
5
 74
0
 42
0.0000001
 43
0.0000001
 44
0.0000000001
 40
0.0
 40
0.0
 40
0.0
 40
0.0
 40
0.2543469186
 40
1.0
 40
1.0
 40
1.0
 40
1.0
 10
60.0653851153
 20
45.0319337036
 30
0.0
 10
60.0658166026
 20
45.0334761176
 30
0.0
 10
60.0673162499
 20
45.0395932952
 30
0.0
 10
60.0679817053
 20
45.045917908
 30
0.0
 10
60.0679696093
 20
45.050613295
 30
0.0
  0
SPLINE
  5
AEB
100
AcDbEntity
  8
0
100
AcDbSpline
 62
7
  6
BYLAYER
 70
0
 71
3
 72
19
 73
15
 74
0
 42
0.0000001
 43
0.0000001
 44
0.0000000001
 40
0.0
 40
0.0
 40
0.0
 40
0.0
 40
0.177618364
 40
0.3495514693
 40
0.510523793
 40
0.6555935334
 40
0.7803423353
 40
0.8338929714
 40
0.8810218149
 40
0.9213913763
 40
0.9547517352
 40
0.9809404793
 40
0.9913500761
 40
1.0
 40
1.0
 40
1.0
 40
1.0
 10
58.3179777189
 20
44.6336863461
 30
0.0
 10
58.2152245251
 20
44.6281381277
 30
0.0
 10
58.0128651211
 20
44.6196947755
 30
0.0
 10
57.7171164652
 20
44.6143587443
 30
0.0
 10
57.4401768804
 20
44.6160385247
 30
0.0
 10
57.1907018273
 20
44.6241522666
 30
0.0
 10
57.0036887563
 20
44.6360550644
 30
0.0
 10
56.8736833789
 20
44.6486443436
 30
0.0
 10
56.7925710995
 20
44.6586457201
 30
0.0
 10
56.7233801364
 20
44.6695222492
 30
0.0
 10
56.6666478406
 20
44.6811062096
 30
0.0
 10
56.6274821131
 20
44.6918014474
 30
0.0
 10
56.6029153587
 20
44.7009939965
 30
0.0
 10
56.5929047344
 20
44.7057106166
 30
0.0
 10
56.5885247895
 20
44.7081456499
 30
0.0
  0
SPLINE
  5
AEC
100
AcDbEntity
  8
0
100
AcDbSpline
 62
7
  6
BYLAYER
 70
0
 71
3
 72
17
 73
13
 74
0
 42
0.0000001
 43
0.0000001
 44
0.0000000001
 40
0.0
 40
0.0
 40
0.0
 40
0.0
 40
0.317868996
 40
0.4677430714
 40
0.6068547714
 40
0.7319936128
 40
0.7885067089
 40
0.8405725699
 40
0.8879057278
 40
0.930299119
 40
0.9676696313
 40
1.0
 40
1.0
 40
1.0
 40
1.0
 10
58.317978353
 20
44.0620185741
 30
0.0
 10
58.4969817519
 20
44.0716873804
 30
0.0
 10
58.7601654722
 20
44.0913961791
 30
0.0
 10
59.1002027822
 20
44.1304993251
 30
0.0
 10
59.3313253431
 20
44.1643698529
 30
0.0
 10
59.5092269015
 20
44.1975350135
 30
0.0
 10
59.6377633686
 20
44.2267860574
 30
0.0
 10
59.7228781635
 20
44.2489150977
 30
0.0
 10
59.7994899417
 20
44.2719043594
 30
0.0
 10
59.8671448041
 20
44.2956817099
 30
0.0
 10
59.9254938381
 20
44.3201049806
 30
0.0
 10
59.9605488069
 20
44.3380371654
 30
0.0
 10
59.9762824624
 20
44.3472508349
 30
0.0
  0
SPLINE
  5
AED
100
AcDbEntity
  8
0
100
AcDbSpline
 62
7
  6
BYLAYER
 70
0
 71
3
 72
11
 73
7
 74
0
 42
0.0000001
 43
0.0000001
 44
0.0000000001
 40
0.0
 40
0.0
 40
0.0
 40
0.0
 40
0.3133573329
 40
0.5803156221
 40
0.8058807253
 40
1.0
 40
1.0
 40
1.0
 40
1.0
 10
59.9762824624
 20
44.3472508349
 30
0.0
 10
59.9879799881
 20
44.3541009363
 30
0.0
 10
60.0091319428
 20
44.3677191055
 30
0.0
 10
60.0359509446
 20
44.3901923369
 30
0.0
 10
60.0551279714
 20
44.41313406
 30
0.0
 10
60.0630520788
 20
44.4298062491
 30
0.0
 10
60.0653157793
 20
44.437892875
 30
0.0
  0
SPLINE
  5
AEE
100
AcDbEntity
  8
0
100
AcDbSpline
 62
7
  6
BYLAYER
 70
0
 71
3
 72
9
 73
5
 74
0
 42
0.0000001
 43
0.0000001
 44
0.0000000001
 40
0.0
 40
0.0
 40
0.0
 40
0.0
 40
0.2543416101
 40
1.0
 40
1.0
 40
1.0
 40
1.0
 10
60.0653157793
 20
44.437892875
 30
0.0
 10
60.0657475848
 20
44.4394354155
 30
0.0
 10
60.0672502422
 20
44.4455527702
 30
0.0
 10
60.0679257654
 20
44.4518764671
 30
0.0
 10
60.0679234632
 20
44.4565726089
 30
0.0
  0
SPLINE
  5
AEF
100
AcDbEntity
  8
0
100
AcDbSpline
 62
7
  6
BYLAYER
 70
0
 71
3
 72
19
 73
15
 74
0
 42
0.0000001
 43
0.0000001
 44
0.0000000001
 40
0.0
 40
0.0
 40
0.0
 40
0.0
 40
0.1776851034
 40
0.3496771301
 40
0.5106936153
 40
0.65578618
 40
0.7805311996
 40
0.8340690369
 40
0.8811772866
 40
0.9215183381
 40
0.9548425131
 40
0.9809883747
 40
0.99137447
 40
1.0
 40
1.0
 40
1.0
 40
1.0
 10
58.3179777189
 20
44.0396467812
 30
0.0
 10
58.2151715459
 20
44.0341210602
 30
0.0
 10
58.0127158924
 20
44.0256331358
 30
0.0
 10
57.7168304464
 20
44.0203158424
 30
0.0
 10
57.4397830497
 20
44.0220042131
 30
0.0
 10
57.1902403192
 20
44.0301363831
 30
0.0
 10
57.0032004909
 20
44.0420507754
 30
0.0
 10
56.8732017107
 20
44.0546569115
 30
0.0
 10
56.7921165469
 20
44.0646696245
 30
0.0
 10
56.7229679602
 20
44.0755552311
 30
0.0
 10
56.6662936173
 20
44.0871481847
 30
0.0
 10
56.6271862386
 20
44.0978531664
 30
0.0
 10
56.60267546
 20
44.1070549898
 30
0.0
 10
56.5926958385
 20
44.1117761688
 30
0.0
 10
56.5883327099
 20
44.1142136445
 30
0.0
  0
SPLINE
  5
AF0
100
AcDbEntity
  8
0
100
AcDbSpline
 62
7
  6
BYLAYER
 70
0
 71
3
 72
11
 73
7
 74
0
 42
0.0000001
 43
0.0000001
 44
0.0000000001
 40
0.0
 40
0.0
 40
0.0
 40
0.0
 40
0.2959926736
 40
0.5612263933
 40
0.7957077718
 40
1.0
 40
1.0
 40
1.0
 40
1.0
 10
59.8620639826
 20
43.7004300646
 30
0.0
 10
59.8781774493
 20
43.7065304109
 30
0.0
 10
59.9084895782
 20
43.7187536898
 30
0.0
 10
59.9504422204
 20
43.7384562591
 30
0.0
 10
59.9862427213
 20
43.7584744708
 30
0.0
 10
60.0073335054
 20
43.7729906558
 30
0.0
 10
60.0166519708
 20
43.780378457
 30
0.0
  0
SPLINE
  5
AF1
100
AcDbEntity
  8
0
100
AcDbSpline
 62
7
  6
BYLAYER
 70
0
 71
3
 72
9
 73
5
 74
0
 42
0.0000001
 43
0.0000001
 44
0.0000000001
 40
0.0
 40
0.0
 40
0.0
 40
0.0
 40
0.2730916548
 40
1.0
 40
1.0
 40
1.0
 40
1.0
 10
60.0166519708
 20
43.780378457
 30
0.0
 10
60.0199312468
 20
43.7829783099
 30
0.0
 10
60.0316988634
 20
43.7927832551
 30
0.0
 10
60.0424969897
 20
43.8038556209
 30
0.0
 10
60.0492015213
 20
43.8127510579
 30
0.0
  0
SPLINE
  5
AF2
100
AcDbEntity
  8
0
100
AcDbSpline
 62
7
  6
BYLAYER
 70
0
 71
3
 72
9
 73
5
 74
0
 42
0.0000001
 43
0.0000001
 44
0.0000000001
 40
0.0
 40
0.0
 40
0.0
 40
0.0
 40
0.5291874947
 40
1.0
 40
1.0
 40
1.0
 40
1.0
 10
60.0492015213
 20
43.8127510579
 30
0.0
 10
60.0549251758
 20
43.820345087
 30
0.0
 10
60.0642775177
 20
43.8360057452
 30
0.0
 10
60.0679294837
 20
43.8540717115
 30
0.0
 10
60.0679470759
 20
43.8625321436
 30
0.0
  0
SPLINE
  5
AF3
100
AcDbEntity
  8
0
100
AcDbSpline
 62
7
  6
BYLAYER
 70
0
 71
3
 72
10
 73
6
 74
0
 42
0.0000001
 43
0.0000001
 44
0.0000000001
 40
0.0
 40
0.0
 40
0.0
 40
0.0
 40
0.5655623665
 40
0.7991550112
 40
1.0
 40
1.0
 40
1.0
 40
1.0
 10
59.8621091319
 20
43.7004318901
 30
0.0
 10
59.8912428387
 20
43.7081260495
 30
0.0
 10
59.9321683056
 20
43.7201645331
 30
0.0
 10
59.9818359908
 20
43.7395144416
 30
0.0
 10
60.0027787235
 20
43.7494572782
 30
0.0
 10
60.0121749362
 20
43.7545776961
 30
0.0
  0
SPLINE
  5
AF4
100
AcDbEntity
  8
0
100
AcDbSpline
 62
7
  6
BYLAYER
 70
0
 71
3
 72
13
 73
9
 74
0
 42
0.0000001
 43
0.0000001
 44
0.0000000001
 40
0.0
 40
0.0
 40
0.0
 40
0.0
 40
0.0846716692
 40
0.1845996058
 40
0.2982522063
 40
0.4238308647
 40
0.7020651273
 40
1.0
 40
1.0
 40
1.0
 40
1.0
 10
59.8621574203
 20
43.7004446217
 30
0.0
 10
59.8205529445
 20
43.6857637793
 30
0.0
 10
59.7282655259
 20
43.6582563296
 30
0.0
 10
59.5769095647
 20
43.622788403
 30
0.0
 10
59.4031539375
 20
43.5902623728
 30
0.0
 10
59.1364890945
 20
43.5501270371
 30
0.0
 10
58.7727409319
 20
43.5112807988
 30
0.0
 10
58.4730555529
 20
43.4921408785
 30
0.0
 10
58.3179777189
 20
43.4850292398
 30
0.0
  0
SPLINE
  5
AF5
100
AcDbEntity
  8
0
100
AcDbSpline
 62
7
  6
BYLAYER
 70
0
 71
3
 72
11
 73
7
 74
0
 42
0.0000001
 43
0.0000001
 44
0.0000000001
 40
0.0
 40
0.0
 40
0.0
 40
0.0
 40
0.1744687702
 40
0.3861983269
 40
0.65771085
 40
1.0
 40
1.0
 40
1.0
 40
1.0
 10
56.5680291285
 20
44.1595527231
 30
0.0
 10
56.5680244526
 20
44.1572642552
 30
0.0
 10
56.5694581439
 20
44.1521708342
 30
0.0
 10
56.5750506709
 20
44.1454227568
 30
0.0
 10
56.5837584659
 20
44.1388975344
 30
0.0
 10
56.5908716719
 20
44.1350758036
 30
0.0
 10
56.5949157632
 20
44.1331256526
 30
0.0
  0
SPLINE
  5
AF6
100
AcDbEntity
  8
0
100
AcDbSpline
 62
7
  6
BYLAYER
 70
0
 71
3
 72
19
 73
15
 74
0
 42
0.0000001
 43
0.0000001
 44
0.0000000001
 40
0.0
 40
0.0
 40
0.0
 40
0.0
 40
0.0094200065
 40
0.0205791649
 40
0.0481297173
 40
0.0825894816
 40
0.1237956783
 40
0.1715465797
 40
0.2255218796
 40
0.3503699956
 40
0.4947152269
 40
0.6543469452
 40
0.8244341708
 40
1.0
 40
1.0
 40
1.0
 40
1.0
 10
56.5949157632
 20
44.1331256526
 30
0.0
 10
56.5998111734
 20
44.1307649767
 30
0.0
 10
56.6107841219
 20
44.126185031
 30
0.0
 10
56.6370938791
 20
44.1172649919
 30
0.0
 10
56.6780610031
 20
44.1068557132
 30
0.0
 10
56.7365469548
 20
44.0955677632
 30
0.0
 10
56.8069823629
 20
44.0850024655
 30
0.0
 10
56.8888879071
 20
44.0753323933
 30
0.0
 10
57.0190611375
 20
44.0632501932
 30
0.0
 10
57.205207066
 20
44.0518266792
 30
0.0
 10
57.4525269899
 20
44.044158055
 30
0.0
 10
57.7260635177
 20
44.0427733389
 30
0.0
 10
58.0175623723
 20
44.0481723424
 30
0.0
 10
58.2168331101
 20
44.056555249
 30
0.0
 10
58.3179783551
 20
44.0620185742
 30
0.0
  0
SPLINE
  5
AF7
100
AcDbEntity
  8
0
100
AcDbSpline
 62
7
  6
BYLAYER
 70
0
 71
3
 72
19
 73
15
 74
0
 42
0.0000001
 43
0.0000001
 44
0.0000000001
 40
0.0
 40
0.0
 40
0.0
 40
0.0
 40
0.1776261742
 40
0.3495657233
 40
0.5105425456
 40
0.6556152671
 40
0.7803638138
 40
0.8339130882
 40
0.8810396635
 40
0.9214059113
 40
0.9547620336
 40
0.9809458016
 40
0.9913527394
 40
1.0
 40
1.0
 40
1.0
 40
1.0
 10
58.3179777189
 20
45.8217680353
 30
0.0
 10
58.2152200886
 20
45.8161915159
 30
0.0
 10
58.0128458453
 20
45.8078275435
 30
0.0
 10
57.7170842459
 20
45.8024396739
 30
0.0
 10
57.4401319655
 20
45.8041056073
 30
0.0
 10
57.1906497842
 20
45.8122344634
 30
0.0
 10
57.0036334569
 20
45.8241389398
 30
0.0
 10
56.8736288008
 20
45.8367314106
 30
0.0
 10
56.792519638
 20
45.8467344012
 30
0.0
 10
56.7233334611
 20
45.8576110347
 30
0.0
 10
56.6666076997
 20
45.869194729
 30
0.0
 10
56.6274485205
 20
45.8798903127
 30
0.0
 10
56.6028881042
 20
45.8890838776
 30
0.0
 10
56.5928810158
 20
45.8938012245
 30
0.0
 10
56.5885030041
 20
45.896236703
 30
0.0
  0
SPLINE
  5
AF8
100
AcDbEntity
  8
0
100
AcDbSpline
 62
7
  6
BYLAYER
 70
0
 71
3
 72
13
 73
9
 74
0
 42
0.0000001
 43
0.0000001
 44
0.0000000001
 40
0.0
 40
0.0
 40
0.0
 40
0.0
 40
0.3167835376
 40
0.5919570626
 40
0.7122613595
 40
0.8204689276
 40
0.9163978592
 40
1.0
 40
1.0
 40
1.0
 40
1.0
 10
59.3893572009
 20
45.3638849118
 30
0.0
 10
59.4531811671
 20
45.375203452
 30
0.0
 10
59.5720734396
 20
45.3985396812
 30
0.0
 10
59.7136188713
 20
45.433702855
 30
0.0
 10
59.8120933999
 20
45.4642058393
 30
0.0
 10
59.8745762359
 20
45.486724059
 30
0.0
 10
59.9287776625
 20
45.509802251
 30
0.0
 10
59.9614810455
 20
45.5266586222
 30
0.0
 10
59.9762450038
 20
45.5352992103
 30
0.0
  0
SPLINE
  5
AF9
100
AcDbEntity
  8
0
100
AcDbSpline
 62
7
  6
BYLAYER
 70
0
 71
3
 72
11
 73
7
 74
0
 42
0.0000001
 43
0.0000001
 44
0.0000000001
 40
0.0
 40
0.0
 40
0.0
 40
0.0
 40
0.3140642338
 40
0.580993316
 40
0.8061808087
 40
1.0
 40
1.0
 40
1.0
 40
1.0
 10
59.9762450038
 20
45.5352992103
 30
0.0
 10
59.988062676
 20
45.5422154882
 30
0.0
 10
60.0094060376
 20
45.5559585883
 30
0.0
 10
60.0363935874
 20
45.5786858073
 30
0.0
 10
60.0555757427
 20
45.6018969691
 30
0.0
 10
60.0633860281
 20
45.6187607301
 30
0.0
 10
60.0655599249
 20
45.626926576
 30
0.0
  0
SPLINE
  5
AFA
100
AcDbEntity
  8
0
100
AcDbSpline
 62
7
  6
BYLAYER
 70
0
 71
3
 72
9
 73
5
 74
0
 42
0.0000001
 43
0.0000001
 44
0.0000000001
 40
0.0
 40
0.0
 40
0.0
 40
0.0
 40
0.253934239
 40
1.0
 40
1.0
 40
1.0
 40
1.0
 10
60.0655599249
 20
45.626926576
 30
0.0
 10
60.0659499469
 20
45.6283916225
 30
0.0
 10
60.0673086053
 20
45.6342064302
 30
0.0
 10
60.0679195985
 20
45.6401984481
 30
0.0
 10
60.0679211241
 20
45.6446527128
 30
0.0
  0
SPLINE
  5
AFB
100
AcDbEntity
  8
0
100
AcDbSpline
 62
7
  6
BYLAYER
 70
0
 71
3
 72
11
 73
7
 74
0
 42
0.0000001
 43
0.0000001
 44
0.0000000001
 40
0.0
 40
0.0
 40
0.0
 40
0.0
 40
0.2667649498
 40
0.5268471041
 40
0.7733348245
 40
1.0
 40
1.0
 40
1.0
 40
1.0
 10
58.3179781974
 20
45.2500847306
 30
0.0
 10
58.413694508
 20
45.2552618405
 30
0.0
 10
58.6026197123
 20
45.2676553814
 30
0.0
 10
58.8794068768
 20
45.2926534971
 30
0.0
 10
59.1410617709
 20
45.3238592286
 30
0.0
 10
59.3091581944
 20
45.3496829606
 30
0.0
 10
59.3893581794
 20
45.3638820405
 30
0.0
  0
SPLINE
  5
AFC
100
AcDbEntity
  8
0
100
AcDbSpline
 62
7
  6
BYLAYER
 70
0
 71
3
 72
11
 73
7
 74
0
 42
0.0000001
 43
0.0000001
 44
0.0000000001
 40
0.0
 40
0.0
 40
0.0
 40
0.0
 40
0.1746670942
 40
0.3867949881
 40
0.6583871434
 40
1.0
 40
1.0
 40
1.0
 40
1.0
 10
56.5680161899
 20
44.7535933491
 30
0.0
 10
56.5680252928
 20
44.7513031242
 30
0.0
 10
56.569491203
 20
44.7462143306
 30
0.0
 10
56.5751011727
 20
44.7394777624
 30
0.0
 10
56.5838028967
 20
44.7329565563
 30
0.0
 10
56.5909013794
 20
44.7291311058
 30
0.0
 10
56.5949330254
 20
44.7271793238
 30
0.0
  0
SPLINE
  5
AFD
100
AcDbEntity
  8
0
100
AcDbSpline
 62
7
  6
BYLAYER
 70
0
 71
3
 72
19
 73
15
 74
0
 42
0.0000001
 43
0.0000001
 44
0.0000000001
 40
0.0
 40
0.0
 40
0.0
 40
0.0
 40
0.0093893576
 40
0.0205200997
 40
0.0480655313
 40
0.0825586352
 40
0.1237888502
 40
0.1715091878
 40
0.2254499833
 40
0.3503464783
 40
0.4946776957
 40
0.6543214718
 40
0.8244395756
 40
1.0
 40
1.0
 40
1.0
 40
1.0
 10
56.5949330254
 20
44.7271793238
 30
0.0
 10
56.5998088664
 20
44.724818854
 30
0.0
 10
56.6107422307
 20
44.7202327057
 30
0.0
 10
56.637009151
 20
44.7113003018
 30
0.0
 10
56.6779798374
 20
44.7009020069
 30
0.0
 10
56.7364976303
 20
44.6896241592
 30
0.0
 10
56.8069489919
 20
44.6790642304
 30
0.0
 10
56.8888277791
 20
44.6693747423
 30
0.0
 10
57.0189895866
 20
44.6572765359
 30
0.0
 10
57.2051369477
 20
44.6458931074
 30
0.0
 10
57.4524805906
 20
44.6381789383
 30
0.0
 10
57.7260331525
 20
44.6368214233
 30
0.0
 10
58.0175517768
 20
44.6422147355
 30
0.0
 10
58.2168370508
 20
44.6505846306
 30
0.0
 10
58.3179782964
 20
44.6560548419
 30
0.0
  0
SPLINE
  5
AFE
100
AcDbEntity
  8
0
100
AcDbSpline
 62
7
  6
BYLAYER
 70
0
 71
3
 72
11
 73
7
 74
0
 42
0.0000001
 43
0.0000001
 44
0.0000000001
 40
0.0
 40
0.0
 40
0.0
 40
0.0
 40
0.1746616868
 40
0.3866979779
 40
0.6582495655
 40
1.0
 40
1.0
 40
1.0
 40
1.0
 10
56.5680290006
 20
45.9416735496
 30
0.0
 10
56.5680344148
 20
45.9393838718
 30
0.0
 10
56.5694902558
 20
45.9342944868
 30
0.0
 10
56.5750917035
 20
45.9275544052
 30
0.0
 10
56.5837899356
 20
45.9210318682
 30
0.0
 10
56.5908885318
 20
45.9172072852
 30
0.0
 10
56.594921332
 20
45.9152559386
 30
0.0
  0
SPLINE
  5
AFF
100
AcDbEntity
  8
0
100
AcDbSpline
 62
7
  6
BYLAYER
 70
0
 71
3
 72
19
 73
15
 74
0
 42
0.0000001
 43
0.0000001
 44
0.0000000001
 40
0.0
 40
0.0
 40
0.0
 40
0.0
 40
0.0093950707
 40
0.0205369254
 40
0.0480895884
 40
0.0825742871
 40
0.1237941641
 40
0.1715164147
 40
0.2254718274
 40
0.3503576075
 40
0.4946865937
 40
0.6543315637
 40
0.8244379925
 40
1.0
 40
1.0
 40
1.0
 40
1.0
 10
56.594921332
 20
45.9152559386
 30
0.0
 10
56.5998006371
 20
45.9128949946
 30
0.0
 10
56.6107447031
 20
45.9083088247
 30
0.0
 10
56.6370289312
 20
45.8993840732
 30
0.0
 10
56.6780043202
 20
45.8889823766
 30
0.0
 10
56.7365152691
 20
45.8777013151
 30
0.0
 10
56.8069567889
 20
45.8671389242
 30
0.0
 10
56.8888399913
 20
45.8574517942
 30
0.0
 10
57.0190067112
 20
45.845363638
 30
0.0
 10
57.2051550499
 20
45.833966776
 30
0.0
 10
57.4524937475
 20
45.826262556
 30
0.0
 10
57.7260401901
 20
45.8249026453
 30
0.0
 10
58.0175554629
 20
45.8302906183
 30
0.0
 10
58.2168355658
 20
45.8386689475
 30
0.0
 10
58.3179783478
 20
45.8441374945
 30
0.0
  0
SPLINE
  5
B00
100
AcDbEntity
  8
0
100
AcDbSpline
 62
7
  6
BYLAYER
 70
0
 71
3
 72
11
 73
7
 74
0
 42
0.0000001
 43
0.0000001
 44
0.0000000001
 40
0.0
 40
0.0
 40
0.0
 40
0.0
 40
0.1744251156
 40
0.3866641517
 40
0.6584590348
 40
1.0
 40
1.0
 40
1.0
 40
1.0
 10
56.5679496486
 20
45.34763308
 30
0.0
 10
56.5679628991
 20
45.3453414457
 30
0.0
 10
56.5694527209
 20
45.3402485496
 30
0.0
 10
56.5750993859
 20
45.3335206196
 30
0.0
 10
56.583833924
 20
45.3270029433
 30
0.0
 10
56.5909513401
 20
45.3231755494
 30
0.0
 10
56.5949912748
 20
45.3212223712
 30
0.0
  0
SPLINE
  5
B01
100
AcDbEntity
  8
0
100
AcDbSpline
 62
7
  6
BYLAYER
 70
0
 71
3
 72
19
 73
15
 74
0
 42
0.0000001
 43
0.0000001
 44
0.0000000001
 40
0.0
 40
0.0
 40
0.0
 40
0.0
 40
0.0093933804
 40
0.0205104345
 40
0.0480036078
 40
0.0825012399
 40
0.1237691902
 40
0.1715139889
 40
0.2254245843
 40
0.3503105732
 40
0.4946801254
 40
0.6542925957
 40
0.8244402052
 40
1.0
 40
1.0
 40
1.0
 40
1.0
 10
56.5949912748
 20
45.3212223712
 30
0.0
 10
56.5998702898
 20
45.3188635247
 30
0.0
 10
56.6107980106
 20
45.3142801727
 30
0.0
 10
56.6370239838
 20
45.3053417366
 30
0.0
 10
56.6779516837
 20
45.2949213623
 30
0.0
 10
56.7364659064
 20
45.283661583
 30
0.0
 10
56.8069550533
 20
45.2731113119
 30
0.0
 10
56.8888504287
 20
45.2634281229
 30
0.0
 10
57.0189958593
 20
45.2513005538
 30
0.0
 10
57.2051377741
 20
45.2399340195
 30
0.0
 10
57.4524712749
 20
45.2322314082
 30
0.0
 10
57.726036493
 20
45.2308421417
 30
0.0
 10
58.0175435888
 20
45.2362799456
 30
0.0
 10
58.2168405203
 20
45.2446143894
 30
0.0
 10
58.3179781978
 20
45.2500847306
 30
0.0
  0
SPLINE
  5
B02
100
AcDbEntity
  8
0
100
AcDbSpline
 62
7
  6
BYLAYER
 70
0
 71
3
 72
17
 73
13
 74
0
 42
0.0000001
 43
0.0000001
 44
0.0000000001
 40
0.0
 40
0.0
 40
0.0
 40
0.0
 40
0.0331063974
 40
0.0711842592
 40
0.1141824273
 40
0.161961624
 40
0.2710104956
 40
0.3962273745
 40
0.5349502223
 40
0.6840938935
 40
0.8403152702
 40
1.0
 40
1.0
 40
1.0
 40
1.0
 10
59.9671466958
 20
44.3196528305
 30
0.0
 10
59.9509410572
 20
44.3106166631
 30
0.0
 10
59.9150647562
 20
44.2930302626
 30
0.0
 10
59.8557011643
 20
44.2690384868
 30
0.0
 10
59.7873257468
 20
44.2457011607
 30
0.0
 10
59.6798286826
 20
44.2141902415
 30
0.0
 10
59.5258313297
 20
44.1780442604
 30
0.0
 10
59.3201822882
 20
44.1402365558
 30
0.0
 10
59.0910212823
 20
44.1069819041
 30
0.0
 10
58.8437027904
 20
44.0787643637
 30
0.0
 10
58.5840405155
 20
44.0559363013
 30
0.0
 10
58.4073448491
 20
44.0444501472
 30
0.0
 10
58.3179777189
 20
44.0396467603
 30
0.0
  0
SPLINE
  5
B03
100
AcDbEntity
  8
0
100
AcDbSpline
 62
7
  6
BYLAYER
 70
0
 71
3
 72
30
 73
26
 74
0
 42
0.0000001
 43
0.0000001
 44
0.0000000001
 40
0.0
 40
0.0
 40
0.0
 40
0.0
 40
0.0193137281
 40
0.0414073073
 40
0.066247276
 40
0.0937234532
 40
0.1558945042
 40
0.2265601326
 40
0.303959613
 40
0.3860702829
 40
0.4707523093
 40
0.5557536258
 40
0.6388080147
 40
0.717670412
 40
0.7902668018
 40
0.8546003121
 40
0.8831118733
 40
0.9089701378
 40
0.9319896494
 40
0.9519789899
 40
0.9688307473
 40
0.9824752726
 40
0.9928630047
 40
0.9968334527
 40
1.0
 40
1.0
 40
1.0
 40
1.0
 10
59.4799206109
 20
44.047910925
 30
0.0
 10
59.4662362177
 20
44.0402587934
 30
0.0
 10
59.4360533212
 20
44.0253567052
 30
0.0
 10
59.3862546706
 20
44.0049799902
 30
0.0
 10
59.3291704192
 20
43.9851519759
 30
0.0
 10
59.2400970467
 20
43.9585454675
 30
0.0
 10
59.1134445723
 20
43.928236478
 30
0.0
 10
58.9457242553
 20
43.8964378201
 30
0.0
 10
58.7608886954
 20
43.8687828918
 30
0.0
 10
58.5640163315
 20
43.8454065438
 30
0.0
 10
58.3604581125
 20
43.8266136146
 30
0.0
 10
58.1557529403
 20
43.8125856926
 30
0.0
 10
57.9555162451
 20
43.8031401894
 30
0.0
 10
57.7651895992
 20
43.7982742874
 30
0.0
 10
57.5900004153
 20
43.7975538078
 30
0.0
 10
57.455707359
 20
43.8002403837
 30
0.0
 10
57.3594262178
 20
43.8042584028
 30
0.0
 10
57.2967068329
 20
43.8079298753
 30
0.0
 10
57.2409665042
 20
43.8122788451
 30
0.0
 10
57.1926178318
 20
43.817198943
 30
0.0
 10
57.1519810793
 20
43.8226122445
 30
0.0
 10
57.1192982619
 20
43.8284148536
 30
0.0
 10
57.097164846
 20
43.8337774565
 30
0.0
 10
57.0837160574
 20
43.8384417925
 30
0.0
 10
57.0784226216
 20
43.8408411761
 30
0.0
 10
57.0761796235
 20
43.8420968431
 30
0.0
  0
SPLINE
  5
B04
100
AcDbEntity
  8
0
100
AcDbSpline
 62
7
  6
BYLAYER
 70
0
 71
3
 72
17
 73
13
 74
0
 42
0.0000001
 43
0.0000001
 44
0.0000000001
 40
0.0
 40
0.0
 40
0.0
 40
0.0
 40
0.0331165843
 40
0.0712034245
 40
0.1142090679
 40
0.1619940634
 40
0.271049485
 40
0.3962668837
 40
0.5349849364
 40
0.6841197454
 40
0.840328934
 40
1.0
 40
1.0
 40
1.0
 40
1.0
 10
59.9670248513
 20
44.913625028
 30
0.0
 10
59.9508130715
 20
44.9045913041
 30
0.0
 10
59.9149264645
 20
44.8870092955
 30
0.0
 10
59.8555505334
 20
44.8630224524
 30
0.0
 10
59.787166586
 20
44.8396901266
 30
0.0
 10
59.6796652682
 20
44.8081871867
 30
0.0
 10
59.525671252
 20
44.7720530941
 30
0.0
 10
59.3200369653
 20
44.7342540655
 30
0.0
 10
59.0909012593
 20
44.7010098018
 30
0.0
 10
58.843618468
 20
44.6727908975
 30
0.0
 10
58.5839972623
 20
44.6499575103
 30
0.0
 10
58.4073286286
 20
44.6385108617
 30
0.0
 10
58.3179777189
 20
44.6336863074
 30
0.0
  0
SPLINE
  5
B05
100
AcDbEntity
  8
0
100
AcDbSpline
 62
7
  6
BYLAYER
 70
0
 71
3
 72
29
 73
25
 74
0
 42
0.0000001
 43
0.0000001
 44
0.0000000001
 40
0.0
 40
0.0
 40
0.0
 40
0.0
 40
0.0193320868
 40
0.041430674
 40
0.0662663604
 40
0.0937358127
 40
0.1559143436
 40
0.2265624184
 40
0.3039452031
 40
0.3860285288
 40
0.4706860657
 40
0.5556647232
 40
0.6386994441
 40
0.7175463251
 40
0.7901413002
 40
0.8544629041
 40
0.9088828974
 40
0.9318843681
 40
0.9518743507
 40
0.9687609974
 40
0.9824485325
 40
0.9928561252
 40
0.9968287836
 40
1.0
 40
1.0
 40
1.0
 40
1.0
 10
59.4797404585
 20
44.6418680128
 30
0.0
 10
59.4660450829
 20
44.6342094077
 30
0.0
 10
59.4358558275
 20
44.6192884311
 30
0.0
 10
59.3860498432
 20
44.5989054608
 30
0.0
 10
59.3289601044
 20
44.5791318904
 30
0.0
 10
59.2398860385
 20
44.5525875088
 30
0.0
 10
59.113290431
 20
44.5221800032
 30
0.0
 10
58.9455931693
 20
44.4904889256
 30
0.0
 10
58.76083899
 20
44.4628181994
 30
0.0
 10
58.5640505911
 20
44.4394235817
 30
0.0
 10
58.3605739454
 20
44.4207225678
 30
0.0
 10
58.155959787
 20
44.4065677018
 30
0.0
 10
57.9557913936
 20
44.397248907
 30
0.0
 10
57.7655241237
 20
44.3922898096
 30
0.0
 10
57.5903802147
 20
44.3916021048
 30
0.0
 10
57.4350935746
 20
44.3946829504
 30
0.0
 10
57.320152041
 20
44.4001699266
 30
0.0
 10
57.2413155368
 20
44.4062744047
 30
0.0
 10
57.1929601423
 20
44.4112046666
 30
0.0
 10
57.1522653684
 20
44.4166205389
 30
0.0
 10
57.1195048667
 20
44.4224108215
 30
0.0
 10
57.0973162903
 20
44.4277572351
 30
0.0
 10
57.0838449465
 20
44.4324178446
 30
0.0
 10
57.0785471414
 20
44.4348191487
 30
0.0
 10
57.0763005002
 20
44.4360753419
 30
0.0
  0
SPLINE
  5
B06
100
AcDbEntity
  8
0
100
AcDbSpline
 62
7
  6
BYLAYER
 70
0
 71
3
 72
16
 73
12
 74
0
 42
0.0000001
 43
0.0000001
 44
0.0000000001
 40
0.0
 40
0.0
 40
0.0
 40
0.0
 40
0.0331425801
 40
0.071252365
 40
0.1142772136
 40
0.162077393
 40
0.2711517514
 40
0.3963732675
 40
0.5350823986
 40
0.6841980937
 40
1.0
 40
1.0
 40
1.0
 40
1.0
 10
59.9667234584
 20
45.5074977528
 30
0.0
 10
59.9504965658
 20
45.498469862
 30
0.0
 10
59.9145846549
 20
45.4808983573
 30
0.0
 10
59.8551783039
 20
45.4569237922
 30
0.0
 10
59.786773074
 20
45.4336052059
 30
0.0
 10
59.6792606358
 20
45.4021243872
 30
0.0
 10
59.5252762841
 20
45.3660130488
 30
0.0
 10
59.3196782606
 20
45.3282366015
 30
0.0
 10
59.0906044745
 20
45.2950143276
 30
0.0
 10
58.7545492925
 20
45.2566698692
 30
0.0
 10
58.4946558224
 20
45.2373159013
 30
0.0
 10
58.3179777189
 20
45.2277269853
 30
0.0
  0
SPLINE
  5
B07
100
AcDbEntity
  8
0
100
AcDbSpline
 62
7
  6
BYLAYER
 70
0
 71
3
 72
29
 73
25
 74
0
 42
0.0000001
 43
0.0000001
 44
0.0000000001
 40
0.0
 40
0.0
 40
0.0
 40
0.0
 40
0.0193545842
 40
0.041458371
 40
0.0663016184
 40
0.093784192
 40
0.1559912027
 40
0.2266538541
 40
0.3040421463
 40
0.3861342804
 40
0.4707948039
 40
0.5557697564
 40
0.6387862061
 40
0.7176422503
 40
0.7902028547
 40
0.854526859
 40
0.9089287567
 40
0.9319135495
 40
0.9519081416
 40
0.9688100085
 40
0.9824912328
 40
0.9928676924
 40
0.9968294649
 40
1.0
 40
1.0
 40
1.0
 40
1.0
 10
59.4795159973
 20
45.2357693581
 30
0.0
 10
59.4658066053
 20
45.2281022758
 30
0.0
 10
59.4355985169
 20
45.2131761423
 30
0.0
 10
59.385751975
 20
45.1928321733
 30
0.0
 10
59.3286319602
 20
45.1731064337
 30
0.0
 10
59.2395354524
 20
45.1465404763
 30
0.0
 10
59.112918825
 20
45.1160827487
 30
0.0
 10
58.9451778343
 20
45.0845227391
 30
0.0
 10
58.760437146
 20
45.0567632095
 30
0.0
 10
58.5636485203
 20
45.0334453349
 30
0.0
 10
58.3601941783
 20
45.0147041781
 30
0.0
 10
58.155615578
 20
45.0006118834
 30
0.0
 10
57.9554834728
 20
44.9912639855
 30
0.0
 10
57.7652734876
 20
44.9863259811
 30
0.0
 10
57.5901692191
 20
44.9856540302
 30
0.0
 10
57.4349421614
 20
44.9887233243
 30
0.0
 10
57.320039212
 20
44.9941951522
 30
0.0
 10
57.2412398498
 20
45.0003373955
 30
0.0
 10
57.1928872302
 20
45.0052614859
 30
0.0
 10
57.1521863325
 20
45.0106760837
 30
0.0
 10
57.119444653
 20
45.0164458692
 30
0.0
 10
57.097298488
 20
45.0217933738
 30
0.0
 10
57.083868845
 20
45.0264638576
 30
0.0
 10
57.0785834283
 20
45.0288670798
 30
0.0
 10
57.0763376296
 20
45.0301230125
 30
0.0
  0
SPLINE
  5
B08
100
AcDbEntity
  8
0
100
AcDbSpline
 62
7
  6
BYLAYER
 70
0
 71
3
 72
23
 73
19
 74
0
 42
0.0000001
 43
0.0000001
 44
0.0000000001
 40
0.0
 40
0.0
 40
0.0
 40
0.0
 40
0.0049967412
 40
0.0113949988
 40
0.0195968715
 40
0.0297834466
 40
0.0420288635
 40
0.0563600533
 40
0.0727816512
 40
0.0912789243
 40
0.1343677078
 40
0.1853155739
 40
0.24368835
 40
0.3089834009
 40
0.4579384335
 40
0.6268657614
 40
0.8097157842
 40
1.0
 40
1.0
 40
1.0
 40
1.0
 10
56.6271169487
 20
43.5931798342
 30
0.0
 10
56.6278624627
 20
43.59043201
 30
0.0
 10
56.6312713772
 20
43.5846532531
 30
0.0
 10
56.6397221926
 20
43.5772363756
 30
0.0
 10
56.6518623821
 20
43.5699209255
 30
0.0
 10
56.6677869258
 20
43.562713718
 30
0.0
 10
56.6875035723
 20
43.5555933056
 30
0.0
 10
56.710993966
 20
43.5485966613
 30
0.0
 10
56.7382158129
 20
43.5417502173
 30
0.0
 10
56.7816729196
 20
43.53238094
 30
0.0
 10
56.8448967086
 20
43.5215280391
 30
0.0
 10
56.9309930054
 20
43.510063539
 30
0.0
 10
57.0299705074
 20
43.4997953719
 30
0.0
 10
57.1848282027
 20
43.4874089086
 30
0.0
 10
57.4029434567
 20
43.4765547943
 30
0.0
 10
57.6882425316
 20
43.4709582532
 30
0.0
 10
57.9971358068
 20
43.473217171
 30
0.0
 10
58.2096668975
 20
43.4800622788
 30
0.0
 10
58.3179777189
 20
43.4850292519
 30
0.0
  0
SPLINE
  5
B09
100
AcDbEntity
  8
0
100
AcDbSpline
 62
7
  6
BYLAYER
 70
0
 71
3
 72
11
 73
7
 74
0
 42
0.0000001
 43
0.0000001
 44
0.0000000001
 40
0.0
 40
0.0
 40
0.0
 40
0.0
 40
0.1745287999
 40
0.3867690622
 40
0.6584985387
 40
1.0
 40
1.0
 40
1.0
 40
1.0
 10
56.5679723538
 20
46.5357136179
 30
0.0
 10
56.5679862205
 20
46.5334221823
 30
0.0
 10
56.5694719388
 20
46.5283313475
 30
0.0
 10
56.5751081287
 20
46.521601508
 30
0.0
 10
56.5838313408
 20
46.5150828859
 30
0.0
 10
56.5909412231
 20
46.5112558177
 30
0.0
 10
56.5949773654
 20
46.509302989
 30
0.0
  0
SPLINE
  5
B0A
100
AcDbEntity
  8
0
100
AcDbSpline
 62
7
  6
BYLAYER
 70
0
 71
3
 72
19
 73
15
 74
0
 42
0.0000001
 43
0.0000001
 44
0.0000000001
 40
0.0
 40
0.0
 40
0.0
 40
0.0
 40
0.0093893309
 40
0.0205062546
 40
0.0480153502
 40
0.0825169929
 40
0.1237750612
 40
0.1715094329
 40
0.2254226879
 40
0.3503202864
 40
0.494676021
 40
0.6542995756
 40
0.8244413012
 40
1.0
 40
1.0
 40
1.0
 40
1.0
 10
56.5949773654
 20
46.509302989
 30
0.0
 10
56.5998536133
 20
46.5069436874
 30
0.0
 10
56.6107785718
 20
46.5023595319
 30
0.0
 10
56.6370115486
 20
46.493419612
 30
0.0
 10
56.6779539349
 20
46.4830088613
 30
0.0
 10
56.7364733802
 20
46.4717450511
 30
0.0
 10
56.8069531989
 20
46.4611913282
 30
0.0
 10
56.8888386515
 20
46.4515052354
 30
0.0
 10
57.018987876
 20
46.4393824669
 30
0.0
 10
57.205131503
 20
46.4280182919
 30
0.0
 10
57.4524719063
 20
46.420305358
 30
0.0
 10
57.7260344005
 20
46.4189301808
 30
0.0
 10
58.0175464315
 20
46.4243530053
 30
0.0
 10
58.2168406536
 20
46.4326967841
 30
0.0
 10
58.3179784505
 20
46.4381682531
 30
0.0
  0
SPLINE
  5
B0B
100
AcDbEntity
  8
0
100
AcDbSpline
 62
7
  6
BYLAYER
 70
0
 71
3
 72
10
 73
6
 74
0
 42
0.0000001
 43
0.0000001
 44
0.0000000001
 40
0.0
 40
0.0
 40
0.0
 40
0.0
 40
0.402725813
 40
0.6744993897
 40
1.0
 40
1.0
 40
1.0
 40
1.0
 10
56.5689137258
 20
47.1246809793
 30
0.0
 10
56.5705907743
 20
47.1204000594
 30
0.0
 10
56.5762296118
 20
47.1145203528
 30
0.0
 10
56.5856146903
 20
47.1081497117
 30
0.0
 10
56.5916741169
 20
47.1049479225
 30
0.0
 10
56.5950213332
 20
47.1033338563
 30
0.0
  0
SPLINE
  5
B0C
100
AcDbEntity
  8
0
100
AcDbSpline
 62
7
  6
BYLAYER
 70
0
 71
3
 72
19
 73
15
 74
0
 42
0.0000001
 43
0.0000001
 44
0.0000000001
 40
0.0
 40
0.0
 40
0.0
 40
0.0
 40
0.0094092714
 40
0.0205370061
 40
0.0480167775
 40
0.0824846627
 40
0.12376544
 40
0.1715383421
 40
0.2254605578
 40
0.3503051911
 40
0.4947027572
 40
0.654291791
 40
0.8244366086
 40
1.0
 40
1.0
 40
1.0
 40
1.0
 10
56.5950213332
 20
47.1033338563
 30
0.0
 10
56.5999109132
 20
47.1009760445
 30
0.0
 10
56.6108557833
 20
47.0963949409
 30
0.0
 10
56.637091086
 20
47.0874626648
 30
0.0
 10
56.6779953344
 20
47.0770321651
 30
0.0
 10
56.736489278
 20
47.0657623284
 30
0.0
 10
56.8069856379
 20
47.0552250953
 30
0.0
 10
56.8889107864
 20
47.0455498499
 30
0.0
 10
57.0190528944
 20
47.0334253326
 30
0.0
 10
57.2051889703
 20
47.0220352894
 30
0.0
 10
57.4524977494
 20
47.014369819
 30
0.0
 10
57.7260583276
 20
47.0129454766
 30
0.0
 10
58.0175466708
 20
47.0184105951
 30
0.0
 10
58.2168401157
 20
47.026739496
 30
0.0
 10
58.3179783535
 20
47.032202027
 30
0.0
  0
SPLINE
  5
B0D
100
AcDbEntity
  8
0
100
AcDbSpline
 62
7
  6
BYLAYER
 70
0
 71
3
 72
13
 73
9
 74
0
 42
0.0000001
 43
0.0000001
 44
0.0000000001
 40
0.0
 40
0.0
 40
0.0
 40
0.0
 40
0.2824933803
 40
0.5517157184
 40
0.6772064269
 40
0.7946611819
 40
0.9026939887
 40
1.0
 40
1.0
 40
1.0
 40
1.0
 10
58.3179783531
 20
47.032202027
 30
0.0
 10
58.4478259989
 20
47.0392151687
 30
0.0
 10
58.7012239607
 20
47.0568726751
 30
0.0
 10
59.0113591526
 20
47.0892378338
 30
0.0
 10
59.2449050208
 20
47.121625161
 30
0.0
 10
59.4043393031
 20
47.1478902628
 30
0.0
 10
59.5501776228
 20
47.1764693113
 30
0.0
 10
59.6422149224
 20
47.1981539933
 30
0.0
 10
59.6855343705
 20
47.2095437265
 30
0.0
  0
SPLINE
  5
B0E
100
AcDbEntity
  8
0
100
AcDbSpline
 62
7
  6
BYLAYER
 70
0
 71
3
 72
19
 73
15
 74
0
 42
0.0000001
 43
0.0000001
 44
0.0000000001
 40
0.0
 40
0.0
 40
0.0
 40
0.0
 40
0.1776120421
 40
0.3495402616
 40
0.5105086141
 40
0.6555762776
 40
0.7803254159
 40
0.8338770628
 40
0.8810075701
 40
0.9213793702
 40
0.9547428014
 40
0.9809356878
 40
0.9913476355
 40
1.0
 40
1.0
 40
1.0
 40
1.0
 10
58.3179777189
 20
47.0098445909
 30
0.0
 10
58.215231166
 20
47.0042635271
 30
0.0
 10
58.0128798362
 20
46.9958256723
 30
0.0
 10
57.7171438823
 20
46.9904790234
 30
0.0
 10
57.440213644
 20
46.9921600117
 30
0.0
 10
57.1907451072
 20
47.0002802707
 30
0.0
 10
57.0037343453
 20
47.0121777992
 30
0.0
 10
56.8737285623
 20
47.0247654411
 30
0.0
 10
56.7926142571
 20
47.0347658491
 30
0.0
 10
56.7234198029
 20
47.0456408602
 30
0.0
 10
56.666682329
 20
47.0572235122
 30
0.0
 10
56.6275111797
 20
47.0679179787
 30
0.0
 10
56.6029390069
 20
47.0771099217
 30
0.0
 10
56.5929253569
 20
47.0818262725
 30
0.0
 10
56.5885437693
 20
47.084261141
 30
0.0
  0
SPLINE
  5
B0F
100
AcDbEntity
  8
0
100
AcDbSpline
 62
7
  6
BYLAYER
 70
0
 71
3
 72
18
 73
14
 74
0
 42
0.0000001
 43
0.0000001
 44
0.0000000001
 40
0.0
 40
0.0
 40
0.0
 40
0.0
 40
0.1607163778
 40
0.3178414261
 40
0.4676454632
 40
0.60674493
 40
0.7319240399
 40
0.788400282
 40
0.8404401005
 40
0.887804366
 40
0.9302772119
 40
0.9676856517
 40
1.0
 40
1.0
 40
1.0
 40
1.0
 10
58.3179784503
 20
46.4381682531
 30
0.0
 10
58.4084657307
 20
46.4430635382
 30
0.0
 10
58.587320486
 20
46.4546803112
 30
0.0
 10
58.8500066117
 20
46.4778538631
 30
0.0
 10
59.0998841443
 20
46.5066238641
 30
0.0
 10
59.33093303
 20
46.5404990441
 30
0.0
 10
59.5088127707
 20
46.5735695459
 30
0.0
 10
59.6373072035
 20
46.60283533
 30
0.0
 10
59.7223838666
 20
46.6249718637
 30
0.0
 10
59.7990307649
 20
46.6479529807
 30
0.0
 10
59.8667783441
 20
46.6716754046
 30
0.0
 10
59.9251912603
 20
46.6960658534
 30
0.0
 10
59.9602479628
 20
46.714007255
 30
0.0
 10
59.9759676801
 20
46.7232198927
 30
0.0
  0
SPLINE
  5
B10
100
AcDbEntity
  8
0
100
AcDbSpline
 62
7
  6
BYLAYER
 70
0
 71
3
 72
10
 73
6
 74
0
 42
0.0000001
 43
0.0000001
 44
0.0000000001
 40
0.0
 40
0.0
 40
0.0
 40
0.0
 40
0.3139367695
 40
0.5816860709
 40
1.0
 40
1.0
 40
1.0
 40
1.0
 10
59.9759676801
 20
46.7232198927
 30
0.0
 10
59.9876774638
 20
46.730082484
 30
0.0
 10
60.0089025516
 20
46.7437942777
 30
0.0
 10
60.0419562804
 20
46.7713953317
 30
0.0
 10
60.0604718821
 20
46.7966178808
 30
0.0
 10
60.0653964292
 20
46.8140196291
 30
0.0
  0
SPLINE
  5
B11
100
AcDbEntity
  8
0
100
AcDbSpline
 62
7
  6
BYLAYER
 70
0
 71
3
 72
9
 73
5
 74
0
 42
0.0000001
 43
0.0000001
 44
0.0000000001
 40
0.0
 40
0.0
 40
0.0
 40
0.0
 40
0.2544473599
 40
1.0
 40
1.0
 40
1.0
 40
1.0
 10
60.0653964292
 20
46.8140196291
 30
0.0
 10
60.0658336438
 20
46.8155646034
 30
0.0
 10
60.0673532534
 20
46.8216905879
 30
0.0
 10
60.0680286447
 20
46.8280288979
 30
0.0
 10
60.0680180329
 20
46.8327335698
 30
0.0
  0
SPLINE
  5
B12
100
AcDbEntity
  8
0
100
AcDbSpline
 62
7
  6
BYLAYER
 70
0
 71
3
 72
19
 73
15
 74
0
 42
0.0000001
 43
0.0000001
 44
0.0000000001
 40
0.0
 40
0.0
 40
0.0
 40
0.0
 40
0.1775904526
 40
0.3494996073
 40
0.5104537222
 40
0.6555140199
 40
0.7802643254
 40
0.8338201239
 40
0.8809572978
 40
0.9213382751
 40
0.95471337
 40
0.9809201602
 40
0.9913397361
 40
1.0
 40
1.0
 40
1.0
 40
1.0
 10
58.3179777189
 20
46.4158036515
 30
0.0
 10
58.2152472431
 20
46.4102349314
 30
0.0
 10
58.0129285775
 20
46.4017835205
 30
0.0
 10
57.7172362665
 20
46.3964409588
 30
0.0
 10
57.4403410097
 20
46.3981181039
 30
0.0
 10
57.1908943862
 20
46.4062337548
 30
0.0
 10
57.0038922181
 20
46.4181261229
 30
0.0
 10
56.8738843624
 20
46.4307087431
 30
0.0
 10
56.7927613428
 20
46.4407057256
 30
0.0
 10
56.7235531824
 20
46.4515774291
 30
0.0
 10
56.6667969413
 20
46.4631569277
 30
0.0
 10
56.6276069923
 20
46.473848563
 30
0.0
 10
56.603016773
 20
46.4830377437
 30
0.0
 10
56.5929931078
 20
46.4877526695
 30
0.0
 10
56.5886060818
 20
46.4901867478
 30
0.0
  0
SPLINE
  5
B13
100
AcDbEntity
  8
0
100
AcDbSpline
 62
7
  6
BYLAYER
 70
0
 71
3
 72
10
 73
6
 74
0
 42
0.0000001
 43
0.0000001
 44
0.0000000001
 40
0.0
 40
0.0
 40
0.0
 40
0.0
 40
0.2266419673
 40
0.4731901388
 40
1.0
 40
1.0
 40
1.0
 40
1.0
 10
59.3893547001
 20
45.9355649826
 30
0.0
 10
59.3091680481
 20
45.9213592135
 30
0.0
 10
59.1410644531
 20
45.8955299573
 30
0.0
 10
58.7842332531
 20
45.853035961
 30
0.0
 10
58.5069889113
 20
45.832025416
 30
0.0
 10
58.3179777189
 20
45.8217680311
 30
0.0
  0
SPLINE
  5
B14
100
AcDbEntity
  8
0
100
AcDbSpline
 62
7
  6
BYLAYER
 70
0
 71
3
 72
29
 73
25
 74
0
 42
0.0000001
 43
0.0000001
 44
0.0000000001
 40
0.0
 40
0.0
 40
0.0
 40
0.0
 40
0.0193494124
 40
0.0414957018
 40
0.0663623071
 40
0.0938327763
 40
0.1560259675
 40
0.2267273881
 40
0.3041096738
 40
0.3862175954
 40
0.4708896902
 40
0.5558619126
 40
0.6388865555
 40
0.7177455214
 40
0.7902839775
 40
0.8546231362
 40
0.9089821049
 40
0.9319637217
 40
0.9519638548
 40
0.9688522743
 40
0.9825077785
 40
0.9928698309
 40
0.9968306669
 40
1.0
 40
1.0
 40
1.0
 40
1.0
 10
59.4795402778
 20
47.0178777838
 30
0.0
 10
59.4658339682
 20
47.0102127258
 30
0.0
 10
59.4355890851
 20
46.9952888612
 30
0.0
 10
59.3856880013
 20
46.9749457961
 30
0.0
 10
59.328533798
 20
46.9551801267
 30
0.0
 10
59.2394361671
 20
46.9286113585
 30
0.0
 10
59.1127920877
 20
46.8982074639
 30
0.0
 10
58.9450420622
 20
46.8665859986
 30
0.0
 10
58.760249052
 20
46.8388606384
 30
0.0
 10
58.5634369825
 20
46.8155443969
 30
0.0
 10
58.3599566275
 20
46.7967899656
 30
0.0
 10
58.1553555702
 20
46.7827256845
 30
0.0
 10
57.9552109338
 20
46.7733592112
 30
0.0
 10
57.7650029222
 20
46.7684428117
 30
0.0
 10
57.58989636
 20
46.7677696564
 30
0.0
 10
57.4347045357
 20
46.7708429691
 30
0.0
 10
57.3198237633
 20
46.7763299777
 30
0.0
 10
57.2410548808
 20
46.782474087
 30
0.0
 10
57.1927102252
 20
46.7874016152
 30
0.0
 10
57.1520327577
 20
46.7927953991
 30
0.0
 10
57.119334565
 20
46.7985725623
 30
0.0
 10
57.0972273621
 20
46.8039418197
 30
0.0
 10
57.0838134751
 20
46.8086175083
 30
0.0
 10
57.0785299631
 20
46.8110209135
 30
0.0
 10
57.0762849726
 20
46.8122764668
 30
0.0
  0
SPLINE
  5
B15
100
AcDbEntity
  8
0
100
AcDbSpline
 62
7
  6
BYLAYER
 70
0
 71
3
 72
14
 73
10
 74
0
 42
0.0000001
 43
0.0000001
 44
0.0000000001
 40
0.0
 40
0.0
 40
0.0
 40
0.0
 40
0.0929339376
 40
0.1981244821
 40
0.3142483836
 40
0.4397765815
 40
0.5730031218
 40
0.7120777904
 40
1.0
 40
1.0
 40
1.0
 40
1.0
 10
59.7537950679
 20
47.2061813128
 30
0.0
 10
59.7106735761
 20
47.1934049761
 30
0.0
 10
59.6178484242
 20
47.1691730578
 30
0.0
 10
59.4690840707
 20
47.1374415245
 30
0.0
 10
59.3037542362
 20
47.1082838291
 30
0.0
 10
59.1242314531
 20
47.0819821831
 30
0.0
 10
58.9330928904
 20
47.0587695631
 30
0.0
 10
58.6633036203
 20
47.031846724
 30
0.0
 10
58.4571095747
 20
47.0174020543
 30
0.0
 10
58.3179777189
 20
47.0098445865
 30
0.0
  0
SPLINE
  5
B16
100
AcDbEntity
  8
0
100
AcDbSpline
 62
7
  6
BYLAYER
 70
0
 71
3
 72
17
 73
13
 74
0
 42
0.0000001
 43
0.0000001
 44
0.0000000001
 40
0.0
 40
0.0
 40
0.0
 40
0.0
 40
0.1607595753
 40
0.3178922386
 40
0.4677390032
 40
0.6068674711
 40
0.7320038319
 40
0.8405455198
 40
0.8879047794
 40
0.9303248839
 40
0.9676879766
 40
1.0
 40
1.0
 40
1.0
 40
1.0
 10
58.317978346
 20
45.8441374945
 30
0.0
 10
58.4085035817
 20
45.8490319763
 30
0.0
 10
58.5874151482
 20
45.8606269158
 30
0.0
 10
58.850191341
 20
45.8838414877
 30
0.0
 10
59.1001456175
 20
45.9126312139
 30
0.0
 10
59.3312618019
 20
45.9464686434
 30
0.0
 10
59.5379889982
 20
45.98503244
 30
0.0
 10
59.6922490528
 20
46.021890172
 30
0.0
 10
59.7994102406
 20
46.0540011364
 30
0.0
 10
59.8670966467
 20
46.0777580424
 30
0.0
 10
59.9254426376
 20
46.102184403
 30
0.0
 10
59.9604769428
 20
46.120121515
 30
0.0
 10
59.9761979326
 20
46.1293347551
 30
0.0
  0
SPLINE
  5
B17
100
AcDbEntity
  8
0
100
AcDbSpline
 62
7
  6
BYLAYER
 70
0
 71
3
 72
11
 73
7
 74
0
 42
0.0000001
 43
0.0000001
 44
0.0000000001
 40
0.0
 40
0.0
 40
0.0
 40
0.0
 40
0.31311615
 40
0.5801130998
 40
0.8059109093
 40
1.0
 40
1.0
 40
1.0
 40
1.0
 10
59.9761979326
 20
46.1293347551
 30
0.0
 10
59.9878912464
 20
46.1361875874
 30
0.0
 10
60.0090450867
 20
46.1498157351
 30
0.0
 10
60.0358811051
 20
46.172297133
 30
0.0
 10
60.0551372652
 20
46.1952078926
 30
0.0
 10
60.0630909584
 20
46.2118932855
 30
0.0
 10
60.065355074
 20
46.2199837044
 30
0.0
  0
SPLINE
  5
B18
100
AcDbEntity
  8
0
100
AcDbSpline
 62
7
  6
BYLAYER
 70
0
 71
3
 72
9
 73
5
 74
0
 42
0.0000001
 43
0.0000001
 44
0.0000000001
 40
0.0
 40
0.0
 40
0.0
 40
0.0
 40
0.254347586
 40
1.0
 40
1.0
 40
1.0
 40
1.0
 10
60.065355074
 20
46.2199837044
 30
0.0
 10
60.0657874222
 20
46.2215286244
 30
0.0
 10
60.0672904648
 20
46.227655648
 30
0.0
 10
60.0679592401
 20
46.2339903359
 30
0.0
 10
60.0679489966
 20
46.2386934658
 30
0.0
  0
SPLINE
  5
B19
100
AcDbEntity
  8
0
100
AcDbSpline
 62
7
  6
BYLAYER
 70
0
 71
3
 72
13
 73
9
 74
0
 42
0.0000001
 43
0.0000001
 44
0.0000000001
 40
0.0
 40
0.0
 40
0.0
 40
0.0
 40
0.0851991166
 40
0.1823518392
 40
0.2913311644
 40
0.4118739826
 40
0.6859436078
 40
1.0
 40
1.0
 40
1.0
 40
1.0
 10
59.9670901939
 20
46.101708762
 30
0.0
 10
59.9521244653
 20
46.0933661209
 30
0.0
 10
59.9192150428
 20
46.0770776253
 30
0.0
 10
59.8650283359
 20
46.0547211412
 30
0.0
 10
59.8030315578
 20
46.0329088887
 30
0.0
 10
59.7061258854
 20
46.0034020687
 30
0.0
 10
59.5676551796
 20
45.9692810726
 30
0.0
 10
59.4515401536
 20
45.9466075903
 30
0.0
 10
59.3893547001
 20
45.9355649826
 30
0.0
  0
SPLINE
  5
B1A
100
AcDbEntity
  8
0
100
AcDbSpline
 62
7
  6
BYLAYER
 70
0
 71
3
 72
29
 73
25
 74
0
 42
0.0000001
 43
0.0000001
 44
0.0000000001
 40
0.0
 40
0.0
 40
0.0
 40
0.0
 40
0.0193351475
 40
0.0414500932
 40
0.0663074058
 40
0.0937825833
 40
0.1559608746
 40
0.2266289267
 40
0.3040110796
 40
0.3860930652
 40
0.4707544375
 40
0.5557285935
 40
0.6387410935
 40
0.7176033748
 40
0.790162296
 40
0.8544924004
 40
0.9089015072
 40
0.9318899067
 40
0.951884549
 40
0.9687759393
 40
0.982462355
 40
0.9928619494
 40
0.9968294673
 40
1.0
 40
1.0
 40
1.0
 40
1.0
 10
59.4795875966
 20
46.4238911118
 30
0.0
 10
59.4658913166
 20
46.4162315704
 30
0.0
 10
59.4356884592
 20
46.4013076613
 30
0.0
 10
59.3858449402
 20
46.380938771
 30
0.0
 10
59.3287160378
 20
46.3611854809
 30
0.0
 10
59.2396282941
 20
46.3346372919
 30
0.0
 10
59.1130235686
 20
46.3042200377
 30
0.0
 10
58.9453152736
 20
46.2725769445
 30
0.0
 10
58.7605646015
 20
46.2448858071
 30
0.0
 10
58.5637868693
 20
46.221520694
 30
0.0
 10
58.3603302803
 20
46.2027932181
 30
0.0
 10
58.155746654
 20
46.1887036806
 30
0.0
 10
57.9556059573
 20
46.179328854
 30
0.0
 10
57.765386997
 20
46.1744221426
 30
0.0
 10
57.5902669451
 20
46.1737117516
 30
0.0
 10
57.4350243621
 20
46.1768068769
 30
0.0
 10
57.3201027168
 20
46.182267806
 30
0.0
 10
57.2412906751
 20
46.1884055787
 30
0.0
 10
57.1929423783
 20
46.1933355779
 30
0.0
 10
57.1522419854
 20
46.1987350916
 30
0.0
 10
57.1194852614
 20
46.2045112378
 30
0.0
 10
57.0973106652
 20
46.2098629077
 30
0.0
 10
57.0838578159
 20
46.2145396792
 30
0.0
 10
57.0785673288
 20
46.2169437064
 30
0.0
 10
57.0763214263
 20
46.2181996676
 30
0.0
  0
SPLINE
  5
B1B
100
AcDbEntity
  8
0
100
AcDbSpline
 62
7
  6
BYLAYER
 70
0
 71
3
 72
16
 73
12
 74
0
 42
0.0000001
 43
0.0000001
 44
0.0000000001
 40
0.0
 40
0.0
 40
0.0
 40
0.0
 40
0.0331349186
 40
0.0712378807
 40
0.1142572472
 40
0.1620532794
 40
0.2711234863
 40
0.3963449232
 40
0.5350573578
 40
0.6841794922
 40
1.0
 40
1.0
 40
1.0
 40
1.0
 10
59.9668131531
 20
46.6955932959
 30
0.0
 10
59.9505908741
 20
46.6865636696
 30
0.0
 10
59.9146866982
 20
46.6689892025
 30
0.0
 10
59.8552895477
 20
46.6450114709
 30
0.0
 10
59.7868906878
 20
46.6216893766
 30
0.0
 10
59.6793811932
 20
46.5902022099
 30
0.0
 10
59.5253936782
 20
46.5540833191
 30
0.0
 10
59.3197847904
 20
46.516299916
 30
0.0
 10
59.0906928904
 20
46.4830690266
 30
0.0
 10
58.7546025121
 20
46.4447137084
 30
0.0
 10
58.4946773799
 20
46.4253819931
 30
0.0
 10
58.3179777189
 20
46.4158036187
 30
0.0
  0
SPLINE
  5
B1C
100
AcDbEntity
  8
0
100
AcDbSpline
 62
7
  6
BYLAYER
 70
0
 71
3
 72
34
 73
30
 74
0
 42
0.0000001
 43
0.0000001
 44
0.0000000001
 40
0.0
 40
0.0
 40
0.0
 40
0.0
 40
0.0156313806
 40
0.033108083
 40
0.0513802262
 40
0.0694792027
 40
0.0874702855
 40
0.1056521333
 40
0.1432321504
 40
0.1819351683
 40
0.2213519656
 40
0.2614464565
 40
0.3020331921
 40
0.3429226198
 40
0.3839556278
 40
0.4657423405
 40
0.5459965077
 40
0.6233709591
 40
0.6964970515
 40
0.7641427918
 40
0.8251793003
 40
0.8785289506
 40
0.9232984487
 40
0.9422346516
 40
0.9587694585
 40
0.9728456249
 40
0.9844127448
 40
0.9934485367
 40
1.0
 40
1.0
 40
1.0
 40
1.0
 10
59.0833327673
 20
45.7052806542
 30
0.0
 10
59.0736873302
 20
45.7010875494
 30
0.0
 10
59.0519962877
 20
45.6952363825
 30
0.0
 10
59.0177960097
 20
45.6903029469
 30
0.0
 10
58.981778085
 20
45.6862772986
 30
0.0
 10
58.9456208266
 20
45.6807041222
 30
0.0
 10
58.9096624162
 20
45.6743466343
 30
0.0
 10
58.8607925718
 20
45.6657160452
 30
0.0
 10
58.7978734621
 20
45.6566331293
 30
0.0
 10
58.7206795124
 20
45.6465799709
 30
0.0
 10
58.6417377952
 20
45.6368297301
 30
0.0
 10
58.5614138909
 20
45.627988887
 30
0.0
 10
58.4800171428
 20
45.6198866859
 30
0.0
 10
58.3979163729
 20
45.6125195083
 30
0.0
 10
58.288114755
 20
45.6037445808
 30
0.0
 10
58.1517688718
 20
45.594716685
 30
0.0
 10
57.9908635271
 20
45.586874207
 30
0.0
 10
57.8356723574
 20
45.5819649587
 30
0.0
 10
57.6889023492
 20
45.5798270724
 30
0.0
 10
57.5531107283
 20
45.5803221717
 30
0.0
 10
57.4306544865
 20
45.5831163355
 30
0.0
 10
57.3236719313
 20
45.5880560085
 30
0.0
 10
57.2451130987
 20
45.5939144922
 30
0.0
 10
57.1914159786
 20
45.599556268
 30
0.0
 10
57.1583511121
 20
45.6038522549
 30
0.0
 10
57.1303410954
 20
45.6084400039
 30
0.0
 10
57.1074886149
 20
45.6132431669
 30
0.0
 10
57.089896861
 20
45.6181798218
 30
0.0
 10
57.0800895221
 20
45.6220736534
 30
0.0
 10
57.0762422892
 20
45.6242254234
 30
0.0
  0
SPLINE
  5
B1D
100
AcDbEntity
  8
0
100
AcDbSpline
 62
7
  6
BYLAYER
 70
0
 71
3
 72
19
 73
15
 74
0
 42
0.0000001
 43
0.0000001
 44
0.0000000001
 40
0.0
 40
0.0
 40
0.0
 40
0.0
 40
0.1775908274
 40
0.3494995797
 40
0.5104534594
 40
0.6555139115
 40
0.7802642693
 40
0.8338202229
 40
0.8809576238
 40
0.92133896
 40
0.9547142324
 40
0.9809206298
 40
0.9913399338
 40
1.0
 40
1.0
 40
1.0
 40
1.0
 10
58.3179777189
 20
45.2277270113
 30
0.0
 10
58.2152474013
 20
45.2221514909
 30
0.0
 10
58.0129261029
 20
45.2137595056
 30
0.0
 10
57.7172349349
 20
45.2084003803
 30
0.0
 10
57.4403397293
 20
45.2100716286
 30
0.0
 10
57.1908929772
 20
45.2181833473
 30
0.0
 10
57.0038908621
 20
45.2300799497
 30
0.0
 10
56.873882793
 20
45.2426626871
 30
0.0
 10
56.7927593433
 20
45.2526597139
 30
0.0
 10
56.7235508829
 20
45.2635323919
 30
0.0
 10
56.6667946577
 20
45.2751122194
 30
0.0
 10
56.6276047577
 20
45.2858029044
 30
0.0
 10
56.6030148487
 20
45.2949914931
 30
0.0
 10
56.5929914239
 20
45.2997063188
 30
0.0
 10
56.5886045502
 20
45.302140435
 30
0.0
  0
SPLINE
  5
B1E
100
AcDbEntity
  8
0
100
AcDbSpline
 62
7
  6
BYLAYER
 70
0
 71
3
 72
12
 73
8
 74
0
 42
0.0000001
 43
0.0000001
 44
0.0000000001
 40
0.0
 40
0.0
 40
0.0
 40
0.0
 40
0.0898346692
 40
0.1901696224
 40
0.421939401
 40
0.6932605803
 40
1.0
 40
1.0
 40
1.0
 40
1.0
 10
59.4798133836
 20
45.829980393
 30
0.0
 10
59.4689134423
 20
45.8238850978
 30
0.0
 10
59.4453094008
 20
45.8119227973
 30
0.0
 10
59.391454943
 20
45.7886171594
 30
0.0
 10
59.3120703423
 20
45.7611696214
 30
0.0
 10
59.2034559382
 20
45.7313883384
 30
0.0
 10
59.1249990193
 20
45.71386635
 30
0.0
 10
59.0832234945
 20
45.7053155199
 30
0.0
  0
SPLINE
  5
B1F
100
AcDbEntity
  8
0
100
AcDbSpline
 62
7
  6
BYLAYER
 70
0
 71
3
 72
13
 73
9
 74
0
 42
0.0000001
 43
0.0000001
 44
0.0000000001
 40
0.0
 40
0.0
 40
0.0
 40
0.0
 40
0.0916903568
 40
0.187463929
 40
0.2909327621
 40
0.4049851142
 40
0.6724371889
 40
1.0
 40
1.0
 40
1.0
 40
1.0
 10
22.3679211241
 20
45.6446527128
 30
0.0
 10
22.3679227926
 20
45.6495240547
 30
0.0
 10
22.366814152
 20
45.6595150402
 30
0.0
 10
22.3618858781
 20
45.6742675906
 30
0.0
 10
22.3537540354
 20
45.6888839512
 30
0.0
 10
22.3378455203
 20
45.7092572258
 30
0.0
 10
22.3091141027
 20
45.7340877034
 30
0.0
 10
22.2822033419
 20
45.7508106562
 30
0.0
 10
22.2669980305
 20
45.7592756755
 30
0.0
  0
SPLINE
  5
B20
100
AcDbEntity
  8
0
100
AcDbSpline
 62
7
  6
BYLAYER
 70
0
 71
3
 72
13
 73
9
 74
0
 42
0.0000001
 43
0.0000001
 44
0.0000000001
 40
0.0
 40
0.0
 40
0.0
 40
0.0
 40
0.0916534294
 40
0.1874572801
 40
0.2910215822
 40
0.4051838366
 40
0.6726186546
 40
1.0
 40
1.0
 40
1.0
 40
1.0
 10
22.3679777133
 20
45.6222975059
 30
0.0
 10
22.3679778201
 20
45.6174181399
 30
0.0
 10
22.3668509097
 20
45.6074071556
 30
0.0
 10
22.3618693552
 20
45.5926334089
 30
0.0
 10
22.3536750748
 20
45.5779986688
 30
0.0
 10
22.3376890996
 20
45.5576078912
 30
0.0
 10
22.3089092589
 20
45.5327292563
 30
0.0
 10
22.2819538468
 20
45.515971235
 30
0.0
 10
22.2667234584
 20
45.5074977528
 30
0.0
  0
SPLINE
  5
B21
100
AcDbEntity
  8
0
100
AcDbSpline
 62
7
  6
BYLAYER
 70
0
 71
3
 72
10
 73
6
 74
0
 42
0.0000001
 43
0.0000001
 44
0.0000000001
 40
0.0
 40
0.0
 40
0.0
 40
0.0
 40
0.5145174997
 40
0.7626411419
 40
1.0
 40
1.0
 40
1.0
 40
1.0
 10
20.6179777189
 20
50.3842483886
 30
0.0
 10
20.8642639568
 20
50.3842483886
 30
0.0
 10
21.2293680517
 20
50.3902609531
 30
0.0
 10
21.7076124879
 20
50.4109488867
 30
0.0
 10
21.9395688189
 20
50.4254322078
 30
0.0
 10
22.0528813751
 20
50.4337516634
 30
0.0
  0
SPLINE
  5
B22
100
AcDbEntity
  8
0
100
AcDbSpline
 62
7
  6
BYLAYER
 70
0
 71
3
 72
11
 73
7
 74
0
 42
0.0000001
 43
0.0000001
 44
0.0000000001
 40
0.0
 40
0.0
 40
0.0
 40
0.0
 40
0.2816960195
 40
0.5441710875
 40
0.7844893563
 40
1.0
 40
1.0
 40
1.0
 40
1.0
 10
22.0528813751
 20
50.4337516634
 30
0.0
 10
22.1493785232
 20
50.4408365247
 30
0.0
 10
22.3356678094
 20
50.4562580372
 30
0.0
 10
22.603685026
 20
50.4843063759
 30
0.0
 10
22.8483673607
 20
50.5161872053
 30
0.0
 10
23.0029690064
 20
50.5411666296
 30
0.0
 10
23.075784572
 20
50.5544849991
 30
0.0
  0
SPLINE
  5
B23
100
AcDbEntity
  8
0
100
AcDbSpline
 62
7
  6
BYLAYER
 70
0
 71
3
 72
17
 73
13
 74
0
 42
0.0000001
 43
0.0000001
 44
0.0000000001
 40
0.0
 40
0.0
 40
0.0
 40
0.0
 40
0.1632962463
 40
0.322645258
 40
0.4741526554
 40
0.6141885574
 40
0.7394056966
 40
0.8468901088
 40
0.893223139
 40
0.9342864337
 40
0.9699113751
 40
1.0
 40
1.0
 40
1.0
 40
1.0
 10
20.6179777189
 20
50.2840700803
 30
0.0
 10
20.7069033613
 20
50.2840700803
 30
0.0
 10
20.8826114838
 20
50.285997748
 30
0.0
 10
21.1406971398
 20
50.2946260017
 30
0.0
 10
21.3858569908
 20
50.3087574101
 30
0.0
 10
21.6120294439
 20
50.3279980128
 30
0.0
 10
21.8136416448
 20
50.3518450054
 30
0.0
 10
21.9637432205
 20
50.3759868505
 30
0.0
 10
22.0676278239
 20
50.3977724698
 30
0.0
 10
22.1326414208
 20
50.4140323695
 30
0.0
 10
22.1883111154
 20
50.4309070872
 30
0.0
 10
22.2218408694
 20
50.4435517247
 30
0.0
 10
22.2368456254
 20
50.4501345669
 30
0.0
  0
SPLINE
  5
B24
100
AcDbEntity
  8
0
100
AcDbSpline
 62
7
  6
BYLAYER
 70
0
 71
3
 72
20
 73
16
 74
0
 42
0.0000001
 43
0.0000001
 44
0.0000000001
 40
0.0
 40
0.0
 40
0.0
 40
0.0
 40
0.0153852724
 40
0.0252045072
 40
0.0367401307
 40
0.0653527428
 40
0.1016370602
 40
0.1455731971
 40
0.1969203681
 40
0.2553211317
 40
0.3203009402
 40
0.4677660722
 40
0.6342209166
 40
0.8137756532
 40
1.0
 40
1.0
 40
1.0
 40
1.0
 10
19.5187781705
 20
41.4085967089
 30
0.0
 10
19.5202884872
 20
41.4030289675
 30
0.0
 10
19.5260317892
 20
41.3948938667
 30
0.0
 10
19.536448618
 20
41.3859459791
 30
0.0
 10
19.5521320001
 20
41.3755715173
 30
0.0
 10
19.5781635111
 20
41.363349537
 30
0.0
 10
19.6167233002
 20
41.3498784409
 30
0.0
 10
19.664360943
 20
41.3369329095
 30
0.0
 10
19.7206728774
 20
41.3246190659
 30
0.0
 10
19.7851796223
 20
41.313083683
 30
0.0
 10
19.8856617947
 20
41.2982592451
 30
0.0
 10
20.0269615763
 20
41.2829620099
 30
0.0
 10
20.2115565062
 20
41.2697689541
 30
0.0
 10
20.4109881102
 20
41.2616417299
 30
0.0
 10
20.5481499522
 20
41.259820603
 30
0.0
 10
20.6179777189
 20
41.259820603
 30
0.0
  0
SPLINE
  5
B25
100
AcDbEntity
  8
0
100
AcDbSpline
 62
7
  6
BYLAYER
 70
0
 71
3
 72
10
 73
6
 74
0
 42
0.0000001
 43
0.0000001
 44
0.0000000001
 40
0.0
 40
0.0
 40
0.0
 40
0.0
 40
0.5247664687
 40
0.7619257834
 40
1.0
 40
1.0
 40
1.0
 40
1.0
 10
22.2228174151
 20
43.3908299673
 30
0.0
 10
22.2296612556
 20
43.3818396793
 30
0.0
 10
22.2378835461
 20
43.3668847731
 30
0.0
 10
22.2404281746
 20
43.3452856376
 30
0.0
 10
22.2389254392
 20
43.3350307409
 30
0.0
 10
22.2375855997
 20
43.3300829313
 30
0.0
  0
SPLINE
  5
B26
100
AcDbEntity
  8
0
100
AcDbSpline
 62
7
  6
BYLAYER
 70
0
 71
3
 72
13
 73
9
 74
0
 42
0.0000001
 43
0.0000001
 44
0.0000000001
 40
0.0
 40
0.0
 40
0.0
 40
0.0
 40
0.091616356
 40
0.1873227863
 40
0.2907949391
 40
0.4049679373
 40
0.6725843204
 40
1.0
 40
1.0
 40
1.0
 40
1.0
 10
22.3679470759
 20
43.8625321436
 30
0.0
 10
22.3679572138
 20
43.8674076855
 30
0.0
 10
22.3668612057
 20
43.8774102618
 30
0.0
 10
22.3619269353
 20
43.8921819451
 30
0.0
 10
22.353758388
 20
43.9068151771
 30
0.0
 10
22.3377580002
 20
43.9271908183
 30
0.0
 10
22.3089570303
 20
43.9520396852
 30
0.0
 10
22.2820024392
 20
43.9687950578
 30
0.0
 10
22.2667787022
 20
43.9772707293
 30
0.0
  0
SPLINE
  5
B27
100
AcDbEntity
  8
0
100
AcDbSpline
 62
7
  6
BYLAYER
 70
0
 71
3
 72
20
 73
16
 74
0
 42
0.0000001
 43
0.0000001
 44
0.0000000001
 40
0.0
 40
0.0
 40
0.0
 40
0.0
 40
0.1862220753
 40
0.3657736922
 40
0.5322277983
 40
0.6796933069
 40
0.7446738634
 40
0.8030759128
 40
0.8544240103
 40
0.8983613675
 40
0.9346463197
 40
0.9632595563
 40
0.9747952834
 40
0.9846146036
 40
1.0
 40
1.0
 40
1.0
 40
1.0
 10
20.6179777189
 20
41.259820603
 30
0.0
 10
20.6878046349
 20
41.259820603
 30
0.0
 10
20.8249644579
 20
41.2616416403
 30
0.0
 10
21.0243937707
 20
41.2697687025
 30
0.0
 10
21.2089874151
 20
41.2829614001
 30
0.0
 10
21.3502873835
 20
41.2982583324
 30
0.0
 10
21.4507704525
 20
41.3130828625
 30
0.0
 10
21.5152783609
 20
41.3246180777
 30
0.0
 10
21.5715915293
 20
41.3369322798
 30
0.0
 10
21.6192302878
 20
41.3498777186
 30
0.0
 10
21.657790909
 20
41.3633492294
 30
0.0
 10
21.6838230049
 20
41.3755711797
 30
0.0
 10
21.6995066288
 20
41.3859458442
 30
0.0
 10
21.7099235306
 20
41.3948938097
 30
0.0
 10
21.7156669746
 20
41.4030289227
 30
0.0
 10
21.7171773037
 20
41.408596709
 30
0.0
  0
SPLINE
  5
B28
100
AcDbEntity
  8
0
100
AcDbSpline
 62
7
  6
BYLAYER
 70
0
 71
3
 72
13
 73
9
 74
0
 42
0.0000001
 43
0.0000001
 44
0.0000000001
 40
0.0
 40
0.0
 40
0.0
 40
0.0
 40
0.0917220299
 40
0.1875355138
 40
0.2910327213
 40
0.4050766441
 40
0.6724113822
 40
1.0
 40
1.0
 40
1.0
 40
1.0
 10
22.3679234632
 20
44.4565726089
 30
0.0
 10
22.3679210758
 20
44.4614428076
 30
0.0
 10
22.3668045798
 20
44.4714307387
 30
0.0
 10
22.3618709202
 20
44.4861771389
 30
0.0
 10
22.3537428493
 20
44.5007876011
 30
0.0
 10
22.3378583392
 20
44.5211532508
 30
0.0
 10
22.3091693386
 20
44.5459919193
 30
0.0
 10
22.2822750891
 20
44.5627001078
 30
0.0
 10
22.2670773107
 20
44.5711607295
 30
0.0
  0
SPLINE
  5
B29
100
AcDbEntity
  8
0
100
AcDbSpline
 62
7
  6
BYLAYER
 70
0
 71
3
 72
13
 73
9
 74
0
 42
0.0000001
 43
0.0000001
 44
0.0000000001
 40
0.0
 40
0.0
 40
0.0
 40
0.0
 40
0.0917340924
 40
0.1876030119
 40
0.2912096612
 40
0.405388323
 40
0.6727755524
 40
1.0
 40
1.0
 40
1.0
 40
1.0
 10
22.3679777152
 20
44.4342168526
 30
0.0
 10
22.3679778128
 20
44.4293480011
 30
0.0
 10
22.3668559573
 20
44.4193597209
 30
0.0
 10
22.3618960153
 20
44.404618316
 30
0.0
 10
22.3537366656
 20
44.3900149492
 30
0.0
 10
22.337820068
 20
44.3696690208
 30
0.0
 10
22.3091632547
 20
44.3448399701
 30
0.0
 10
22.2823156235
 20
44.328110934
 30
0.0
 10
22.2671466958
 20
44.3196528305
 30
0.0
  0
SPLINE
  5
B2A
100
AcDbEntity
  8
0
100
AcDbSpline
 62
7
  6
BYLAYER
 70
0
 71
3
 72
13
 73
9
 74
0
 42
0.0000001
 43
0.0000001
 44
0.0000000001
 40
0.0
 40
0.0
 40
0.0
 40
0.0
 40
0.0917776871
 40
0.1877024555
 40
0.291334192
 40
0.4054730146
 40
0.6726169928
 40
1.0
 40
1.0
 40
1.0
 40
1.0
 10
22.3679696093
 20
45.050613295
 30
0.0
 10
22.36795706
 20
45.0554846705
 30
0.0
 10
22.3668137714
 20
45.0654753609
 30
0.0
 10
22.3618392638
 20
45.0802184152
 30
0.0
 10
22.3536815356
 20
45.0948251623
 30
0.0
 10
22.337792312
 20
45.1151754239
 30
0.0
 10
22.309174971
 20
45.1400447395
 30
0.0
 10
22.2823163523
 20
45.1567567544
 30
0.0
 10
22.2671334042
 20
45.1652086438
 30
0.0
  0
SPLINE
  5
B2B
100
AcDbEntity
  8
0
100
AcDbSpline
 62
7
  6
BYLAYER
 70
0
 71
3
 72
13
 73
9
 74
0
 42
0.0000001
 43
0.0000001
 44
0.0000000001
 40
0.0
 40
0.0
 40
0.0
 40
0.0
 40
0.0917105417
 40
0.1875612407
 40
0.2911564708
 40
0.4053309384
 40
0.6727315024
 40
1.0
 40
1.0
 40
1.0
 40
1.0
 10
22.3679777142
 20
45.0282574773
 30
0.0
 10
22.3679778328
 20
45.023385597
 30
0.0
 10
22.3668545337
 20
45.0133907302
 30
0.0
 10
22.3618884024
 20
44.9986398904
 30
0.0
 10
22.3537190293
 20
44.984027293
 30
0.0
 10
22.3377825255
 20
44.963668217
 30
0.0
 10
22.3090902381
 20
44.9388248052
 30
0.0
 10
22.282211494
 20
44.9220875126
 30
0.0
 10
22.2670248513
 20
44.913625028
 30
0.0
  0
SPLINE
  5
B2C
100
AcDbEntity
  8
0
100
AcDbSpline
 62
7
  6
BYLAYER
 70
0
 71
3
 72
13
 73
9
 74
0
 42
0.0000001
 43
0.0000001
 44
0.0000000001
 40
0.0
 40
0.0
 40
0.0
 40
0.0
 40
0.091774213
 40
0.1876763374
 40
0.2912697644
 40
0.4053690229
 40
0.6725108554
 40
1.0
 40
1.0
 40
1.0
 40
1.0
 10
22.3679489966
 20
46.2386934658
 30
0.0
 10
22.3679383897
 20
46.2435634916
 30
0.0
 10
22.3668021301
 20
46.2535508389
 30
0.0
 10
22.3618422928
 20
46.2682912722
 30
0.0
 10
22.3536995939
 20
46.2828958849
 30
0.0
 10
22.3378259545
 20
46.3032455235
 30
0.0
 10
22.3092090422
 20
46.3281095163
 30
0.0
 10
22.2823456065
 20
46.3448087852
 30
0.0
 10
22.2671614146
 20
46.3532614391
 30
0.0
  0
SPLINE
  5
B2D
100
AcDbEntity
  8
0
100
AcDbSpline
 62
7
  6
BYLAYER
 70
0
 71
3
 72
13
 73
9
 74
0
 42
0.0000001
 43
0.0000001
 44
0.0000000001
 40
0.0
 40
0.0
 40
0.0
 40
0.0
 40
0.0917235292
 40
0.1875893206
 40
0.2912009266
 40
0.4053788923
 40
0.6727491102
 40
1.0
 40
1.0
 40
1.0
 40
1.0
 10
22.3679765831
 20
46.2163042413
 30
0.0
 10
22.3679776671
 20
46.2114339577
 30
0.0
 10
22.3668581635
 20
46.2014417924
 30
0.0
 10
22.3618927249
 20
46.186695592
 30
0.0
 10
22.3537259916
 20
46.1720886231
 30
0.0
 10
22.3378014037
 20
46.1517366043
 30
0.0
 10
22.3091313336
 20
46.126897987
 30
0.0
 10
22.2822674889
 20
46.1101693408
 30
0.0
 10
22.2670901939
 20
46.101708762
 30
0.0
  0
SPLINE
  5
B2E
100
AcDbEntity
  8
0
100
AcDbSpline
 62
7
  6
BYLAYER
 70
0
 71
3
 72
11
 73
7
 74
0
 42
0.0000001
 43
0.0000001
 44
0.0000000001
 40
0.0
 40
0.0
 40
0.0
 40
0.0
 40
0.2157218134
 40
0.4560717437
 40
0.7184553975
 40
1.0
 40
1.0
 40
1.0
 40
1.0
 10
18.1596802706
 20
50.5545746674
 30
0.0
 10
18.2316739791
 20
50.5413995114
 30
0.0
 10
18.384456987
 20
50.5166668676
 30
0.0
 10
18.6261791123
 20
50.485042807
 30
0.0
 10
18.8908260551
 20
50.4571653196
 30
0.0
 10
19.0747411654
 20
50.4417925834
 30
0.0
 10
19.1700002186
 20
50.4347171426
 30
0.0
  0
SPLINE
  5
B2F
100
AcDbEntity
  8
0
100
AcDbSpline
 62
7
  6
BYLAYER
 70
0
 71
3
 72
10
 73
6
 74
0
 42
0.0000001
 43
0.0000001
 44
0.0000000001
 40
0.0
 40
0.0
 40
0.0
 40
0.0
 40
0.2371977019
 40
0.4852960373
 40
1.0
 40
1.0
 40
1.0
 40
1.0
 10
19.1749533407
 20
50.4343500506
 30
0.0
 10
19.2888265481
 20
50.4259290283
 30
0.0
 10
19.5220025507
 20
50.4112702733
 30
0.0
 10
20.002952951
 20
50.3903314149
 30
0.0
 10
20.3702053504
 20
50.3842483886
 30
0.0
 10
20.6179777189
 20
50.3842483886
 30
0.0
  0
SPLINE
  5
B30
100
AcDbEntity
  8
0
100
AcDbSpline
 62
7
  6
BYLAYER
 70
0
 71
3
 72
17
 73
13
 74
0
 42
0.0000001
 43
0.0000001
 44
0.0000000001
 40
0.0
 40
0.0
 40
0.0
 40
0.0
 40
0.0300817305
 40
0.0657006177
 40
0.1067586543
 40
0.1530872736
 40
0.2605659539
 40
0.3857815911
 40
0.5258203244
 40
0.6773337955
 40
0.8366929596
 40
1.0
 40
1.0
 40
1.0
 40
1.0
 10
18.9990485552
 20
50.450161456
 30
0.0
 10
19.0140495074
 20
50.4435776208
 30
0.0
 10
19.0475726091
 20
50.4309310289
 30
0.0
 10
19.1032338442
 20
50.4140543069
 30
0.0
 10
19.1682409076
 20
50.3977922195
 30
0.0
 10
19.2721206723
 20
50.3760031688
 30
0.0
 10
19.4222215587
 20
50.3518575411
 30
0.0
 10
19.6238392485
 20
50.3280065566
 30
0.0
 10
19.8500247875
 20
50.3087624933
 30
0.0
 10
20.0952049392
 20
50.2946281919
 30
0.0
 10
20.3533158397
 20
50.2859982165
 30
0.0
 10
20.5290425596
 20
50.2840700803
 30
0.0
 10
20.6179777189
 20
50.2840700803
 30
0.0
  0
SPLINE
  5
B31
100
AcDbEntity
  8
0
100
AcDbSpline
 62
7
  6
BYLAYER
 70
0
 71
3
 72
13
 73
9
 74
0
 42
0.0000001
 43
0.0000001
 44
0.0000000001
 40
0.0
 40
0.0
 40
0.0
 40
0.0
 40
0.0917185054
 40
0.1876298355
 40
0.2913079818
 40
0.40553411
 40
0.6728139523
 40
1.0
 40
1.0
 40
1.0
 40
1.0
 10
22.3680180329
 20
46.8327335698
 30
0.0
 10
22.3680070283
 20
46.8376123755
 30
0.0
 10
22.3668548778
 20
46.8476214949
 30
0.0
 10
22.3618421004
 20
46.8623864798
 30
0.0
 10
22.3536315021
 20
46.8770125742
 30
0.0
 10
22.3376599929
 20
46.8973872876
 30
0.0
 10
22.3089562528
 20
46.9222787997
 30
0.0
 10
22.2820494607
 20
46.9390356399
 30
0.0
 10
22.2668428554
 20
46.9475010437
 30
0.0
  0
SPLINE
  5
B32
100
AcDbEntity
  8
0
100
AcDbSpline
 62
7
  6
BYLAYER
 70
0
 71
3
 72
9
 73
5
 74
0
 42
0.0000001
 43
0.0000001
 44
0.0000000001
 40
0.0
 40
0.0
 40
0.0
 40
0.0
 40
0.5314654378
 40
1.0
 40
1.0
 40
1.0
 40
1.0
 10
19.2429777189
 20
50.3250787445
 30
0.0
 10
19.2429777189
 20
50.3389761242
 30
0.0
 10
19.2397406791
 20
50.365237011
 30
0.0
 10
19.2304221944
 20
50.3899433038
 30
0.0
 10
19.2247563075
 20
50.4008062718
 30
0.0
  0
SPLINE
  5
B33
100
AcDbEntity
  8
0
100
AcDbSpline
 62
7
  6
BYLAYER
 70
0
 71
3
 72
13
 73
9
 74
0
 42
0.0000001
 43
0.0000001
 44
0.0000000001
 40
0.0
 40
0.0
 40
0.0
 40
0.0
 40
0.0916705126
 40
0.1874871529
 40
0.2910593135
 40
0.405224589
 40
0.6726505848
 40
1.0
 40
1.0
 40
1.0
 40
1.0
 10
22.3679777151
 20
46.8103437989
 30
0.0
 10
22.3679778393
 20
46.8054666465
 30
0.0
 10
22.3668520672
 20
46.7954604887
 30
0.0
 10
22.3618751379
 20
46.7806936446
 30
0.0
 10
22.3536882594
 20
46.7660656502
 30
0.0
 10
22.3377168763
 20
46.7456844009
 30
0.0
 10
22.3089632017
 20
46.7208158892
 30
0.0
 10
22.2820305958
 20
46.7040636115
 30
0.0
 10
22.2668131531
 20
46.6955932959
 30
0.0
  0
SPLINE
  5
B34
100
AcDbEntity
  8
0
100
AcDbSpline
 62
7
  6
BYLAYER
 70
0
 71
3
 72
9
 73
5
 74
0
 42
0.0000001
 43
0.0000001
 44
0.0000000001
 40
0.0
 40
0.0
 40
0.0
 40
0.0
 40
0.4696033123
 40
1.0
 40
1.0
 40
1.0
 40
1.0
 10
22.0109263801
 20
50.4002920321
 30
0.0
 10
22.0053343132
 20
50.3894613099
 30
0.0
 10
21.9961745532
 20
50.3649080112
 30
0.0
 10
21.9929777189
 20
50.3388458813
 30
0.0
 10
21.9929777189
 20
50.3250787445
 30
0.0
  0
SPLINE
  5
B35
100
AcDbEntity
  8
0
100
AcDbSpline
 62
7
  6
BYLAYER
 70
0
 71
3
 72
18
 73
14
 74
0
 42
0.0000001
 43
0.0000001
 44
0.0000000001
 40
0.0
 40
0.0
 40
0.0
 40
0.0
 40
0.1607513204
 40
0.317884141
 40
0.4677165419
 40
0.6068413802
 40
0.7319853398
 40
0.788471182
 40
0.8405254541
 40
0.8878884832
 40
0.9303255633
 40
0.9676931231
 40
1.0
 40
1.0
 40
1.0
 40
1.0
 10
20.6179782951
 20
44.6560548418
 30
0.0
 10
20.7084972711
 20
44.660950549
 30
0.0
 10
20.8874008727
 20
44.6725526658
 30
0.0
 10
21.1501603278
 20
44.6957520148
 30
0.0
 10
21.4001031557
 20
44.72454257
 30
0.0
 10
21.6311978536
 20
44.7583955492
 30
0.0
 10
21.809090988
 20
44.7915243746
 30
0.0
 10
21.9375959002
 20
44.8207930492
 30
0.0
 10
22.0226975036
 20
44.8429308775
 30
0.0
 10
22.0993428742
 20
44.8659102931
 30
0.0
 10
22.1670486211
 20
44.8896503922
 30
0.0
 10
22.2254048675
 20
44.9140743666
 30
0.0
 10
22.2604371924
 20
44.9320133327
 30
0.0
 10
22.2761544294
 20
44.9412266283
 30
0.0
  0
SPLINE
  5
B36
100
AcDbEntity
  8
0
100
AcDbSpline
 62
7
  6
BYLAYER
 70
0
 71
3
 72
11
 73
7
 74
0
 42
0.0000001
 43
0.0000001
 44
0.0000000001
 40
0.0
 40
0.0
 40
0.0
 40
0.0
 40
0.3130439615
 40
0.580014579
 40
0.8058767916
 40
1.0
 40
1.0
 40
1.0
 40
1.0
 10
22.2761544294
 20
44.9412266283
 30
0.0
 10
22.2878522169
 20
44.9480837607
 30
0.0
 10
22.3090148596
 20
44.961721955
 30
0.0
 10
22.3358634759
 20
44.9842226865
 30
0.0
 10
22.3551418967
 20
45.007142052
 30
0.0
 10
22.3631198478
 20
45.0238361759
 30
0.0
 10
22.3653851153
 20
45.0319337036
 30
0.0
  0
SPLINE
  5
B37
100
AcDbEntity
  8
0
100
AcDbSpline
 62
7
  6
BYLAYER
 70
0
 71
3
 72
9
 73
5
 74
0
 42
0.0000001
 43
0.0000001
 44
0.0000000001
 40
0.0
 40
0.0
 40
0.0
 40
0.0
 40
0.2543469186
 40
1.0
 40
1.0
 40
1.0
 40
1.0
 10
22.3653851153
 20
45.0319337036
 30
0.0
 10
22.3658166026
 20
45.0334761176
 30
0.0
 10
22.3673162499
 20
45.0395932952
 30
0.0
 10
22.3679817053
 20
45.045917908
 30
0.0
 10
22.3679696093
 20
45.050613295
 30
0.0
  0
SPLINE
  5
B38
100
AcDbEntity
  8
0
100
AcDbSpline
 62
7
  6
BYLAYER
 70
0
 71
3
 72
19
 73
15
 74
0
 42
0.0000001
 43
0.0000001
 44
0.0000000001
 40
0.0
 40
0.0
 40
0.0
 40
0.0
 40
0.177618364
 40
0.3495514693
 40
0.510523793
 40
0.6555935334
 40
0.7803423353
 40
0.8338929714
 40
0.8810218149
 40
0.9213913763
 40
0.9547517352
 40
0.9809404793
 40
0.9913500761
 40
1.0
 40
1.0
 40
1.0
 40
1.0
 10
20.6179777189
 20
44.6336863461
 30
0.0
 10
20.5152245251
 20
44.6281381277
 30
0.0
 10
20.3128651211
 20
44.6196947755
 30
0.0
 10
20.0171164652
 20
44.6143587443
 30
0.0
 10
19.7401768804
 20
44.6160385247
 30
0.0
 10
19.4907018273
 20
44.6241522666
 30
0.0
 10
19.3036887563
 20
44.6360550644
 30
0.0
 10
19.1736833789
 20
44.6486443436
 30
0.0
 10
19.0925710995
 20
44.6586457201
 30
0.0
 10
19.0233801364
 20
44.6695222492
 30
0.0
 10
18.9666478406
 20
44.6811062096
 30
0.0
 10
18.9274821131
 20
44.6918014474
 30
0.0
 10
18.9029153587
 20
44.7009939965
 30
0.0
 10
18.8929047344
 20
44.7057106166
 30
0.0
 10
18.8885247895
 20
44.7081456499
 30
0.0
  0
SPLINE
  5
B39
100
AcDbEntity
  8
0
100
AcDbSpline
 62
7
  6
BYLAYER
 70
0
 71
3
 72
17
 73
13
 74
0
 42
0.0000001
 43
0.0000001
 44
0.0000000001
 40
0.0
 40
0.0
 40
0.0
 40
0.0
 40
0.317868996
 40
0.4677430714
 40
0.6068547714
 40
0.7319936128
 40
0.7885067089
 40
0.8405725699
 40
0.8879057278
 40
0.930299119
 40
0.9676696313
 40
1.0
 40
1.0
 40
1.0
 40
1.0
 10
20.617978353
 20
44.0620185741
 30
0.0
 10
20.7969817519
 20
44.0716873804
 30
0.0
 10
21.0601654722
 20
44.0913961791
 30
0.0
 10
21.4002027822
 20
44.1304993251
 30
0.0
 10
21.6313253431
 20
44.1643698529
 30
0.0
 10
21.8092269015
 20
44.1975350135
 30
0.0
 10
21.9377633686
 20
44.2267860574
 30
0.0
 10
22.0228781635
 20
44.2489150977
 30
0.0
 10
22.0994899417
 20
44.2719043594
 30
0.0
 10
22.1671448041
 20
44.2956817099
 30
0.0
 10
22.2254938381
 20
44.3201049806
 30
0.0
 10
22.2605488069
 20
44.3380371654
 30
0.0
 10
22.2762824624
 20
44.3472508349
 30
0.0
  0
SPLINE
  5
B3A
100
AcDbEntity
  8
0
100
AcDbSpline
 62
7
  6
BYLAYER
 70
0
 71
3
 72
11
 73
7
 74
0
 42
0.0000001
 43
0.0000001
 44
0.0000000001
 40
0.0
 40
0.0
 40
0.0
 40
0.0
 40
0.3133573329
 40
0.5803156221
 40
0.8058807253
 40
1.0
 40
1.0
 40
1.0
 40
1.0
 10
22.2762824624
 20
44.3472508349
 30
0.0
 10
22.2879799881
 20
44.3541009363
 30
0.0
 10
22.3091319428
 20
44.3677191055
 30
0.0
 10
22.3359509446
 20
44.3901923369
 30
0.0
 10
22.3551279714
 20
44.41313406
 30
0.0
 10
22.3630520788
 20
44.4298062491
 30
0.0
 10
22.3653157793
 20
44.437892875
 30
0.0
  0
SPLINE
  5
B3B
100
AcDbEntity
  8
0
100
AcDbSpline
 62
7
  6
BYLAYER
 70
0
 71
3
 72
9
 73
5
 74
0
 42
0.0000001
 43
0.0000001
 44
0.0000000001
 40
0.0
 40
0.0
 40
0.0
 40
0.0
 40
0.2543416101
 40
1.0
 40
1.0
 40
1.0
 40
1.0
 10
22.3653157793
 20
44.437892875
 30
0.0
 10
22.3657475848
 20
44.4394354155
 30
0.0
 10
22.3672502422
 20
44.4455527702
 30
0.0
 10
22.3679257654
 20
44.4518764671
 30
0.0
 10
22.3679234632
 20
44.4565726089
 30
0.0
  0
SPLINE
  5
B3C
100
AcDbEntity
  8
0
100
AcDbSpline
 62
7
  6
BYLAYER
 70
0
 71
3
 72
19
 73
15
 74
0
 42
0.0000001
 43
0.0000001
 44
0.0000000001
 40
0.0
 40
0.0
 40
0.0
 40
0.0
 40
0.1776851034
 40
0.3496771301
 40
0.5106936153
 40
0.65578618
 40
0.7805311996
 40
0.8340690369
 40
0.8811772866
 40
0.9215183381
 40
0.9548425131
 40
0.9809883747
 40
0.99137447
 40
1.0
 40
1.0
 40
1.0
 40
1.0
 10
20.6179777189
 20
44.0396467812
 30
0.0
 10
20.5151715459
 20
44.0341210602
 30
0.0
 10
20.3127158924
 20
44.0256331358
 30
0.0
 10
20.0168304464
 20
44.0203158424
 30
0.0
 10
19.7397830497
 20
44.0220042131
 30
0.0
 10
19.4902403192
 20
44.0301363831
 30
0.0
 10
19.3032004909
 20
44.0420507754
 30
0.0
 10
19.1732017107
 20
44.0546569115
 30
0.0
 10
19.0921165469
 20
44.0646696245
 30
0.0
 10
19.0229679602
 20
44.0755552311
 30
0.0
 10
18.9662936173
 20
44.0871481847
 30
0.0
 10
18.9271862386
 20
44.0978531664
 30
0.0
 10
18.90267546
 20
44.1070549898
 30
0.0
 10
18.8926958385
 20
44.1117761688
 30
0.0
 10
18.8883327099
 20
44.1142136445
 30
0.0
  0
SPLINE
  5
B3D
100
AcDbEntity
  8
0
100
AcDbSpline
 62
7
  6
BYLAYER
 70
0
 71
3
 72
11
 73
7
 74
0
 42
0.0000001
 43
0.0000001
 44
0.0000000001
 40
0.0
 40
0.0
 40
0.0
 40
0.0
 40
0.2959926736
 40
0.5612263933
 40
0.7957077718
 40
1.0
 40
1.0
 40
1.0
 40
1.0
 10
22.1620639826
 20
43.7004300646
 30
0.0
 10
22.1781774493
 20
43.7065304109
 30
0.0
 10
22.2084895782
 20
43.7187536898
 30
0.0
 10
22.2504422204
 20
43.7384562591
 30
0.0
 10
22.2862427213
 20
43.7584744708
 30
0.0
 10
22.3073335054
 20
43.7729906558
 30
0.0
 10
22.3166519708
 20
43.780378457
 30
0.0
  0
SPLINE
  5
B3E
100
AcDbEntity
  8
0
100
AcDbSpline
 62
7
  6
BYLAYER
 70
0
 71
3
 72
9
 73
5
 74
0
 42
0.0000001
 43
0.0000001
 44
0.0000000001
 40
0.0
 40
0.0
 40
0.0
 40
0.0
 40
0.2730916548
 40
1.0
 40
1.0
 40
1.0
 40
1.0
 10
22.3166519708
 20
43.780378457
 30
0.0
 10
22.3199312468
 20
43.7829783099
 30
0.0
 10
22.3316988634
 20
43.7927832551
 30
0.0
 10
22.3424969897
 20
43.8038556209
 30
0.0
 10
22.3492015213
 20
43.8127510579
 30
0.0
  0
SPLINE
  5
B3F
100
AcDbEntity
  8
0
100
AcDbSpline
 62
7
  6
BYLAYER
 70
0
 71
3
 72
9
 73
5
 74
0
 42
0.0000001
 43
0.0000001
 44
0.0000000001
 40
0.0
 40
0.0
 40
0.0
 40
0.0
 40
0.5291874947
 40
1.0
 40
1.0
 40
1.0
 40
1.0
 10
22.3492015213
 20
43.8127510579
 30
0.0
 10
22.3549251758
 20
43.820345087
 30
0.0
 10
22.3642775177
 20
43.8360057452
 30
0.0
 10
22.3679294837
 20
43.8540717115
 30
0.0
 10
22.3679470759
 20
43.8625321436
 30
0.0
  0
SPLINE
  5
B40
100
AcDbEntity
  8
0
100
AcDbSpline
 62
7
  6
BYLAYER
 70
0
 71
3
 72
10
 73
6
 74
0
 42
0.0000001
 43
0.0000001
 44
0.0000000001
 40
0.0
 40
0.0
 40
0.0
 40
0.0
 40
0.5655623665
 40
0.7991550112
 40
1.0
 40
1.0
 40
1.0
 40
1.0
 10
22.1621091319
 20
43.7004318901
 30
0.0
 10
22.1912428387
 20
43.7081260495
 30
0.0
 10
22.2321683056
 20
43.7201645331
 30
0.0
 10
22.2818359908
 20
43.7395144416
 30
0.0
 10
22.3027787235
 20
43.7494572782
 30
0.0
 10
22.3121749362
 20
43.7545776961
 30
0.0
  0
SPLINE
  5
B41
100
AcDbEntity
  8
0
100
AcDbSpline
 62
7
  6
BYLAYER
 70
0
 71
3
 72
13
 73
9
 74
0
 42
0.0000001
 43
0.0000001
 44
0.0000000001
 40
0.0
 40
0.0
 40
0.0
 40
0.0
 40
0.0846716692
 40
0.1845996058
 40
0.2982522063
 40
0.4238308647
 40
0.7020651273
 40
1.0
 40
1.0
 40
1.0
 40
1.0
 10
22.1621574203
 20
43.7004446217
 30
0.0
 10
22.1205529445
 20
43.6857637793
 30
0.0
 10
22.0282655259
 20
43.6582563296
 30
0.0
 10
21.8769095647
 20
43.622788403
 30
0.0
 10
21.7031539375
 20
43.5902623728
 30
0.0
 10
21.4364890945
 20
43.5501270371
 30
0.0
 10
21.0727409319
 20
43.5112807988
 30
0.0
 10
20.7730555529
 20
43.4921408785
 30
0.0
 10
20.6179777189
 20
43.4850292398
 30
0.0
  0
SPLINE
  5
B42
100
AcDbEntity
  8
0
100
AcDbSpline
 62
7
  6
BYLAYER
 70
0
 71
3
 72
11
 73
7
 74
0
 42
0.0000001
 43
0.0000001
 44
0.0000000001
 40
0.0
 40
0.0
 40
0.0
 40
0.0
 40
0.1744687702
 40
0.3861983269
 40
0.65771085
 40
1.0
 40
1.0
 40
1.0
 40
1.0
 10
18.8680291285
 20
44.1595527231
 30
0.0
 10
18.8680244526
 20
44.1572642552
 30
0.0
 10
18.8694581439
 20
44.1521708342
 30
0.0
 10
18.8750506709
 20
44.1454227568
 30
0.0
 10
18.8837584659
 20
44.1388975344
 30
0.0
 10
18.8908716719
 20
44.1350758036
 30
0.0
 10
18.8949157632
 20
44.1331256526
 30
0.0
  0
SPLINE
  5
B43
100
AcDbEntity
  8
0
100
AcDbSpline
 62
7
  6
BYLAYER
 70
0
 71
3
 72
19
 73
15
 74
0
 42
0.0000001
 43
0.0000001
 44
0.0000000001
 40
0.0
 40
0.0
 40
0.0
 40
0.0
 40
0.0094200065
 40
0.0205791649
 40
0.0481297173
 40
0.0825894816
 40
0.1237956783
 40
0.1715465797
 40
0.2255218796
 40
0.3503699956
 40
0.4947152269
 40
0.6543469452
 40
0.8244341708
 40
1.0
 40
1.0
 40
1.0
 40
1.0
 10
18.8949157632
 20
44.1331256526
 30
0.0
 10
18.8998111734
 20
44.1307649767
 30
0.0
 10
18.9107841219
 20
44.126185031
 30
0.0
 10
18.9370938791
 20
44.1172649919
 30
0.0
 10
18.9780610031
 20
44.1068557132
 30
0.0
 10
19.0365469548
 20
44.0955677632
 30
0.0
 10
19.1069823629
 20
44.0850024655
 30
0.0
 10
19.1888879071
 20
44.0753323933
 30
0.0
 10
19.3190611375
 20
44.0632501932
 30
0.0
 10
19.505207066
 20
44.0518266792
 30
0.0
 10
19.7525269899
 20
44.044158055
 30
0.0
 10
20.0260635177
 20
44.0427733389
 30
0.0
 10
20.3175623723
 20
44.0481723424
 30
0.0
 10
20.5168331101
 20
44.056555249
 30
0.0
 10
20.6179783551
 20
44.0620185742
 30
0.0
  0
SPLINE
  5
B44
100
AcDbEntity
  8
0
100
AcDbSpline
 62
7
  6
BYLAYER
 70
0
 71
3
 72
19
 73
15
 74
0
 42
0.0000001
 43
0.0000001
 44
0.0000000001
 40
0.0
 40
0.0
 40
0.0
 40
0.0
 40
0.1776261742
 40
0.3495657233
 40
0.5105425456
 40
0.6556152671
 40
0.7803638138
 40
0.8339130882
 40
0.8810396635
 40
0.9214059113
 40
0.9547620336
 40
0.9809458016
 40
0.9913527394
 40
1.0
 40
1.0
 40
1.0
 40
1.0
 10
20.6179777189
 20
45.8217680353
 30
0.0
 10
20.5152200886
 20
45.8161915159
 30
0.0
 10
20.3128458453
 20
45.8078275435
 30
0.0
 10
20.0170842459
 20
45.8024396739
 30
0.0
 10
19.7401319655
 20
45.8041056073
 30
0.0
 10
19.4906497842
 20
45.8122344634
 30
0.0
 10
19.3036334569
 20
45.8241389398
 30
0.0
 10
19.1736288008
 20
45.8367314106
 30
0.0
 10
19.092519638
 20
45.8467344012
 30
0.0
 10
19.0233334611
 20
45.8576110347
 30
0.0
 10
18.9666076997
 20
45.869194729
 30
0.0
 10
18.9274485205
 20
45.8798903127
 30
0.0
 10
18.9028881042
 20
45.8890838776
 30
0.0
 10
18.8928810158
 20
45.8938012245
 30
0.0
 10
18.8885030041
 20
45.896236703
 30
0.0
  0
SPLINE
  5
B45
100
AcDbEntity
  8
0
100
AcDbSpline
 62
7
  6
BYLAYER
 70
0
 71
3
 72
13
 73
9
 74
0
 42
0.0000001
 43
0.0000001
 44
0.0000000001
 40
0.0
 40
0.0
 40
0.0
 40
0.0
 40
0.3167835376
 40
0.5919570626
 40
0.7122613595
 40
0.8204689276
 40
0.9163978592
 40
1.0
 40
1.0
 40
1.0
 40
1.0
 10
21.6893572009
 20
45.3638849118
 30
0.0
 10
21.7531811671
 20
45.375203452
 30
0.0
 10
21.8720734396
 20
45.3985396812
 30
0.0
 10
22.0136188713
 20
45.433702855
 30
0.0
 10
22.1120933999
 20
45.4642058393
 30
0.0
 10
22.1745762359
 20
45.486724059
 30
0.0
 10
22.2287776625
 20
45.509802251
 30
0.0
 10
22.2614810455
 20
45.5266586222
 30
0.0
 10
22.2762450038
 20
45.5352992103
 30
0.0
  0
SPLINE
  5
B46
100
AcDbEntity
  8
0
100
AcDbSpline
 62
7
  6
BYLAYER
 70
0
 71
3
 72
11
 73
7
 74
0
 42
0.0000001
 43
0.0000001
 44
0.0000000001
 40
0.0
 40
0.0
 40
0.0
 40
0.0
 40
0.3140642338
 40
0.580993316
 40
0.8061808087
 40
1.0
 40
1.0
 40
1.0
 40
1.0
 10
22.2762450038
 20
45.5352992103
 30
0.0
 10
22.288062676
 20
45.5422154882
 30
0.0
 10
22.3094060376
 20
45.5559585883
 30
0.0
 10
22.3363935874
 20
45.5786858073
 30
0.0
 10
22.3555757427
 20
45.6018969691
 30
0.0
 10
22.3633860281
 20
45.6187607301
 30
0.0
 10
22.3655599249
 20
45.626926576
 30
0.0
  0
SPLINE
  5
B47
100
AcDbEntity
  8
0
100
AcDbSpline
 62
7
  6
BYLAYER
 70
0
 71
3
 72
9
 73
5
 74
0
 42
0.0000001
 43
0.0000001
 44
0.0000000001
 40
0.0
 40
0.0
 40
0.0
 40
0.0
 40
0.253934239
 40
1.0
 40
1.0
 40
1.0
 40
1.0
 10
22.3655599249
 20
45.626926576
 30
0.0
 10
22.3659499469
 20
45.6283916225
 30
0.0
 10
22.3673086053
 20
45.6342064302
 30
0.0
 10
22.3679195985
 20
45.6401984481
 30
0.0
 10
22.3679211241
 20
45.6446527128
 30
0.0
  0
SPLINE
  5
B48
100
AcDbEntity
  8
0
100
AcDbSpline
 62
7
  6
BYLAYER
 70
0
 71
3
 72
11
 73
7
 74
0
 42
0.0000001
 43
0.0000001
 44
0.0000000001
 40
0.0
 40
0.0
 40
0.0
 40
0.0
 40
0.2667649498
 40
0.5268471041
 40
0.7733348245
 40
1.0
 40
1.0
 40
1.0
 40
1.0
 10
20.6179781974
 20
45.2500847306
 30
0.0
 10
20.713694508
 20
45.2552618405
 30
0.0
 10
20.9026197123
 20
45.2676553814
 30
0.0
 10
21.1794068768
 20
45.2926534971
 30
0.0
 10
21.4410617709
 20
45.3238592286
 30
0.0
 10
21.6091581944
 20
45.3496829606
 30
0.0
 10
21.6893581794
 20
45.3638820405
 30
0.0
  0
SPLINE
  5
B49
100
AcDbEntity
  8
0
100
AcDbSpline
 62
7
  6
BYLAYER
 70
0
 71
3
 72
11
 73
7
 74
0
 42
0.0000001
 43
0.0000001
 44
0.0000000001
 40
0.0
 40
0.0
 40
0.0
 40
0.0
 40
0.1746670942
 40
0.3867949881
 40
0.6583871434
 40
1.0
 40
1.0
 40
1.0
 40
1.0
 10
18.8680161899
 20
44.7535933491
 30
0.0
 10
18.8680252928
 20
44.7513031242
 30
0.0
 10
18.869491203
 20
44.7462143306
 30
0.0
 10
18.8751011727
 20
44.7394777624
 30
0.0
 10
18.8838028967
 20
44.7329565563
 30
0.0
 10
18.8909013794
 20
44.7291311058
 30
0.0
 10
18.8949330254
 20
44.7271793238
 30
0.0
  0
SPLINE
  5
B4A
100
AcDbEntity
  8
0
100
AcDbSpline
 62
7
  6
BYLAYER
 70
0
 71
3
 72
19
 73
15
 74
0
 42
0.0000001
 43
0.0000001
 44
0.0000000001
 40
0.0
 40
0.0
 40
0.0
 40
0.0
 40
0.0093893576
 40
0.0205200997
 40
0.0480655313
 40
0.0825586352
 40
0.1237888502
 40
0.1715091878
 40
0.2254499833
 40
0.3503464783
 40
0.4946776957
 40
0.6543214718
 40
0.8244395756
 40
1.0
 40
1.0
 40
1.0
 40
1.0
 10
18.8949330254
 20
44.7271793238
 30
0.0
 10
18.8998088664
 20
44.724818854
 30
0.0
 10
18.9107422307
 20
44.7202327057
 30
0.0
 10
18.937009151
 20
44.7113003018
 30
0.0
 10
18.9779798374
 20
44.7009020069
 30
0.0
 10
19.0364976303
 20
44.6896241592
 30
0.0
 10
19.1069489919
 20
44.6790642304
 30
0.0
 10
19.1888277791
 20
44.6693747423
 30
0.0
 10
19.3189895866
 20
44.6572765359
 30
0.0
 10
19.5051369477
 20
44.6458931074
 30
0.0
 10
19.7524805906
 20
44.6381789383
 30
0.0
 10
20.0260331525
 20
44.6368214233
 30
0.0
 10
20.3175517768
 20
44.6422147355
 30
0.0
 10
20.5168370508
 20
44.6505846306
 30
0.0
 10
20.6179782964
 20
44.6560548419
 30
0.0
  0
SPLINE
  5
B4B
100
AcDbEntity
  8
0
100
AcDbSpline
 62
7
  6
BYLAYER
 70
0
 71
3
 72
11
 73
7
 74
0
 42
0.0000001
 43
0.0000001
 44
0.0000000001
 40
0.0
 40
0.0
 40
0.0
 40
0.0
 40
0.1746616868
 40
0.3866979779
 40
0.6582495655
 40
1.0
 40
1.0
 40
1.0
 40
1.0
 10
18.8680290006
 20
45.9416735496
 30
0.0
 10
18.8680344148
 20
45.9393838718
 30
0.0
 10
18.8694902558
 20
45.9342944868
 30
0.0
 10
18.8750917035
 20
45.9275544052
 30
0.0
 10
18.8837899356
 20
45.9210318682
 30
0.0
 10
18.8908885318
 20
45.9172072852
 30
0.0
 10
18.894921332
 20
45.9152559386
 30
0.0
  0
SPLINE
  5
B4C
100
AcDbEntity
  8
0
100
AcDbSpline
 62
7
  6
BYLAYER
 70
0
 71
3
 72
19
 73
15
 74
0
 42
0.0000001
 43
0.0000001
 44
0.0000000001
 40
0.0
 40
0.0
 40
0.0
 40
0.0
 40
0.0093950707
 40
0.0205369254
 40
0.0480895884
 40
0.0825742871
 40
0.1237941641
 40
0.1715164147
 40
0.2254718274
 40
0.3503576075
 40
0.4946865937
 40
0.6543315637
 40
0.8244379925
 40
1.0
 40
1.0
 40
1.0
 40
1.0
 10
18.894921332
 20
45.9152559386
 30
0.0
 10
18.8998006371
 20
45.9128949946
 30
0.0
 10
18.9107447031
 20
45.9083088247
 30
0.0
 10
18.9370289312
 20
45.8993840732
 30
0.0
 10
18.9780043202
 20
45.8889823766
 30
0.0
 10
19.0365152691
 20
45.8777013151
 30
0.0
 10
19.1069567889
 20
45.8671389242
 30
0.0
 10
19.1888399913
 20
45.8574517942
 30
0.0
 10
19.3190067112
 20
45.845363638
 30
0.0
 10
19.5051550499
 20
45.833966776
 30
0.0
 10
19.7524937475
 20
45.826262556
 30
0.0
 10
20.0260401901
 20
45.8249026453
 30
0.0
 10
20.3175554629
 20
45.8302906183
 30
0.0
 10
20.5168355658
 20
45.8386689475
 30
0.0
 10
20.6179783478
 20
45.8441374945
 30
0.0
  0
SPLINE
  5
B4D
100
AcDbEntity
  8
0
100
AcDbSpline
 62
7
  6
BYLAYER
 70
0
 71
3
 72
11
 73
7
 74
0
 42
0.0000001
 43
0.0000001
 44
0.0000000001
 40
0.0
 40
0.0
 40
0.0
 40
0.0
 40
0.1744251156
 40
0.3866641517
 40
0.6584590348
 40
1.0
 40
1.0
 40
1.0
 40
1.0
 10
18.8679496486
 20
45.34763308
 30
0.0
 10
18.8679628991
 20
45.3453414457
 30
0.0
 10
18.8694527209
 20
45.3402485496
 30
0.0
 10
18.8750993859
 20
45.3335206196
 30
0.0
 10
18.883833924
 20
45.3270029433
 30
0.0
 10
18.8909513401
 20
45.3231755494
 30
0.0
 10
18.8949912748
 20
45.3212223712
 30
0.0
  0
SPLINE
  5
B4E
100
AcDbEntity
  8
0
100
AcDbSpline
 62
7
  6
BYLAYER
 70
0
 71
3
 72
19
 73
15
 74
0
 42
0.0000001
 43
0.0000001
 44
0.0000000001
 40
0.0
 40
0.0
 40
0.0
 40
0.0
 40
0.0093933804
 40
0.0205104345
 40
0.0480036078
 40
0.0825012399
 40
0.1237691902
 40
0.1715139889
 40
0.2254245843
 40
0.3503105732
 40
0.4946801254
 40
0.6542925957
 40
0.8244402052
 40
1.0
 40
1.0
 40
1.0
 40
1.0
 10
18.8949912748
 20
45.3212223712
 30
0.0
 10
18.8998702898
 20
45.3188635247
 30
0.0
 10
18.9107980106
 20
45.3142801727
 30
0.0
 10
18.9370239838
 20
45.3053417366
 30
0.0
 10
18.9779516837
 20
45.2949213623
 30
0.0
 10
19.0364659064
 20
45.283661583
 30
0.0
 10
19.1069550533
 20
45.2731113119
 30
0.0
 10
19.1888504287
 20
45.2634281229
 30
0.0
 10
19.3189958593
 20
45.2513005538
 30
0.0
 10
19.5051377741
 20
45.2399340195
 30
0.0
 10
19.7524712749
 20
45.2322314082
 30
0.0
 10
20.026036493
 20
45.2308421417
 30
0.0
 10
20.3175435888
 20
45.2362799456
 30
0.0
 10
20.5168405203
 20
45.2446143894
 30
0.0
 10
20.6179781978
 20
45.2500847306
 30
0.0
  0
SPLINE
  5
B4F
100
AcDbEntity
  8
0
100
AcDbSpline
 62
7
  6
BYLAYER
 70
0
 71
3
 72
17
 73
13
 74
0
 42
0.0000001
 43
0.0000001
 44
0.0000000001
 40
0.0
 40
0.0
 40
0.0
 40
0.0
 40
0.0331063974
 40
0.0711842592
 40
0.1141824273
 40
0.161961624
 40
0.2710104956
 40
0.3962273745
 40
0.5349502223
 40
0.6840938935
 40
0.8403152702
 40
1.0
 40
1.0
 40
1.0
 40
1.0
 10
22.2671466958
 20
44.3196528305
 30
0.0
 10
22.2509410572
 20
44.3106166631
 30
0.0
 10
22.2150647562
 20
44.2930302626
 30
0.0
 10
22.1557011643
 20
44.2690384868
 30
0.0
 10
22.0873257468
 20
44.2457011607
 30
0.0
 10
21.9798286826
 20
44.2141902415
 30
0.0
 10
21.8258313297
 20
44.1780442604
 30
0.0
 10
21.6201822882
 20
44.1402365558
 30
0.0
 10
21.3910212823
 20
44.1069819041
 30
0.0
 10
21.1437027904
 20
44.0787643637
 30
0.0
 10
20.8840405155
 20
44.0559363013
 30
0.0
 10
20.7073448491
 20
44.0444501472
 30
0.0
 10
20.6179777189
 20
44.0396467603
 30
0.0
  0
SPLINE
  5
B50
100
AcDbEntity
  8
0
100
AcDbSpline
 62
7
  6
BYLAYER
 70
0
 71
3
 72
30
 73
26
 74
0
 42
0.0000001
 43
0.0000001
 44
0.0000000001
 40
0.0
 40
0.0
 40
0.0
 40
0.0
 40
0.0193137281
 40
0.0414073073
 40
0.066247276
 40
0.0937234532
 40
0.1558945042
 40
0.2265601326
 40
0.303959613
 40
0.3860702829
 40
0.4707523093
 40
0.5557536258
 40
0.6388080147
 40
0.717670412
 40
0.7902668018
 40
0.8546003121
 40
0.8831118733
 40
0.9089701378
 40
0.9319896494
 40
0.9519789899
 40
0.9688307473
 40
0.9824752726
 40
0.9928630047
 40
0.9968334527
 40
1.0
 40
1.0
 40
1.0
 40
1.0
 10
21.7799206109
 20
44.047910925
 30
0.0
 10
21.7662362177
 20
44.0402587934
 30
0.0
 10
21.7360533212
 20
44.0253567052
 30
0.0
 10
21.6862546706
 20
44.0049799902
 30
0.0
 10
21.6291704192
 20
43.9851519759
 30
0.0
 10
21.5400970467
 20
43.9585454675
 30
0.0
 10
21.4134445723
 20
43.928236478
 30
0.0
 10
21.2457242553
 20
43.8964378201
 30
0.0
 10
21.0608886954
 20
43.8687828918
 30
0.0
 10
20.8640163315
 20
43.8454065438
 30
0.0
 10
20.6604581125
 20
43.8266136146
 30
0.0
 10
20.4557529403
 20
43.8125856926
 30
0.0
 10
20.2555162451
 20
43.8031401894
 30
0.0
 10
20.0651895992
 20
43.7982742874
 30
0.0
 10
19.8900004153
 20
43.7975538078
 30
0.0
 10
19.755707359
 20
43.8002403837
 30
0.0
 10
19.6594262178
 20
43.8042584028
 30
0.0
 10
19.5967068329
 20
43.8079298753
 30
0.0
 10
19.5409665042
 20
43.8122788451
 30
0.0
 10
19.4926178318
 20
43.817198943
 30
0.0
 10
19.4519810793
 20
43.8226122445
 30
0.0
 10
19.4192982619
 20
43.8284148536
 30
0.0
 10
19.397164846
 20
43.8337774565
 30
0.0
 10
19.3837160574
 20
43.8384417925
 30
0.0
 10
19.3784226216
 20
43.8408411761
 30
0.0
 10
19.3761796235
 20
43.8420968431
 30
0.0
  0
SPLINE
  5
B51
100
AcDbEntity
  8
0
100
AcDbSpline
 62
7
  6
BYLAYER
 70
0
 71
3
 72
17
 73
13
 74
0
 42
0.0000001
 43
0.0000001
 44
0.0000000001
 40
0.0
 40
0.0
 40
0.0
 40
0.0
 40
0.0331165843
 40
0.0712034245
 40
0.1142090679
 40
0.1619940634
 40
0.271049485
 40
0.3962668837
 40
0.5349849364
 40
0.6841197454
 40
0.840328934
 40
1.0
 40
1.0
 40
1.0
 40
1.0
 10
22.2670248513
 20
44.913625028
 30
0.0
 10
22.2508130715
 20
44.9045913041
 30
0.0
 10
22.2149264645
 20
44.8870092955
 30
0.0
 10
22.1555505334
 20
44.8630224524
 30
0.0
 10
22.087166586
 20
44.8396901266
 30
0.0
 10
21.9796652682
 20
44.8081871867
 30
0.0
 10
21.825671252
 20
44.7720530941
 30
0.0
 10
21.6200369653
 20
44.7342540655
 30
0.0
 10
21.3909012593
 20
44.7010098018
 30
0.0
 10
21.143618468
 20
44.6727908975
 30
0.0
 10
20.8839972623
 20
44.6499575103
 30
0.0
 10
20.7073286286
 20
44.6385108617
 30
0.0
 10
20.6179777189
 20
44.6336863074
 30
0.0
  0
SPLINE
  5
B52
100
AcDbEntity
  8
0
100
AcDbSpline
 62
7
  6
BYLAYER
 70
0
 71
3
 72
29
 73
25
 74
0
 42
0.0000001
 43
0.0000001
 44
0.0000000001
 40
0.0
 40
0.0
 40
0.0
 40
0.0
 40
0.0193320868
 40
0.041430674
 40
0.0662663604
 40
0.0937358127
 40
0.1559143436
 40
0.2265624184
 40
0.3039452031
 40
0.3860285288
 40
0.4706860657
 40
0.5556647232
 40
0.6386994441
 40
0.7175463251
 40
0.7901413002
 40
0.8544629041
 40
0.9088828974
 40
0.9318843681
 40
0.9518743507
 40
0.9687609974
 40
0.9824485325
 40
0.9928561252
 40
0.9968287836
 40
1.0
 40
1.0
 40
1.0
 40
1.0
 10
21.7797404585
 20
44.6418680128
 30
0.0
 10
21.7660450829
 20
44.6342094077
 30
0.0
 10
21.7358558275
 20
44.6192884311
 30
0.0
 10
21.6860498432
 20
44.5989054608
 30
0.0
 10
21.6289601044
 20
44.5791318904
 30
0.0
 10
21.5398860385
 20
44.5525875088
 30
0.0
 10
21.413290431
 20
44.5221800032
 30
0.0
 10
21.2455931693
 20
44.4904889256
 30
0.0
 10
21.06083899
 20
44.4628181994
 30
0.0
 10
20.8640505911
 20
44.4394235817
 30
0.0
 10
20.6605739454
 20
44.4207225678
 30
0.0
 10
20.455959787
 20
44.4065677018
 30
0.0
 10
20.2557913936
 20
44.397248907
 30
0.0
 10
20.0655241237
 20
44.3922898096
 30
0.0
 10
19.8903802147
 20
44.3916021048
 30
0.0
 10
19.7350935746
 20
44.3946829504
 30
0.0
 10
19.620152041
 20
44.4001699266
 30
0.0
 10
19.5413155368
 20
44.4062744047
 30
0.0
 10
19.4929601423
 20
44.4112046666
 30
0.0
 10
19.4522653684
 20
44.4166205389
 30
0.0
 10
19.4195048667
 20
44.4224108215
 30
0.0
 10
19.3973162903
 20
44.4277572351
 30
0.0
 10
19.3838449465
 20
44.4324178446
 30
0.0
 10
19.3785471414
 20
44.4348191487
 30
0.0
 10
19.3763005002
 20
44.4360753419
 30
0.0
  0
SPLINE
  5
B53
100
AcDbEntity
  8
0
100
AcDbSpline
 62
7
  6
BYLAYER
 70
0
 71
3
 72
16
 73
12
 74
0
 42
0.0000001
 43
0.0000001
 44
0.0000000001
 40
0.0
 40
0.0
 40
0.0
 40
0.0
 40
0.0331425801
 40
0.071252365
 40
0.1142772136
 40
0.162077393
 40
0.2711517514
 40
0.3963732675
 40
0.5350823986
 40
0.6841980937
 40
1.0
 40
1.0
 40
1.0
 40
1.0
 10
22.2667234584
 20
45.5074977528
 30
0.0
 10
22.2504965658
 20
45.498469862
 30
0.0
 10
22.2145846549
 20
45.4808983573
 30
0.0
 10
22.1551783039
 20
45.4569237922
 30
0.0
 10
22.086773074
 20
45.4336052059
 30
0.0
 10
21.9792606358
 20
45.4021243872
 30
0.0
 10
21.8252762841
 20
45.3660130488
 30
0.0
 10
21.6196782606
 20
45.3282366015
 30
0.0
 10
21.3906044745
 20
45.2950143276
 30
0.0
 10
21.0545492925
 20
45.2566698692
 30
0.0
 10
20.7946558224
 20
45.2373159013
 30
0.0
 10
20.6179777189
 20
45.2277269853
 30
0.0
  0
SPLINE
  5
B54
100
AcDbEntity
  8
0
100
AcDbSpline
 62
7
  6
BYLAYER
 70
0
 71
3
 72
29
 73
25
 74
0
 42
0.0000001
 43
0.0000001
 44
0.0000000001
 40
0.0
 40
0.0
 40
0.0
 40
0.0
 40
0.0193545842
 40
0.041458371
 40
0.0663016184
 40
0.093784192
 40
0.1559912027
 40
0.2266538541
 40
0.3040421463
 40
0.3861342804
 40
0.4707948039
 40
0.5557697564
 40
0.6387862061
 40
0.7176422503
 40
0.7902028547
 40
0.854526859
 40
0.9089287567
 40
0.9319135495
 40
0.9519081416
 40
0.9688100085
 40
0.9824912328
 40
0.9928676924
 40
0.9968294649
 40
1.0
 40
1.0
 40
1.0
 40
1.0
 10
21.7795159973
 20
45.2357693581
 30
0.0
 10
21.7658066053
 20
45.2281022758
 30
0.0
 10
21.7355985169
 20
45.2131761423
 30
0.0
 10
21.685751975
 20
45.1928321733
 30
0.0
 10
21.6286319602
 20
45.1731064337
 30
0.0
 10
21.5395354524
 20
45.1465404763
 30
0.0
 10
21.412918825
 20
45.1160827487
 30
0.0
 10
21.2451778343
 20
45.0845227391
 30
0.0
 10
21.060437146
 20
45.0567632095
 30
0.0
 10
20.8636485203
 20
45.0334453349
 30
0.0
 10
20.6601941783
 20
45.0147041781
 30
0.0
 10
20.455615578
 20
45.0006118834
 30
0.0
 10
20.2554834728
 20
44.9912639855
 30
0.0
 10
20.0652734876
 20
44.9863259811
 30
0.0
 10
19.8901692191
 20
44.9856540302
 30
0.0
 10
19.7349421614
 20
44.9887233243
 30
0.0
 10
19.620039212
 20
44.9941951522
 30
0.0
 10
19.5412398498
 20
45.0003373955
 30
0.0
 10
19.4928872302
 20
45.0052614859
 30
0.0
 10
19.4521863325
 20
45.0106760837
 30
0.0
 10
19.419444653
 20
45.0164458692
 30
0.0
 10
19.397298488
 20
45.0217933738
 30
0.0
 10
19.383868845
 20
45.0264638576
 30
0.0
 10
19.3785834283
 20
45.0288670798
 30
0.0
 10
19.3763376296
 20
45.0301230125
 30
0.0
  0
SPLINE
  5
B55
100
AcDbEntity
  8
0
100
AcDbSpline
 62
7
  6
BYLAYER
 70
0
 71
3
 72
24
 73
20
 74
0
 42
0.0000001
 43
0.0000001
 44
0.0000000001
 40
0.0
 40
0.0
 40
0.0
 40
0.0
 40
0.1905854662
 40
0.3735059235
 40
0.4599838381
 40
0.5420769717
 40
0.6190326579
 40
0.6901651845
 40
0.754849838
 40
0.8125356092
 40
0.8627648586
 40
0.9051895136
 40
0.939629991
 40
0.9538748432
 40
0.9661915754
 40
0.9766901201
 40
0.9855638667
 40
0.9931500643
 40
1.0
 40
1.0
 40
1.0
 40
1.0
 10
20.593763686
 20
50.1317821642
 30
0.0
 10
20.5054895613
 20
50.1320007661
 30
0.0
 10
20.332488718
 20
50.1347536279
 30
0.0
 10
20.1196069808
 20
50.1441060106
 30
0.0
 10
19.9571763169
 20
50.1551981838
 30
0.0
 10
19.8438656595
 20
50.1649371141
 30
0.0
 10
19.7378356318
 20
50.1761575146
 30
0.0
 10
19.6400820724
 20
50.1887454784
 30
0.0
 10
19.5515161317
 20
50.2025747851
 30
0.0
 10
19.4729621156
 20
50.2175047636
 30
0.0
 10
19.40512802
 20
50.2333692758
 30
0.0
 10
19.3486310682
 20
50.2500117679
 30
0.0
 10
19.3091427646
 20
50.2651556668
 30
0.0
 10
19.2839179994
 20
50.2779436484
 30
0.0
 10
19.2693239573
 20
50.2870351003
 30
0.0
 10
19.2578289068
 20
50.2962342386
 30
0.0
 10
19.2494357343
 20
50.305584975
 30
0.0
 10
19.2442085847
 20
50.3151790304
 30
0.0
 10
19.2429814845
 20
50.3219060266
 30
0.0
 10
19.2429817643
 20
50.3250787445
 30
0.0
  0
SPLINE
  5
B56
100
AcDbEntity
  8
0
100
AcDbSpline
 62
7
  6
BYLAYER
 70
0
 71
3
 72
23
 73
19
 74
0
 42
0.0000001
 43
0.0000001
 44
0.0000000001
 40
0.0
 40
0.0
 40
0.0
 40
0.0
 40
0.0049967412
 40
0.0113949988
 40
0.0195968715
 40
0.0297834466
 40
0.0420288635
 40
0.0563600533
 40
0.0727816512
 40
0.0912789243
 40
0.1343677078
 40
0.1853155739
 40
0.24368835
 40
0.3089834009
 40
0.4579384335
 40
0.6268657614
 40
0.8097157842
 40
1.0
 40
1.0
 40
1.0
 40
1.0
 10
18.9271169487
 20
43.5931798342
 30
0.0
 10
18.9278624627
 20
43.59043201
 30
0.0
 10
18.9312713772
 20
43.5846532531
 30
0.0
 10
18.9397221926
 20
43.5772363756
 30
0.0
 10
18.9518623821
 20
43.5699209255
 30
0.0
 10
18.9677869258
 20
43.562713718
 30
0.0
 10
18.9875035723
 20
43.5555933056
 30
0.0
 10
19.010993966
 20
43.5485966613
 30
0.0
 10
19.0382158129
 20
43.5417502173
 30
0.0
 10
19.0816729196
 20
43.53238094
 30
0.0
 10
19.1448967086
 20
43.5215280391
 30
0.0
 10
19.2309930054
 20
43.510063539
 30
0.0
 10
19.3299705074
 20
43.4997953719
 30
0.0
 10
19.4848282027
 20
43.4874089086
 30
0.0
 10
19.7029434567
 20
43.4765547943
 30
0.0
 10
19.9882425316
 20
43.4709582532
 30
0.0
 10
20.2971358068
 20
43.473217171
 30
0.0
 10
20.5096668975
 20
43.4800622788
 30
0.0
 10
20.6179777189
 20
43.4850292519
 30
0.0
  0
SPLINE
  5
B57
100
AcDbEntity
  8
0
100
AcDbSpline
 62
7
  6
BYLAYER
 70
0
 71
3
 72
11
 73
7
 74
0
 42
0.0000001
 43
0.0000001
 44
0.0000000001
 40
0.0
 40
0.0
 40
0.0
 40
0.0
 40
0.1745287999
 40
0.3867690622
 40
0.6584985387
 40
1.0
 40
1.0
 40
1.0
 40
1.0
 10
18.8679723538
 20
46.5357136179
 30
0.0
 10
18.8679862205
 20
46.5334221823
 30
0.0
 10
18.8694719388
 20
46.5283313475
 30
0.0
 10
18.8751081287
 20
46.521601508
 30
0.0
 10
18.8838313408
 20
46.5150828859
 30
0.0
 10
18.8909412231
 20
46.5112558177
 30
0.0
 10
18.8949773654
 20
46.509302989
 30
0.0
  0
SPLINE
  5
B58
100
AcDbEntity
  8
0
100
AcDbSpline
 62
7
  6
BYLAYER
 70
0
 71
3
 72
19
 73
15
 74
0
 42
0.0000001
 43
0.0000001
 44
0.0000000001
 40
0.0
 40
0.0
 40
0.0
 40
0.0
 40
0.0093893309
 40
0.0205062546
 40
0.0480153502
 40
0.0825169929
 40
0.1237750612
 40
0.1715094329
 40
0.2254226879
 40
0.3503202864
 40
0.494676021
 40
0.6542995756
 40
0.8244413012
 40
1.0
 40
1.0
 40
1.0
 40
1.0
 10
18.8949773654
 20
46.509302989
 30
0.0
 10
18.8998536133
 20
46.5069436874
 30
0.0
 10
18.9107785718
 20
46.5023595319
 30
0.0
 10
18.9370115486
 20
46.493419612
 30
0.0
 10
18.9779539349
 20
46.4830088613
 30
0.0
 10
19.0364733802
 20
46.4717450511
 30
0.0
 10
19.1069531989
 20
46.4611913282
 30
0.0
 10
19.1888386515
 20
46.4515052354
 30
0.0
 10
19.318987876
 20
46.4393824669
 30
0.0
 10
19.505131503
 20
46.4280182919
 30
0.0
 10
19.7524719063
 20
46.420305358
 30
0.0
 10
20.0260344005
 20
46.4189301808
 30
0.0
 10
20.3175464315
 20
46.4243530053
 30
0.0
 10
20.5168406536
 20
46.4326967841
 30
0.0
 10
20.6179784505
 20
46.4381682531
 30
0.0
  0
SPLINE
  5
B59
100
AcDbEntity
  8
0
100
AcDbSpline
 62
7
  6
BYLAYER
 70
0
 71
3
 72
10
 73
6
 74
0
 42
0.0000001
 43
0.0000001
 44
0.0000000001
 40
0.0
 40
0.0
 40
0.0
 40
0.0
 40
0.402725813
 40
0.6744993897
 40
1.0
 40
1.0
 40
1.0
 40
1.0
 10
18.8689137258
 20
47.1246809793
 30
0.0
 10
18.8705907743
 20
47.1204000594
 30
0.0
 10
18.8762296118
 20
47.1145203528
 30
0.0
 10
18.8856146903
 20
47.1081497117
 30
0.0
 10
18.8916741169
 20
47.1049479225
 30
0.0
 10
18.8950213332
 20
47.1033338563
 30
0.0
  0
SPLINE
  5
B5A
100
AcDbEntity
  8
0
100
AcDbSpline
 62
7
  6
BYLAYER
 70
0
 71
3
 72
19
 73
15
 74
0
 42
0.0000001
 43
0.0000001
 44
0.0000000001
 40
0.0
 40
0.0
 40
0.0
 40
0.0
 40
0.0094092714
 40
0.0205370061
 40
0.0480167775
 40
0.0824846627
 40
0.12376544
 40
0.1715383421
 40
0.2254605578
 40
0.3503051911
 40
0.4947027572
 40
0.654291791
 40
0.8244366086
 40
1.0
 40
1.0
 40
1.0
 40
1.0
 10
18.8950213332
 20
47.1033338563
 30
0.0
 10
18.8999109132
 20
47.1009760445
 30
0.0
 10
18.9108557833
 20
47.0963949409
 30
0.0
 10
18.937091086
 20
47.0874626648
 30
0.0
 10
18.9779953344
 20
47.0770321651
 30
0.0
 10
19.036489278
 20
47.0657623284
 30
0.0
 10
19.1069856379
 20
47.0552250953
 30
0.0
 10
19.1889107864
 20
47.0455498499
 30
0.0
 10
19.3190528944
 20
47.0334253326
 30
0.0
 10
19.5051889703
 20
47.0220352894
 30
0.0
 10
19.7524977494
 20
47.014369819
 30
0.0
 10
20.0260583276
 20
47.0129454766
 30
0.0
 10
20.3175466708
 20
47.0184105951
 30
0.0
 10
20.5168401157
 20
47.026739496
 30
0.0
 10
20.6179783535
 20
47.032202027
 30
0.0
  0
SPLINE
  5
B5B
100
AcDbEntity
  8
0
100
AcDbSpline
 62
7
  6
BYLAYER
 70
0
 71
3
 72
24
 73
20
 74
0
 42
0.0000001
 43
0.0000001
 44
0.0000000001
 40
0.0
 40
0.0
 40
0.0
 40
0.0
 40
0.0068113063
 40
0.0143694848
 40
0.0232318325
 40
0.0337371031
 40
0.0460762641
 40
0.0603565144
 40
0.0949072367
 40
0.1374788801
 40
0.1878817241
 40
0.2457507842
 40
0.3106162215
 40
0.3819083042
 40
0.4589870089
 40
0.5411472335
 40
0.6276198121
 40
0.8102327584
 40
1.0
 40
1.0
 40
1.0
 40
1.0
 10
21.9929736735
 20
50.3250787445
 30
0.0
 10
21.9929733904
 20
50.3218689517
 30
0.0
 10
21.9917136216
 20
50.315056397
 30
0.0
 10
21.9863645838
 20
50.3053528765
 30
0.0
 10
21.9777799295
 20
50.2959005955
 30
0.0
 10
21.966024218
 20
50.2866040276
 30
0.0
 10
21.9511015518
 20
50.2774170164
 30
0.0
 10
21.9253055733
 20
50.2644921412
 30
0.0
 10
21.8849373553
 20
50.2492032155
 30
0.0
 10
21.8272034121
 20
50.232413126
 30
0.0
 10
21.7579071365
 20
50.2164307187
 30
0.0
 10
21.6776945262
 20
50.2014119535
 30
0.0
 10
21.5873064116
 20
50.1875321211
 30
0.0
 10
21.4876032118
 20
50.1749320168
 30
0.0
 10
21.3795363565
 20
50.1637436159
 30
0.0
 10
21.2641432489
 20
50.1540808754
 30
0.0
 10
21.0989739487
 20
50.1431626047
 30
0.0
 10
20.8828955428
 20
50.1341392547
 30
0.0
 10
20.7074045498
 20
50.1317521847
 30
0.0
 10
20.6179777189
 20
50.1317521847
 30
0.0
  0
SPLINE
  5
B5C
100
AcDbEntity
  8
0
100
AcDbSpline
 62
7
  6
BYLAYER
 70
0
 71
3
 72
13
 73
9
 74
0
 42
0.0000001
 43
0.0000001
 44
0.0000000001
 40
0.0
 40
0.0
 40
0.0
 40
0.0
 40
0.2824933803
 40
0.5517157184
 40
0.6772064269
 40
0.7946611819
 40
0.9026939887
 40
1.0
 40
1.0
 40
1.0
 40
1.0
 10
20.6179783531
 20
47.032202027
 30
0.0
 10
20.7478259989
 20
47.0392151687
 30
0.0
 10
21.0012239607
 20
47.0568726751
 30
0.0
 10
21.3113591526
 20
47.0892378338
 30
0.0
 10
21.5449050208
 20
47.121625161
 30
0.0
 10
21.7043393031
 20
47.1478902628
 30
0.0
 10
21.8501776228
 20
47.1764693113
 30
0.0
 10
21.9422149224
 20
47.1981539933
 30
0.0
 10
21.9855343705
 20
47.2095437265
 30
0.0
  0
SPLINE
  5
B5D
100
AcDbEntity
  8
0
100
AcDbSpline
 62
7
  6
BYLAYER
 70
0
 71
3
 72
19
 73
15
 74
0
 42
0.0000001
 43
0.0000001
 44
0.0000000001
 40
0.0
 40
0.0
 40
0.0
 40
0.0
 40
0.1776120421
 40
0.3495402616
 40
0.5105086141
 40
0.6555762776
 40
0.7803254159
 40
0.8338770628
 40
0.8810075701
 40
0.9213793702
 40
0.9547428014
 40
0.9809356878
 40
0.9913476355
 40
1.0
 40
1.0
 40
1.0
 40
1.0
 10
20.6179777189
 20
47.0098445909
 30
0.0
 10
20.515231166
 20
47.0042635271
 30
0.0
 10
20.3128798362
 20
46.9958256723
 30
0.0
 10
20.0171438823
 20
46.9904790234
 30
0.0
 10
19.740213644
 20
46.9921600117
 30
0.0
 10
19.4907451072
 20
47.0002802707
 30
0.0
 10
19.3037343453
 20
47.0121777992
 30
0.0
 10
19.1737285623
 20
47.0247654411
 30
0.0
 10
19.0926142571
 20
47.0347658491
 30
0.0
 10
19.0234198029
 20
47.0456408602
 30
0.0
 10
18.966682329
 20
47.0572235122
 30
0.0
 10
18.9275111797
 20
47.0679179787
 30
0.0
 10
18.9029390069
 20
47.0771099217
 30
0.0
 10
18.8929253569
 20
47.0818262725
 30
0.0
 10
18.8885437693
 20
47.084261141
 30
0.0
  0
SPLINE
  5
B5E
100
AcDbEntity
  8
0
100
AcDbSpline
 62
7
  6
BYLAYER
 70
0
 71
3
 72
18
 73
14
 74
0
 42
0.0000001
 43
0.0000001
 44
0.0000000001
 40
0.0
 40
0.0
 40
0.0
 40
0.0
 40
0.1607163778
 40
0.3178414261
 40
0.4676454632
 40
0.60674493
 40
0.7319240399
 40
0.788400282
 40
0.8404401005
 40
0.887804366
 40
0.9302772119
 40
0.9676856517
 40
1.0
 40
1.0
 40
1.0
 40
1.0
 10
20.6179784503
 20
46.4381682531
 30
0.0
 10
20.7084657307
 20
46.4430635382
 30
0.0
 10
20.887320486
 20
46.4546803112
 30
0.0
 10
21.1500066117
 20
46.4778538631
 30
0.0
 10
21.3998841443
 20
46.5066238641
 30
0.0
 10
21.63093303
 20
46.5404990441
 30
0.0
 10
21.8088127707
 20
46.5735695459
 30
0.0
 10
21.9373072035
 20
46.60283533
 30
0.0
 10
22.0223838666
 20
46.6249718637
 30
0.0
 10
22.0990307649
 20
46.6479529807
 30
0.0
 10
22.1667783441
 20
46.6716754046
 30
0.0
 10
22.2251912603
 20
46.6960658534
 30
0.0
 10
22.2602479628
 20
46.714007255
 30
0.0
 10
22.2759676801
 20
46.7232198927
 30
0.0
  0
SPLINE
  5
B5F
100
AcDbEntity
  8
0
100
AcDbSpline
 62
7
  6
BYLAYER
 70
0
 71
3
 72
10
 73
6
 74
0
 42
0.0000001
 43
0.0000001
 44
0.0000000001
 40
0.0
 40
0.0
 40
0.0
 40
0.0
 40
0.3139367695
 40
0.5816860709
 40
1.0
 40
1.0
 40
1.0
 40
1.0
 10
22.2759676801
 20
46.7232198927
 30
0.0
 10
22.2876774638
 20
46.730082484
 30
0.0
 10
22.3089025516
 20
46.7437942777
 30
0.0
 10
22.3419562804
 20
46.7713953317
 30
0.0
 10
22.3604718821
 20
46.7966178808
 30
0.0
 10
22.3653964292
 20
46.8140196291
 30
0.0
  0
SPLINE
  5
B60
100
AcDbEntity
  8
0
100
AcDbSpline
 62
7
  6
BYLAYER
 70
0
 71
3
 72
9
 73
5
 74
0
 42
0.0000001
 43
0.0000001
 44
0.0000000001
 40
0.0
 40
0.0
 40
0.0
 40
0.0
 40
0.2544473599
 40
1.0
 40
1.0
 40
1.0
 40
1.0
 10
22.3653964292
 20
46.8140196291
 30
0.0
 10
22.3658336438
 20
46.8155646034
 30
0.0
 10
22.3673532534
 20
46.8216905879
 30
0.0
 10
22.3680286447
 20
46.8280288979
 30
0.0
 10
22.3680180329
 20
46.8327335698
 30
0.0
  0
SPLINE
  5
B61
100
AcDbEntity
  8
0
100
AcDbSpline
 62
7
  6
BYLAYER
 70
0
 71
3
 72
19
 73
15
 74
0
 42
0.0000001
 43
0.0000001
 44
0.0000000001
 40
0.0
 40
0.0
 40
0.0
 40
0.0
 40
0.1775904526
 40
0.3494996073
 40
0.5104537222
 40
0.6555140199
 40
0.7802643254
 40
0.8338201239
 40
0.8809572978
 40
0.9213382751
 40
0.95471337
 40
0.9809201602
 40
0.9913397361
 40
1.0
 40
1.0
 40
1.0
 40
1.0
 10
20.6179777189
 20
46.4158036515
 30
0.0
 10
20.5152472431
 20
46.4102349314
 30
0.0
 10
20.3129285775
 20
46.4017835205
 30
0.0
 10
20.0172362665
 20
46.3964409588
 30
0.0
 10
19.7403410097
 20
46.3981181039
 30
0.0
 10
19.4908943862
 20
46.4062337548
 30
0.0
 10
19.3038922181
 20
46.4181261229
 30
0.0
 10
19.1738843624
 20
46.4307087431
 30
0.0
 10
19.0927613428
 20
46.4407057256
 30
0.0
 10
19.0235531824
 20
46.4515774291
 30
0.0
 10
18.9667969413
 20
46.4631569277
 30
0.0
 10
18.9276069923
 20
46.473848563
 30
0.0
 10
18.903016773
 20
46.4830377437
 30
0.0
 10
18.8929931078
 20
46.4877526695
 30
0.0
 10
18.8886060818
 20
46.4901867478
 30
0.0
  0
SPLINE
  5
B62
100
AcDbEntity
  8
0
100
AcDbSpline
 62
7
  6
BYLAYER
 70
0
 71
3
 72
10
 73
6
 74
0
 42
0.0000001
 43
0.0000001
 44
0.0000000001
 40
0.0
 40
0.0
 40
0.0
 40
0.0
 40
0.2266419673
 40
0.4731901388
 40
1.0
 40
1.0
 40
1.0
 40
1.0
 10
21.6893547001
 20
45.9355649826
 30
0.0
 10
21.6091680481
 20
45.9213592135
 30
0.0
 10
21.4410644531
 20
45.8955299573
 30
0.0
 10
21.0842332531
 20
45.853035961
 30
0.0
 10
20.8069889113
 20
45.832025416
 30
0.0
 10
20.6179777189
 20
45.8217680311
 30
0.0
  0
SPLINE
  5
B63
100
AcDbEntity
  8
0
100
AcDbSpline
 62
7
  6
BYLAYER
 70
0
 71
3
 72
29
 73
25
 74
0
 42
0.0000001
 43
0.0000001
 44
0.0000000001
 40
0.0
 40
0.0
 40
0.0
 40
0.0
 40
0.0193494124
 40
0.0414957018
 40
0.0663623071
 40
0.0938327763
 40
0.1560259675
 40
0.2267273881
 40
0.3041096738
 40
0.3862175954
 40
0.4708896902
 40
0.5558619126
 40
0.6388865555
 40
0.7177455214
 40
0.7902839775
 40
0.8546231362
 40
0.9089821049
 40
0.9319637217
 40
0.9519638548
 40
0.9688522743
 40
0.9825077785
 40
0.9928698309
 40
0.9968306669
 40
1.0
 40
1.0
 40
1.0
 40
1.0
 10
21.7795402778
 20
47.0178777838
 30
0.0
 10
21.7658339682
 20
47.0102127258
 30
0.0
 10
21.7355890851
 20
46.9952888612
 30
0.0
 10
21.6856880013
 20
46.9749457961
 30
0.0
 10
21.628533798
 20
46.9551801267
 30
0.0
 10
21.5394361671
 20
46.9286113585
 30
0.0
 10
21.4127920877
 20
46.8982074639
 30
0.0
 10
21.2450420622
 20
46.8665859986
 30
0.0
 10
21.060249052
 20
46.8388606384
 30
0.0
 10
20.8634369825
 20
46.8155443969
 30
0.0
 10
20.6599566275
 20
46.7967899656
 30
0.0
 10
20.4553555702
 20
46.7827256845
 30
0.0
 10
20.2552109338
 20
46.7733592112
 30
0.0
 10
20.0650029222
 20
46.7684428117
 30
0.0
 10
19.88989636
 20
46.7677696564
 30
0.0
 10
19.7347045357
 20
46.7708429691
 30
0.0
 10
19.6198237633
 20
46.7763299777
 30
0.0
 10
19.5410548808
 20
46.782474087
 30
0.0
 10
19.4927102252
 20
46.7874016152
 30
0.0
 10
19.4520327577
 20
46.7927953991
 30
0.0
 10
19.419334565
 20
46.7985725623
 30
0.0
 10
19.3972273621
 20
46.8039418197
 30
0.0
 10
19.3838134751
 20
46.8086175083
 30
0.0
 10
19.3785299631
 20
46.8110209135
 30
0.0
 10
19.3762849726
 20
46.8122764668
 30
0.0
  0
SPLINE
  5
B64
100
AcDbEntity
  8
0
100
AcDbSpline
 62
7
  6
BYLAYER
 70
0
 71
3
 72
14
 73
10
 74
0
 42
0.0000001
 43
0.0000001
 44
0.0000000001
 40
0.0
 40
0.0
 40
0.0
 40
0.0
 40
0.0929339376
 40
0.1981244821
 40
0.3142483836
 40
0.4397765815
 40
0.5730031218
 40
0.7120777904
 40
1.0
 40
1.0
 40
1.0
 40
1.0
 10
22.0537950679
 20
47.2061813128
 30
0.0
 10
22.0106735761
 20
47.1934049761
 30
0.0
 10
21.9178484242
 20
47.1691730578
 30
0.0
 10
21.7690840707
 20
47.1374415245
 30
0.0
 10
21.6037542362
 20
47.1082838291
 30
0.0
 10
21.4242314531
 20
47.0819821831
 30
0.0
 10
21.2330928904
 20
47.0587695631
 30
0.0
 10
20.9633036203
 20
47.031846724
 30
0.0
 10
20.7571095747
 20
47.0174020543
 30
0.0
 10
20.6179777189
 20
47.0098445865
 30
0.0
  0
SPLINE
  5
B65
100
AcDbEntity
  8
0
100
AcDbSpline
 62
7
  6
BYLAYER
 70
0
 71
3
 72
17
 73
13
 74
0
 42
0.0000001
 43
0.0000001
 44
0.0000000001
 40
0.0
 40
0.0
 40
0.0
 40
0.0
 40
0.1607595753
 40
0.3178922386
 40
0.4677390032
 40
0.6068674711
 40
0.7320038319
 40
0.8405455198
 40
0.8879047794
 40
0.9303248839
 40
0.9676879766
 40
1.0
 40
1.0
 40
1.0
 40
1.0
 10
20.617978346
 20
45.8441374945
 30
0.0
 10
20.7085035817
 20
45.8490319763
 30
0.0
 10
20.8874151482
 20
45.8606269158
 30
0.0
 10
21.150191341
 20
45.8838414877
 30
0.0
 10
21.4001456175
 20
45.9126312139
 30
0.0
 10
21.6312618019
 20
45.9464686434
 30
0.0
 10
21.8379889982
 20
45.98503244
 30
0.0
 10
21.9922490528
 20
46.021890172
 30
0.0
 10
22.0994102406
 20
46.0540011364
 30
0.0
 10
22.1670966467
 20
46.0777580424
 30
0.0
 10
22.2254426376
 20
46.102184403
 30
0.0
 10
22.2604769428
 20
46.120121515
 30
0.0
 10
22.2761979326
 20
46.1293347551
 30
0.0
  0
SPLINE
  5
B66
100
AcDbEntity
  8
0
100
AcDbSpline
 62
7
  6
BYLAYER
 70
0
 71
3
 72
11
 73
7
 74
0
 42
0.0000001
 43
0.0000001
 44
0.0000000001
 40
0.0
 40
0.0
 40
0.0
 40
0.0
 40
0.31311615
 40
0.5801130998
 40
0.8059109093
 40
1.0
 40
1.0
 40
1.0
 40
1.0
 10
22.2761979326
 20
46.1293347551
 30
0.0
 10
22.2878912464
 20
46.1361875874
 30
0.0
 10
22.3090450867
 20
46.1498157351
 30
0.0
 10
22.3358811051
 20
46.172297133
 30
0.0
 10
22.3551372652
 20
46.1952078926
 30
0.0
 10
22.3630909584
 20
46.2118932855
 30
0.0
 10
22.365355074
 20
46.2199837044
 30
0.0
  0
SPLINE
  5
B67
100
AcDbEntity
  8
0
100
AcDbSpline
 62
7
  6
BYLAYER
 70
0
 71
3
 72
9
 73
5
 74
0
 42
0.0000001
 43
0.0000001
 44
0.0000000001
 40
0.0
 40
0.0
 40
0.0
 40
0.0
 40
0.254347586
 40
1.0
 40
1.0
 40
1.0
 40
1.0
 10
22.365355074
 20
46.2199837044
 30
0.0
 10
22.3657874222
 20
46.2215286244
 30
0.0
 10
22.3672904648
 20
46.227655648
 30
0.0
 10
22.3679592401
 20
46.2339903359
 30
0.0
 10
22.3679489966
 20
46.2386934658
 30
0.0
  0
SPLINE
  5
B68
100
AcDbEntity
  8
0
100
AcDbSpline
 62
7
  6
BYLAYER
 70
0
 71
3
 72
13
 73
9
 74
0
 42
0.0000001
 43
0.0000001
 44
0.0000000001
 40
0.0
 40
0.0
 40
0.0
 40
0.0
 40
0.0851991166
 40
0.1823518392
 40
0.2913311644
 40
0.4118739826
 40
0.6859436078
 40
1.0
 40
1.0
 40
1.0
 40
1.0
 10
22.2670901939
 20
46.101708762
 30
0.0
 10
22.2521244653
 20
46.0933661209
 30
0.0
 10
22.2192150428
 20
46.0770776253
 30
0.0
 10
22.1650283359
 20
46.0547211412
 30
0.0
 10
22.1030315578
 20
46.0329088887
 30
0.0
 10
22.0061258854
 20
46.0034020687
 30
0.0
 10
21.8676551796
 20
45.9692810726
 30
0.0
 10
21.7515401536
 20
45.9466075903
 30
0.0
 10
21.6893547001
 20
45.9355649826
 30
0.0
  0
SPLINE
  5
B69
100
AcDbEntity
  8
0
100
AcDbSpline
 62
7
  6
BYLAYER
 70
0
 71
3
 72
29
 73
25
 74
0
 42
0.0000001
 43
0.0000001
 44
0.0000000001
 40
0.0
 40
0.0
 40
0.0
 40
0.0
 40
0.0193351475
 40
0.0414500932
 40
0.0663074058
 40
0.0937825833
 40
0.1559608746
 40
0.2266289267
 40
0.3040110796
 40
0.3860930652
 40
0.4707544375
 40
0.5557285935
 40
0.6387410935
 40
0.7176033748
 40
0.790162296
 40
0.8544924004
 40
0.9089015072
 40
0.9318899067
 40
0.951884549
 40
0.9687759393
 40
0.982462355
 40
0.9928619494
 40
0.9968294673
 40
1.0
 40
1.0
 40
1.0
 40
1.0
 10
21.7795875966
 20
46.4238911118
 30
0.0
 10
21.7658913166
 20
46.4162315704
 30
0.0
 10
21.7356884592
 20
46.4013076613
 30
0.0
 10
21.6858449402
 20
46.380938771
 30
0.0
 10
21.6287160378
 20
46.3611854809
 30
0.0
 10
21.5396282941
 20
46.3346372919
 30
0.0
 10
21.4130235686
 20
46.3042200377
 30
0.0
 10
21.2453152736
 20
46.2725769445
 30
0.0
 10
21.0605646015
 20
46.2448858071
 30
0.0
 10
20.8637868693
 20
46.221520694
 30
0.0
 10
20.6603302803
 20
46.2027932181
 30
0.0
 10
20.455746654
 20
46.1887036806
 30
0.0
 10
20.2556059573
 20
46.179328854
 30
0.0
 10
20.065386997
 20
46.1744221426
 30
0.0
 10
19.8902669451
 20
46.1737117516
 30
0.0
 10
19.7350243621
 20
46.1768068769
 30
0.0
 10
19.6201027168
 20
46.182267806
 30
0.0
 10
19.5412906751
 20
46.1884055787
 30
0.0
 10
19.4929423783
 20
46.1933355779
 30
0.0
 10
19.4522419854
 20
46.1987350916
 30
0.0
 10
19.4194852614
 20
46.2045112378
 30
0.0
 10
19.3973106652
 20
46.2098629077
 30
0.0
 10
19.3838578159
 20
46.2145396792
 30
0.0
 10
19.3785673288
 20
46.2169437064
 30
0.0
 10
19.3763214263
 20
46.2181996676
 30
0.0
  0
SPLINE
  5
B6A
100
AcDbEntity
  8
0
100
AcDbSpline
 62
7
  6
BYLAYER
 70
0
 71
3
 72
16
 73
12
 74
0
 42
0.0000001
 43
0.0000001
 44
0.0000000001
 40
0.0
 40
0.0
 40
0.0
 40
0.0
 40
0.0331349186
 40
0.0712378807
 40
0.1142572472
 40
0.1620532794
 40
0.2711234863
 40
0.3963449232
 40
0.5350573578
 40
0.6841794922
 40
1.0
 40
1.0
 40
1.0
 40
1.0
 10
22.2668131531
 20
46.6955932959
 30
0.0
 10
22.2505908741
 20
46.6865636696
 30
0.0
 10
22.2146866982
 20
46.6689892025
 30
0.0
 10
22.1552895477
 20
46.6450114709
 30
0.0
 10
22.0868906878
 20
46.6216893766
 30
0.0
 10
21.9793811932
 20
46.5902022099
 30
0.0
 10
21.8253936782
 20
46.5540833191
 30
0.0
 10
21.6197847904
 20
46.516299916
 30
0.0
 10
21.3906928904
 20
46.4830690266
 30
0.0
 10
21.0546025121
 20
46.4447137084
 30
0.0
 10
20.7946773799
 20
46.4253819931
 30
0.0
 10
20.6179777189
 20
46.4158036187
 30
0.0
  0
SPLINE
  5
B6B
100
AcDbEntity
  8
0
100
AcDbSpline
 62
7
  6
BYLAYER
 70
0
 71
3
 72
34
 73
30
 74
0
 42
0.0000001
 43
0.0000001
 44
0.0000000001
 40
0.0
 40
0.0
 40
0.0
 40
0.0
 40
0.0156313806
 40
0.033108083
 40
0.0513802262
 40
0.0694792027
 40
0.0874702855
 40
0.1056521333
 40
0.1432321504
 40
0.1819351683
 40
0.2213519656
 40
0.2614464565
 40
0.3020331921
 40
0.3429226198
 40
0.3839556278
 40
0.4657423405
 40
0.5459965077
 40
0.6233709591
 40
0.6964970515
 40
0.7641427918
 40
0.8251793003
 40
0.8785289506
 40
0.9232984487
 40
0.9422346516
 40
0.9587694585
 40
0.9728456249
 40
0.9844127448
 40
0.9934485367
 40
1.0
 40
1.0
 40
1.0
 40
1.0
 10
21.3833327673
 20
45.7052806542
 30
0.0
 10
21.3736873302
 20
45.7010875494
 30
0.0
 10
21.3519962877
 20
45.6952363825
 30
0.0
 10
21.3177960097
 20
45.6903029469
 30
0.0
 10
21.281778085
 20
45.6862772986
 30
0.0
 10
21.2456208266
 20
45.6807041222
 30
0.0
 10
21.2096624162
 20
45.6743466343
 30
0.0
 10
21.1607925718
 20
45.6657160452
 30
0.0
 10
21.0978734621
 20
45.6566331293
 30
0.0
 10
21.0206795124
 20
45.6465799709
 30
0.0
 10
20.9417377952
 20
45.6368297301
 30
0.0
 10
20.8614138909
 20
45.627988887
 30
0.0
 10
20.7800171428
 20
45.6198866859
 30
0.0
 10
20.6979163729
 20
45.6125195083
 30
0.0
 10
20.588114755
 20
45.6037445808
 30
0.0
 10
20.4517688718
 20
45.594716685
 30
0.0
 10
20.2908635271
 20
45.586874207
 30
0.0
 10
20.1356723574
 20
45.5819649587
 30
0.0
 10
19.9889023492
 20
45.5798270724
 30
0.0
 10
19.8531107283
 20
45.5803221717
 30
0.0
 10
19.7306544865
 20
45.5831163355
 30
0.0
 10
19.6236719313
 20
45.5880560085
 30
0.0
 10
19.5451130987
 20
45.5939144922
 30
0.0
 10
19.4914159786
 20
45.599556268
 30
0.0
 10
19.4583511121
 20
45.6038522549
 30
0.0
 10
19.4303410954
 20
45.6084400039
 30
0.0
 10
19.4074886149
 20
45.6132431669
 30
0.0
 10
19.389896861
 20
45.6181798218
 30
0.0
 10
19.3800895221
 20
45.6220736534
 30
0.0
 10
19.3762422892
 20
45.6242254234
 30
0.0
  0
SPLINE
  5
B6C
100
AcDbEntity
  8
0
100
AcDbSpline
 62
7
  6
BYLAYER
 70
0
 71
3
 72
19
 73
15
 74
0
 42
0.0000001
 43
0.0000001
 44
0.0000000001
 40
0.0
 40
0.0
 40
0.0
 40
0.0
 40
0.1775908274
 40
0.3494995797
 40
0.5104534594
 40
0.6555139115
 40
0.7802642693
 40
0.8338202229
 40
0.8809576238
 40
0.92133896
 40
0.9547142324
 40
0.9809206298
 40
0.9913399338
 40
1.0
 40
1.0
 40
1.0
 40
1.0
 10
20.6179777189
 20
45.2277270113
 30
0.0
 10
20.5152474013
 20
45.2221514909
 30
0.0
 10
20.3129261029
 20
45.2137595056
 30
0.0
 10
20.0172349349
 20
45.2084003803
 30
0.0
 10
19.7403397293
 20
45.2100716286
 30
0.0
 10
19.4908929772
 20
45.2181833473
 30
0.0
 10
19.3038908621
 20
45.2300799497
 30
0.0
 10
19.173882793
 20
45.2426626871
 30
0.0
 10
19.0927593433
 20
45.2526597139
 30
0.0
 10
19.0235508829
 20
45.2635323919
 30
0.0
 10
18.9667946577
 20
45.2751122194
 30
0.0
 10
18.9276047577
 20
45.2858029044
 30
0.0
 10
18.9030148487
 20
45.2949914931
 30
0.0
 10
18.8929914239
 20
45.2997063188
 30
0.0
 10
18.8886045502
 20
45.302140435
 30
0.0
  0
SPLINE
  5
B6D
100
AcDbEntity
  8
0
100
AcDbSpline
 62
7
  6
BYLAYER
 70
0
 71
3
 72
12
 73
8
 74
0
 42
0.0000001
 43
0.0000001
 44
0.0000000001
 40
0.0
 40
0.0
 40
0.0
 40
0.0
 40
0.0898346692
 40
0.1901696224
 40
0.421939401
 40
0.6932605803
 40
1.0
 40
1.0
 40
1.0
 40
1.0
 10
21.7798133836
 20
45.829980393
 30
0.0
 10
21.7689134423
 20
45.8238850978
 30
0.0
 10
21.7453094008
 20
45.8119227973
 30
0.0
 10
21.691454943
 20
45.7886171594
 30
0.0
 10
21.6120703423
 20
45.7611696214
 30
0.0
 10
21.5034559382
 20
45.7313883384
 30
0.0
 10
21.4249990193
 20
45.71386635
 30
0.0
 10
21.3832234945
 20
45.7053155199
 30
0.0
  0
SPLINE
  5
B6E
100
AcDbEntity
  8
0
100
AcDbSpline
 62
7
  6
BYLAYER
 70
0
 71
3
 72
43
 73
39
 74
0
 42
0.0000001
 43
0.0000001
 44
0.0000000001
 40
0.0
 40
0.0
 40
0.0
 40
0.0
 40
0.0033717378
 40
0.0071232843
 40
0.0115310357
 40
0.0167651648
 40
0.0229211181
 40
0.0300496288
 40
0.0381773843
 40
0.0473144574
 40
0.0685927544
 40
0.0937918747
 40
0.1227292168
 40
0.1551691812
 40
0.1908267124
 40
0.2293795725
 40
0.2704747505
 40
0.3137288835
 40
0.4050782934
 40
0.500002104
 40
0.5949255037
 40
0.6862737749
 40
0.7295271978
 40
0.7706216306
 40
0.8091738048
 40
0.8448307752
 40
0.8772703427
 40
0.906207456
 40
0.9314065092
 40
0.9526849108
 40
0.9618220514
 40
0.9699498539
 40
0.9770784856
 40
0.9832345685
 40
0.9884687849
 40
0.9928766265
 40
0.9966282421
 40
1.0
 40
1.0
 40
1.0
 40
1.0
 10
54.8929777189
 20
59.5794588909
 30
0.0
 10
54.8929777189
 20
59.5719510459
 30
0.0
 10
54.8959764625
 20
59.5559940852
 30
0.0
 10
54.9086358213
 20
59.5332992551
 30
0.0
 10
54.9289125563
 20
59.5111745311
 30
0.0
 10
54.9566973157
 20
59.4894237713
 30
0.0
 10
54.9919741042
 20
59.4679423443
 30
0.0
 10
55.0347196885
 20
59.4467239095
 30
0.0
 10
55.0848783027
 20
59.4258029137
 30
0.0
 10
55.1657165906
 20
59.3968904508
 30
0.0
 10
55.2848471635
 20
59.3626647481
 30
0.0
 10
55.448605059
 20
59.3252548637
 30
0.0
 10
55.638203224
 20
59.2901247001
 30
0.0
 10
55.8518452736
 20
59.2576485447
 30
0.0
 10
56.0875104722
 20
59.2281708079
 30
0.0
 10
56.3429415052
 20
59.2019931648
 30
0.0
 10
56.6156879815
 20
59.1793861679
 30
0.0
 10
57.0060972051
 20
59.1538410699
 30
0.0
 10
57.516833003
 20
59.1327326084
 30
0.0
 10
58.1429907577
 20
59.1243013768
 30
0.0
 10
58.769145968
 20
59.1327333048
 30
0.0
 10
59.2798767105
 20
59.153842133
 30
0.0
 10
59.670280158
 20
59.1793870429
 30
0.0
 10
59.9430218614
 20
59.2019939014
 30
0.0
 10
60.1984484704
 20
59.2281711975
 30
0.0
 10
60.4341100281
 20
59.2576485469
 30
0.0
 10
60.6477494723
 20
59.2901242506
 30
0.0
 10
60.837346141
 20
59.3252540161
 30
0.0
 10
61.0011036495
 20
59.3626636804
 30
0.0
 10
61.1202345191
 20
59.3968891602
 30
0.0
 10
61.2010734065
 20
59.4258014052
 30
0.0
 10
61.2512325278
 20
59.4467225498
 30
0.0
 10
61.2939788403
 20
59.4679409827
 30
0.0
 10
61.3292564845
 20
59.489422483
 30
0.0
 10
61.3570416757
 20
59.5111738186
 30
0.0
 10
61.3773188171
 20
59.5332988836
 30
0.0
 10
61.3899787084
 20
59.555993854
 30
0.0
 10
61.3929777189
 20
59.5719510011
 30
0.0
 10
61.3929777189
 20
59.5794588909
 30
0.0
  0
SPLINE
  5
B6F
100
AcDbEntity
  8
0
100
AcDbSpline
 62
7
  6
BYLAYER
 70
0
 71
3
 72
47
 73
43
 74
0
 42
0.0000001
 43
0.0000001
 44
0.0000000001
 40
0.0
 40
0.0
 40
0.0
 40
0.0
 40
0.0033814922
 40
0.0071651561
 40
0.0116173345
 40
0.0169009118
 40
0.0198859505
 40
0.0231087884
 40
0.0302854294
 40
0.0384582013
 40
0.0476361303
 40
0.0578150802
 40
0.0689851765
 40
0.0942317822
 40
0.1231960033
 40
0.1556425329
 40
0.1912875143
 40
0.2298100611
 40
0.2708591174
 40
0.3140534527
 40
0.4052521803
 40
0.5000021062
 40
0.5947516229
 40
0.6859492152
 40
0.7291428433
 40
0.7701911539
 40
0.8087130159
 40
0.8443574338
 40
0.8768035648
 40
0.9057675513
 40
0.9310140898
 40
0.9421842013
 40
0.952363233
 40
0.9615412324
 40
0.9697140478
 40
0.9768908066
 40
0.9801137125
 40
0.9830988142
 40
0.9883824804
 40
0.9928347485
 40
0.9966184842
 40
1.0
 40
1.0
 40
1.0
 40
1.0
 10
61.3929556142
 20
59.73699736
 30
0.0
 10
61.3927558239
 20
59.7445206219
 30
0.0
 10
61.3893216209
 20
59.7604694581
 30
0.0
 10
61.3761390793
 20
59.7830556393
 30
0.0
 10
61.3553952043
 20
59.805096931
 30
0.0
 10
61.3328771053
 20
59.8224017448
 30
0.0
 10
61.3113733021
 20
59.8362588665
 30
0.0
 10
61.2855434028
 20
59.8511218178
 30
0.0
 10
61.2483947366
 20
59.8693459634
 30
0.0
 10
61.1979168424
 20
59.8901972951
 30
0.0
 10
61.1401547956
 20
59.9106974765
 30
0.0
 10
61.0752411514
 20
59.9308048578
 30
0.0
 10
60.9751881372
 20
59.9581401394
 30
0.0
 10
60.8332214499
 20
59.9903671552
 30
0.0
 10
60.6435219942
 20
60.0253725651
 30
0.0
 10
60.4299159194
 20
60.0577150389
 30
0.0
 10
60.1944341416
 20
60.0870705755
 30
0.0
 10
59.9393156843
 20
60.1131355504
 30
0.0
 10
59.6669985867
 20
60.1356430786
 30
0.0
 10
59.2773442447
 20
60.1610712964
 30
0.0
 10
58.7677093595
 20
60.1820841958
 30
0.0
 10
58.1429646676
 20
60.1904772075
 30
0.0
 10
57.5182225107
 20
60.1820835022
 30
0.0
 10
57.0085926611
 20
60.1610702298
 30
0.0
 10
56.6189440789
 20
60.1356422046
 30
0.0
 10
56.3466317454
 20
60.1131348043
 30
0.0
 10
56.0915177138
 20
60.0870701828
 30
0.0
 10
55.8560395842
 20
60.0577150218
 30
0.0
 10
55.6424361326
 20
60.0253730162
 30
0.0
 10
55.4527381985
 20
59.9903679637
 30
0.0
 10
55.3107720888
 20
59.9581412829
 30
0.0
 10
55.2107189894
 20
59.9308060671
 30
0.0
 10
55.1458049041
 20
59.9106988621
 30
0.0
 10
55.0880423462
 20
59.8901988054
 30
0.0
 10
55.0375639606
 20
59.8693473184
 30
0.0
 10
55.0004147089
 20
59.851123215
 30
0.0
 10
54.9745842217
 20
59.8362601757
 30
0.0
 10
54.9530799067
 20
59.8224029393
 30
0.0
 10
54.9305614591
 20
59.8050976793
 30
0.0
 10
54.9098171901
 20
59.7830560225
 30
0.0
 10
54.8966341214
 20
59.760469695
 30
0.0
 10
54.8931996301
 20
59.7445206725
 30
0.0
 10
54.8929998251
 20
59.7369973583
 30
0.0
  0
SPLINE
  5
B70
100
AcDbEntity
  8
0
100
AcDbSpline
 62
7
  6
BYLAYER
 70
0
 71
3
 72
15
 73
11
 74
0
 42
0.0000001
 43
0.0000001
 44
0.0000000001
 40
0.0
 40
0.0
 40
0.0
 40
0.0
 40
0.1682673198
 40
0.3038281726
 40
0.4117163748
 40
0.5020205174
 40
0.5914815506
 40
0.6976436833
 40
0.8319454204
 40
1.0
 40
1.0
 40
1.0
 40
1.0
 10
33.6940772403
 20
52.1283380178
 30
0.0
 10
33.6902381435
 20
52.1303906568
 30
0.0
 10
33.6834551102
 20
52.1344060924
 30
0.0
 10
33.6751388954
 20
52.1411429866
 30
0.0
 10
33.6697538482
 20
52.1480503824
 30
0.0
 10
33.6676366212
 20
52.1554639977
 30
0.0
 10
33.6694054984
 20
52.1629351859
 30
0.0
 10
33.6745904658
 20
52.1698966488
 30
0.0
 10
33.6828000591
 20
52.1766391996
 30
0.0
 10
33.6895487154
 20
52.1806408906
 30
0.0
 10
33.6933828863
 20
52.1826910691
 30
0.0
  0
SPLINE
  5
B71
100
AcDbEntity
  8
0
100
AcDbSpline
 62
7
  6
BYLAYER
 70
0
 71
3
 72
15
 73
11
 74
0
 42
0.0000001
 43
0.0000001
 44
0.0000000001
 40
0.0
 40
0.0
 40
0.0
 40
0.0
 40
0.1684240677
 40
0.3028263273
 40
0.4091522131
 40
0.4987265077
 40
0.5889459306
 40
0.6965431744
 40
0.8318119015
 40
1.0
 40
1.0
 40
1.0
 40
1.0
 10
37.1422002371
 20
51.6282483808
 30
0.0
 10
37.1460723332
 20
51.6303098589
 30
0.0
 10
37.1528830777
 20
51.6343353966
 30
0.0
 10
37.1611602739
 20
51.6411344959
 30
0.0
 10
37.1663928793
 20
51.6481427261
 30
0.0
 10
37.1682031831
 20
51.6556597289
 30
0.0
 10
37.1661128503
 20
51.6631272976
 30
0.0
 10
37.1607254149
 20
51.6700880189
 30
0.0
 10
37.1523712905
 20
51.6768666706
 30
0.0
 10
37.1455483315
 20
51.6809000113
 30
0.0
 10
37.1416834113
 20
51.6829618867
 30
0.0
  0
SPLINE
  5
B72
100
AcDbEntity
  8
0
100
AcDbSpline
 62
7
  6
BYLAYER
 70
0
 71
3
 72
15
 73
11
 74
0
 42
0.0000001
 43
0.0000001
 44
0.0000000001
 40
0.0
 40
0.0
 40
0.0
 40
0.0
 40
0.1682214913
 40
0.303678464
 40
0.4112750748
 40
0.5013304638
 40
0.5910864756
 40
0.6978896222
 40
0.8324318328
 40
1.0
 40
1.0
 40
1.0
 40
1.0
 10
33.6937031718
 20
51.1285061986
 30
0.0
 10
33.6898817233
 20
51.1305454093
 30
0.0
 10
33.6831293985
 20
51.1345317361
 30
0.0
 10
33.6748544666
 20
51.1412193061
 30
0.0
 10
33.6695073469
 20
51.1480896151
 30
0.0
 10
33.6674765431
 20
51.155493441
 30
0.0
 10
33.6693656169
 20
51.1629157403
 30
0.0
 10
33.6745929618
 20
51.1698192044
 30
0.0
 10
33.6827735289
 20
51.1765304152
 30
0.0
 10
33.68947746
 20
51.1805211015
 30
0.0
 10
33.6932790371
 20
51.1825617906
 30
0.0
  0
SPLINE
  5
B73
100
AcDbEntity
  8
0
100
AcDbSpline
 62
7
  6
BYLAYER
 70
0
 71
3
 72
15
 73
11
 74
0
 42
0.0000001
 43
0.0000001
 44
0.0000000001
 40
0.0
 40
0.0
 40
0.0
 40
0.0
 40
0.168218864
 40
0.3030553629
 40
0.4099933003
 40
0.4998523351
 40
0.5897966631
 40
0.6968976911
 40
0.8318253507
 40
1.0
 40
1.0
 40
1.0
 40
1.0
 10
37.1417458451
 20
50.6280973455
 30
0.0
 10
37.1456266052
 20
50.6301703258
 30
0.0
 10
37.1524653531
 20
50.6342237062
 30
0.0
 10
37.1608076228
 20
50.641046044
 30
0.0
 10
37.166133933
 20
50.6480637706
 30
0.0
 10
37.1680760656
 20
50.6555943098
 30
0.0
 10
37.1660926845
 20
50.6631170419
 30
0.0
 10
37.1607429507
 20
50.6701251793
 30
0.0
 10
37.1523890683
 20
50.6769412848
 30
0.0
 10
37.145548153
 20
50.6809928949
 30
0.0
 10
37.1416681101
 20
50.6830647635
 30
0.0
  0
SPLINE
  5
B74
100
AcDbEntity
  8
0
100
AcDbSpline
 62
7
  6
BYLAYER
 70
0
 71
3
 72
15
 73
11
 74
0
 42
0.0000001
 43
0.0000001
 44
0.0000000001
 40
0.0
 40
0.0
 40
0.0
 40
0.0
 40
0.1676765451
 40
0.3022881712
 40
0.4091612091
 40
0.4989677075
 40
0.5889327696
 40
0.6963598818
 40
0.8317418525
 40
1.0
 40
1.0
 40
1.0
 40
1.0
 10
33.6933229572
 20
50.1286032773
 30
0.0
 10
33.6895194617
 20
50.1306381151
 30
0.0
 10
33.682811091
 20
50.1346163744
 30
0.0
 10
33.6746202198
 20
50.1413099255
 30
0.0
 10
33.6693778622
 20
50.1481974234
 30
0.0
 10
33.6674578471
 20
50.1556016404
 30
0.0
 10
33.6694285128
 20
50.1630083861
 30
0.0
 10
33.6747393505
 20
50.1698910266
 30
0.0
 10
33.682989758
 20
50.1765855754
 30
0.0
 10
33.6897310561
 20
50.1805755657
 30
0.0
 10
33.6935482767
 20
50.1826164663
 30
0.0
  0
SPLINE
  5
B75
100
AcDbEntity
  8
0
100
AcDbSpline
 62
7
  6
BYLAYER
 70
0
 71
3
 72
15
 73
11
 74
0
 42
0.0000001
 43
0.0000001
 44
0.0000000001
 40
0.0
 40
0.0
 40
0.0
 40
0.0
 40
0.1681280507
 40
0.3030594576
 40
0.4102117503
 40
0.500203141
 40
0.5900607446
 40
0.6969600402
 40
0.8317703715
 40
1.0
 40
1.0
 40
1.0
 40
1.0
 10
33.6942833701
 20
57.1280971278
 30
0.0
 10
33.690404507
 20
57.1301699517
 30
0.0
 10
33.6835651401
 20
57.1342243008
 30
0.0
 10
33.6752133341
 20
57.1410458341
 30
0.0
 10
33.6698634201
 20
57.1480581346
 30
0.0
 10
33.6678759381
 20
57.1555830778
 30
0.0
 10
33.6698139174
 20
57.1631163896
 30
0.0
 10
33.675141964
 20
57.1701333485
 30
0.0
 10
33.6834913714
 20
57.1769475325
 30
0.0
 10
33.6903350302
 20
57.180993883
 30
0.0
 10
33.6942185011
 20
57.1830637165
 30
0.0
  0
SPLINE
  5
B76
100
AcDbEntity
  8
0
100
AcDbSpline
 62
7
  6
BYLAYER
 70
0
 71
3
 72
15
 73
11
 74
0
 42
0.0000001
 43
0.0000001
 44
0.0000000001
 40
0.0
 40
0.0
 40
0.0
 40
0.0
 40
0.1674413171
 40
0.3018530015
 40
0.4085663322
 40
0.4983171184
 40
0.5884474168
 40
0.6961505475
 40
0.8317055082
 40
1.0
 40
1.0
 40
1.0
 40
1.0
 10
37.1426749555
 20
56.6285916174
 30
0.0
 10
37.14647567
 20
56.630627524
 30
0.0
 10
37.1531777558
 20
56.6346092909
 30
0.0
 10
37.1613563728
 20
56.6413098484
 30
0.0
 10
37.1665821509
 20
56.6482086175
 30
0.0
 10
37.1684694343
 20
56.6556306081
 30
0.0
 10
37.1664445141
 20
56.6630401774
 30
0.0
 10
37.1611028595
 20
56.6699244975
 30
0.0
 10
37.1528311742
 20
56.6766287321
 30
0.0
 10
37.1460786686
 20
56.68062464
 30
0.0
 10
37.1422569843
 20
56.6826679234
 30
0.0
  0
SPLINE
  5
B77
100
AcDbEntity
  8
0
100
AcDbSpline
 62
7
  6
BYLAYER
 70
0
 71
3
 72
15
 73
11
 74
0
 42
0.0000001
 43
0.0000001
 44
0.0000000001
 40
0.0
 40
0.0
 40
0.0
 40
0.0
 40
0.168387652
 40
0.3037770979
 40
0.411402277
 40
0.5016024731
 40
0.5911734383
 40
0.6974872361
 40
0.8317941432
 40
1.0
 40
1.0
 40
1.0
 40
1.0
 10
33.6942533172
 20
56.128208321
 30
0.0
 10
33.6903870298
 20
56.1302741079
 30
0.0
 10
33.6835630414
 20
56.1343146622
 30
0.0
 10
33.6752117418
 20
56.1411028888
 30
0.0
 10
33.6698331302
 20
56.1480703728
 30
0.0
 10
33.6677605855
 20
56.1555397641
 30
0.0
 10
33.6695870737
 20
56.163047419
 30
0.0
 10
33.6748245209
 20
56.1700418314
 30
0.0
 10
33.6830948506
 20
56.1768269158
 30
0.0
 10
33.6898951659
 20
56.1808462972
 30
0.0
 10
33.6937609736
 20
56.1829029245
 30
0.0
  0
SPLINE
  5
B78
100
AcDbEntity
  8
0
100
AcDbSpline
 62
7
  6
BYLAYER
 70
0
 71
3
 72
15
 73
11
 74
0
 42
0.0000001
 43
0.0000001
 44
0.0000000001
 40
0.0
 40
0.0
 40
0.0
 40
0.0
 40
0.1679265339
 40
0.3022332639
 40
0.4084290351
 40
0.4979507459
 40
0.5883451845
 40
0.6963034108
 40
0.8318549959
 40
1.0
 40
1.0
 40
1.0
 40
1.0
 10
37.1425614768
 20
55.6284569631
 30
0.0
 10
37.1463970279
 20
55.6305050524
 30
0.0
 10
37.1531502197
 20
55.6345050831
 30
0.0
 10
37.1613707988
 20
55.6412442168
 30
0.0
 10
37.1665638129
 20
55.6482130259
 30
0.0
 10
37.1683307215
 20
55.6556965247
 30
0.0
 10
37.1662076544
 20
55.6631206648
 30
0.0
 10
37.1608164783
 20
55.6700371416
 30
0.0
 10
37.1524947404
 20
55.6767787528
 30
0.0
 10
37.1457089262
 20
55.6807954302
 30
0.0
 10
37.141869219
 20
55.682847745
 30
0.0
  0
SPLINE
  5
B79
100
AcDbEntity
  8
0
100
AcDbSpline
 62
7
  6
BYLAYER
 70
0
 71
3
 72
30
 73
26
 74
0
 42
0.0000001
 43
0.0000001
 44
0.0000000001
 40
0.0
 40
0.0
 40
0.0
 40
0.0
 40
0.0138864628
 40
0.0192557813
 40
0.0254966448
 40
0.0406591553
 40
0.0594257184
 40
0.0817290451
 40
0.1074280544
 40
0.1363492029
 40
0.1682697375
 40
0.2029488946
 40
0.2794557723
 40
0.3634263684
 40
0.452149277
 40
0.5427474647
 40
0.6322801863
 40
0.7178439773
 40
0.7966727433
 40
0.8662370365
 40
0.9243485139
 40
0.9485489607
 40
0.969286255
 40
0.9864430376
 40
1.0
 40
1.0
 40
1.0
 40
1.0
 10
36.6929777189
 20
56.9055618942
 30
0.0
 10
36.6929777732
 20
56.8936443586
 30
0.0
 10
36.6779566115
 20
56.8798798425
 30
0.0
 10
36.6597013035
 20
56.8689154499
 30
0.0
 10
36.6389785403
 20
56.858565771
 30
0.0
 10
36.6068380164
 20
56.8462110888
 30
0.0
 10
36.5606607255
 20
56.8319903367
 30
0.0
 10
36.5051542602
 20
56.8177464086
 30
0.0
 10
36.4406951885
 20
56.803434694
 30
0.0
 10
36.3678161794
 20
56.7891045456
 30
0.0
 10
36.2871026333
 20
56.7747451767
 30
0.0
 10
36.165892921
 20
56.7549299178
 30
0.0
 10
36.0001719551
 20
56.7306144668
 30
0.0
 10
35.7881984078
 20
56.7022043782
 30
0.0
 10
35.5640358943
 20
56.673750286
 30
0.0
 10
35.3350663355
 20
56.6452745015
 30
0.0
 10
35.1088266026
 20
56.6168118997
 30
0.0
 10
34.8927652482
 20
56.5883863506
 30
0.0
 10
34.6939807478
 20
56.5600531063
 30
0.0
 10
34.5190075916
 20
56.5318463488
 30
0.0
 10
34.390941673
 20
56.5073396145
 30
0.0
 10
34.3048549435
 20
56.4870277127
 30
0.0
 10
34.2534737341
 20
56.4728018303
 30
0.0
 10
34.2116272955
 20
56.4586557963
 30
0.0
 10
34.1873950967
 20
56.448079935
 30
0.0
 10
34.1771717347
 20
56.4425256235
 30
0.0
  0
SPLINE
  5
B7A
100
AcDbEntity
  8
0
100
AcDbSpline
 62
7
  6
BYLAYER
 70
0
 71
3
 72
30
 73
26
 74
0
 42
0.0000001
 43
0.0000001
 44
0.0000000001
 40
0.0
 40
0.0
 40
0.0
 40
0.0
 40
0.0134986576
 40
0.018670044
 40
0.0246750775
 40
0.0392500629
 40
0.0572750619
 40
0.078696694
 40
0.1033902193
 40
0.1312024852
 40
0.1619335801
 40
0.1953633258
 40
0.2693019515
 40
0.3507919319
 40
0.4373479808
 40
0.5263181289
 40
0.6149731736
 40
0.7005946949
 40
0.78056281
 40
0.852443173
 40
0.9140769468
 40
0.9404787493
 40
0.9636871687
 40
0.9835603542
 40
1.0
 40
1.0
 40
1.0
 40
1.0
 10
34.1429777189
 20
56.9057307644
 30
0.0
 10
34.1429777189
 20
56.9171777357
 30
0.0
 10
34.157062145
 20
56.9305405203
 30
0.0
 10
34.1744395926
 20
56.941207347
 30
0.0
 10
34.1940233642
 20
56.951247562
 30
0.0
 10
34.2244365911
 20
56.9632743349
 30
0.0
 10
34.2681608537
 20
56.9771239766
 30
0.0
 10
34.3207640306
 20
56.9909744845
 30
0.0
 10
34.3819037734
 20
57.0048870152
 30
0.0
 10
34.4511051506
 20
57.0188195523
 30
0.0
 10
34.5278431136
 20
57.0327810938
 30
0.0
 10
34.6433567375
 20
57.0520666234
 30
0.0
 10
34.8017618295
 20
57.0757338639
 30
0.0
 10
35.0050997614
 20
57.1033697114
 30
0.0
 10
35.2212877896
 20
57.1310514282
 30
0.0
 10
35.4435955434
 20
57.1587583717
 30
0.0
 10
35.6651055988
 20
57.1864608188
 30
0.0
 10
35.8789244759
 20
57.2141361995
 30
0.0
 10
36.0784048841
 20
57.2417461468
 30
0.0
 10
36.2573432773
 20
57.2692583006
 30
0.0
 10
36.3908770949
 20
57.2930675308
 30
0.0
 10
36.4831645367
 20
57.312660483
 30
0.0
 10
36.5404385583
 20
57.3265543384
 30
0.0
 10
36.5889933085
 20
57.3403886135
 30
0.0
 10
36.6181101316
 20
57.3505204626
 30
0.0
 10
36.63103002
 20
57.3557575093
 30
0.0
  0
SPLINE
  5
B7B
100
AcDbEntity
  8
0
100
AcDbSpline
 62
7
  6
BYLAYER
 70
0
 71
3
 72
21
 73
17
 74
0
 42
0.0000001
 43
0.0000001
 44
0.0000000001
 40
0.0
 40
0.0
 40
0.0
 40
0.0
 40
0.0088250311
 40
0.0198382916
 40
0.0330482568
 40
0.0484293029
 40
0.0855258641
 40
0.13073769
 40
0.1836314093
 40
0.2434604649
 40
0.3092517998
 40
0.3800659305
 40
0.532861086
 40
0.6932451
 40
0.8520005624
 40
1.0
 40
1.0
 40
1.0
 40
1.0
 10
33.6933828863
 20
52.1826910691
 30
0.0
 10
33.7001817269
 20
52.1863264932
 30
0.0
 10
33.7160934234
 20
52.1933083818
 30
0.0
 10
33.7434053863
 20
52.2027085987
 30
0.0
 10
33.7767095549
 20
52.212141337
 30
0.0
 10
33.8325035054
 20
52.2256045853
 30
0.0
 10
33.9163061733
 20
52.2419322736
 30
0.0
 10
34.0329270519
 20
52.2607219006
 30
0.0
 10
34.1696216371
 20
52.2795520763
 30
0.0
 10
34.3244318591
 20
52.298438149
 30
0.0
 10
34.4949969602
 20
52.3173711067
 30
0.0
 10
34.7464919165
 20
52.3433130195
 30
0.0
 10
35.080463907
 20
52.3749816371
 30
0.0
 10
35.4910747809
 20
52.4121920537
 30
0.0
 10
35.8974898826
 20
52.4492849803
 30
0.0
 10
36.1642025034
 20
52.4754661324
 30
0.0
 10
36.2927907537
 20
52.4889763429
 30
0.0
  0
SPLINE
  5
B7C
100
AcDbEntity
  8
0
100
AcDbSpline
 62
7
  6
BYLAYER
 70
0
 71
3
 72
14
 73
10
 74
0
 42
0.0000001
 43
0.0000001
 44
0.0000000001
 40
0.0
 40
0.0
 40
0.0
 40
0.0
 40
0.3435399788
 40
0.4952020264
 40
0.6313722292
 40
0.7508098501
 40
0.8524981853
 40
0.9356384205
 40
1.0
 40
1.0
 40
1.0
 40
1.0
 10
34.7804881343
 20
55.5720882296
 30
0.0
 10
34.7103935116
 20
55.562027498
 30
0.0
 10
34.6094408962
 20
55.546849448
 30
0.0
 10
34.4812170369
 20
55.524549294
 30
0.0
 10
34.3988020483
 20
55.5085287155
 30
0.0
 10
34.3268976342
 20
55.4925569028
 30
0.0
 10
34.2661925186
 20
55.4766791913
 30
0.0
 10
34.2172913319
 20
55.4609140251
 30
0.0
 10
34.1891882731
 20
55.449027829
 30
0.0
 10
34.177520009
 20
55.4427146443
 30
0.0
  0
SPLINE
  5
B7D
100
AcDbEntity
  8
0
100
AcDbSpline
 62
7
  6
BYLAYER
 70
0
 71
3
 72
30
 73
26
 74
0
 42
0.0000001
 43
0.0000001
 44
0.0000000001
 40
0.0
 40
0.0
 40
0.0
 40
0.0
 40
0.0138624942
 40
0.0192306495
 40
0.0254729371
 40
0.0406425155
 40
0.0594180699
 40
0.0817309075
 40
0.1074404153
 40
0.1363732178
 40
0.1683063015
 40
0.2029986037
 40
0.2795324678
 40
0.3635292444
 40
0.4522752796
 40
0.5428913338
 40
0.6324345946
 40
0.7179998016
 40
0.7968194392
 40
0.8663632172
 40
0.9244423646
 40
0.9486224076
 40
0.9693373585
 40
0.9864705382
 40
1.0
 40
1.0
 40
1.0
 40
1.0
 10
34.1429777189
 20
55.9056945356
 30
0.0
 10
34.1429777189
 20
55.9175922714
 30
0.0
 10
34.1580280182
 20
55.9313106671
 30
0.0
 10
34.1762763618
 20
55.9422419822
 30
0.0
 10
34.1970114297
 20
55.9525864889
 30
0.0
 10
34.229165075
 20
55.9649515729
 30
0.0
 10
34.2753652471
 20
55.9791854524
 30
0.0
 10
34.3309004284
 20
55.9934322811
 30
0.0
 10
34.3953914706
 20
56.00774521
 30
0.0
 10
34.4683051039
 20
56.0220784298
 30
0.0
 10
34.5490558939
 20
56.0364417838
 30
0.0
 10
34.6703186445
 20
56.0562621433
 30
0.0
 10
34.8361072471
 20
56.0805833569
 30
0.0
 10
35.0481598892
 20
56.1090004554
 30
0.0
 10
35.272394372
 20
56.1374615914
 30
0.0
 10
35.501422691
 20
56.1659443316
 30
0.0
 10
35.7277022382
 20
56.1944138451
 30
0.0
 10
35.9437793817
 20
56.2228461958
 30
0.0
 10
36.1425516971
 20
56.2511856341
 30
0.0
 10
36.3174814708
 20
56.2793995965
 30
0.0
 10
36.4454910571
 20
56.3039117233
 30
0.0
 10
36.5315168081
 20
56.3242266667
 30
0.0
 10
36.5828409519
 20
56.3384591993
 30
0.0
 10
36.6246184361
 20
56.3526226664
 30
0.0
 10
36.6488020496
 20
56.3632029299
 30
0.0
 10
36.6590022113
 20
56.3687520772
 30
0.0
  0
SPLINE
  5
B7E
100
AcDbEntity
  8
0
100
AcDbSpline
 62
7
  6
BYLAYER
 70
0
 71
3
 72
24
 73
20
 74
0
 42
0.0000001
 43
0.0000001
 44
0.0000000001
 40
0.0
 40
0.0
 40
0.0
 40
0.0
 40
0.0054726512
 40
0.0122328366
 40
0.0209817834
 40
0.0320321364
 40
0.045505455
 40
0.061436193
 40
0.0798194829
 40
0.1006119871
 40
0.1491390157
 40
0.2063304589
 40
0.2712826645
 40
0.3429362166
 40
0.4201084
 40
0.5015049909
 40
0.6714677036
 40
0.8414191743
 40
1.0
 40
1.0
 40
1.0
 40
1.0
 10
36.6929777189
 20
55.9055023095
 30
0.0
 10
36.6929777904
 20
55.9019323376
 30
0.0
 10
36.6905662864
 20
55.8939303023
 30
0.0
 10
36.6814849623
 20
55.8834178103
 30
0.0
 10
36.6674486116
 20
55.8731299218
 30
0.0
 10
36.6482537403
 20
55.8628951404
 30
0.0
 10
36.6239182667
 20
55.8526310652
 30
0.0
 10
36.59447748
 20
55.8423386287
 30
0.0
 10
36.5600324141
 20
55.8320235518
 30
0.0
 10
36.5046902959
 20
55.8174870889
 30
0.0
 10
36.4240653395
 20
55.7997403751
 30
0.0
 10
36.3146205937
 20
55.7792703946
 30
0.0
 10
36.1898724048
 20
55.7587335286
 30
0.0
 10
36.0519437487
 20
55.738144692
 30
0.0
 10
35.9031833151
 20
55.7175245597
 30
0.0
 10
35.6906977323
 20
55.689605882
 30
0.0
 10
35.4179801981
 20
55.6555560079
 30
0.0
 10
35.0952907512
 20
55.6153741423
 30
0.0
 10
34.8828690693
 20
55.5869009422
 30
0.0
 10
34.7804881343
 20
55.5720882296
 30
0.0
  0
SPLINE
  5
B7F
100
AcDbEntity
  8
0
100
AcDbSpline
 62
7
  6
BYLAYER
 70
0
 71
3
 72
15
 73
11
 74
0
 42
0.0000001
 43
0.0000001
 44
0.0000000001
 40
0.0
 40
0.0
 40
0.0
 40
0.0
 40
0.3594587202
 40
0.5155414551
 40
0.6535044195
 40
0.7720303274
 40
0.869950272
 40
0.9461710275
 40
0.9758812339
 40
1.0
 40
1.0
 40
1.0
 40
1.0
 10
36.2927928939
 20
52.4889558339
 30
0.0
 10
36.3955785473
 20
52.4997432789
 30
0.0
 10
36.5429287908
 20
52.5159435655
 30
0.0
 10
36.7292749771
 20
52.5400593115
 30
0.0
 10
36.8466497207
 20
52.5572434191
 30
0.0
 10
36.9471290153
 20
52.5743031651
 30
0.0
 10
37.0295588934
 20
52.5912469076
 30
0.0
 10
37.0863465989
 20
52.6060705786
 30
0.0
 10
37.1216217507
 20
52.618527965
 30
0.0
 10
37.1357832809
 20
52.624857935
 30
0.0
 10
37.141899295
 20
52.6281262889
 30
0.0
  0
SPLINE
  5
B80
100
AcDbEntity
  8
0
100
AcDbSpline
 62
7
  6
BYLAYER
 70
0
 71
3
 72
15
 73
11
 74
0
 42
0.0000001
 43
0.0000001
 44
0.0000000001
 40
0.0
 40
0.0
 40
0.0
 40
0.0
 40
0.0241146593
 40
0.0538182018
 40
0.1300475514
 40
0.2279784334
 40
0.3464990176
 40
0.4844511058
 40
0.6405288758
 40
1.0
 40
1.0
 40
1.0
 40
1.0
 10
33.6940610369
 20
55.1830337495
 30
0.0
 10
33.7001768408
 20
55.1862999852
 30
0.0
 10
33.7143359655
 20
55.1926272653
 30
0.0
 10
33.7496086979
 20
55.2050894125
 30
0.0
 10
33.8063981124
 20
55.2199212906
 30
0.0
 10
33.8888294895
 20
55.2368779175
 30
0.0
 10
33.9893072065
 20
55.2539392162
 30
0.0
 10
34.1066806607
 20
55.2710907612
 30
0.0
 10
34.2930281437
 20
55.2951829982
 30
0.0
 10
34.4403649487
 20
55.3115218632
 30
0.0
 10
34.5431541095
 20
55.3223096763
 30
0.0
  0
SPLINE
  5
B81
100
AcDbEntity
  8
0
100
AcDbSpline
 62
7
  6
BYLAYER
 70
0
 71
3
 72
17
 73
13
 74
0
 42
0.0000001
 43
0.0000001
 44
0.0000000001
 40
0.0
 40
0.0
 40
0.0
 40
0.0
 40
0.0220950999
 40
0.0503368239
 40
0.0848091837
 40
0.1253703181
 40
0.2239238244
 40
0.3443101897
 40
0.4846910931
 40
0.6428169675
 40
0.8157091925
 40
1.0
 40
1.0
 40
1.0
 40
1.0
 10
33.6942185011
 20
57.1830637165
 30
0.0
 10
33.7019999345
 20
57.1872111072
 30
0.0
 10
33.7205335975
 20
57.1951188189
 30
0.0
 10
33.7527075875
 20
57.2056679834
 30
0.0
 10
33.7925549865
 20
57.2162705348
 30
0.0
 10
33.860150307
 20
57.2314775741
 30
0.0
 10
33.9621162323
 20
57.2498107391
 30
0.0
 10
34.1039668863
 20
57.2708651517
 30
0.0
 10
34.2697938169
 20
57.2920996795
 30
0.0
 10
34.4567170202
 20
57.3133645586
 30
0.0
 10
34.661265429
 20
57.3346318221
 30
0.0
 10
34.8031364142
 20
57.3484749631
 30
0.0
 10
34.8763490824
 20
57.355474871
 30
0.0
  0
SPLINE
  5
B82
100
AcDbEntity
  8
0
100
AcDbSpline
 62
7
  6
BYLAYER
 70
0
 71
3
 72
29
 73
25
 74
0
 42
0.0000001
 43
0.0000001
 44
0.0000000001
 40
0.0
 40
0.0
 40
0.0
 40
0.0
 40
0.0102280495
 40
0.0239683629
 40
0.0411726877
 40
0.0617426708
 40
0.0855589397
 40
0.112486098
 40
0.1750188301
 40
0.2473753845
 40
0.3272926963
 40
0.4124626645
 40
0.5003127957
 40
0.5881423857
 40
0.6733235806
 40
0.7531718454
 40
0.8254000366
 40
0.8878736912
 40
0.9148098821
 40
0.9385751965
 40
0.959052705
 40
0.9761627856
 40
0.9898255868
 40
1.0
 40
1.0
 40
1.0
 40
1.0
 10
33.693514396
 20
54.1828040322
 30
0.0
 10
33.7039954925
 20
54.1883938167
 30
0.0
 10
33.7299938166
 20
54.1986908747
 30
0.0
 10
33.7758672099
 20
54.212192559
 30
0.0
 10
33.834157281
 20
54.2258133174
 30
0.0
 10
33.9043654795
 20
54.2395276956
 30
0.0
 10
33.9860422682
 20
54.2532967038
 30
0.0
 10
34.1161660694
 20
54.2726855545
 30
0.0
 10
34.3026343444
 20
54.2962192359
 30
0.0
 10
34.5506133231
 20
54.3234803826
 30
0.0
 10
34.8250163727
 20
54.3508319604
 30
0.0
 10
35.1174872638
 20
54.3782527338
 30
0.0
 10
35.4191803253
 20
54.4057345029
 30
0.0
 10
35.7208983212
 20
54.433086096
 30
0.0
 10
36.0132751434
 20
54.4605378789
 30
0.0
 10
36.2874554451
 20
54.4879421899
 30
0.0
 10
36.5351383894
 20
54.5151702676
 30
0.0
 10
36.7213989408
 20
54.5386933969
 30
0.0
 10
36.8514077893
 20
54.5580588088
 30
0.0
 10
36.9329237838
 20
54.5718449508
 30
0.0
 10
37.0028467316
 20
54.5855813179
 30
0.0
 10
37.0608207034
 20
54.5992044907
 30
0.0
 10
37.1064269749
 20
54.6126883316
 30
0.0
 10
37.1322630806
 20
54.6229814394
 30
0.0
 10
37.1426773844
 20
54.6285640348
 30
0.0
  0
SPLINE
  5
B83
100
AcDbEntity
  8
0
100
AcDbSpline
 62
7
  6
BYLAYER
 70
0
 71
3
 72
29
 73
25
 74
0
 42
0.0000001
 43
0.0000001
 44
0.0000000001
 40
0.0
 40
0.0
 40
0.0
 40
0.0
 40
0.0101749841
 40
0.0238366522
 40
0.0409467832
 40
0.0614266341
 40
0.0851935463
 40
0.1121320224
 40
0.1746110885
 40
0.246847312
 40
0.3267005006
 40
0.4118763956
 40
0.4996996711
 40
0.5875484127
 40
0.6727172274
 40
0.7526333243
 40
0.8249868744
 40
0.8875222472
 40
0.9144466347
 40
0.938262006
 40
0.958836981
 40
0.9760440088
 40
0.9897776585
 40
1.0
 40
1.0
 40
1.0
 40
1.0
 10
33.6932881344
 20
53.1825741167
 30
0.0
 10
33.7037026187
 20
53.1881576005
 30
0.0
 10
33.7295298397
 20
53.198467714
 30
0.0
 10
33.775126872
 20
53.211982573
 30
0.0
 10
33.8331008679
 20
53.2256120822
 30
0.0
 10
33.9030332775
 20
53.2393226191
 30
0.0
 10
33.9845599806
 20
53.2530842562
 30
0.0
 10
34.114580023
 20
53.2724402486
 30
0.0
 10
34.3008514154
 20
53.2960096575
 30
0.0
 10
34.5485499294
 20
53.3232792812
 30
0.0
 10
34.8227444911
 20
53.3506119423
 30
0.0
 10
35.1151152074
 20
53.3780207604
 30
0.0
 10
35.41680441
 20
53.4054982155
 30
0.0
 10
35.7184929588
 20
53.4328921246
 30
0.0
 10
36.0109563629
 20
53.460325185
 30
0.0
 10
36.2853476791
 20
53.4877103289
 30
0.0
 10
36.533326359
 20
53.5149402197
 30
0.0
 10
36.7197903231
 20
53.5384696885
 30
0.0
 10
36.8499113
 20
53.5578632522
 30
0.0
 10
36.9315880744
 20
53.5716378857
 30
0.0
 10
37.0018034221
 20
53.5853541569
 30
0.0
 10
37.0600947028
 20
53.5989724269
 30
0.0
 10
37.1059571682
 20
53.6124723103
 30
0.0
 10
37.1319388494
 20
53.622770249
 30
0.0
 10
37.1424148323
 20
53.6283553544
 30
0.0
  0
SPLINE
  5
B84
100
AcDbEntity
  8
0
100
AcDbSpline
 62
7
  6
BYLAYER
 70
0
 71
3
 72
29
 73
25
 74
0
 42
0.0000001
 43
0.0000001
 44
0.0000000001
 40
0.0
 40
0.0
 40
0.0
 40
0.0
 40
0.0101673938
 40
0.0238102657
 40
0.0408968386
 40
0.0613601283
 40
0.0851253229
 40
0.1120606417
 40
0.1745136511
 40
0.2467144351
 40
0.326542895
 40
0.4117035846
 40
0.4995145012
 40
0.5873574193
 40
0.6725164738
 40
0.7524524618
 40
0.824831221
 40
0.8873707634
 40
0.9143157773
 40
0.9381588466
 40
0.9587597617
 40
0.9759918452
 40
0.9897525726
 40
1.0
 40
1.0
 40
1.0
 40
1.0
 10
33.6932790371
 20
51.1825617906
 30
0.0
 10
33.7036821647
 20
51.1881461965
 30
0.0
 10
33.7294771841
 20
51.1984506859
 30
0.0
 10
33.7750137347
 20
51.2119543969
 30
0.0
 10
33.8329171609
 20
51.2255688451
 30
0.0
 10
33.9027968182
 20
51.2392719239
 30
0.0
 10
33.9842931372
 20
51.253031902
 30
0.0
 10
34.1142657146
 20
51.2724055276
 30
0.0
 10
34.3004524441
 20
51.2959533209
 30
0.0
 10
34.5480369963
 20
51.3231939005
 30
0.0
 10
34.8221199992
 20
51.3505850773
 30
0.0
 10
35.1144131475
 20
51.37797076
 30
0.0
 10
35.4160478095
 20
51.4054050948
 30
0.0
 10
35.7176821734
 20
51.4328223486
 30
0.0
 10
36.0101319943
 20
51.460251729
 30
0.0
 10
36.2845479794
 20
51.4876250762
 30
0.0
 10
36.5325692429
 20
51.5148442783
 30
0.0
 10
36.7190800375
 20
51.5383721809
 30
0.0
 10
36.8492511361
 20
51.5577855762
 30
0.0
 10
36.9310104386
 20
51.5715559122
 30
0.0
 10
37.0013199483
 20
51.5852414183
 30
0.0
 10
37.0597066039
 20
51.5988338613
 30
0.0
 10
37.1056574041
 20
51.6123427395
 30
0.0
 10
37.1316959896
 20
51.6226559894
 30
0.0
 10
37.1422002371
 20
51.6282483808
 30
0.0
  0
SPLINE
  5
B85
100
AcDbEntity
  8
0
100
AcDbSpline
 62
7
  6
BYLAYER
 70
0
 71
3
 72
30
 73
26
 74
0
 42
0.0000001
 43
0.0000001
 44
0.0000000001
 40
0.0
 40
0.0
 40
0.0
 40
0.0
 40
0.0138846396
 40
0.0192465098
 40
0.0254807966
 40
0.0406300328
 40
0.059380199
 40
0.0816632633
 40
0.1073389523
 40
0.1362345022
 40
0.1681276429
 40
0.2027780545
 40
0.2792258795
 40
0.3631395541
 40
0.4518128926
 40
0.5423740154
 40
0.6318869982
 40
0.7174525585
 40
0.7963078686
 40
0.8659254891
 40
0.9241176609
 40
0.9483682284
 40
0.9691612719
 40
0.9863781478
 40
1.0
 40
1.0
 40
1.0
 40
1.0
 10
34.1429777189
 20
49.9055827565
 30
0.0
 10
34.1429777189
 20
49.9174960012
 30
0.0
 10
34.157962387
 20
49.9312742921
 30
0.0
 10
34.1762166055
 20
49.9422105016
 30
0.0
 10
34.1969120314
 20
49.9525474065
 30
0.0
 10
34.2290126049
 20
49.9648986016
 30
0.0
 10
34.2751335447
 20
49.9791187462
 30
0.0
 10
34.330575811
 20
49.9933538191
 30
0.0
 10
34.3949608015
 20
50.0076553938
 30
0.0
 10
34.4677576117
 20
50.0219761947
 30
0.0
 10
34.5483824343
 20
50.0363267696
 30
0.0
 10
34.6694654196
 20
50.0561304743
 30
0.0
 10
34.8350242462
 20
50.0804317628
 30
0.0
 10
35.0468074407
 20
50.1088245799
 30
0.0
 10
35.2707958482
 20
50.137261647
 30
0.0
 10
35.499622353
 20
50.1657204546
 30
0.0
 10
35.7257640201
 20
50.1941662399
 30
0.0
 10
35.9417846669
 20
50.2225753199
 30
0.0
 10
36.1405956773
 20
50.2508928154
 30
0.0
 10
36.3156698187
 20
50.2790838566
 30
0.0
 10
36.4438685769
 20
50.3035759797
 30
0.0
 10
36.5301021655
 20
50.3238738981
 30
0.0
 10
36.5816206699
 20
50.3380901334
 30
0.0
 10
36.6236252997
 20
50.3522196654
 30
0.0
 10
36.6479716581
 20
50.3627850878
 30
0.0
 10
36.6582563356
 20
50.3683375062
 30
0.0
  0
SPLINE
  5
B86
100
AcDbEntity
  8
0
100
AcDbSpline
 62
7
  6
BYLAYER
 70
0
 71
3
 72
29
 73
25
 74
0
 42
0.0000001
 43
0.0000001
 44
0.0000000001
 40
0.0
 40
0.0
 40
0.0
 40
0.0
 40
0.0101610035
 40
0.0237596383
 40
0.0408195789
 40
0.0613123354
 40
0.0851162734
 40
0.112061908
 40
0.1744830594
 40
0.2466122904
 40
0.3264733497
 40
0.4115998651
 40
0.4993913252
 40
0.5872020894
 40
0.6723556277
 40
0.7523207129
 40
0.8247133483
 40
0.8871961004
 40
0.9141762593
 40
0.9380810428
 40
0.9587549254
 40
0.9760412526
 40
0.989798034
 40
1.0
 40
1.0
 40
1.0
 40
1.0
 10
33.6935482767
 20
50.1826164663
 30
0.0
 10
33.7039519351
 20
50.1881788465
 30
0.0
 10
33.7296750665
 20
50.1984773683
 30
0.0
 10
33.775107125
 20
50.2119903136
 30
0.0
 10
33.8329465549
 20
50.2256106638
 30
0.0
 10
33.9028613818
 20
50.2393086535
 30
0.0
 10
33.9844320068
 20
50.2530697724
 30
0.0
 10
34.1144007236
 20
50.2724154128
 30
0.0
 10
34.3004408093
 20
50.2959386092
 30
0.0
 10
34.5478861699
 20
50.3232097388
 30
0.0
 10
34.8218328296
 20
50.3505221733
 30
0.0
 10
35.1140343632
 20
50.3779522321
 30
0.0
 10
35.4155078349
 20
50.405348231
 30
0.0
 10
35.7170116563
 20
50.4327562925
 30
0.0
 10
36.0093874971
 20
50.4601987923
 30
0.0
 10
36.2837901996
 20
50.4875480969
 30
0.0
 10
36.5317490034
 20
50.5147090525
 30
0.0
 10
36.7182029829
 20
50.5382909711
 30
0.0
 10
36.8483996682
 20
50.5576566105
 30
0.0
 10
36.930341467
 20
50.5714240062
 30
0.0
 10
37.0008573751
 20
50.5851187476
 30
0.0
 10
37.0593788795
 20
50.5987016563
 30
0.0
 10
37.1053384241
 20
50.6121746598
 30
0.0
 10
37.1312981289
 20
50.6225165031
 30
0.0
 10
37.1417458451
 20
50.6280973455
 30
0.0
  0
SPLINE
  5
B87
100
AcDbEntity
  8
0
100
AcDbSpline
 62
7
  6
BYLAYER
 70
0
 71
3
 72
24
 73
20
 74
0
 42
0.0000001
 43
0.0000001
 44
0.0000000001
 40
0.0
 40
0.0
 40
0.0
 40
0.0
 40
0.0054726957
 40
0.0122330402
 40
0.0209822263
 40
0.0320329088
 40
0.045506603
 40
0.0614375393
 40
0.0798207007
 40
0.1006129957
 40
0.1491397852
 40
0.206331368
 40
0.2712832685
 40
0.3429364348
 40
0.4201089076
 40
0.5015057105
 40
0.6714706307
 40
0.8414211948
 40
1.0
 40
1.0
 40
1.0
 40
1.0
 10
34.1429777189
 20
51.9056500599
 30
0.0
 10
34.1429777189
 20
51.9092200608
 30
0.0
 10
34.1453894717
 20
51.9172221609
 30
0.0
 10
34.1544710931
 20
51.9277347454
 30
0.0
 10
34.1685077935
 20
51.9380229507
 30
0.0
 10
34.1877031536
 20
51.9482581315
 30
0.0
 10
34.2120391692
 20
51.9585224432
 30
0.0
 10
34.2414802163
 20
51.9688150091
 30
0.0
 10
34.2759252023
 20
51.97913004
 30
0.0
 10
34.3312670505
 20
51.9936660505
 30
0.0
 10
34.4118919314
 20
52.0114121414
 30
0.0
 10
34.5213364386
 20
52.0318819041
 30
0.0
 10
34.6460841867
 20
52.0524191944
 30
0.0
 10
34.7840125298
 20
52.0730083482
 30
0.0
 10
34.9327731477
 20
52.093627673
 30
0.0
 10
35.1452605154
 20
52.1215462474
 30
0.0
 10
35.417978781
 20
52.1555981353
 30
0.0
 10
35.740667998
 20
52.1957779955
 30
0.0
 10
35.9530876765
 20
52.2242517282
 30
0.0
 10
36.0554673035
 20
52.2390642516
 30
0.0
  0
SPLINE
  5
B88
100
AcDbEntity
  8
0
100
AcDbSpline
 62
7
  6
BYLAYER
 70
0
 71
3
 72
14
 73
10
 74
0
 42
0.0000001
 43
0.0000001
 44
0.0000000001
 40
0.0
 40
0.0
 40
0.0
 40
0.0
 40
0.343549229
 40
0.4952141152
 40
0.6313818343
 40
0.750815255
 40
0.8524988877
 40
0.9356372608
 40
1.0
 40
1.0
 40
1.0
 40
1.0
 10
36.0554673035
 20
52.2390642516
 30
0.0
 10
36.1255638388
 20
52.2491252577
 30
0.0
 10
36.2265188228
 20
52.2643045558
 30
0.0
 10
36.3547446404
 20
52.2866052825
 30
0.0
 10
36.4371587852
 20
52.3026261905
 30
0.0
 10
36.5090610869
 20
52.3185967397
 30
0.0
 10
36.5697643456
 20
52.3344729125
 30
0.0
 10
36.6186645189
 20
52.3502376552
 30
0.0
 10
36.6467673447
 20
52.3621241927
 30
0.0
 10
36.6584355806
 20
52.3684379419
 30
0.0
  0
SPLINE
  5
B89
100
AcDbEntity
  8
0
100
AcDbSpline
 62
7
  6
BYLAYER
 70
0
 71
3
 72
29
 73
25
 74
0
 42
0.0000001
 43
0.0000001
 44
0.0000000001
 40
0.0
 40
0.0
 40
0.0
 40
0.0
 40
0.0102409349
 40
0.0240025586
 40
0.0412363483
 40
0.0618380487
 40
0.0856807138
 40
0.1126238081
 40
0.1751600757
 40
0.2475423136
 40
0.3274771862
 40
0.4126380403
 40
0.5004825167
 40
0.5882972086
 40
0.6734579613
 40
0.7532917337
 40
0.8254905343
 40
0.8879389689
 40
0.9148741256
 40
0.9386441916
 40
0.9591098086
 40
0.9761957272
 40
0.9898362245
 40
1.0
 40
1.0
 40
1.0
 40
1.0
 10
33.6937609736
 20
56.1829029245
 30
0.0
 10
33.7042602215
 20
56.1884885724
 30
0.0
 10
33.73029904
 20
56.1987834657
 30
0.0
 10
33.7762440561
 20
56.2122912332
 30
0.0
 10
33.8346256861
 20
56.2259211492
 30
0.0
 10
33.9049309497
 20
56.2396415626
 30
0.0
 10
33.9866900193
 20
56.2534028503
 30
0.0
 10
34.1168617479
 20
56.2727638516
 30
0.0
 10
34.3033659733
 20
56.2963167732
 30
0.0
 10
34.5513830906
 20
56.3235600341
 30
0.0
 10
34.8258059438
 20
56.3509030603
 30
0.0
 10
35.1182572279
 20
56.3783331062
 30
0.0
 10
35.4198981809
 20
56.4057576279
 30
0.0
 10
35.7215372034
 20
56.4332012894
 30
0.0
 10
36.0138412142
 20
56.4605734255
 30
0.0
 10
36.2879271797
 20
56.4879662321
 30
0.0
 10
36.5355061299
 20
56.5152352176
 30
0.0
 10
36.7216889497
 20
56.5387430993
 30
0.0
 10
36.8516663897
 20
56.5580829525
 30
0.0
 10
36.9331682105
 20
56.5718598066
 30
0.0
 10
37.0030465561
 20
56.5856085854
 30
0.0
 10
37.0609423861
 20
56.5992487913
 30
0.0
 10
37.1064741637
 20
56.6127379292
 30
0.0
 10
37.1322706436
 20
56.6230183999
 30
0.0
 10
37.1426749555
 20
56.6285916174
 30
0.0
  0
SPLINE
  5
B8A
100
AcDbEntity
  8
0
100
AcDbSpline
 62
7
  6
BYLAYER
 70
0
 71
3
 72
30
 73
26
 74
0
 42
0.0000001
 43
0.0000001
 44
0.0000000001
 40
0.0
 40
0.0
 40
0.0
 40
0.0
 40
0.0138623896
 40
0.0192304118
 40
0.0254724727
 40
0.0406414724
 40
0.0594165213
 40
0.0817285335
 40
0.1074374519
 40
0.1363696602
 40
0.1683022736
 40
0.2029945251
 40
0.2795286931
 40
0.3635257509
 40
0.4522705899
 40
0.5428855369
 40
0.6324300101
 40
0.7179966369
 40
0.7968155556
 40
0.8663585916
 40
0.9244394955
 40
0.9486203868
 40
0.9693359611
 40
0.9864698186
 40
1.0
 40
1.0
 40
1.0
 40
1.0
 10
36.6929777189
 20
51.9054568843
 30
0.0
 10
36.6929775677
 20
51.8935592429
 30
0.0
 10
36.6779269922
 20
51.8798414545
 30
0.0
 10
36.6596790095
 20
51.8689103544
 30
0.0
 10
36.6389447391
 20
51.8585660843
 30
0.0
 10
36.6067922342
 20
51.8462011867
 30
0.0
 10
36.5605935665
 20
51.8319680484
 30
0.0
 10
36.50506007
 20
51.8177214004
 30
0.0
 10
36.4405707178
 20
51.803408919
 30
0.0
 10
36.367658554
 20
51.7890757509
 30
0.0
 10
36.2869087615
 20
51.7747124228
 30
0.0
 10
36.1656461814
 20
51.7548924722
 30
0.0
 10
35.9998572609
 20
51.7305707891
 30
0.0
 10
35.7878054823
 20
51.7021518001
 30
0.0
 10
35.5635726675
 20
51.6736919645
 30
0.0
 10
35.334545
 20
51.6452123108
 30
0.0
 10
35.1082646252
 20
51.6167395726
 30
0.0
 10
34.8921861306
 20
51.588305642
 30
0.0
 10
34.6934135867
 20
51.5599686892
 30
0.0
 10
34.5184834453
 20
51.5317556891
 30
0.0
 10
34.3904724952
 20
51.5072424819
 30
0.0
 10
34.304444015
 20
51.4869272134
 30
0.0
 10
34.2531181075
 20
51.4726941777
 30
0.0
 10
34.211339101
 20
51.4585298637
 30
0.0
 10
34.1871543236
 20
51.4479493276
 30
0.0
 10
34.1769535466
 20
51.4424000285
 30
0.0
  0
SPLINE
  5
B8B
100
AcDbEntity
  8
0
100
AcDbSpline
 62
7
  6
BYLAYER
 70
0
 71
3
 72
30
 73
26
 74
0
 42
0.0000001
 43
0.0000001
 44
0.0000000001
 40
0.0
 40
0.0
 40
0.0
 40
0.0
 40
0.013886518
 40
0.0192558507
 40
0.0254967263
 40
0.0406592581
 40
0.0594258416
 40
0.0817291891
 40
0.1074282184
 40
0.1363493854
 40
0.1682699371
 40
0.2029491095
 40
0.2794560119
 40
0.3634266238
 40
0.452149539
 40
0.5427477236
 40
0.6322804323
 40
0.7178442008
 40
0.7966729354
 40
0.8662371889
 40
0.924348621
 40
0.9485490434
 40
0.9692863094
 40
0.9864430586
 40
1.0
 40
1.0
 40
1.0
 40
1.0
 10
34.1429777189
 20
50.9055905783
 30
0.0
 10
34.1429777189
 20
50.9175081622
 30
0.0
 10
34.1579989255
 20
50.931272691
 30
0.0
 10
34.1762542945
 20
50.9422371284
 30
0.0
 10
34.1969771013
 20
50.9525868139
 30
0.0
 10
34.2291176813
 20
50.9649414886
 30
0.0
 10
34.2752950348
 20
50.9791622303
 30
0.0
 10
34.3308015584
 20
50.9934061604
 30
0.0
 10
34.3952606868
 20
51.0077178787
 30
0.0
 10
34.4681397503
 20
51.0220480282
 30
0.0
 10
34.5488533473
 20
51.036407397
 30
0.0
 10
34.670063119
 20
51.0562226556
 30
0.0
 10
34.8357841466
 20
51.0805381072
 30
0.0
 10
35.0477577516
 20
51.1089481966
 30
0.0
 10
35.2719202997
 20
51.1374022898
 30
0.0
 10
35.5008898687
 20
51.1658780751
 30
0.0
 10
35.7271295864
 20
51.1943406776
 30
0.0
 10
35.9431909002
 20
51.2227662271
 30
0.0
 10
36.1419753353
 20
51.2510994735
 30
0.0
 10
36.3169484051
 20
51.2793062261
 30
0.0
 10
36.4450142384
 20
51.3038129649
 30
0.0
 10
36.5311008836
 20
51.3241248876
 30
0.0
 10
36.5824820249
 20
51.3383507531
 30
0.0
 10
36.6243284147
 20
51.3524967139
 30
0.0
 10
36.6485605723
 20
51.3630725748
 30
0.0
 10
36.6587838924
 20
51.3686269275
 30
0.0
  0
SPLINE
  5
B8C
100
AcDbEntity
  8
0
100
AcDbSpline
 62
7
  6
BYLAYER
 70
0
 71
3
 72
30
 73
26
 74
0
 42
0.0000001
 43
0.0000001
 44
0.0000000001
 40
0.0
 40
0.0
 40
0.0
 40
0.0
 40
0.0138514702
 40
0.0192147135
 40
0.0254537957
 40
0.040618667
 40
0.0593878236
 40
0.0816921564
 40
0.1073914544
 40
0.1363132615
 40
0.1682346637
 40
0.2029143154
 40
0.2794213528
 40
0.3633914618
 40
0.4521153461
 40
0.542712958
 40
0.6322463547
 40
0.7178119423
 40
0.7966438483
 40
0.8662135907
 40
0.9243316686
 40
0.9485354751
 40
0.9692765787
 40
0.9864384553
 40
1.0
 40
1.0
 40
1.0
 40
1.0
 10
36.6929777189
 20
50.9054208432
 30
0.0
 10
36.6929778326
 20
50.8935339908
 30
0.0
 10
36.6779384673
 20
50.8798257024
 30
0.0
 10
36.65969367
 20
50.8689249634
 30
0.0
 10
36.6389695602
 20
50.8585904564
 30
0.0
 10
36.6068344511
 20
50.8462236295
 30
0.0
 10
36.560659612
 20
50.831983737
 30
0.0
 10
36.5051525919
 20
50.8177410246
 30
0.0
 10
36.4406945202
 20
50.8034337963
 30
0.0
 10
36.3678176984
 20
50.7891056975
 30
0.0
 10
36.2871068852
 20
50.7747467555
 30
0.0
 10
36.1659026682
 20
50.7549315523
 30
0.0
 10
36.0001906853
 20
50.7306171189
 30
0.0
 10
35.7882281567
 20
50.7022090029
 30
0.0
 10
35.5640784127
 20
50.6737533358
 30
0.0
 10
35.3351200815
 20
50.6452823269
 30
0.0
 10
35.1088911997
 20
50.6168206372
 30
0.0
 10
34.8928369236
 20
50.5883960382
 30
0.0
 10
34.6940543588
 20
50.5600641267
 30
0.0
 10
34.5190778331
 20
50.5318574076
 30
0.0
 10
34.3910053877
 20
50.5073529495
 30
0.0
 10
34.3049106341
 20
50.4870447057
 30
0.0
 10
34.2535218177
 20
50.4728176067
 30
0.0
 10
34.2116680578
 20
50.458664035
 30
0.0
 10
34.1874293885
 20
50.4480873947
 30
0.0
 10
34.1772005321
 20
50.4425362987
 30
0.0
  0
SPLINE
  5
B8D
100
AcDbEntity
  8
0
100
AcDbSpline
 62
7
  6
BYLAYER
 70
0
 71
3
 72
18
 73
14
 74
0
 42
0.0000001
 43
0.0000001
 44
0.0000000001
 40
0.0
 40
0.0
 40
0.0
 40
0.0
 40
0.1441308576
 40
0.2985209082
 40
0.4549878335
 40
0.605211873
 40
0.741236966
 40
0.8016521946
 40
0.8559282586
 40
0.9033857473
 40
0.943455925
 40
0.9757209179
 40
1.0
 40
1.0
 40
1.0
 40
1.0
 10
36.0554881343
 20
52.7387548963
 30
0.0
 10
35.9648995643
 20
52.7257525121
 30
0.0
 10
35.7770110669
 20
52.700671913
 30
0.0
 10
35.4903853447
 20
52.6645189638
 30
0.0
 10
35.1998466532
 20
52.6284607236
 30
0.0
 10
34.9210590283
 20
52.5924298591
 30
0.0
 10
34.703109851
 20
52.5614962162
 30
0.0
 10
34.5459584844
 20
52.5360420149
 30
0.0
 10
34.4446287542
 20
52.5177534812
 30
0.0
 10
34.3564451394
 20
52.4995295426
 30
0.0
 10
34.282529249
 20
52.4814131568
 30
0.0
 10
34.2238647308
 20
52.4634485846
 30
0.0
 10
34.1904949482
 20
52.4497770953
 30
0.0
 10
34.1769553437
 20
52.4424056812
 30
0.0
  0
SPLINE
  5
B8E
100
AcDbEntity
  8
0
100
AcDbSpline
 62
7
  6
BYLAYER
 70
0
 71
3
 72
30
 73
26
 74
0
 42
0.0000001
 43
0.0000001
 44
0.0000000001
 40
0.0
 40
0.0
 40
0.0
 40
0.0
 40
0.0138830788
 40
0.0192535378
 40
0.0254958351
 40
0.0406619716
 40
0.059433059
 40
0.0817416947
 40
0.1074467323
 40
0.1363745172
 40
0.1683021646
 40
0.2029887788
 40
0.2795109652
 40
0.3634963358
 40
0.452232155
 40
0.5428400793
 40
0.6323781378
 40
0.7179418027
 40
0.7967641469
 40
0.8663152164
 40
0.924406495
 40
0.9485943516
 40
0.9693176966
 40
0.9864595127
 40
1.0
 40
1.0
 40
1.0
 40
1.0
 10
34.1429777189
 20
52.9056087952
 30
0.0
 10
34.1429777189
 20
52.9175240543
 30
0.0
 10
34.1580101057
 20
52.9312789561
 30
0.0
 10
34.1762648981
 20
52.9422427606
 30
0.0
 10
34.1969947161
 20
52.9525938315
 30
0.0
 10
34.2291447742
 20
52.9649509099
 30
0.0
 10
34.2753362136
 20
52.9791740568
 30
0.0
 10
34.3308592652
 20
52.9934200926
 30
0.0
 10
34.3953372608
 20
53.0077338512
 30
0.0
 10
34.4682371154
 20
53.0220662115
 30
0.0
 10
34.5489731316
 20
53.0364278498
 30
0.0
 10
34.6702148985
 20
53.0562460716
 30
0.0
 10
34.8359768226
 20
53.0805650747
 30
0.0
 10
35.0479983855
 20
53.1089794857
 30
0.0
 10
35.2722047282
 20
53.1374378646
 30
0.0
 10
35.5012102082
 20
53.165917911
 30
0.0
 10
35.7274744491
 20
53.1943847389
 30
0.0
 10
35.943545792
 20
53.2228144276
 30
0.0
 10
36.1423233005
 20
53.2511515911
 30
0.0
 10
36.3172706299
 20
53.2793624063
 30
0.0
 10
36.4453027554
 20
53.3038727
 30
0.0
 10
36.5313523456
 20
53.3241877439
 30
0.0
 10
36.5826988428
 20
53.338416487
 30
0.0
 10
36.6245048212
 20
53.3525682248
 30
0.0
 10
36.6487080176
 20
53.3631466415
 30
0.0
 10
36.6589162344
 20
53.3687004902
 30
0.0
  0
SPLINE
  5
B8F
100
AcDbEntity
  8
0
100
AcDbSpline
 62
7
  6
BYLAYER
 70
0
 71
3
 72
19
 73
15
 74
0
 42
0.0000001
 43
0.0000001
 44
0.0000000001
 40
0.0
 40
0.0
 40
0.0
 40
0.0
 40
0.015972111
 40
0.0356506437
 40
0.061128704
 40
0.093337806
 40
0.1326265817
 40
0.1790883966
 40
0.2327054271
 40
0.2933469756
 40
0.4348484965
 40
0.601610725
 40
0.7911254436
 40
1.0
 40
1.0
 40
1.0
 40
1.0
 10
36.6929777189
 20
52.9054311145
 30
0.0
 10
36.6929777658
 20
52.9018582462
 30
0.0
 10
36.6905756865
 20
52.8938573449
 30
0.0
 10
36.6814813049
 20
52.8833684151
 30
0.0
 10
36.6674403507
 20
52.873122667
 30
0.0
 10
36.6482490001
 20
52.8629079871
 30
0.0
 10
36.623916484
 20
52.8526446509
 30
0.0
 10
36.5944759361
 20
52.8423435864
 30
0.0
 10
36.5600282487
 20
52.8320209867
 30
0.0
 10
36.5046859268
 20
52.8174814943
 30
0.0
 10
36.4240634639
 20
52.7997448248
 30
0.0
 10
36.3145986813
 20
52.7792935651
 30
0.0
 10
36.1898619734
 20
52.7586824618
 30
0.0
 10
36.1017306576
 20
52.7454454453
 30
0.0
 10
36.0554881343
 20
52.7387548963
 30
0.0
  0
SPLINE
  5
B90
100
AcDbEntity
  8
0
100
AcDbSpline
 62
7
  6
BYLAYER
 70
0
 71
3
 72
19
 73
15
 74
0
 42
0.0000001
 43
0.0000001
 44
0.0000000001
 40
0.0
 40
0.0
 40
0.0
 40
0.0
 40
0.0159729462
 40
0.0356533773
 40
0.0611329394
 40
0.0933427915
 40
0.1326322644
 40
0.1790937247
 40
0.2327085639
 40
0.2933471283
 40
0.4348430247
 40
0.6016026229
 40
0.7911227297
 40
1.0
 40
1.0
 40
1.0
 40
1.0
 10
34.1429777189
 20
54.9057206345
 30
0.0
 10
34.1429777189
 20
54.9092936932
 30
0.0
 10
34.1453804233
 20
54.9172950815
 30
0.0
 10
34.154475272
 20
54.9277847505
 30
0.0
 10
34.1685166585
 20
54.9380315626
 30
0.0
 10
34.1877085514
 20
54.9482467188
 30
0.0
 10
34.2120414516
 20
54.9585098564
 30
0.0
 10
34.2414817762
 20
54.9688103914
 30
0.0
 10
34.2759284497
 20
54.979132192
 30
0.0
 10
34.3312687671
 20
54.993670033
 30
0.0
 10
34.4118890185
 20
55.0114052669
 30
0.0
 10
34.5213528051
 20
55.0318588896
 30
0.0
 10
34.6460907858
 20
55.0524707032
 30
0.0
 10
34.7342241346
 20
55.0657069425
 30
0.0
 10
34.7804673036
 20
55.072397585
 30
0.0
  0
SPLINE
  5
B91
100
AcDbEntity
  8
0
100
AcDbSpline
 62
7
  6
BYLAYER
 70
0
 71
3
 72
18
 73
14
 74
0
 42
0.0000001
 43
0.0000001
 44
0.0000000001
 40
0.0
 40
0.0
 40
0.0
 40
0.0
 40
0.1441295779
 40
0.2985176777
 40
0.4549884414
 40
0.6052132222
 40
0.7412380699
 40
0.8016529158
 40
0.8559290434
 40
0.9033862992
 40
0.9434557502
 40
0.975720397
 40
1.0
 40
1.0
 40
1.0
 40
1.0
 10
34.7804673036
 20
55.072397585
 30
0.0
 10
34.871055082
 20
55.0853998555
 30
0.0
 10
35.0589414917
 20
55.110480801
 30
0.0
 10
35.3455678206
 20
55.1466323592
 30
0.0
 10
35.6361080724
 20
55.1826919243
 30
0.0
 10
35.914898415
 20
55.2187234606
 30
0.0
 10
36.1328478552
 20
55.2496560655
 30
0.0
 10
36.2899987383
 20
55.2751111606
 30
0.0
 10
36.3913281183
 20
55.2933997254
 30
0.0
 10
36.4795112581
 20
55.3116231656
 30
0.0
 10
36.5534265267
 20
55.3297386923
 30
0.0
 10
36.6120906315
 20
55.3477034839
 30
0.0
 10
36.6454604218
 20
55.3613752862
 30
0.0
 10
36.6590002367
 20
55.3687470102
 30
0.0
  0
SPLINE
  5
B92
100
AcDbEntity
  8
0
100
AcDbSpline
 62
7
  6
BYLAYER
 70
0
 71
3
 72
30
 73
26
 74
0
 42
0.0000001
 43
0.0000001
 44
0.0000000001
 40
0.0
 40
0.0
 40
0.0
 40
0.0
 40
0.0138831721
 40
0.0192538347
 40
0.025496461
 40
0.0406632556
 40
0.0594343465
 40
0.0817427318
 40
0.1074476014
 40
0.1363755355
 40
0.1683035661
 40
0.2029906546
 40
0.2795135953
 40
0.3634987755
 40
0.4522332905
 40
0.5428399112
 40
0.6323783897
 40
0.7179420012
 40
0.7967627653
 40
0.8663128033
 40
0.9244048032
 40
0.948593014
 40
0.969316619
 40
0.9864589115
 40
1.0
 40
1.0
 40
1.0
 40
1.0
 10
36.6929777189
 20
54.9055430385
 30
0.0
 10
36.6929774625
 20
54.8936277042
 30
0.0
 10
36.6779440806
 20
54.8798733678
 30
0.0
 10
36.6596889123
 20
54.8689093022
 30
0.0
 10
36.6389581453
 20
54.8585578076
 30
0.0
 10
36.606807397
 20
54.8462002565
 30
0.0
 10
36.560615726
 20
54.8319766838
 30
0.0
 10
36.5050929397
 20
54.8177311155
 30
0.0
 10
36.4406150737
 20
54.8034179682
 30
0.0
 10
36.3677148244
 20
54.789086155
 30
0.0
 10
36.2869779272
 20
54.7747247409
 30
0.0
 10
36.1657348764
 20
54.7549061252
 30
0.0
 10
35.9999722797
 20
54.7305860471
 30
0.0
 10
35.7879514882
 20
54.7021712882
 30
0.0
 10
35.5637475447
 20
54.673713798
 30
0.0
 10
35.3347436967
 20
54.6452366015
 30
0.0
 10
35.1084806689
 20
54.6167672951
 30
0.0
 10
34.8924105855
 20
54.5883367675
 30
0.0
 10
34.6936352201
 20
54.5600013801
 30
0.0
 10
34.5186894644
 20
54.5317914218
 30
0.0
 10
34.3906573263
 20
54.5072812403
 30
0.0
 10
34.3046066877
 20
54.4869658027
 30
0.0
 10
34.2532593513
 20
54.4727366491
 30
0.0
 10
34.2114523842
 20
54.458584318
 30
0.0
 10
34.1872482826
 20
54.4480057274
 30
0.0
 10
34.1770395324
 20
54.4424517894
 30
0.0
  0
SPLINE
  5
B93
100
AcDbEntity
  8
0
100
AcDbSpline
 62
7
  6
BYLAYER
 70
0
 71
3
 72
30
 73
26
 74
0
 42
0.0000001
 43
0.0000001
 44
0.0000000001
 40
0.0
 40
0.0
 40
0.0
 40
0.0
 40
0.0138675969
 40
0.019237238
 40
0.0254805287
 40
0.0406514556
 40
0.0594281676
 40
0.0817428654
 40
0.1074543294
 40
0.1363893066
 40
0.168324553
 40
0.2030184937
 40
0.279555077
 40
0.363554506
 40
0.4523040927
 40
0.5429209471
 40
0.6324629392
 40
0.7180263549
 40
0.7968438249
 40
0.8663842559
 40
0.9244577665
 40
0.9486340609
 40
0.9693448349
 40
0.986474119
 40
1.0
 40
1.0
 40
1.0
 40
1.0
 10
36.6929777189
 20
53.9054788147
 30
0.0
 10
36.6929779663
 20
53.8935764479
 30
0.0
 10
36.6779285574
 20
53.8798500486
 30
0.0
 10
36.6596780484
 20
53.8689080733
 30
0.0
 10
36.6389403124
 20
53.8585603738
 30
0.0
 10
36.6067820218
 20
53.8461964702
 30
0.0
 10
36.5605765342
 20
53.831964031
 30
0.0
 10
36.5050359783
 20
53.8177161199
 30
0.0
 10
36.4405386391
 20
53.8034013873
 30
0.0
 10
36.3676180534
 20
53.7890673479
 30
0.0
 10
36.2868603481
 20
53.7747036972
 30
0.0
 10
36.165589362
 20
53.754882938
 30
0.0
 10
35.9997910696
 20
53.7305619198
 30
0.0
 10
35.7877262175
 20
53.7021443241
 30
0.0
 10
35.5634814245
 20
53.67367875
 30
0.0
 10
35.3344454064
 20
53.6451969475
 30
0.0
 10
35.1081628756
 20
53.6167280757
 30
0.0
 10
34.8920857317
 20
53.5882947897
 30
0.0
 10
34.693315771
 20
53.5599531335
 30
0.0
 10
34.5183921446
 20
53.5317377787
 30
0.0
 10
34.3903908178
 20
53.5072257961
 30
0.0
 10
34.3043752874
 20
53.4869100451
 30
0.0
 10
34.2530606004
 20
53.4726770745
 30
0.0
 10
34.2112926932
 20
53.4585137319
 30
0.0
 10
34.1871156127
 20
53.4479326985
 30
0.0
 10
34.1769193532
 20
53.442382297
 30
0.0
  0
SPLINE
  5
B94
100
AcDbEntity
  8
0
100
AcDbSpline
 62
7
  6
BYLAYER
 70
0
 71
3
 72
21
 73
17
 74
0
 42
0.0000001
 43
0.0000001
 44
0.0000000001
 40
0.0
 40
0.0
 40
0.0
 40
0.0
 40
0.1480003939
 40
0.3067621396
 40
0.46714628
 40
0.6199370159
 40
0.6907500691
 40
0.7565400016
 40
0.8163665303
 40
0.8692667059
 40
0.9144819985
 40
0.9515783535
 40
0.9669590023
 40
0.9801678316
 40
0.9911779644
 40
1.0
 40
1.0
 40
1.0
 40
1.0
 10
34.5431457203
 20
55.3222891672
 30
0.0
 10
34.6717343087
 20
55.3357994132
 30
0.0
 10
34.9384717237
 20
55.3617831946
 30
0.0
 10
35.3448771727
 20
55.3990279539
 30
0.0
 10
35.7554955415
 20
55.4361600327
 30
0.0
 10
36.0894592273
 20
55.4678536726
 30
0.0
 10
36.3409459675
 20
55.4938066211
 30
0.0
 10
36.5115068173
 20
55.5127319289
 30
0.0
 10
36.6663201991
 20
55.5316052292
 30
0.0
 10
36.8030220084
 20
55.5504268778
 30
0.0
 10
36.9196494967
 20
55.5692274549
 30
0.0
 10
37.0034508528
 20
55.585573058
 30
0.0
 10
37.0592417123
 20
55.5990413487
 30
0.0
 10
37.0925427911
 20
55.6084689571
 30
0.0
 10
37.1198524668
 20
55.6178555534
 30
0.0
 10
37.1357628874
 20
55.6248266847
 30
0.0
 10
37.1425614768
 20
55.6284569631
 30
0.0
  0
SPLINE
  5
B95
100
AcDbEntity
  8
0
100
AcDbSpline
 62
7
  6
BYLAYER
 70
0
 71
3
 72
30
 73
26
 74
0
 42
0.0000001
 43
0.0000001
 44
0.0000000001
 40
0.0
 40
0.0
 40
0.0
 40
0.0
 40
0.0138680107
 40
0.0192375272
 40
0.0254805131
 40
0.0406506409
 40
0.0594268219
 40
0.0817407625
 40
0.1074516304
 40
0.1363858978
 40
0.1683205323
 40
0.2030144657
 40
0.2795516811
 40
0.3635516484
 40
0.4523003879
 40
0.5429183365
 40
0.6324623796
 40
0.7180269959
 40
0.7968444701
 40
0.8663843849
 40
0.9244579655
 40
0.9486346254
 40
0.9693457624
 40
0.9864747467
 40
1.0
 40
1.0
 40
1.0
 40
1.0
 10
34.1429777189
 20
53.9056734097
 30
0.0
 10
34.1429777189
 20
53.9175761338
 30
0.0
 10
34.1580272238
 20
53.9313025682
 30
0.0
 10
34.1762775014
 20
53.9422450032
 30
0.0
 10
34.197014147
 20
53.9525924958
 30
0.0
 10
34.2291711507
 20
53.9649559404
 30
0.0
 10
34.2753751236
 20
53.9791872134
 30
0.0
 10
34.3309140987
 20
53.9934347881
 30
0.0
 10
34.3954097531
 20
54.0077490032
 30
0.0
 10
34.4683286787
 20
54.0220829995
 30
0.0
 10
34.5490852048
 20
54.0364468571
 30
0.0
 10
34.6703561759
 20
54.0562679091
 30
0.0
 10
34.836155335
 20
54.0805900763
 30
0.0
 10
35.0482204266
 20
54.1090083366
 30
0.0
 10
35.2724663601
 20
54.1374705925
 30
0.0
 10
35.5015041471
 20
54.1659544615
 30
0.0
 10
35.7277902556
 20
54.1944250932
 30
0.0
 10
35.9438702339
 20
54.2228585213
 30
0.0
 10
36.1426409817
 20
54.2511990655
 30
0.0
 10
36.31756435
 20
54.2794139364
 30
0.0
 10
36.4455654126
 20
54.3039270915
 30
0.0
 10
36.5315815003
 20
54.3242435042
 30
0.0
 10
36.5828966211
 20
54.3384762769
 30
0.0
 10
36.6246642638
 20
54.3526389334
 30
0.0
 10
36.6488406062
 20
54.3632197039
 30
0.0
 10
36.6590363686
 20
54.3687698959
 30
0.0
  0
SPLINE
  5
B96
100
AcDbEntity
  8
0
100
AcDbSpline
 62
7
  6
BYLAYER
 70
0
 71
3
 72
21
 73
17
 74
0
 42
0.0000001
 43
0.0000001
 44
0.0000000001
 40
0.0
 40
0.0
 40
0.0
 40
0.0
 40
0.1898446817
 40
0.3725818813
 40
0.5412631556
 40
0.689682707
 40
0.7545670055
 40
0.8124407321
 40
0.8628442687
 40
0.9054029678
 40
0.9399218971
 40
0.9664722818
 40
0.9769402328
 40
0.9857574951
 40
0.993260681
 40
1.0
 40
1.0
 40
1.0
 40
1.0
 10
20.0679777189
 20
60.039645149
 30
0.0
 10
20.2793286895
 20
60.039645149
 30
0.0
 10
20.694140155
 20
60.0452323527
 30
0.0
 10
21.2962919448
 20
60.0701273482
 30
0.0
 10
21.8513795149
 20
60.1105003334
 30
0.0
 10
22.2742233393
 20
60.1572788118
 30
0.0
 10
22.5727371391
 20
60.2026141324
 30
0.0
 10
22.7623309432
 20
60.2377620903
 30
0.0
 10
22.9260872486
 20
60.2751602539
 30
0.0
 10
23.062617412
 20
60.3143960457
 30
0.0
 10
23.1706717676
 20
60.3550597332
 30
0.0
 10
23.2417110405
 20
60.3921546235
 30
0.0
 10
23.2820261636
 20
60.4236942126
 30
0.0
 10
23.3022979039
 20
60.445822802
 30
0.0
 10
23.3149700263
 20
60.4685039355
 30
0.0
 10
23.3179777173
 20
60.4844549538
 30
0.0
 10
23.3179777189
 20
60.4919577272
 30
0.0
  0
SPLINE
  5
B97
100
AcDbEntity
  8
0
100
AcDbSpline
 62
7
  6
BYLAYER
 70
0
 71
3
 72
21
 73
17
 74
0
 42
0.0000001
 43
0.0000001
 44
0.0000000001
 40
0.0
 40
0.0
 40
0.0
 40
0.0
 40
0.006739319
 40
0.0142425049
 40
0.0230597672
 40
0.0335277182
 40
0.0600781029
 40
0.0945970322
 40
0.1371557313
 40
0.1875592679
 40
0.2454329945
 40
0.3103172929
 40
0.4587368444
 40
0.6274181187
 40
0.8101553183
 40
1.0
 40
1.0
 40
1.0
 40
1.0
 10
16.8179777189
 20
60.4919577272
 30
0.0
 10
16.8179777205
 20
60.4844549538
 30
0.0
 10
16.8209854116
 20
60.4685039355
 30
0.0
 10
16.833657534
 20
60.445822802
 30
0.0
 10
16.8539292743
 20
60.4236942126
 30
0.0
 10
16.8942443973
 20
60.3921546235
 30
0.0
 10
16.9652836702
 20
60.3550597332
 30
0.0
 10
17.0733380258
 20
60.3143960457
 30
0.0
 10
17.2098681893
 20
60.2751602539
 30
0.0
 10
17.3736244946
 20
60.2377620903
 30
0.0
 10
17.5632182987
 20
60.2026141324
 30
0.0
 10
17.8617320985
 20
60.1572788118
 30
0.0
 10
18.2845759229
 20
60.1105003334
 30
0.0
 10
18.839663493
 20
60.0701273482
 30
0.0
 10
19.4418152828
 20
60.0452323527
 30
0.0
 10
19.8566267483
 20
60.039645149
 30
0.0
 10
20.0679777189
 20
60.039645149
 30
0.0
  0
SPLINE
  5
B98
100
AcDbEntity
  8
0
100
AcDbSpline
 62
7
  6
BYLAYER
 70
0
 71
3
 72
21
 73
17
 74
0
 42
0.0000001
 43
0.0000001
 44
0.0000000001
 40
0.0
 40
0.0
 40
0.0
 40
0.0
 40
0.006739319
 40
0.0142425063
 40
0.0230597716
 40
0.0335277264
 40
0.0600781176
 40
0.0945970511
 40
0.1371557532
 40
0.1875592923
 40
0.2454330205
 40
0.3103173192
 40
0.4587368681
 40
0.6274181366
 40
0.8101553279
 40
1.0
 40
1.0
 40
1.0
 40
1.0
 10
16.8179777189
 20
87.2453088424
 30
0.0
 10
16.8179777212
 20
87.2378060692
 30
0.0
 10
16.8209854181
 20
87.2218550498
 30
0.0
 10
16.8336575548
 20
87.1991739189
 30
0.0
 10
16.853929311
 20
87.1770453324
 30
0.0
 10
16.8942444557
 20
87.1455057483
 30
0.0
 10
16.9652837466
 20
87.1084108613
 30
0.0
 10
17.0733381182
 20
87.0677471757
 30
0.0
 10
17.2098682919
 20
87.0285113874
 30
0.0
 10
17.3736246043
 20
86.9911132276
 30
0.0
 10
17.5632184118
 20
86.9559652734
 30
0.0
 10
17.8617322081
 20
86.9106299579
 30
0.0
 10
18.2845760192
 20
86.8638514848
 30
0.0
 10
18.8396635646
 20
86.8234785043
 30
0.0
 10
19.4418153213
 20
86.7985835117
 30
0.0
 10
19.8566267622
 20
86.7929963088
 30
0.0
 10
20.0679777198
 20
86.7929963088
 30
0.0
  0
SPLINE
  5
B99
100
AcDbEntity
  8
0
100
AcDbSpline
 62
7
  6
BYLAYER
 70
0
 71
3
 72
21
 73
17
 74
0
 42
0.0000001
 43
0.0000001
 44
0.0000000001
 40
0.0
 40
0.0
 40
0.0
 40
0.0
 40
0.1898446816
 40
0.3725818811
 40
0.5412631554
 40
0.6896827066
 40
0.7545670051
 40
0.8124407317
 40
0.8628442682
 40
0.9054029671
 40
0.9399218962
 40
0.9664722814
 40
0.9769402328
 40
0.9857574954
 40
0.9932606812
 40
1.0
 40
1.0
 40
1.0
 40
1.0
 10
20.0679777198
 20
86.7929963088
 30
0.0
 10
20.2793286904
 20
86.7929963088
 30
0.0
 10
20.6941401559
 20
86.7985835125
 30
0.0
 10
21.2962919456
 20
86.823478508
 30
0.0
 10
21.8513795156
 20
86.8638514932
 30
0.0
 10
22.2742233399
 20
86.9106299716
 30
0.0
 10
22.5727371397
 20
86.9559652923
 30
0.0
 10
22.7623309438
 20
86.9911132502
 30
0.0
 10
22.926087249
 20
87.0285114137
 30
0.0
 10
23.0626174118
 20
87.0677472055
 30
0.0
 10
23.1706717674
 20
87.1084108935
 30
0.0
 10
23.2417110412
 20
87.1455057839
 30
0.0
 10
23.2820261665
 20
87.1770453723
 30
0.0
 10
23.3022979081
 20
87.1991739614
 30
0.0
 10
23.3149700306
 20
87.2218550951
 30
0.0
 10
23.3179777192
 20
87.2378061139
 30
0.0
 10
23.3179777189
 20
87.245308887
 30
0.0
  0
SPLINE
  5
B9A
100
AcDbEntity
  8
0
100
AcDbSpline
 62
7
  6
BYLAYER
 70
0
 71
3
 72
13
 73
9
 74
0
 42
0.0000001
 43
0.0000001
 44
0.0000000001
 40
0.0
 40
0.0
 40
0.0
 40
0.0
 40
0.0851135714
 40
0.1853873247
 40
0.2991705632
 40
0.4246803812
 40
0.7023488513
 40
1.0
 40
1.0
 40
1.0
 40
1.0
 10
17.2502820543
 20
87.4707130819
 30
0.0
 10
17.3283645209
 20
87.4896189325
 30
0.0
 10
17.4999462659
 20
87.5245573574
 30
0.0
 10
17.7789980745
 20
87.5681998086
 30
0.0
 10
18.0972663757
 20
87.6065850573
 30
0.0
 10
18.5832222176
 20
87.6512974427
 30
0.0
 10
19.2439375449
 20
87.6879544702
 30
0.0
 10
19.7870248857
 20
87.697621465
 30
0.0
 10
20.0679777189
 20
87.697621465
 30
0.0
  0
SPLINE
  5
B9B
100
AcDbEntity
  8
0
100
AcDbSpline
 62
7
  6
BYLAYER
 70
0
 71
3
 72
13
 73
9
 74
0
 42
0.0000001
 43
0.0000001
 44
0.0000000001
 40
0.0
 40
0.0
 40
0.0
 40
0.0
 40
0.2976512049
 40
0.5753196836
 40
0.700829497
 40
0.8146127167
 40
0.914886443
 40
1.0
 40
1.0
 40
1.0
 40
1.0
 10
20.0679777189
 20
87.697621465
 30
0.0
 10
20.3489306052
 20
87.697621465
 30
0.0
 10
20.8920180072
 20
87.6879544676
 30
0.0
 10
21.5527333909
 20
87.6512974305
 30
0.0
 10
22.0386892187
 20
87.6065850414
 30
0.0
 10
22.3569574716
 20
87.5681997915
 30
0.0
 10
22.6360092246
 20
87.5245573522
 30
0.0
 10
22.8075909301
 20
87.4896189293
 30
0.0
 10
22.8856733835
 20
87.4707130819
 30
0.0
  0
SPLINE
  5
B9C
100
AcDbEntity
  8
0
100
AcDbSpline
 62
7
  6
BYLAYER
 70
0
 71
3
 72
21
 73
17
 74
0
 42
0.0000001
 43
0.0000001
 44
0.0000000001
 40
0.0
 40
0.0
 40
0.0
 40
0.0
 40
0.1898446817
 40
0.3725818813
 40
0.5412631557
 40
0.6896827071
 40
0.7545670056
 40
0.8124407321
 40
0.8628442687
 40
0.9054029679
 40
0.9399218972
 40
0.9664722818
 40
0.9769402328
 40
0.9857574951
 40
0.993260681
 40
1.0
 40
1.0
 40
1.0
 40
1.0
 10
20.0679777189
 20
61.0973607163
 30
0.0
 10
19.8566267483
 20
61.0973607163
 30
0.0
 10
19.4418152828
 20
61.0917735127
 30
0.0
 10
18.839663493
 20
61.0668785172
 30
0.0
 10
18.2845759229
 20
61.0265055319
 30
0.0
 10
17.8617320985
 20
60.9797270536
 30
0.0
 10
17.5632182987
 20
60.934391733
 30
0.0
 10
17.3736244947
 20
60.899243775
 30
0.0
 10
17.2098681893
 20
60.8618456114
 30
0.0
 10
17.0733380258
 20
60.8226098197
 30
0.0
 10
16.9652836702
 20
60.7819461322
 30
0.0
 10
16.8942443973
 20
60.7448512419
 30
0.0
 10
16.8539292744
 20
60.7133116528
 30
0.0
 10
16.8336575341
 20
60.6911830633
 30
0.0
 10
16.8209854117
 20
60.6685019298
 30
0.0
 10
16.8179777206
 20
60.6525509115
 30
0.0
 10
16.8179777189
 20
60.6450481382
 30
0.0
  0
SPLINE
  5
B9D
100
AcDbEntity
  8
0
100
AcDbSpline
 62
7
  6
BYLAYER
 70
0
 71
3
 72
21
 73
17
 74
0
 42
0.0000001
 43
0.0000001
 44
0.0000000001
 40
0.0
 40
0.0
 40
0.0
 40
0.0
 40
0.006739319
 40
0.0142425049
 40
0.0230597672
 40
0.0335277182
 40
0.0600781029
 40
0.0945970322
 40
0.1371557313
 40
0.1875592679
 40
0.2454329945
 40
0.3103172929
 40
0.4587368443
 40
0.6274181187
 40
0.8101553183
 40
1.0
 40
1.0
 40
1.0
 40
1.0
 10
23.3179777189
 20
60.6450481382
 30
0.0
 10
23.3179777173
 20
60.6525509115
 30
0.0
 10
23.3149700262
 20
60.6685019298
 30
0.0
 10
23.3022979038
 20
60.6911830634
 30
0.0
 10
23.2820261635
 20
60.7133116528
 30
0.0
 10
23.2417110405
 20
60.7448512419
 30
0.0
 10
23.1706717676
 20
60.7819461322
 30
0.0
 10
23.062617412
 20
60.8226098197
 30
0.0
 10
22.9260872486
 20
60.8618456114
 30
0.0
 10
22.7623309432
 20
60.899243775
 30
0.0
 10
22.5727371391
 20
60.934391733
 30
0.0
 10
22.2742233393
 20
60.9797270536
 30
0.0
 10
21.8513795149
 20
61.0265055319
 30
0.0
 10
21.2962919448
 20
61.0668785172
 30
0.0
 10
20.694140155
 20
61.0917735127
 30
0.0
 10
20.2793286895
 20
61.0973607163
 30
0.0
 10
20.0679777189
 20
61.0973607163
 30
0.0
  0
SPLINE
  5
B9E
100
AcDbEntity
  8
0
100
AcDbSpline
 62
7
  6
BYLAYER
 70
0
 71
3
 72
24
 73
20
 74
0
 42
0.0000001
 43
0.0000001
 44
0.0000000001
 40
0.0
 40
0.0
 40
0.0
 40
0.0
 40
0.185114613
 40
0.3651056443
 40
0.5342620631
 40
0.6130618517
 40
0.6869057918
 40
0.7549347799
 40
0.816279907
 40
0.8700648082
 40
0.9154629691
 40
0.9348083905
 40
0.9518137944
 40
0.9664014342
 40
0.9784930064
 40
0.9879926424
 40
0.9947908218
 40
0.9987843446
 40
1.0
 40
1.0
 40
1.0
 40
1.0
 10
54.8679777187
 20
124.2551572189
 30
0.0
 10
54.8064422929
 20
124.2239458291
 30
0.0
 10
54.6846147711
 20
124.163297851
 30
0.0
 10
54.5063236867
 20
124.0745984953
 30
0.0
 10
54.3637478213
 20
124.0030748106
 30
0.0
 10
54.2564595131
 20
123.9494454103
 30
0.0
 10
54.1828870995
 20
123.9126692325
 30
0.0
 10
54.1151489378
 20
123.8787727021
 30
0.0
 10
54.054102709
 20
123.8482091849
 30
0.0
 10
54.0005775488
 20
123.821469752
 30
0.0
 10
53.9610006165
 20
123.8018270519
 30
0.0
 10
53.933737399
 20
123.7882340077
 30
0.0
 10
53.9167583685
 20
123.7797019685
 30
0.0
 10
53.902299026
 20
123.7723170767
 30
0.0
 10
53.8902287049
 20
123.766013807
 30
0.0
 10
53.8812536789
 20
123.761081167
 30
0.0
 10
53.8738126993
 20
123.757321361
 30
0.0
 10
53.8711203086
 20
123.7556647016
 30
0.0
 10
53.8679777189
 20
123.7547041282
 30
0.0
 10
53.8679777189
 20
123.7551572427
 30
0.0
  0
SPLINE
  5
B9F
100
AcDbEntity
  8
0
100
AcDbSpline
 62
7
  6
BYLAYER
 70
0
 71
3
 72
24
 73
20
 74
0
 42
0.0000001
 43
0.0000001
 44
0.0000000001
 40
0.0
 40
0.0
 40
0.0
 40
0.0
 40
0.1850978824
 40
0.3650856563
 40
0.5342372471
 40
0.6130115968
 40
0.6868051341
 40
0.7547547264
 40
0.8160083546
 40
0.8697208982
 40
0.9150998576
 40
0.9344579607
 40
0.951489908
 40
0.9661175103
 40
0.978261923
 40
0.9878257866
 40
0.9946983156
 40
0.9987700836
 40
1.0
 40
1.0
 40
1.0
 40
1.0
 10
54.8679777187
 20
124.2551572188
 30
0.0
 10
54.8367390197
 20
124.1936475252
 30
0.0
 10
54.7760593318
 20
124.071853679
 30
0.0
 10
54.6871573361
 20
123.8936880443
 30
0.0
 10
54.6155560914
 20
123.7511761589
 30
0.0
 10
54.5621624332
 20
123.6438122185
 30
0.0
 10
54.5256540045
 20
123.5701769294
 30
0.0
 10
54.4921001325
 20
123.5023657501
 30
0.0
 10
54.4618851875
 20
123.4412520538
 30
0.0
 10
54.4354029157
 20
123.3876798691
 30
0.0
 10
54.4158173749
 20
123.3481097455
 30
0.0
 10
54.4021734663
 20
123.3208668333
 30
0.0
 10
54.3935560203
 20
123.3038962916
 30
0.0
 10
54.3860731551
 20
123.2894470406
 30
0.0
 10
54.3795849298
 20
123.2773835415
 30
0.0
 10
54.374616086
 20
123.2684183057
 30
0.0
 10
54.3704256702
 20
123.2609554587
 30
0.0
 10
54.3690719802
 20
123.2583201435
 30
0.0
 10
54.3675193218
 20
123.2551572189
 30
0.0
 10
54.3679777228
 20
123.2551572189
 30
0.0
  0
SPLINE
  5
BA0
100
AcDbEntity
  8
0
100
AcDbSpline
 62
7
  6
BYLAYER
 70
0
 71
3
 72
11
 73
7
 74
0
 42
0.0000001
 43
0.0000001
 44
0.0000000001
 40
0.0
 40
0.0
 40
0.0
 40
0.0
 40
0.2935298791
 40
0.5527178431
 40
0.7834262063
 40
1.0
 40
1.0
 40
1.0
 40
1.0
 10
13.1671332438
 20
118.4058886308
 30
0.0
 10
13.1677320531
 20
118.4517128956
 30
0.0
 10
13.1907732849
 20
118.538568239
 30
0.0
 10
13.2673893838
 20
118.6374748601
 30
0.0
 10
13.3642002718
 20
118.6949791985
 30
0.0
 10
13.4341761059
 20
118.7088316126
 30
0.0
 10
13.4679777189
 20
118.7097164356
 30
0.0
  0
SPLINE
  5
BA1
100
AcDbEntity
  8
0
100
AcDbSpline
 62
7
  6
BYLAYER
 70
0
 71
3
 72
11
 73
7
 74
0
 42
0.0000001
 43
0.0000001
 44
0.0000000001
 40
0.0
 40
0.0
 40
0.0
 40
0.0
 40
0.2930515648
 40
0.5512507986
 40
0.7823551577
 40
1.0
 40
1.0
 40
1.0
 40
1.0
 10
39.6678088234
 20
118.3560897967
 30
0.0
 10
39.6710225163
 20
118.4002263315
 30
0.0
 10
39.6962540156
 20
118.4827741327
 30
0.0
 10
39.7728675127
 20
118.5760881292
 30
0.0
 10
39.8672284409
 20
118.6302843551
 30
0.0
 10
39.9351226771
 20
118.643391587
 30
0.0
 10
39.9679777189
 20
118.6442516317
 30
0.0
  0
SPLINE
  5
BA2
100
AcDbEntity
  8
0
100
AcDbSpline
 62
7
  6
BYLAYER
 70
0
 71
3
 72
12
 73
8
 74
0
 42
0.0000001
 43
0.0000001
 44
0.0000000001
 40
0.0
 40
0.0
 40
0.0
 40
0.0
 40
0.1023293122
 40
0.2150545923
 40
0.4618081819
 40
0.7268450087
 40
1.0
 40
1.0
 40
1.0
 40
1.0
 10
44.9616180295
 20
118.6442516317
 30
0.0
 10
44.9871409643
 20
118.6435847002
 30
0.0
 10
45.0406054747
 20
118.6357992201
 30
0.0
 10
45.1513684898
 20
118.6035297496
 30
0.0
 10
45.2949901306
 20
118.5420250718
 30
0.0
 10
45.4693526135
 20
118.4528738511
 30
0.0
 10
45.587251254
 20
118.3885604687
 30
0.0
 10
45.6470295461
 20
118.3558274571
 30
0.0
  0
SPLINE
  5
BA3
100
AcDbEntity
  8
0
100
AcDbSpline
 62
7
  6
BYLAYER
 70
0
 71
3
 72
12
 73
8
 74
0
 42
0.0000001
 43
0.0000001
 44
0.0000000001
 40
0.0
 40
0.0
 40
0.0
 40
0.0
 40
0.2929348074
 40
0.4277046708
 40
0.5533205259
 40
0.7837059575
 40
1.0
 40
1.0
 40
1.0
 40
1.0
 10
39.6680033271
 20
118.4058848151
 30
0.0
 10
39.6686014527
 20
118.4516589774
 30
0.0
 10
39.685434572
 20
118.5194846069
 30
0.0
 10
39.7324024696
 20
118.5925599949
 30
0.0
 10
39.7857822998
 20
118.6482278465
 30
0.0
 10
39.8642276467
 20
118.6950318174
 30
0.0
 10
39.9341881763
 20
118.7088319285
 30
0.0
 10
39.9679777189
 20
118.7097164356
 30
0.0
  0
SPLINE
  5
BA4
100
AcDbEntity
  8
0
100
AcDbSpline
 62
7
  6
BYLAYER
 70
0
 71
3
 72
12
 73
8
 74
0
 42
0.0000001
 43
0.0000001
 44
0.0000000001
 40
0.0
 40
0.0
 40
0.0
 40
0.0
 40
0.2929347711
 40
0.4277046252
 40
0.553320489
 40
0.7837059323
 40
1.0
 40
1.0
 40
1.0
 40
1.0
 10
85.6679521073
 20
118.4058850721
 30
0.0
 10
85.6673539427
 20
118.4516592036
 30
0.0
 10
85.6505207886
 20
118.5194847732
 30
0.0
 10
85.603552887
 20
118.5925600955
 30
0.0
 10
85.550173064
 20
118.6482278982
 30
0.0
 10
85.4717277447
 20
118.6950318294
 30
0.0
 10
85.4017672472
 20
118.7088319289
 30
0.0
 10
85.3679777189
 20
118.7097164357
 30
0.0
  0
SPLINE
  5
BA5
100
AcDbEntity
  8
0
100
AcDbSpline
 62
7
  6
BYLAYER
 70
0
 71
3
 72
11
 73
7
 74
0
 42
0.0000001
 43
0.0000001
 44
0.0000000001
 40
0.0
 40
0.0
 40
0.0
 40
0.0
 40
0.2935301394
 40
0.5527178233
 40
0.7834262311
 40
1.0
 40
1.0
 40
1.0
 40
1.0
 10
63.6688239802
 20
118.4058886388
 30
0.0
 10
63.6682251988
 20
118.4517129772
 30
0.0
 10
63.6451811188
 20
118.5385676092
 30
0.0
 10
63.5685664188
 20
118.6374749204
 30
0.0
 10
63.4717551694
 20
118.6949791462
 30
0.0
 10
63.4017793521
 20
118.708831612
 30
0.0
 10
63.3679777189
 20
118.7097164356
 30
0.0
  0
SPLINE
  5
BA6
100
AcDbEntity
  8
0
100
AcDbSpline
 62
7
  6
BYLAYER
 70
0
 71
3
 72
11
 73
7
 74
0
 42
0.0000001
 43
0.0000001
 44
0.0000000001
 40
0.0
 40
0.0
 40
0.0
 40
0.0
 40
0.2927599296
 40
0.5512671222
 40
0.7823463989
 40
1.0
 40
1.0
 40
1.0
 40
1.0
 10
63.6673247042
 20
118.356057298
 30
0.0
 10
63.6643773323
 20
118.4001536365
 30
0.0
 10
63.6401600616
 20
118.4830979837
 30
0.0
 10
63.5629256768
 20
118.5759911178
 30
0.0
 10
63.4687275916
 20
118.6303162069
 30
0.0
 10
63.4008232245
 20
118.6433918366
 30
0.0
 10
63.3679777189
 20
118.6442516317
 30
0.0
  0
SPLINE
  5
BA7
100
AcDbEntity
  8
0
100
AcDbSpline
 62
7
  6
BYLAYER
 70
0
 71
3
 72
12
 73
8
 74
0
 42
0.0000001
 43
0.0000001
 44
0.0000000001
 40
0.0
 40
0.0
 40
0.0
 40
0.0
 40
0.2731499202
 40
0.538175631
 40
0.7849395751
 40
0.8976707896
 40
1.0
 40
1.0
 40
1.0
 40
1.0
 10
57.6889231096
 20
118.3558257927
 30
0.0
 10
57.7487008306
 20
118.3885577129
 30
0.0
 10
57.8665994721
 20
118.4528636896
 30
0.0
 10
58.040961608
 20
118.54201348
 30
0.0
 10
58.184581437
 20
118.6035265591
 30
0.0
 10
58.2953479554
 20
118.635801112
 30
0.0
 10
58.348814409
 20
118.6435846985
 30
0.0
 10
58.3743374083
 20
118.6442516317
 30
0.0
  0
SPLINE
  5
BA8
100
AcDbEntity
  8
0
100
AcDbSpline
 62
7
  6
BYLAYER
 70
0
 71
3
 72
15
 73
11
 74
0
 42
0.0000001
 43
0.0000001
 44
0.0000000001
 40
0.0
 40
0.0
 40
0.0
 40
0.0
 40
0.1782486587
 40
0.3496595226
 40
0.507456449
 40
0.6469247273
 40
0.7651622668
 40
0.8612343172
 40
0.9372780908
 40
1.0
 40
1.0
 40
1.0
 40
1.0
 10
70.4337155933
 20
117.8555762406
 30
0.0
 10
70.4337155933
 20
117.8891091997
 30
0.0
 10
70.4312539365
 20
117.9549163579
 30
0.0
 10
70.4204280593
 20
118.0498615521
 30
0.0
 10
70.4030883171
 20
118.1364342715
 30
0.0
 10
70.3802200564
 20
118.2113364492
 30
0.0
 10
70.3530160294
 20
118.2723308676
 30
0.0
 10
70.3223610388
 20
118.3179728877
 30
0.0
 10
70.2886621646
 20
118.3477225546
 30
0.0
 10
70.2624439612
 20
118.3555762406
 30
0.0
 10
70.2506444266
 20
118.3555762406
 30
0.0
  0
SPLINE
  5
BA9
100
AcDbEntity
  8
0
100
AcDbSpline
 62
7
  6
BYLAYER
 70
0
 71
3
 72
15
 73
11
 74
0
 42
0.0000001
 43
0.0000001
 44
0.0000000001
 40
0.0
 40
0.0
 40
0.0
 40
0.0
 40
0.1782500094
 40
0.3496628635
 40
0.5074618771
 40
0.6469308904
 40
0.7651658762
 40
0.8612344194
 40
0.9372769329
 40
1.0
 40
1.0
 40
1.0
 40
1.0
 10
80.9022398446
 20
117.8555762406
 30
0.0
 10
80.9022398446
 20
117.8891088386
 30
0.0
 10
80.9047124745
 20
117.9549153665
 30
0.0
 10
80.9155547176
 20
118.049857659
 30
0.0
 10
80.9328965826
 20
118.1364287941
 30
0.0
 10
80.9557558637
 20
118.2113319253
 30
0.0
 10
80.9829482965
 20
118.2723290262
 30
0.0
 10
81.013596369
 20
118.3179732274
 30
0.0
 10
81.0472936388
 20
118.3477230181
 30
0.0
 10
81.0735114753
 20
118.3555762406
 30
0.0
 10
81.0853110112
 20
118.3555762406
 30
0.0
  0
SPLINE
  5
BAA
100
AcDbEntity
  8
0
100
AcDbSpline
 62
7
  6
BYLAYER
 70
0
 71
3
 72
15
 73
11
 74
0
 42
0.0000001
 43
0.0000001
 44
0.0000000001
 40
0.0
 40
0.0
 40
0.0
 40
0.0
 40
0.1782486587
 40
0.3496595226
 40
0.507456449
 40
0.6469247273
 40
0.7651622668
 40
0.8612343172
 40
0.9372780908
 40
1.0
 40
1.0
 40
1.0
 40
1.0
 10
30.4337155933
 20
117.8555762406
 30
0.0
 10
30.4337155933
 20
117.8891091997
 30
0.0
 10
30.4312539365
 20
117.9549163579
 30
0.0
 10
30.4204280593
 20
118.0498615521
 30
0.0
 10
30.4030883171
 20
118.1364342715
 30
0.0
 10
30.3802200564
 20
118.2113364492
 30
0.0
 10
30.3530160294
 20
118.2723308676
 30
0.0
 10
30.3223610388
 20
118.3179728877
 30
0.0
 10
30.2886621646
 20
118.3477225546
 30
0.0
 10
30.2624439612
 20
118.3555762406
 30
0.0
 10
30.2506444266
 20
118.3555762406
 30
0.0
  0
SPLINE
  5
BAB
100
AcDbEntity
  8
0
100
AcDbSpline
 62
7
  6
BYLAYER
 70
0
 71
3
 72
15
 73
11
 74
0
 42
0.0000001
 43
0.0000001
 44
0.0000000001
 40
0.0
 40
0.0
 40
0.0
 40
0.0
 40
0.1782500094
 40
0.3496628635
 40
0.5074618771
 40
0.6469308904
 40
0.7651658762
 40
0.8612344194
 40
0.9372769329
 40
1.0
 40
1.0
 40
1.0
 40
1.0
 10
40.9022398446
 20
117.8555762406
 30
0.0
 10
40.9022398446
 20
117.8891088386
 30
0.0
 10
40.9047124745
 20
117.9549153665
 30
0.0
 10
40.9155547176
 20
118.049857659
 30
0.0
 10
40.9328965826
 20
118.1364287941
 30
0.0
 10
40.9557558637
 20
118.2113319253
 30
0.0
 10
40.9829482965
 20
118.2723290262
 30
0.0
 10
41.013596369
 20
118.3179732274
 30
0.0
 10
41.0472936388
 20
118.3477230181
 30
0.0
 10
41.0735114753
 20
118.3555762406
 30
0.0
 10
41.0853110112
 20
118.3555762406
 30
0.0
  0
SPLINE
  5
BAC
100
AcDbEntity
  8
0
100
AcDbSpline
 62
7
  6
BYLAYER
 70
0
 71
3
 72
15
 73
11
 74
0
 42
0.0000001
 43
0.0000001
 44
0.0000000001
 40
0.0
 40
0.0
 40
0.0
 40
0.0
 40
0.1782486587
 40
0.3496595226
 40
0.507456449
 40
0.6469247273
 40
0.7651622668
 40
0.8612343172
 40
0.9372780908
 40
1.0
 40
1.0
 40
1.0
 40
1.0
 10
50.4337155933
 20
117.8555762406
 30
0.0
 10
50.4337155933
 20
117.8891091997
 30
0.0
 10
50.4312539365
 20
117.9549163579
 30
0.0
 10
50.4204280593
 20
118.0498615521
 30
0.0
 10
50.4030883171
 20
118.1364342715
 30
0.0
 10
50.3802200564
 20
118.2113364492
 30
0.0
 10
50.3530160294
 20
118.2723308676
 30
0.0
 10
50.3223610388
 20
118.3179728877
 30
0.0
 10
50.2886621646
 20
118.3477225546
 30
0.0
 10
50.2624439612
 20
118.3555762406
 30
0.0
 10
50.2506444266
 20
118.3555762406
 30
0.0
  0
SPLINE
  5
BAD
100
AcDbEntity
  8
0
100
AcDbSpline
 62
7
  6
BYLAYER
 70
0
 71
3
 72
15
 73
11
 74
0
 42
0.0000001
 43
0.0000001
 44
0.0000000001
 40
0.0
 40
0.0
 40
0.0
 40
0.0
 40
0.1782500094
 40
0.3496628635
 40
0.5074618771
 40
0.6469308904
 40
0.7651658762
 40
0.8612344193
 40
0.9372769329
 40
1.0
 40
1.0
 40
1.0
 40
1.0
 10
60.9022398446
 20
117.8555762406
 30
0.0
 10
60.9022398446
 20
117.8891088386
 30
0.0
 10
60.9047124745
 20
117.9549153665
 30
0.0
 10
60.9155547176
 20
118.049857659
 30
0.0
 10
60.9328965826
 20
118.1364287941
 30
0.0
 10
60.9557558637
 20
118.2113319253
 30
0.0
 10
60.9829482965
 20
118.2723290262
 30
0.0
 10
61.013596369
 20
118.3179732274
 30
0.0
 10
61.0472936388
 20
118.3477230181
 30
0.0
 10
61.0735114753
 20
118.3555762406
 30
0.0
 10
61.0853110112
 20
118.3555762406
 30
0.0
  0
SPLINE
  5
BAE
100
AcDbEntity
  8
0
100
AcDbSpline
 62
7
  6
BYLAYER
 70
0
 71
3
 72
18
 73
14
 74
0
 42
0.0000001
 43
0.0000001
 44
0.0000000001
 40
0.0
 40
0.0
 40
0.0
 40
0.0
 40
0.1903669631
 40
0.3737936748
 40
0.5428673487
 40
0.6916609504
 40
0.8151386931
 40
0.8660426978
 40
0.9092240496
 40
0.9443549553
 40
0.9711967857
 40
0.9896808006
 40
1.0
 40
1.0
 40
1.0
 40
1.0
 10
30.1179777189
 20
80.7332219934
 30
0.0
 10
30.2133585258
 20
80.7332222539
 30
0.0
 10
30.4006443184
 20
80.7323000512
 30
0.0
 10
30.6726144448
 20
80.7282357665
 30
0.0
 10
30.9237034214
 20
80.7216625013
 30
0.0
 10
31.1446592786
 20
80.7128173149
 30
0.0
 10
31.3063393689
 20
80.7035029514
 30
0.0
 10
31.4149913947
 20
80.6948331331
 30
0.0
 10
31.4794578171
 20
80.688475494
 30
0.0
 10
31.5316480236
 20
80.6818555175
 30
0.0
 10
31.571645682
 20
80.6752340706
 30
0.0
 10
31.5982814306
 20
80.6684556458
 30
0.0
 10
31.6124521025
 20
80.6631975708
 30
0.0
 10
31.616063515
 20
80.6594976165
 30
0.0
  0
SPLINE
  5
BAF
100
AcDbEntity
  8
0
100
AcDbSpline
 62
7
  6
BYLAYER
 70
0
 71
3
 72
8
 73
4
 74
0
 42
0.0000001
 43
0.0000001
 44
0.0000000001
 40
0.0
 40
0.0
 40
0.0
 40
0.0
 40
1.0
 40
1.0
 40
1.0
 40
1.0
 10
31.6160644053
 20
80.6594976493
 30
0.0
 10
31.6170710186
 20
80.65844865
 30
0.0
 10
31.6179535072
 20
80.6570299445
 30
0.0
 10
31.6179737426
 20
80.6555762387
 30
0.0
  0
SPLINE
  5
BB0
100
AcDbEntity
  8
0
100
AcDbSpline
 62
7
  6
BYLAYER
 70
0
 71
3
 72
18
 73
14
 74
0
 42
0.0000001
 43
0.0000001
 44
0.0000000001
 40
0.0
 40
0.0
 40
0.0
 40
0.0
 40
0.187834538
 40
0.3690255002
 40
0.5364557911
 40
0.6844418722
 40
0.8081233798
 40
0.8595443438
 40
0.9035334325
 40
0.9397803279
 40
0.9680410918
 40
0.9881517523
 40
1.0
 40
1.0
 40
1.0
 40
1.0
 10
30.1262563749
 20
82.1332219701
 30
0.0
 10
30.2205574049
 20
82.1330302823
 30
0.0
 10
30.4058233562
 20
82.1315978573
 30
0.0
 10
30.6751082897
 20
82.1267613544
 30
0.0
 10
30.9243314555
 20
82.1195932962
 30
0.0
 10
31.1445804338
 20
82.1101222273
 30
0.0
 10
31.3065135467
 20
82.1004703439
 30
0.0
 10
31.4161601292
 20
82.0917294135
 30
0.0
 10
31.4819481151
 20
82.0851985904
 30
0.0
 10
31.5359515762
 20
82.0781439845
 30
0.0
 10
31.5778609684
 20
82.0707694631
 30
0.0
 10
31.6071378609
 20
82.063557923
 30
0.0
 10
31.6225710461
 20
82.0585493923
 30
0.0
 10
31.6277230444
 20
82.0555762292
 30
0.0
  0
SPLINE
  5
BB1
100
AcDbEntity
  8
0
100
AcDbSpline
 62
7
  6
BYLAYER
 70
0
 71
3
 72
11
 73
7
 74
0
 42
0.0000001
 43
0.0000001
 44
0.0000000001
 40
0.0
 40
0.0
 40
0.0
 40
0.0
 40
0.2499997133
 40
0.4375007288
 40
0.6250009779
 40
1.0
 40
1.0
 40
1.0
 40
1.0
 10
30.1179797602
 20
81.0281191304
 30
0.0
 10
30.1179797738
 20
81.1202153688
 30
0.0
 10
30.1200686641
 20
81.2813770935
 30
0.0
 10
30.120497985
 20
81.5116180859
 30
0.0
 10
30.1189144575
 20
81.7879149036
 30
0.0
 10
30.1241852507
 20
81.9950933402
 30
0.0
 10
30.1262563749
 20
82.1332219695
 30
0.0
  0
SPLINE
  5
BB2
100
AcDbEntity
  8
0
100
AcDbSpline
 62
7
  6
BYLAYER
 70
0
 71
3
 72
16
 73
12
 74
0
 42
0.0000001
 43
0.0000001
 44
0.0000000001
 40
0.0
 40
0.0
 40
0.0
 40
0.0
 40
0.0493598244
 40
0.0818630871
 40
0.1210439125
 40
0.2213791553
 40
0.3493438075
 40
0.5002611701
 40
0.6652894635
 40
0.8346866985
 40
1.0
 40
1.0
 40
1.0
 40
1.0
 10
31.6160634296
 20
80.6594976153
 30
0.0
 10
31.6110366546
 20
80.6852256309
 30
0.0
 10
31.5862032057
 20
80.7241963562
 30
0.0
 10
31.5381383995
 20
80.7666090106
 30
0.0
 10
31.4611785942
 20
80.8166248129
 30
0.0
 10
31.3297344703
 20
80.8723739725
 30
0.0
 10
31.1360644088
 20
80.9285310029
 30
0.0
 10
30.904281524
 20
80.9731041268
 30
0.0
 10
30.6484385352
 20
81.0055512765
 30
0.0
 10
30.3835569756
 20
81.02405182
 30
0.0
 10
30.2057738814
 20
81.0281191397
 30
0.0
 10
30.1179777189
 20
81.0281191408
 30
0.0
  0
SPLINE
  5
BB3
100
AcDbEntity
  8
0
100
AcDbSpline
 62
7
  6
BYLAYER
 70
0
 71
3
 72
8
 73
4
 74
0
 42
0.0000001
 43
0.0000001
 44
0.0000000001
 40
0.0
 40
0.0
 40
0.0
 40
0.0
 40
1.0
 40
1.0
 40
1.0
 40
1.0
 10
41.6179777118
 20
80.7332220312
 30
0.0
 10
41.6858514844
 20
80.6676610036
 30
0.0
 10
41.7541022388
 20
80.6012081524
 30
0.0
 10
41.8098868517
 20
80.5250952473
 30
0.0
  0
SPLINE
  5
BB4
100
AcDbEntity
  8
0
100
AcDbSpline
 62
7
  6
BYLAYER
 70
0
 71
3
 72
9
 73
5
 74
0
 42
0.0000001
 43
0.0000001
 44
0.0000000001
 40
0.0
 40
0.0
 40
0.0
 40
0.0
 40
0.5017205159
 40
1.0
 40
1.0
 40
1.0
 40
1.0
 10
41.8098868517
 20
80.5250952473
 30
0.0
 10
41.8412216349
 20
80.482341856
 30
0.0
 10
41.8949797026
 20
80.3900496436
 30
0.0
 10
41.9179777189
 20
80.2839554291
 30
0.0
 10
41.9179777189
 20
80.2313121719
 30
0.0
  0
SPLINE
  5
BB5
100
AcDbEntity
  8
0
100
AcDbSpline
 62
7
  6
BYLAYER
 70
0
 71
3
 72
18
 73
14
 74
0
 42
0.0000001
 43
0.0000001
 44
0.0000000001
 40
0.0
 40
0.0
 40
0.0
 40
0.0
 40
0.0103181691
 40
0.0287997545
 40
0.0556393476
 40
0.0907687325
 40
0.1339481076
 40
0.184851883
 40
0.3083373977
 40
0.457139899
 40
0.6262190574
 40
0.8096384653
 40
1.0
 40
1.0
 40
1.0
 40
1.0
 10
39.2198919277
 20
80.6594976427
 30
0.0
 10
39.2235029782
 20
80.6631972313
 30
0.0
 10
39.2376711933
 20
80.6684560326
 30
0.0
 10
39.2643043094
 20
80.6752344562
 30
0.0
 10
39.3042987872
 20
80.6818555776
 30
0.0
 10
39.3564863344
 20
80.6884741885
 30
0.0
 10
39.4209509305
 20
80.6948312915
 30
0.0
 10
39.5296057901
 20
80.7035011365
 30
0.0
 10
39.6912939608
 20
80.7128188779
 30
0.0
 10
39.9122608466
 20
80.7216685166
 30
0.0
 10
40.1633534977
 20
80.728240684
 30
0.0
 10
40.4353201251
 20
80.7323020947
 30
0.0
 10
40.6225996012
 20
80.7332222802
 30
0.0
 10
40.7179777189
 20
80.7332220288
 30
0.0
  0
SPLINE
  5
BB6
100
AcDbEntity
  8
0
100
AcDbSpline
 62
7
  6
BYLAYER
 70
0
 71
3
 72
8
 73
4
 74
0
 42
0.0000001
 43
0.0000001
 44
0.0000000001
 40
0.0
 40
0.0
 40
0.0
 40
0.0
 40
1.0
 40
1.0
 40
1.0
 40
1.0
 10
39.2179827023
 20
80.6555762333
 30
0.0
 10
39.218002896
 20
80.6570298345
 30
0.0
 10
39.2188850444
 20
80.6584485046
 30
0.0
 10
39.2198914021
 20
80.6594976034
 30
0.0
  0
SPLINE
  5
BB7
100
AcDbEntity
  8
0
100
AcDbSpline
 62
7
  6
BYLAYER
 70
0
 71
3
 72
16
 73
12
 74
0
 42
0.0000001
 43
0.0000001
 44
0.0000000001
 40
0.0
 40
0.0
 40
0.0
 40
0.0
 40
0.1653132964
 40
0.334710526
 40
0.4997388156
 40
0.6506561766
 40
0.7786208302
 40
0.8789560775
 40
0.9181369059
 40
0.9506401713
 40
1.0
 40
1.0
 40
1.0
 40
1.0
 10
40.7179777189
 20
81.0281191419
 30
0.0
 10
40.6301815605
 20
81.0281191407
 30
0.0
 10
40.4523984747
 20
81.0240518217
 30
0.0
 10
40.1875169267
 20
81.0055512797
 30
0.0
 10
39.9316739474
 20
80.9731041329
 30
0.0
 10
39.6998910679
 20
80.9285310131
 30
0.0
 10
39.5062210062
 20
80.8723739867
 30
0.0
 10
39.3747768782
 20
80.816624831
 30
0.0
 10
39.2978170658
 20
80.7666090325
 30
0.0
 10
39.2497522521
 20
80.7241963801
 30
0.0
 10
39.2249187951
 20
80.6852256576
 30
0.0
 10
39.2198920131
 20
80.6594976414
 30
0.0
  0
SPLINE
  5
BB8
100
AcDbEntity
  8
0
100
AcDbSpline
 62
7
  6
BYLAYER
 70
0
 71
3
 72
11
 73
7
 74
0
 42
0.0000001
 43
0.0000001
 44
0.0000000001
 40
0.0
 40
0.0
 40
0.0
 40
0.0
 40
0.2500054905
 40
0.4374981004
 40
0.6250008045
 40
1.0
 40
1.0
 40
1.0
 40
1.0
 10
40.7096993573
 20
82.1332219696
 30
0.0
 10
40.7110801437
 20
82.0411337658
 30
0.0
 10
40.7149651876
 20
81.8800074192
 30
0.0
 10
40.7165028245
 20
81.649761312
 30
0.0
 10
40.7146328327
 20
81.3734742318
 30
0.0
 10
40.717975954
 20
81.1662636332
 30
0.0
 10
40.7179759747
 20
81.0281191307
 30
0.0
  0
SPLINE
  5
BB9
100
AcDbEntity
  8
0
100
AcDbSpline
 62
7
  6
BYLAYER
 70
0
 71
3
 72
18
 73
14
 74
0
 42
0.0000001
 43
0.0000001
 44
0.0000000001
 40
0.0
 40
0.0
 40
0.0
 40
0.0
 40
0.0118513836
 40
0.0319628855
 40
0.0602232425
 40
0.0964691523
 40
0.1404571302
 40
0.1918782204
 40
0.3155671097
 40
0.4635631076
 40
0.6309982498
 40
0.8121745436
 40
1.0
 40
1.0
 40
1.0
 40
1.0
 10
39.2082323761
 20
82.0555762366
 30
0.0
 10
39.2133823371
 20
82.058556114
 30
0.0
 10
39.2288149316
 20
82.0635760907
 30
0.0
 10
39.2580911378
 20
82.0707973728
 30
0.0
 10
39.3000004671
 20
82.0781738617
 30
0.0
 10
39.3540039982
 20
82.0852195318
 30
0.0
 10
39.4197921645
 20
82.0917408531
 30
0.0
 10
39.5294435124
 20
82.10046715
 30
0.0
 10
39.6913865148
 20
82.1101078862
 30
0.0
 10
39.9116469461
 20
82.1195861808
 30
0.0
 10
40.1608705339
 20
82.12677864
 30
0.0
 10
40.430148794
 20
82.1315311277
 30
0.0
 10
40.6154027387
 20
82.1329540086
 30
0.0
 10
40.7096993573
 20
82.1332219703
 30
0.0
  0
SPLINE
  5
BBA
100
AcDbEntity
  8
0
100
AcDbSpline
 62
7
  6
BYLAYER
 70
0
 71
3
 72
9
 73
5
 74
0
 42
0.0000001
 43
0.0000001
 44
0.0000000001
 40
0.0
 40
0.0
 40
0.0
 40
0.0
 40
0.5378643312
 40
1.0
 40
1.0
 40
1.0
 40
1.0
 10
29.2179777189
 20
82.1332219542
 30
0.0
 10
29.1796586955
 20
82.1332219542
 30
0.0
 10
29.1084036156
 20
82.1366773828
 30
0.0
 10
29.0377193155
 20
82.1477143505
 30
0.0
 10
29.0058456845
 20
82.1559638571
 30
0.0
  0
SPLINE
  5
BBB
100
AcDbEntity
  8
0
100
AcDbSpline
 62
7
  6
BYLAYER
 70
0
 71
3
 72
10
 73
6
 74
0
 42
0.0000001
 43
0.0000001
 44
0.0000000001
 40
0.0
 40
0.0
 40
0.0
 40
0.0
 40
0.3640185209
 40
0.6510476993
 40
1.0
 40
1.0
 40
1.0
 40
1.0
 10
29.0058456845
 20
82.1559638571
 30
0.0
 10
28.9932302633
 20
82.15922897
 30
0.0
 10
28.9705629001
 20
82.1662976934
 30
0.0
 10
28.9390907849
 20
82.1800554935
 30
0.0
 10
28.9179800425
 20
82.1983721604
 30
0.0
 10
28.9179777193
 20
82.2108639302
 30
0.0
  0
SPLINE
  5
BBC
100
AcDbEntity
  8
0
100
AcDbSpline
 62
7
  6
BYLAYER
 70
0
 71
3
 72
13
 73
9
 74
0
 42
0.0000001
 43
0.0000001
 44
0.0000000001
 40
0.0
 40
0.0
 40
0.0
 40
0.0
 40
0.1166828515
 40
0.2126607498
 40
0.3343826761
 40
0.4790123042
 40
0.6420958249
 40
1.0
 40
1.0
 40
1.0
 40
1.0
 10
28.9179777193
 20
80.8108639302
 30
0.0
 10
28.9179800426
 20
80.7983716404
 30
0.0
 10
28.9390852759
 20
80.7800601522
 30
0.0
 10
28.9705882669
 20
80.766278572
 30
0.0
 10
29.0081775132
 20
80.7546258177
 30
0.0
 10
29.0531129151
 20
80.7454468198
 30
0.0
 10
29.1238251737
 20
80.7358398581
 30
0.0
 10
29.1796598111
 20
80.7332219542
 30
0.0
 10
29.2179777189
 20
80.7332219542
 30
0.0
  0
SPLINE
  5
BBD
100
AcDbEntity
  8
0
100
AcDbSpline
 62
7
  6
BYLAYER
 70
0
 71
3
 72
8
 73
4
 74
0
 42
0.0000001
 43
0.0000001
 44
0.0000000001
 40
0.0
 40
0.0
 40
0.0
 40
0.0
 40
1.0
 40
1.0
 40
1.0
 40
1.0
 10
39.7214670528
 20
74.1555762996
 30
0.0
 10
39.8457452061
 20
73.9885082106
 30
0.0
 10
39.9179789435
 20
73.7708455035
 30
0.0
 10
39.9179793467
 20
73.5626225323
 30
0.0
  0
SPLINE
  5
BBE
100
AcDbEntity
  8
0
100
AcDbSpline
 62
7
  6
BYLAYER
 70
0
 71
3
 72
14
 73
10
 74
0
 42
0.0000001
 43
0.0000001
 44
0.0000000001
 40
0.0
 40
0.0
 40
0.0
 40
0.0
 40
0.436638421
 40
0.6085383729
 40
0.749311362
 40
0.8588849052
 40
0.9372059482
 40
0.9842288753
 40
1.0
 40
1.0
 40
1.0
 40
1.0
 10
39.6344696733
 20
74.155588071
 30
0.0
 10
39.6466253092
 20
74.1555389682
 30
0.0
 10
39.6635883634
 20
74.1555645703
 30
0.0
 10
39.6844010849
 20
74.1555503509
 30
0.0
 10
39.6962542359
 20
74.1555763267
 30
0.0
 10
39.7051508678
 20
74.1553833146
 30
0.0
 10
39.7122642209
 20
74.1558375918
 30
0.0
 10
39.7151837954
 20
74.1553135953
 30
0.0
 10
39.7179776314
 20
74.1560168709
 30
0.0
 10
39.7179777189
 20
74.1555778128
 30
0.0
  0
SPLINE
  5
BBF
100
AcDbEntity
  8
0
100
AcDbSpline
 62
7
  6
BYLAYER
 70
0
 71
3
 72
37
 73
33
 74
0
 42
0.0000001
 43
0.0000001
 44
0.0000000001
 40
0.0
 40
0.0
 40
0.0
 40
0.0
 40
0.003740783
 40
0.0075146496
 40
0.0117107341
 40
0.0166114388
 40
0.0291305268
 40
0.0457132756
 40
0.0664574414
 40
0.0912927493
 40
0.1200183631
 40
0.1523916186
 40
0.1881120997
 40
0.2268389292
 40
0.3118166567
 40
0.4040548014
 40
0.4999912651
 40
0.5959284757
 40
0.6881685101
 40
0.7731491977
 40
0.8118777667
 40
0.8476005333
 40
0.879975608
 40
0.9087025972
 40
0.9335388765
 40
0.9542834052
 40
0.9708660662
 40
0.9833842143
 40
0.9882834574
 40
0.992478339
 40
0.996253256
 40
1.0
 40
1.0
 40
1.0
 40
1.0
 10
39.9179777189
 20
73.4728661649
 30
0.0
 10
39.9179784004
 20
73.461434021
 30
0.0
 10
39.9144987776
 20
73.4382356952
 30
0.0
 10
39.8972794867
 20
73.4061720191
 30
0.0
 10
39.8691997736
 20
73.3780380718
 30
0.0
 10
39.8134851074
 20
73.3419493293
 30
0.0
 10
39.7150494321
 20
73.3059041377
 30
0.0
 10
39.5663479848
 20
73.2726433824
 30
0.0
 10
39.3781296756
 20
73.245599064
 30
0.0
 10
39.1520788432
 20
73.2237329054
 30
0.0
 10
38.8899920216
 20
73.2064313006
 30
0.0
 10
38.5943995784
 20
73.1929734053
 30
0.0
 10
38.2680992006
 20
73.1827369551
 30
0.0
 10
37.7809895504
 20
73.1723088345
 30
0.0
 10
37.1210771976
 20
73.1650665727
 30
0.0
 10
36.2863089627
 20
73.1612385877
 30
0.0
 10
35.4180388744
 20
73.1602016782
 30
0.0
 10
34.5497630453
 20
73.1612419461
 30
0.0
 10
33.7149776076
 20
73.1650523975
 30
0.0
 10
33.0550451735
 20
73.1723029015
 30
0.0
 10
32.567914267
 20
73.1827354139
 30
0.0
 10
32.2415961461
 20
73.1929756435
 30
0.0
 10
31.9459869169
 20
73.2064324299
 30
0.0
 10
31.6838871113
 20
73.2237306268
 30
0.0
 10
31.457828034
 20
73.2455988354
 30
0.0
 10
31.2696076085
 20
73.2726572371
 30
0.0
 10
31.1209108804
 20
73.3059275692
 30
0.0
 10
31.0224742875
 20
73.3419366501
 30
0.0
 10
30.9667451882
 20
73.3779822408
 30
0.0
 10
30.9386571586
 20
73.4061035139
 30
0.0
 10
30.9214392256
 20
73.438191231
 30
0.0
 10
30.9179734255
 20
73.4614135607
 30
0.0
 10
30.9179777189
 20
73.4728639214
 30
0.0
  0
SPLINE
  5
BC0
100
AcDbEntity
  8
0
100
AcDbSpline
 62
7
  6
BYLAYER
 70
0
 71
3
 72
9
 73
5
 74
0
 42
0.0000001
 43
0.0000001
 44
0.0000000001
 40
0.0
 40
0.0
 40
0.0
 40
0.0
 40
0.251982803
 40
1.0
 40
1.0
 40
1.0
 40
1.0
 10
30.9362778594
 20
73.7476755066
 30
0.0
 10
30.9332759707
 20
73.7323351358
 30
0.0
 10
30.9227676242
 20
73.6711936875
 30
0.0
 10
30.9179778645
 20
73.6090402368
 30
0.0
 10
30.9179771577
 20
73.5626382619
 30
0.0
  0
SPLINE
  5
BC1
100
AcDbEntity
  8
0
100
AcDbSpline
 62
7
  6
BYLAYER
 70
0
 71
3
 72
18
 73
14
 74
0
 42
0.0000001
 43
0.0000001
 44
0.0000000001
 40
0.0
 40
0.0
 40
0.0
 40
0.0
 40
0.0477194292
 40
0.0715507603
 40
0.0953419681
 40
0.1427445219
 40
0.1898130889
 40
0.2824911829
 40
0.3724858067
 40
0.5410970331
 40
0.6895923473
 40
0.907520967
 40
1.0
 40
1.0
 40
1.0
 40
1.0
 10
29.6087551113
 20
74.1536503552
 30
0.0
 10
29.6326761986
 20
74.1524446447
 30
0.0
 10
29.66858615
 20
74.1566699743
 30
0.0
 10
29.7164406557
 20
74.1555456322
 30
0.0
 10
29.7641349173
 20
74.1554385631
 30
0.0
 10
29.8234937978
 20
74.1556502084
 30
0.0
 10
29.9174280502
 20
74.1555269594
 30
0.0
 10
30.0327404344
 20
74.155590889
 30
0.0
 10
30.2090577164
 20
74.1555686318
 30
0.0
 10
30.4133909532
 20
74.15557842
 30
0.0
 10
30.6819371232
 20
74.1555763313
 30
0.0
 10
30.9122708385
 20
74.1555724797
 30
0.0
 10
31.0680714169
 20
74.1555804643
 30
0.0
 10
31.1144887222
 20
74.1555769217
 30
0.0
  0
SPLINE
  5
BC2
100
AcDbEntity
  8
0
100
AcDbSpline
 62
7
  6
BYLAYER
 70
0
 71
3
 72
29
 73
25
 74
0
 42
0.0000001
 43
0.0000001
 44
0.0000000001
 40
0.0
 40
0.0
 40
0.0
 40
0.0
 40
0.0012898078
 40
0.004629359
 40
0.010215104
 40
0.018080701
 40
0.0406767062
 40
0.0724163022
 40
0.1131712901
 40
0.1627182311
 40
0.2207716888
 40
0.2869801772
 40
0.3607942707
 40
0.441167419
 40
0.5267579863
 40
0.6165670656
 40
0.7103853479
 40
0.8070186703
 40
0.8556586558
 40
0.9040296566
 40
0.9281407098
 40
0.9522402571
 40
0.9761965074
 40
1.0
 40
1.0
 40
1.0
 40
1.0
 10
30.9179777188
 20
73.5626391924
 30
0.0
 10
30.9179773165
 20
73.5619899243
 30
0.0
 10
30.9148036525
 20
73.5612605112
 30
0.0
 10
30.9104219733
 20
73.5614803711
 30
0.0
 10
30.9015605628
 20
73.5619946803
 30
0.0
 10
30.8837860784
 20
73.5640537211
 30
0.0
 10
30.8525872707
 20
73.5684368585
 30
0.0
 10
30.8054560443
 20
73.5762735299
 30
0.0
 10
30.7449658738
 20
73.5872087557
 30
0.0
 10
30.6716555686
 20
73.6013891748
 30
0.0
 10
30.5860300284
 20
73.6194166245
 30
0.0
 10
30.4889978448
 20
73.6424228409
 30
0.0
 10
30.381911441
 20
73.6714883749
 30
0.0
 10
30.2660949049
 20
73.7054567336
 30
0.0
 10
30.1423355182
 20
73.7410473114
 30
0.0
 10
30.0111670845
 20
73.7749230328
 30
0.0
 10
29.8767236087
 20
73.819062513
 30
0.0
 10
29.7734731759
 20
73.8855242183
 30
0.0
 10
29.7089618361
 20
73.959267225
 30
0.0
 10
29.6759614757
 20
74.0106552073
 30
0.0
 10
29.6511478196
 20
74.0524520203
 30
0.0
 10
29.6322569467
 20
74.0834888084
 30
0.0
 10
29.6164435405
 20
74.1161520897
 30
0.0
 10
29.609884691
 20
74.1394454583
 30
0.0
 10
29.6076407108
 20
74.151215752
 30
0.0
  0
SPLINE
  5
BC3
100
AcDbEntity
  8
0
100
AcDbSpline
 62
7
  6
BYLAYER
 70
0
 71
3
 72
12
 73
8
 74
0
 42
0.0000001
 43
0.0000001
 44
0.0000000001
 40
0.0
 40
0.0
 40
0.0
 40
0.0
 40
0.2499947043
 40
0.3749941582
 40
0.4999930368
 40
0.7500018925
 40
1.0
 40
1.0
 40
1.0
 40
1.0
 10
30.9692714879
 20
66.6673972715
 30
0.0
 10
30.8233244344
 20
66.6673972715
 30
0.0
 10
30.6044600283
 20
66.6607589626
 30
0.0
 10
30.3126189011
 20
66.6550768055
 30
0.0
 10
30.0207057519
 20
66.6542216655
 30
0.0
 10
29.655832603
 20
66.6559114759
 30
0.0
 10
29.3639267592
 20
66.6555762406
 30
0.0
 10
29.2179777189
 20
66.6555762406
 30
0.0
  0
SPLINE
  5
BC4
100
AcDbEntity
  8
0
100
AcDbSpline
 62
7
  6
BYLAYER
 70
0
 71
3
 72
8
 73
4
 74
0
 42
0.0000001
 43
0.0000001
 44
0.0000000001
 40
0.0
 40
0.0
 40
0.0
 40
0.0
 40
1.0
 40
1.0
 40
1.0
 40
1.0
 10
29.6087789731
 20
74.1543316734
 30
0.0
 10
29.545241677
 20
74.157135205
 30
0.0
 10
29.4815750379
 20
74.156690453
 30
0.0
 10
29.4179856796
 20
74.1555763239
 30
0.0
  0
SPLINE
  5
BC5
100
AcDbEntity
  8
0
100
AcDbSpline
 62
7
  6
BYLAYER
 70
0
 71
3
 72
18
 73
14
 74
0
 42
0.0000001
 43
0.0000001
 44
0.0000000001
 40
0.0
 40
0.0
 40
0.0
 40
0.0
 40
0.1962977847
 40
0.3834918665
 40
0.5529137806
 40
0.6984924028
 40
0.816411886
 40
0.8643073475
 40
0.9047437339
 40
0.9378050392
 40
0.9638662379
 40
0.9838782883
 40
1.0
 40
1.0
 40
1.0
 40
1.0
 10
29.4179777189
 20
67.3967212089
 30
0.0
 10
29.519966269
 20
67.3967145365
 30
0.0
 10
29.7192294368
 20
67.4008087726
 30
0.0
 10
30.0061113946
 20
67.4166673266
 30
0.0
 10
30.2660121859
 20
67.4406918028
 30
0.0
 10
30.4887931184
 20
67.4722931111
 30
0.0
 10
30.6474008709
 20
67.5053588913
 30
0.0
 10
30.750201016
 20
67.5358480649
 30
0.0
 10
30.8093263374
 20
67.5579837709
 30
0.0
 10
30.8559217575
 20
67.5807346327
 30
0.0
 10
30.889986412
 20
67.6040929084
 30
0.0
 10
30.9120891812
 20
67.6283713014
 30
0.0
 10
30.9179781914
 20
67.6471977908
 30
0.0
 10
30.9179777188
 20
67.6555739933
 30
0.0
  0
SPLINE
  5
BC6
100
AcDbEntity
  8
0
100
AcDbSpline
 62
7
  6
BYLAYER
 70
0
 71
3
 72
10
 73
6
 74
0
 42
0.0000001
 43
0.0000001
 44
0.0000000001
 40
0.0
 40
0.0
 40
0.0
 40
0.0
 40
0.5009441896
 40
0.7508650191
 40
1.0
 40
1.0
 40
1.0
 40
1.0
 10
30.9692714879
 20
66.6673972715
 30
0.0
 10
30.6818750384
 20
66.6997013919
 30
0.0
 10
30.2599879253
 20
66.8421612898
 30
0.0
 10
29.7630543842
 20
67.1360047684
 30
0.0
 10
29.5310570318
 20
67.3078225427
 30
0.0
 10
29.417989331
 20
67.3967219704
 30
0.0
  0
SPLINE
  5
BC7
100
AcDbEntity
  8
0
100
AcDbSpline
 62
7
  6
BYLAYER
 70
0
 71
3
 72
11
 73
7
 74
0
 42
0.0000001
 43
0.0000001
 44
0.0000000001
 40
0.0
 40
0.0
 40
0.0
 40
0.0
 40
0.2486950433
 40
0.4982758013
 40
0.7488163933
 40
1.0
 40
1.0
 40
1.0
 40
1.0
 10
41.4179661134
 20
67.3967207499
 30
0.0
 10
41.2902435351
 20
67.2962991557
 30
0.0
 10
41.0277242104
 20
67.1029389033
 30
0.0
 10
40.5991832687
 20
66.8632594693
 30
0.0
 10
40.1341330754
 20
66.6980251985
 30
0.0
 10
39.8054176548
 20
66.6555726693
 30
0.0
 10
39.641318629
 20
66.6555761919
 30
0.0
  0
SPLINE
  5
BC8
100
AcDbEntity
  8
0
100
AcDbSpline
 62
7
  6
BYLAYER
 70
0
 71
3
 72
18
 73
14
 74
0
 42
0.0000001
 43
0.0000001
 44
0.0000000001
 40
0.0
 40
0.0
 40
0.0
 40
0.0
 40
0.0166097401
 40
0.0365640832
 40
0.0624327471
 40
0.0953731613
 40
0.1357737607
 40
0.1836720389
 40
0.3016195227
 40
0.4471950309
 40
0.6166103217
 40
0.8037675548
 40
1.0
 40
1.0
 40
1.0
 40
1.0
 10
39.9179777189
 20
67.6555767175
 30
0.0
 10
39.9179776537
 20
67.6469452547
 30
0.0
 10
39.9235820806
 20
67.6277880105
 30
0.0
 10
39.9458998638
 20
67.6033993176
 30
0.0
 10
39.9800749197
 20
67.5805660225
 30
0.0
 10
40.0266386064
 20
67.5581696283
 30
0.0
 10
40.0856979984
 20
67.536069818
 30
0.0
 10
40.1884667345
 20
67.5054095182
 30
0.0
 10
40.3470972157
 20
67.4721942223
 30
0.0
 10
40.5699557223
 20
67.4407114817
 30
0.0
 10
40.8299126894
 20
67.4170549087
 30
0.0
 10
41.1167273214
 20
67.4003780411
 30
0.0
 10
41.3160063503
 20
67.3958972932
 30
0.0
 10
41.4179777189
 20
67.3967200042
 30
0.0
  0
SPLINE
  5
BC9
100
AcDbEntity
  8
0
100
AcDbSpline
 62
7
  6
BYLAYER
 70
0
 71
3
 72
28
 73
24
 74
0
 42
0.0000001
 43
0.0000001
 44
0.0000000001
 40
0.0
 40
0.0
 40
0.0
 40
0.0
 40
0.0948915201
 40
0.1433747753
 40
0.1920299069
 40
0.2406903479
 40
0.2889767413
 40
0.3363970865
 40
0.3828147627
 40
0.4727057419
 40
0.558448056
 40
0.6389712716
 40
0.7128030741
 40
0.7789993886
 40
0.8370811451
 40
0.8866712147
 40
0.927468925
 40
0.9592487722
 40
0.9818765243
 40
0.989751188
 40
0.9953409157
 40
0.9986832788
 40
1.0
 40
1.0
 40
1.0
 40
1.0
 10
41.228391426
 20
74.1514614049
 30
0.0
 10
41.2235076495
 20
74.1039244549
 30
0.0
 10
41.1848784181
 20
74.0376940107
 30
0.0
 10
41.1262128712
 20
73.9619077647
 30
0.0
 10
41.0783961306
 20
73.9058064266
 30
0.0
 10
41.0221827894
 20
73.8580305215
 30
0.0
 10
40.9580158436
 20
73.8230153666
 30
0.0
 10
40.8911484754
 20
73.7972155099
 30
0.0
 10
40.8025024276
 20
73.7705810209
 30
0.0
 10
40.6943876129
 20
73.742004422
 30
0.0
 10
40.5706222676
 20
73.7055937138
 30
0.0
 10
40.4548295251
 20
73.6707770721
 30
0.0
 10
40.3475387716
 20
73.6419539256
 30
0.0
 10
40.25032865
 20
73.6194561395
 30
0.0
 10
40.164634851
 20
73.6014394781
 30
0.0
 10
40.0912346054
 20
73.5872452024
 30
0.0
 10
40.0306599666
 20
73.576294465
 30
0.0
 10
39.9834513309
 20
73.5683934638
 30
0.0
 10
39.9522265891
 20
73.5639433049
 30
0.0
 10
39.9344021473
 20
73.5618338158
 30
0.0
 10
39.9255652236
 20
73.561359507
 30
0.0
 10
39.9210991606
 20
73.5611022212
 30
0.0
 10
39.9179776754
 20
73.561959402
 30
0.0
 10
39.9179777189
 20
73.5626224999
 30
0.0
  0
SPLINE
  5
BCA
100
AcDbEntity
  8
0
100
AcDbSpline
 62
7
  6
BYLAYER
 70
0
 71
3
 72
18
 73
14
 74
0
 42
0.0000001
 43
0.0000001
 44
0.0000000001
 40
0.0
 40
0.0
 40
0.0
 40
0.0
 40
0.1879682334
 40
0.3692091476
 40
0.5363668318
 40
0.6835431733
 40
0.8056742619
 40
0.8560655977
 40
0.8989399917
 40
0.9341743567
 40
0.9619600598
 40
0.9831701831
 40
1.0
 40
1.0
 40
1.0
 40
1.0
 10
41.217977719
 20
75.4143952671
 30
0.0
 10
41.1203112025
 20
75.4143965005
 30
0.0
 10
40.9284565943
 20
75.4111730082
 30
0.0
 10
40.6500763306
 20
75.396896294
 30
0.0
 10
40.393536475
 20
75.3737390488
 30
0.0
 10
40.1688077472
 20
75.3427169476
 30
0.0
 10
40.0057431802
 20
75.3099595375
 30
0.0
 10
39.8980099332
 20
75.2794071645
 30
0.0
 10
39.8350912698
 20
75.2568862193
 30
0.0
 10
39.7851304722
 20
75.2335197603
 30
0.0
 10
39.7484567979
 20
75.2092764027
 30
0.0
 10
39.7245386567
 20
75.1840932186
 30
0.0
 10
39.7179803511
 20
75.1643208309
 30
0.0
 10
39.7179777189
 20
75.1555762176
 30
0.0
  0
SPLINE
  5
BCB
100
AcDbEntity
  8
0
100
AcDbSpline
 62
7
  6
BYLAYER
 70
0
 71
3
 72
12
 73
8
 74
0
 42
0.0000001
 43
0.0000001
 44
0.0000000001
 40
0.0
 40
0.0
 40
0.0
 40
0.0
 40
0.1897300963
 40
0.372651954
 40
0.5412758791
 40
0.6897404548
 40
1.0
 40
1.0
 40
1.0
 40
1.0
 10
41.2272754896
 20
74.1539102135
 30
0.0
 10
41.1320797466
 20
74.1512274968
 30
0.0
 10
40.9449692917
 20
74.153256633
 30
0.0
 10
40.6733280545
 20
74.1575049327
 30
0.0
 10
40.4223421958
 20
74.1554231461
 30
0.0
 10
40.1074530407
 20
74.1552542567
 30
0.0
 10
39.877198896
 20
74.1555812527
 30
0.0
 10
39.7214665465
 20
74.1555761964
 30
0.0
  0
SPLINE
  5
BCC
100
AcDbEntity
  8
0
100
AcDbSpline
 62
7
  6
BYLAYER
 70
0
 71
3
 72
18
 73
14
 74
0
 42
0.0000001
 43
0.0000001
 44
0.0000000001
 40
0.0
 40
0.0
 40
0.0
 40
0.0
 40
0.0168296052
 40
0.0380390085
 40
0.0658240522
 40
0.1010580808
 40
0.1439319926
 40
0.1943231826
 40
0.3164553658
 40
0.4636327695
 40
0.630791211
 40
0.8120320333
 40
1.0
 40
1.0
 40
1.0
 40
1.0
 10
31.1179777189
 20
75.155576266
 30
0.0
 10
31.1179751088
 20
75.1643207734
 30
0.0
 10
31.1114177209
 20
75.1840928377
 30
0.0
 10
31.0875006461
 20
75.2092760916
 30
0.0
 10
31.0508275746
 20
75.2335188259
 30
0.0
 10
31.000867338
 20
75.2568846716
 30
0.0
 10
30.9379493529
 20
75.2794060715
 30
0.0
 10
30.8302160009
 20
75.3099592123
 30
0.0
 10
30.6671504461
 20
75.3427174317
 30
0.0
 10
30.4424202061
 20
75.3737404923
 30
0.0
 10
30.1858793019
 20
75.3968976139
 30
0.0
 10
29.9074986568
 20
75.41117357
 30
0.0
 10
29.7156441426
 20
75.4143965009
 30
0.0
 10
29.6179777189
 20
75.4143952702
 30
0.0
  0
SPLINE
  5
BCD
100
AcDbEntity
  8
0
100
AcDbSpline
 62
7
  6
BYLAYER
 70
0
 71
3
 72
13
 73
9
 74
0
 42
0.0000001
 43
0.0000001
 44
0.0000000001
 40
0.0
 40
0.0
 40
0.0
 40
0.0
 40
0.3579108429
 40
0.5209964079
 40
0.6656267182
 40
0.7873477388
 40
0.8833231445
 40
1.0
 40
1.0
 40
1.0
 40
1.0
 10
29.2179777189
 20
75.4143952857
 30
0.0
 10
29.1796587102
 20
75.4143952857
 30
0.0
 10
29.1238225687
 20
75.4170133119
 30
0.0
 10
29.0531086379
 20
75.4266208603
 30
0.0
 10
29.0081726604
 20
75.4358002743
 30
0.0
 10
28.9705834608
 20
75.4474537729
 30
0.0
 10
28.9390813801
 20
75.4612353582
 30
0.0
 10
28.9179777189
 20
75.479549225
 30
0.0
 10
28.9179777189
 20
75.4920409992
 30
0.0
  0
SPLINE
  5
BCE
100
AcDbEntity
  8
0
100
AcDbSpline
 62
7
  6
BYLAYER
 70
0
 71
3
 72
9
 73
5
 74
0
 42
0.0000001
 43
0.0000001
 44
0.0000000001
 40
0.0
 40
0.0
 40
0.0
 40
0.0
 40
0.4977501839
 40
1.0
 40
1.0
 40
1.0
 40
1.0
 10
41.9179777189
 20
76.2167535376
 30
0.0
 10
41.9179777189
 20
76.0735589163
 30
0.0
 10
41.8312714135
 20
75.7887299106
 30
0.0
 10
41.689248564
 20
75.5400836441
 30
0.0
 10
41.6179777179
 20
75.4143952825
 30
0.0
  0
SPLINE
  5
BCF
100
AcDbEntity
  8
0
100
AcDbSpline
 62
7
  6
BYLAYER
 70
0
 71
3
 72
8
 73
4
 74
0
 42
0.0000001
 43
0.0000001
 44
0.0000000001
 40
0.0
 40
0.0
 40
0.0
 40
0.0
 40
1.0
 40
1.0
 40
1.0
 40
1.0
 10
41.4179697628
 20
74.1555763239
 30
0.0
 10
41.3544058529
 20
74.1566839632
 30
0.0
 10
41.2907771477
 20
74.1570479858
 30
0.0
 10
41.2272517131
 20
74.1545747966
 30
0.0
  0
SPLINE
  5
BD0
100
AcDbEntity
  8
0
100
AcDbSpline
 62
7
  6
BYLAYER
 70
0
 71
3
 72
20
 73
16
 74
0
 42
0.0000001
 43
0.0000001
 44
0.0000000001
 40
0.0
 40
0.0
 40
0.0
 40
0.0
 40
0.0155642111
 40
0.033868677
 40
0.0546218679
 40
0.0775077219
 40
0.1285072361
 40
0.1849395867
 40
0.2451568349
 40
0.3081958257
 40
0.3733216905
 40
0.4400345753
 40
0.5767789516
 40
0.716518055
 40
1.0
 40
1.0
 40
1.0
 40
1.0
 10
82.9179526836
 20
44.4191640475
 30
0.0
 10
82.9179519254
 20
44.4295504716
 30
0.0
 10
82.9168248106
 20
44.4521497379
 30
0.0
 10
82.9129630755
 20
44.4884038829
 30
0.0
 10
82.9069971727
 20
44.5293162402
 30
0.0
 10
82.8961561388
 20
44.5915389235
 30
0.0
 10
82.8785704506
 20
44.6767250863
 30
0.0
 10
82.8533546561
 20
44.7857275247
 30
0.0
 10
82.8246008409
 20
44.9021437413
 30
0.0
 10
82.7931509127
 20
45.0238603114
 30
0.0
 10
82.7596805648
 20
45.149527564
 30
0.0
 10
82.7125745513
 20
45.3224601414
 30
0.0
 10
82.6510378281
 20
45.5430644165
 30
0.0
 10
82.548789897
 20
45.9024845155
 30
0.0
 10
82.4704566274
 20
46.1738315744
 30
0.0
 10
82.417987821
 20
46.3555849895
 30
0.0
  0
SPLINE
  5
BD1
100
AcDbEntity
  8
0
100
AcDbSpline
 62
7
  6
BYLAYER
 70
0
 71
3
 72
19
 73
15
 74
0
 42
0.0000001
 43
0.0000001
 44
0.0000000001
 40
0.0
 40
0.0
 40
0.0
 40
0.0
 40
0.1591615831
 40
0.3019222567
 40
0.4294706917
 40
0.5430224518
 40
0.6433728248
 40
0.7311107965
 40
0.8065179839
 40
0.8696403016
 40
0.9206263361
 40
0.9587449663
 40
0.9845754776
 40
1.0
 40
1.0
 40
1.0
 40
1.0
 10
82.417977719
 20
46.3555762407
 30
0.0
 10
82.5004672841
 20
46.3079922397
 30
0.0
 10
82.6568835427
 20
46.217618934
 30
0.0
 10
82.879158802
 20
46.0886867261
 30
0.0
 10
83.0773398537
 20
45.9726078608
 30
0.0
 10
83.2529894582
 20
45.8682734705
 30
0.0
 10
83.4073450176
 20
45.7747451403
 30
0.0
 10
83.5411603203
 20
45.6913696897
 30
0.0
 10
83.6548277538
 20
45.6178340769
 30
0.0
 10
83.7483385478
 20
45.55360458
 30
0.0
 10
83.8215100739
 20
45.499485206
 30
0.0
 10
83.8738898764
 20
45.4543628899
 30
0.0
 10
83.905975005
 20
45.4199680791
 30
0.0
 10
83.917987974
 20
45.396559244
 30
0.0
 10
83.9179777189
 20
45.3873304002
 30
0.0
  0
SPLINE
  5
BD2
100
AcDbEntity
  8
0
100
AcDbSpline
 62
7
  6
BYLAYER
 70
0
 71
3
 72
12
 73
8
 74
0
 42
0.0000001
 43
0.0000001
 44
0.0000000001
 40
0.0
 40
0.0
 40
0.0
 40
0.0
 40
0.1971832722
 40
0.395148874
 40
0.59488044
 40
0.7966461861
 40
1.0
 40
1.0
 40
1.0
 40
1.0
 10
82.9179777189
 20
44.4190796382
 30
0.0
 10
82.9179771874
 20
44.5202749117
 30
0.0
 10
82.9514567208
 20
44.7245769271
 30
0.0
 10
83.096533794
 20
44.9988975806
 30
0.0
 10
83.3216179484
 20
45.2161382493
 30
0.0
 10
83.6043111583
 20
45.3553729591
 30
0.0
 10
83.8136156979
 20
45.3873304016
 30
0.0
 10
83.9179777189
 20
45.3873304016
 30
0.0
  0
SPLINE
  5
BD3
100
AcDbEntity
  8
0
100
AcDbSpline
 62
7
  6
BYLAYER
 70
0
 71
3
 72
20
 73
16
 74
0
 42
0.0000001
 43
0.0000001
 44
0.0000000001
 40
0.0
 40
0.0
 40
0.0
 40
0.0
 40
0.2834646929
 40
0.423196112
 40
0.5599334468
 40
0.6266431736
 40
0.691767395
 40
0.754807149
 40
0.8150262114
 40
0.8714612109
 40
0.9224706978
 40
0.9453659534
 40
0.9661284268
 40
0.9844381824
 40
1.0
 40
1.0
 40
1.0
 40
1.0
 10
16.4179697441
 20
46.3555831464
 30
0.0
 10
16.3655058403
 20
46.1738467271
 30
0.0
 10
16.2871797225
 20
45.9025245215
 30
0.0
 10
16.1849404113
 20
45.5431368409
 30
0.0
 10
16.1234082799
 20
45.3225514383
 30
0.0
 10
16.0763051907
 20
45.1496323205
 30
0.0
 10
16.0428357357
 20
45.0239720145
 30
0.0
 10
16.0113850266
 20
44.9022592431
 30
0.0
 10
15.9826297312
 20
44.785843832
 30
0.0
 10
15.9574121341
 20
44.6768356571
 30
0.0
 10
15.9398219575
 20
44.591638383
 30
0.0
 10
15.9289716018
 20
44.5294000365
 30
0.0
 10
15.9229979753
 20
44.4884739933
 30
0.0
 10
15.9191309011
 20
44.452213463
 30
0.0
 10
15.9180029342
 20
44.4296128733
 30
0.0
 10
15.9180039891
 20
44.4192283855
 30
0.0
  0
SPLINE
  5
BD4
100
AcDbEntity
  8
0
100
AcDbSpline
 62
7
  6
BYLAYER
 70
0
 71
3
 72
19
 73
15
 74
0
 42
0.0000001
 43
0.0000001
 44
0.0000000001
 40
0.0
 40
0.0
 40
0.0
 40
0.0
 40
0.0159345414
 40
0.0423423051
 40
0.0809181993
 40
0.1322857818
 40
0.1958129102
 40
0.271341565
 40
0.3591561637
 40
0.4594007444
 40
0.572605443
 40
0.6996942993
 40
0.8418192588
 40
1.0
 40
1.0
 40
1.0
 40
1.0
 10
14.9179777189
 20
45.3873412514
 30
0.0
 10
14.9180021973
 20
45.396875045
 30
0.0
 10
14.930610187
 20
45.4207931788
 30
0.0
 10
14.9633986115
 20
45.4557190386
 30
0.0
 10
15.0166573621
 20
45.5011520413
 30
0.0
 10
15.0904541529
 20
45.5556492835
 30
0.0
 10
15.1845070557
 20
45.6200551063
 30
0.0
 10
15.2985108011
 20
45.6937250174
 30
0.0
 10
15.4324077584
 20
45.7770697235
 30
0.0
 10
15.5865898754
 20
45.8704425132
 30
0.0
 10
15.7617817407
 20
45.9744710811
 30
0.0
 10
15.9592223994
 20
46.0900977985
 30
0.0
 10
16.1804222836
 20
46.2183985586
 30
0.0
 10
16.3359980756
 20
46.3082863339
 30
0.0
 10
16.417977718
 20
46.3555762401
 30
0.0
  0
SPLINE
  5
BD5
100
AcDbEntity
  8
0
100
AcDbSpline
 62
7
  6
BYLAYER
 70
0
 71
3
 72
17
 73
13
 74
0
 42
0.0000001
 43
0.0000001
 44
0.0000000001
 40
0.0
 40
0.0
 40
0.0
 40
0.0
 40
0.1148173792
 40
0.2365557172
 40
0.2997895912
 40
0.3642268113
 40
0.4952325824
 40
0.5613182708
 40
0.627281612
 40
0.69275308
 40
0.7573452152
 40
1.0
 40
1.0
 40
1.0
 40
1.0
 10
15.9180040142
 20
44.4190670635
 30
0.0
 10
15.9179991182
 20
44.4781075768
 30
0.0
 10
15.9061702651
 20
44.5999939385
 30
0.0
 10
15.8621754144
 20
44.748838197
 30
0.0
 10
15.8074590739
 20
44.8650629165
 30
0.0
 10
15.7387250783
 20
44.9791594261
 30
0.0
 10
15.6514822153
 20
45.0830222915
 30
0.0
 10
15.5493889519
 20
45.1720298008
 30
0.0
 10
15.466316525
 20
45.23077734
 30
0.0
 10
15.3783560852
 20
45.2804148703
 30
0.0
 10
15.2029548023
 20
45.3578119237
 30
0.0
 10
15.0427393087
 20
45.3873247384
 30
0.0
 10
14.9179632239
 20
45.3873356628
 30
0.0
  0
SPLINE
  5
BD6
100
AcDbEntity
  8
0
100
AcDbSpline
 62
7
  6
BYLAYER
 70
0
 71
3
 72
15
 73
11
 74
0
 42
0.0000001
 43
0.0000001
 44
0.0000000001
 40
0.0
 40
0.0
 40
0.0
 40
0.0
 40
0.3499314942
 40
0.5156533609
 40
0.6064163393
 40
0.7032276895
 40
0.7951305715
 40
0.8875050681
 40
0.9620548957
 40
1.0
 40
1.0
 40
1.0
 40
1.0
 10
16.417977719
 20
46.3555762405
 30
0.0
 10
16.2369259917
 20
46.2506117299
 30
0.0
 10
15.9699008804
 20
46.0963804055
 30
0.0
 10
15.6563827098
 20
45.913968933
 30
0.0
 10
15.4765068159
 20
45.8031821993
 30
0.0
 10
15.3337264337
 20
45.7160261403
 30
0.0
 10
15.1916173064
 20
45.6271497104
 30
0.0
 10
15.0648643864
 20
45.534743154
 30
0.0
 10
14.9700592601
 20
45.4656219211
 30
0.0
 10
14.9184429826
 20
45.4100188565
 30
0.0
 10
14.9179777189
 20
45.3873303987
 30
0.0
  0
SPLINE
  5
BD7
100
AcDbEntity
  8
0
100
AcDbSpline
 62
7
  6
BYLAYER
 70
0
 71
3
 72
21
 73
17
 74
0
 42
0.0000001
 43
0.0000001
 44
0.0000000001
 40
0.0
 40
0.0
 40
0.0
 40
0.0
 40
0.0267205401
 40
0.0590355498
 40
0.0987212265
 40
0.1546865023
 40
0.2192122911
 40
0.2670592469
 40
0.3064837552
 40
0.3490873842
 40
0.4006310461
 40
0.4661498812
 40
0.5519742451
 40
0.6625611339
 40
0.8070953649
 40
1.0
 40
1.0
 40
1.0
 40
1.0
 10
15.9179777189
 20
44.4190794413
 30
0.0
 10
15.9179777467
 20
44.4369110106
 30
0.0
 10
15.9219172494
 20
44.4762219838
 30
0.0
 10
15.9309676309
 20
44.5414483788
 30
0.0
 10
15.9465496341
 20
44.6254484993
 30
0.0
 10
15.968540074
 20
44.7300572612
 30
0.0
 10
15.9951386484
 20
44.8392217738
 30
0.0
 10
16.0208535541
 20
44.9372021298
 30
0.0
 10
16.0422503114
 20
45.0211904188
 30
0.0
 10
16.0647936937
 20
45.1074305346
 30
0.0
 10
16.0925248739
 20
45.2103105065
 30
0.0
 10
16.1286318417
 20
45.3408016155
 30
0.0
 10
16.1760810173
 20
45.5090338386
 30
0.0
 10
16.2381659859
 20
45.7279243876
 30
0.0
 10
16.320010038
 20
46.0154882462
 30
0.0
 10
16.3825175834
 20
46.2318242984
 30
0.0
 10
16.4179777189
 20
46.3555762404
 30
0.0
  0
SPLINE
  5
BD8
100
AcDbEntity
  8
0
100
AcDbSpline
 62
7
  6
BYLAYER
 70
0
 71
3
 72
18
 73
14
 74
0
 42
0.0000001
 43
0.0000001
 44
0.0000000001
 40
0.0
 40
0.0
 40
0.0
 40
0.0
 40
0.0894059825
 40
0.1376909604
 40
0.1889452557
 40
0.2436861444
 40
0.30200432
 40
0.4287118815
 40
0.4968657059
 40
0.5675105386
 40
0.713047992
 40
0.8590414711
 40
1.0
 40
1.0
 40
1.0
 40
1.0
 10
59.2464055814
 20
46.3556372671
 30
0.0
 10
59.2271199442
 20
46.3556371976
 30
0.0
 10
59.1972327466
 20
46.3601757418
 30
0.0
 10
59.1589979255
 20
46.3745325789
 30
0.0
 10
59.1296610375
 20
46.3904900924
 30
0.0
 10
59.1010113749
 20
46.4115207745
 30
0.0
 10
59.0631742902
 20
46.4469191184
 30
0.0
 10
59.0297270695
 20
46.4906718214
 30
0.0
 10
59.0016575888
 20
46.5406478202
 30
0.0
 10
58.9762108232
 20
46.59652347
 30
0.0
 10
58.9520365973
 20
46.6711343183
 30
0.0
 10
58.9356793583
 20
46.7632197596
 30
0.0
 10
58.9320853493
 20
46.8251714782
 30
0.0
 10
58.9320814046
 20
46.8555774415
 30
0.0
  0
SPLINE
  5
BD9
100
AcDbEntity
  8
0
100
AcDbSpline
 62
7
  6
BYLAYER
 70
0
 71
3
 72
11
 73
7
 74
0
 42
0.0000001
 43
0.0000001
 44
0.0000000001
 40
0.0
 40
0.0
 40
0.0
 40
0.0
 40
0.0760788953
 40
0.2803567089
 40
0.5989150946
 40
1.0
 40
1.0
 40
1.0
 40
1.0
 10
85.4179777189
 20
45.8504449291
 30
0.0
 10
85.417978225
 20
45.8632124272
 30
0.0
 10
85.3488483127
 20
45.8696193289
 30
0.0
 10
85.2685751447
 20
45.850481778
 30
0.0
 10
85.1028436935
 20
45.8571692604
 30
0.0
 10
84.9852852396
 20
45.8550295836
 30
0.0
 10
84.9179777189
 20
45.8555763922
 30
0.0
  0
SPLINE
  5
BDA
100
AcDbEntity
  8
0
100
AcDbSpline
 62
7
  6
BYLAYER
 70
0
 71
3
 72
19
 73
15
 74
0
 42
0.0000001
 43
0.0000001
 44
0.0000000001
 40
0.0
 40
0.0
 40
0.0
 40
0.0
 40
0.0159345414
 40
0.0423423051
 40
0.0809181993
 40
0.1322857818
 40
0.1958129102
 40
0.271341565
 40
0.3591561637
 40
0.4594007444
 40
0.572605443
 40
0.6996942993
 40
0.8418192587
 40
1.0
 40
1.0
 40
1.0
 40
1.0
 10
83.9179777189
 20
45.3873412514
 30
0.0
 10
83.9179532405
 20
45.396875045
 30
0.0
 10
83.9053452508
 20
45.4207931788
 30
0.0
 10
83.8725568263
 20
45.4557190386
 30
0.0
 10
83.8192980757
 20
45.5011520413
 30
0.0
 10
83.7455012849
 20
45.5556492835
 30
0.0
 10
83.651448382
 20
45.6200551063
 30
0.0
 10
83.5374446367
 20
45.6937250174
 30
0.0
 10
83.4035476793
 20
45.7770697236
 30
0.0
 10
83.2493655624
 20
45.8704425132
 30
0.0
 10
83.0741736971
 20
45.9744710811
 30
0.0
 10
82.8767330383
 20
46.0900977986
 30
0.0
 10
82.6555331541
 20
46.2183985586
 30
0.0
 10
82.4999573621
 20
46.308286334
 30
0.0
 10
82.4179777197
 20
46.3555762402
 30
0.0
  0
SPLINE
  5
BDB
100
AcDbEntity
  8
0
100
AcDbSpline
 62
7
  6
BYLAYER
 70
0
 71
3
 72
20
 73
16
 74
0
 42
0.0000001
 43
0.0000001
 44
0.0000000001
 40
0.0
 40
0.0
 40
0.0
 40
0.0
 40
0.2834646929
 40
0.423196112
 40
0.5599334468
 40
0.6266431736
 40
0.691767395
 40
0.754807149
 40
0.8150262114
 40
0.8714612109
 40
0.9224706978
 40
0.9453659534
 40
0.9661284268
 40
0.9844381824
 40
1.0
 40
1.0
 40
1.0
 40
1.0
 10
82.4179856937
 20
46.3555831465
 30
0.0
 10
82.4704495975
 20
46.1738467272
 30
0.0
 10
82.5487757153
 20
45.9025245215
 30
0.0
 10
82.6510150265
 20
45.543136841
 30
0.0
 10
82.7125471578
 20
45.3225514384
 30
0.0
 10
82.7596502471
 20
45.1496323205
 30
0.0
 10
82.7931197021
 20
45.0239720146
 30
0.0
 10
82.8245704112
 20
44.9022592431
 30
0.0
 10
82.8533257066
 20
44.785843832
 30
0.0
 10
82.8785433037
 20
44.6768356571
 30
0.0
 10
82.8961334803
 20
44.591638383
 30
0.0
 10
82.906983836
 20
44.5294000365
 30
0.0
 10
82.9129574625
 20
44.4884739933
 30
0.0
 10
82.9168245367
 20
44.452213463
 30
0.0
 10
82.9179525036
 20
44.4296128733
 30
0.0
 10
82.9179514487
 20
44.4192283855
 30
0.0
  0
SPLINE
  5
BDC
100
AcDbEntity
  8
0
100
AcDbSpline
 62
7
  6
BYLAYER
 70
0
 71
3
 72
17
 73
13
 74
0
 42
0.0000001
 43
0.0000001
 44
0.0000000001
 40
0.0
 40
0.0
 40
0.0
 40
0.0
 40
0.1148173792
 40
0.2365557172
 40
0.2997895912
 40
0.3642268113
 40
0.4952325823
 40
0.5613182708
 40
0.627281612
 40
0.69275308
 40
0.7573452152
 40
1.0
 40
1.0
 40
1.0
 40
1.0
 10
82.9179514236
 20
44.4190670635
 30
0.0
 10
82.9179563196
 20
44.4781075768
 30
0.0
 10
82.9297851727
 20
44.5999939385
 30
0.0
 10
82.9737800234
 20
44.748838197
 30
0.0
 10
83.0284963639
 20
44.8650629164
 30
0.0
 10
83.0972303595
 20
44.9791594261
 30
0.0
 10
83.1844732225
 20
45.0830222915
 30
0.0
 10
83.2865664858
 20
45.1720298008
 30
0.0
 10
83.3696389128
 20
45.23077734
 30
0.0
 10
83.4575993526
 20
45.2804148703
 30
0.0
 10
83.6330006355
 20
45.3578119237
 30
0.0
 10
83.7932161291
 20
45.3873247384
 30
0.0
 10
83.9179922139
 20
45.3873356628
 30
0.0
  0
SPLINE
  5
BDD
100
AcDbEntity
  8
0
100
AcDbSpline
 62
7
  6
BYLAYER
 70
0
 71
3
 72
16
 73
12
 74
0
 42
0.0000001
 43
0.0000001
 44
0.0000000001
 40
0.0
 40
0.0
 40
0.0
 40
0.0
 40
0.209885407
 40
0.3655684933
 40
0.4843233508
 40
0.5766253391
 40
0.6526458206
 40
0.7263062075
 40
0.8259700377
 40
0.9163424696
 40
1.0
 40
1.0
 40
1.0
 40
1.0
 10
11.9179777189
 20
18.7555762406
 30
0.0
 10
11.9179777189
 20
18.8940771996
 30
0.0
 10
11.9401178243
 20
19.1360088436
 30
0.0
 10
12.0221796951
 20
19.4461139952
 30
0.0
 10
12.1189447412
 20
19.6688767231
 30
0.0
 10
12.2181719575
 20
19.8309049775
 30
0.0
 10
12.3173307388
 20
19.9563221627
 30
0.0
 10
12.4334381434
 20
20.0740101518
 30
0.0
 10
12.5809287377
 20
20.1684352225
 30
0.0
 10
12.7463161167
 20
20.2443306124
 30
0.0
 10
12.8628167022
 20
20.2577704306
 30
0.0
 10
12.9179777186
 20
20.2555762406
 30
0.0
  0
SPLINE
  5
BDE
100
AcDbEntity
  8
0
100
AcDbSpline
 62
7
  6
BYLAYER
 70
0
 71
3
 72
12
 73
8
 74
0
 42
0.0000001
 43
0.0000001
 44
0.0000000001
 40
0.0
 40
0.0
 40
0.0
 40
0.0
 40
0.1666746237
 40
0.3479171866
 40
0.5499878059
 40
0.770291026
 40
1.0
 40
1.0
 40
1.0
 40
1.0
 10
25.1679777189
 20
19.7555762406
 30
0.0
 10
25.242708371
 20
19.7555762406
 30
0.0
 10
25.4003175885
 20
19.7185236826
 30
0.0
 10
25.6013748645
 20
19.5665671802
 30
0.0
 10
25.7559569845
 20
19.339743009
 30
0.0
 10
25.8531309079
 20
19.061089478
 30
0.0
 10
25.8750845001
 20
18.858569132
 30
0.0
 10
25.8750845001
 20
18.7555762406
 30
0.0
  0
SPLINE
  5
BDF
100
AcDbEntity
  8
0
100
AcDbSpline
 62
7
  6
BYLAYER
 70
0
 71
3
 72
12
 73
8
 74
0
 42
0.0000001
 43
0.0000001
 44
0.0000000001
 40
0.0
 40
0.0
 40
0.0
 40
0.0
 40
0.1666746237
 40
0.3479171867
 40
0.5499878059
 40
0.770291026
 40
1.0
 40
1.0
 40
1.0
 40
1.0
 10
78.0821912813
 20
19.7555762406
 30
0.0
 10
78.0074606292
 20
19.7555762406
 30
0.0
 10
77.8498514117
 20
19.7185236826
 30
0.0
 10
77.6487941356
 20
19.5665671802
 30
0.0
 10
77.4942120157
 20
19.339743009
 30
0.0
 10
77.3970380923
 20
19.061089478
 30
0.0
 10
77.3750845001
 20
18.858569132
 30
0.0
 10
77.3750845001
 20
18.7555762406
 30
0.0
  0
SPLINE
  5
BE0
100
AcDbEntity
  8
0
100
AcDbSpline
 62
7
  6
BYLAYER
 70
0
 71
3
 72
10
 73
6
 74
0
 42
0.0000001
 43
0.0000001
 44
0.0000000001
 40
0.0
 40
0.0
 40
0.0
 40
0.0
 40
0.3588459652
 40
0.6382089593
 40
1.0
 40
1.0
 40
1.0
 40
1.0
 10
52.3647372184
 20
48.3555768231
 30
0.0
 10
52.370086236
 20
48.3452185463
 30
0.0
 10
52.3784275227
 20
48.3262040253
 30
0.0
 10
52.3957744796
 20
48.2985679261
 30
0.0
 10
52.4098960083
 20
48.283135062
 30
0.0
 10
52.4180602455
 20
48.2746798239
 30
0.0
  0
SPLINE
  5
BE1
100
AcDbEntity
  8
0
100
AcDbSpline
 62
7
  6
BYLAYER
 70
0
 71
3
 72
11
 73
7
 74
0
 42
0.0000001
 43
0.0000001
 44
0.0000000001
 40
0.0
 40
0.0
 40
0.0
 40
0.0
 40
0.3771713011
 40
0.6977136526
 40
0.9142100777
 40
1.0
 40
1.0
 40
1.0
 40
1.0
 10
52.4179777189
 20
48.4574120583
 30
0.0
 10
52.3541817612
 20
48.4574120583
 30
0.0
 10
52.2387298199
 20
48.4601008505
 30
0.0
 10
52.0752429985
 20
48.4694350742
 30
0.0
 10
51.9892155211
 20
48.4858435893
 30
0.0
 10
51.9179777189
 20
48.4981170401
 30
0.0
 10
51.9179777189
 20
48.5126278213
 30
0.0
  0
SPLINE
  5
BE2
100
AcDbEntity
  8
0
100
AcDbSpline
 62
7
  6
BYLAYER
 70
0
 71
3
 72
10
 73
6
 74
0
 42
0.0000001
 43
0.0000001
 44
0.0000000001
 40
0.0
 40
0.0
 40
0.0
 40
0.0
 40
0.331798676
 40
0.6651223863
 40
1.0
 40
1.0
 40
1.0
 40
1.0
 10
68.4179777189
 20
48.2531766528
 30
0.0
 10
67.1399671828
 20
48.2588844106
 30
0.0
 10
64.5780526955
 20
48.2672945772
 30
0.0
 10
60.7262466876
 20
48.2636803414
 30
0.0
 10
58.1524671406
 20
48.2650941308
 30
0.0
 10
56.8625844694
 20
48.2655293383
 30
0.0
  0
SPLINE
  5
BE3
100
AcDbEntity
  8
0
100
AcDbSpline
 62
7
  6
BYLAYER
 70
0
 71
3
 72
11
 73
7
 74
0
 42
0.0000001
 43
0.0000001
 44
0.0000000001
 40
0.0
 40
0.0
 40
0.0
 40
0.0
 40
0.0857899223
 40
0.3022863474
 40
0.6228286989
 40
1.0
 40
1.0
 40
1.0
 40
1.0
 10
68.9179777189
 20
48.5126278213
 30
0.0
 10
68.9179777189
 20
48.4981170401
 30
0.0
 10
68.8467399167
 20
48.4858435893
 30
0.0
 10
68.7607124393
 20
48.4694350742
 30
0.0
 10
68.5972256179
 20
48.4601008505
 30
0.0
 10
68.4817736766
 20
48.4574120583
 30
0.0
 10
68.4179777189
 20
48.4574120583
 30
0.0
  0
SPLINE
  5
BE4
100
AcDbEntity
  8
0
100
AcDbSpline
 62
7
  6
BYLAYER
 70
0
 71
3
 72
12
 73
8
 74
0
 42
0.0000001
 43
0.0000001
 44
0.0000000001
 40
0.0
 40
0.0
 40
0.0
 40
0.0
 40
0.2297008046
 40
0.450000135
 40
0.6520714041
 40
0.8333182029
 40
1.0
 40
1.0
 40
1.0
 40
1.0
 10
72.9608709377
 20
18.7555762406
 30
0.0
 10
72.9608709377
 20
18.8585654603
 30
0.0
 10
72.9828231646
 20
19.0610802959
 30
0.0
 10
73.079992289
 20
19.3397298491
 30
0.0
 10
73.2345707475
 20
19.5665568528
 30
0.0
 10
73.4356294048
 20
19.7185207084
 30
0.0
 10
73.593243857
 20
19.7555762406
 30
0.0
 10
73.6679777189
 20
19.7555762406
 30
0.0
  0
SPLINE
  5
BE5
100
AcDbEntity
  8
0
100
AcDbSpline
 62
7
  6
BYLAYER
 70
0
 71
3
 72
12
 73
8
 74
0
 42
0.0000001
 43
0.0000001
 44
0.0000000001
 40
0.0
 40
0.0
 40
0.0
 40
0.0
 40
0.1666746237
 40
0.3479171866
 40
0.5499878059
 40
0.770291026
 40
1.0
 40
1.0
 40
1.0
 40
1.0
 10
65.1679777189
 20
19.7555762406
 30
0.0
 10
65.242708371
 20
19.7555762406
 30
0.0
 10
65.4003175885
 20
19.7185236826
 30
0.0
 10
65.6013748645
 20
19.5665671802
 30
0.0
 10
65.7559569845
 20
19.339743009
 30
0.0
 10
65.8531309079
 20
19.061089478
 30
0.0
 10
65.8750845001
 20
18.858569132
 30
0.0
 10
65.8750845001
 20
18.7555762406
 30
0.0
  0
SPLINE
  5
BE6
100
AcDbEntity
  8
0
100
AcDbSpline
 62
7
  6
BYLAYER
 70
0
 71
3
 72
12
 73
8
 74
0
 42
0.0000001
 43
0.0000001
 44
0.0000000001
 40
0.0
 40
0.0
 40
0.0
 40
0.0
 40
0.2297008046
 40
0.450000135
 40
0.6520714041
 40
0.8333182029
 40
1.0
 40
1.0
 40
1.0
 40
1.0
 10
64.4608709377
 20
18.7555762406
 30
0.0
 10
64.4608709377
 20
18.8585654603
 30
0.0
 10
64.4389187108
 20
19.0610802959
 30
0.0
 10
64.3417495865
 20
19.3397298491
 30
0.0
 10
64.1871711279
 20
19.5665568528
 30
0.0
 10
63.9861124706
 20
19.7185207084
 30
0.0
 10
63.8284980184
 20
19.7555762406
 30
0.0
 10
63.7537641565
 20
19.7555762406
 30
0.0
  0
SPLINE
  5
BE7
100
AcDbEntity
  8
0
100
AcDbSpline
 62
7
  6
BYLAYER
 70
0
 71
3
 72
13
 73
9
 74
0
 42
0.0000001
 43
0.0000001
 44
0.0000000001
 40
0.0
 40
0.0
 40
0.0
 40
0.0
 40
0.2118043048
 40
0.4052235972
 40
0.5798195406
 40
0.7356138386
 40
0.874749222
 40
1.0
 40
1.0
 40
1.0
 40
1.0
 10
26.2179777189
 20
46.8555762406
 30
0.0
 10
26.2692631109
 20
46.8042908486
 30
0.0
 10
26.3673966585
 20
46.7061548962
 30
0.0
 10
26.5172150038
 20
46.5754225365
 30
0.0
 10
26.6657728863
 20
46.4739113418
 30
0.0
 10
26.8113398656
 20
46.4039584485
 30
0.0
 10
26.9504072377
 20
46.3643658049
 30
0.0
 10
27.0411132925
 20
46.3555762406
 30
0.0
 10
27.0840031227
 20
46.3555762406
 30
0.0
  0
SPLINE
  5
BE8
100
AcDbEntity
  8
0
100
AcDbSpline
 62
7
  6
BYLAYER
 70
0
 71
3
 72
11
 73
7
 74
0
 42
0.0000001
 43
0.0000001
 44
0.0000000001
 40
0.0
 40
0.0
 40
0.0
 40
0.0
 40
0.2262511588
 40
0.4426745379
 40
0.6953791794
 40
1.0
 40
1.0
 40
1.0
 40
1.0
 10
40.2519523151
 20
46.3555762406
 30
0.0
 10
40.3293472936
 20
46.3555762406
 30
0.0
 10
40.4814624191
 20
46.3824555356
 30
0.0
 10
40.6977381009
 20
46.4857006732
 30
0.0
 10
40.9094059607
 20
46.6469553755
 30
0.0
 10
41.0442948448
 20
46.7818933665
 30
0.0
 10
41.1179777189
 20
46.8555762406
 30
0.0
  0
SPLINE
  5
BE9
100
AcDbEntity
  8
0
100
AcDbSpline
 62
7
  6
BYLAYER
 70
0
 71
3
 72
10
 73
6
 74
0
 42
0.0000001
 43
0.0000001
 44
0.0000000001
 40
0.0
 40
0.0
 40
0.0
 40
0.0
 40
0.3229997644
 40
0.6562008022
 40
1.0
 40
1.0
 40
1.0
 40
1.0
 10
33.8024282767
 20
46.3555762406
 30
0.0
 10
33.9225540337
 20
46.3555762406
 30
0.0
 10
34.1665966807
 20
46.3585655672
 30
0.0
 10
34.5384065217
 20
46.3669230407
 30
0.0
 10
34.7901332835
 20
46.3722530761
 30
0.0
 10
34.9179777189
 20
46.3743238009
 30
0.0
  0
SPLINE
  5
BEA
100
AcDbEntity
  8
0
100
AcDbSpline
 62
7
  6
BYLAYER
 70
0
 71
3
 72
10
 73
6
 74
0
 42
0.0000001
 43
0.0000001
 44
0.0000000001
 40
0.0
 40
0.0
 40
0.0
 40
0.0
 40
0.3308491809
 40
0.6640873029
 40
1.0
 40
1.0
 40
1.0
 40
1.0
 10
37.033527161
 20
46.3555762406
 30
0.0
 10
36.9104821748
 20
46.3555762406
 30
0.0
 10
36.6635069673
 20
46.3586732138
 30
0.0
 10
36.2916982336
 20
46.3670619593
 30
0.0
 10
36.0428894759
 20
46.3723005774
 30
0.0
 10
35.9179777189
 20
46.3743238009
 30
0.0
  0
SPLINE
  5
BEB
100
AcDbEntity
  8
0
100
AcDbSpline
 62
7
  6
BYLAYER
 70
0
 71
3
 72
10
 73
6
 74
0
 42
0.0000001
 43
0.0000001
 44
0.0000000001
 40
0.0
 40
0.0
 40
0.0
 40
0.0
 40
0.3914343688
 40
0.7183300965
 40
1.0
 40
1.0
 40
1.0
 40
1.0
 10
12.0679777189
 20
21.8555762406
 30
0.0
 10
12.0488582995
 20
21.7700715978
 30
0.0
 10
12.0071192862
 20
21.6144999236
 30
0.0
 10
11.9478642737
 20
21.3994803368
 30
0.0
 10
11.9179777189
 20
21.2647886038
 30
0.0
 10
11.9179777189
 20
21.2017413991
 30
0.0
  0
SPLINE
  5
BEC
100
AcDbEntity
  8
0
100
AcDbSpline
 62
7
  6
BYLAYER
 70
0
 71
3
 72
10
 73
6
 74
0
 42
0.0000001
 43
0.0000001
 44
0.0000000001
 40
0.0
 40
0.0
 40
0.0
 40
0.0
 40
0.2807197799
 40
0.6078184659
 40
1.0
 40
1.0
 40
1.0
 40
1.0
 10
86.9179777189
 20
21.2017413991
 30
0.0
 10
86.9179777189
 20
21.2645760783
 30
0.0
 10
86.8881905872
 20
21.3991100261
 30
0.0
 10
86.8289411085
 20
21.6141342575
 30
0.0
 10
86.7871336771
 20
21.769908191
 30
0.0
 10
86.7679777189
 20
21.8555762405
 30
0.0
  0
SPLINE
  5
BED
100
AcDbEntity
  8
0
100
AcDbSpline
 62
7
  6
BYLAYER
 70
0
 71
3
 72
12
 73
8
 74
0
 42
0.0000001
 43
0.0000001
 44
0.0000000001
 40
0.0
 40
0.0
 40
0.0
 40
0.0
 40
0.2297008046
 40
0.450000135
 40
0.6520714041
 40
0.8333182029
 40
1.0
 40
1.0
 40
1.0
 40
1.0
 10
21.4608709377
 20
18.7555762406
 30
0.0
 10
21.4608709377
 20
18.8585654603
 30
0.0
 10
21.4389187109
 20
19.0610802959
 30
0.0
 10
21.3417495865
 20
19.3397298491
 30
0.0
 10
21.1871711279
 20
19.5665568528
 30
0.0
 10
20.9861124706
 20
19.7185207084
 30
0.0
 10
20.8284980185
 20
19.7555762406
 30
0.0
 10
20.7537641565
 20
19.7555762406
 30
0.0
  0
SPLINE
  5
BEE
100
AcDbEntity
  8
0
100
AcDbSpline
 62
7
  6
BYLAYER
 70
0
 71
3
 72
10
 73
6
 74
0
 42
0.0000001
 43
0.0000001
 44
0.0000000001
 40
0.0
 40
0.0
 40
0.0
 40
0.0
 40
0.3569013601
 40
0.6903025608
 40
1.0
 40
1.0
 40
1.0
 40
1.0
 10
60.9179777189
 20
20.2555762406
 30
0.0
 10
60.8636298936
 20
20.2012284153
 30
0.0
 10
60.7584595381
 20
20.0961055259
 30
0.0
 10
60.5946780172
 20
19.9557361836
 30
0.0
 10
60.4773650669
 20
19.8806952646
 30
0.0
 10
60.4179777189
 20
19.8503435144
 30
0.0
  0
SPLINE
  5
BEF
100
AcDbEntity
  8
0
100
AcDbSpline
 62
7
  6
BYLAYER
 70
0
 71
3
 72
14
 73
10
 74
0
 42
0.0000001
 43
0.0000001
 44
0.0000000001
 40
0.0
 40
0.0
 40
0.0
 40
0.0
 40
0.2074049705
 40
0.3936233031
 40
0.5572115145
 40
0.6975780268
 40
0.8161267826
 40
0.915735502
 40
1.0
 40
1.0
 40
1.0
 40
1.0
 10
56.4179777189
 20
45.8555762406
 30
0.0
 10
56.5844623187
 20
45.9439011944
 30
0.0
 10
56.9004637664
 20
46.1114611706
 30
0.0
 10
57.3516484421
 20
46.3413344757
 30
0.0
 10
57.7549661798
 20
46.5306215829
 30
0.0
 10
58.1103259894
 20
46.6764803615
 30
0.0
 10
58.4200142478
 20
46.7788317777
 30
0.0
 10
58.6884275527
 20
46.8399297105
 30
0.0
 10
58.8555663942
 20
46.8555975962
 30
0.0
 10
58.932135271
 20
46.8555762406
 30
0.0
  0
SPLINE
  5
BF0
100
AcDbEntity
  8
0
100
AcDbSpline
 62
7
  6
BYLAYER
 70
0
 71
3
 72
10
 73
6
 74
0
 42
0.0000001
 43
0.0000001
 44
0.0000000001
 40
0.0
 40
0.0
 40
0.0
 40
0.0
 40
0.2803121361
 40
0.617730081
 40
1.0
 40
1.0
 40
1.0
 40
1.0
 10
59.2463818907
 20
46.3555762406
 30
0.0
 10
58.9775557559
 20
46.3555754838
 30
0.0
 10
58.3863154542
 20
46.2883109913
 30
0.0
 10
57.4449971402
 20
46.1058910902
 30
0.0
 10
56.7747285762
 20
45.940008897
 30
0.0
 10
56.4179777189
 20
45.8555762406
 30
0.0
  0
SPLINE
  5
BF1
100
AcDbEntity
  8
0
100
AcDbSpline
 62
7
  6
BYLAYER
 70
0
 71
3
 72
11
 73
7
 74
0
 42
0.0000001
 43
0.0000001
 44
0.0000000001
 40
0.0
 40
0.0
 40
0.0
 40
0.0
 40
0.3825383632
 40
0.7075246316
 40
0.9241917446
 40
1.0
 40
1.0
 40
1.0
 40
1.0
 10
84.917990865
 20
45.855576254
 30
0.0
 10
84.981786145
 20
45.8556134256
 30
0.0
 10
85.0959152457
 20
45.8542056007
 30
0.0
 10
85.2636625469
 20
45.8581190965
 30
0.0
 10
85.3397742936
 20
45.8479994853
 30
0.0
 10
85.4179777189
 20
45.867709275
 30
0.0
 10
85.4179777189
 20
45.8550668574
 30
0.0
  0
LINE
  5
BF2
100
AcDbEntity
  8
0
100
AcDbLine
 62
7
  6
BYLAYER
 10
67.2179780252
 20
46.3555762406
 11
66.2179777189
 21
45.8555762406
  0
SPLINE
  5
BF3
100
AcDbEntity
  8
0
100
AcDbSpline
 62
7
  6
BYLAYER
 70
0
 71
3
 72
15
 73
11
 74
0
 42
0.0000001
 43
0.0000001
 44
0.0000000001
 40
0.0
 40
0.0
 40
0.0
 40
0.0
 40
0.0333322141
 40
0.1222895769
 40
0.1963526689
 40
0.2445684091
 40
0.3044809259
 40
0.3999718278
 40
0.5732235798
 40
1.0
 40
1.0
 40
1.0
 40
1.0
 10
66.7179777189
 20
46.8555763174
 30
0.0
 10
66.7179759259
 20
46.8431540965
 30
0.0
 10
66.6845392669
 20
46.8055646877
 30
0.0
 10
66.6620458001
 20
46.7374599411
 30
0.0
 10
66.6234567249
 20
46.6680812321
 30
0.0
 10
66.5935706572
 20
46.6072209925
 30
0.0
 10
66.5597168636
 20
46.5392715854
 30
0.0
 10
66.5053338754
 20
46.4295413588
 30
0.0
 10
66.3881510405
 20
46.198320509
 30
0.0
 10
66.289601009
 20
45.99758758
 30
0.0
 10
66.2179777189
 20
45.8555762421
 30
0.0
  0
SPLINE
  5
BF4
100
AcDbEntity
  8
0
100
AcDbSpline
 62
7
  6
BYLAYER
 70
0
 71
3
 72
15
 73
11
 74
0
 42
0.0000001
 43
0.0000001
 44
0.0000000001
 40
0.0
 40
0.0
 40
0.0
 40
0.0
 40
0.305322192
 40
0.5072449006
 40
0.6455907065
 40
0.7362219515
 40
0.8071115238
 40
0.9063909203
 40
0.9742408072
 40
1.0
 40
1.0
 40
1.0
 40
1.0
 10
36.4179777189
 20
45.8555762406
 30
0.0
 10
36.3159832379
 20
45.9060231953
 30
0.0
 10
36.1470537748
 20
45.9908635131
 30
0.0
 10
35.9314812639
 20
46.0977532511
 30
0.0
 10
35.7884868367
 20
46.1707765605
 30
0.0
 10
35.688316634
 20
46.2204767033
 30
0.0
 10
35.6017870057
 20
46.2643152012
 30
0.0
 10
35.5227287454
 20
46.3064510398
 30
0.0
 10
35.4564325072
 20
46.3301774301
 30
0.0
 10
35.427569146
 20
46.3555762406
 30
0.0
 10
35.4179691433
 20
46.3555762406
 30
0.0
  0
SPLINE
  5
BF5
100
AcDbEntity
  8
0
100
AcDbSpline
 62
7
  6
BYLAYER
 70
0
 71
3
 72
18
 73
14
 74
0
 42
0.0000001
 43
0.0000001
 44
0.0000000001
 40
0.0
 40
0.0
 40
0.0
 40
0.0
 40
0.0081401746
 40
0.0339973522
 40
0.0778321714
 40
0.1388771168
 40
0.2153167296
 40
0.30680544
 40
0.4132439454
 40
0.5348058996
 40
0.6723151995
 40
0.8269992666
 40
1.0
 40
1.0
 40
1.0
 40
1.0
 10
35.9179777194
 20
46.8555762939
 30
0.0
 10
35.9181644282
 20
46.8586042076
 30
0.0
 10
35.9269112986
 20
46.8328566283
 30
0.0
 10
35.9367050908
 20
46.821287725
 30
0.0
 10
35.960305855
 20
46.7693517525
 30
0.0
 10
35.9897674308
 20
46.7125945025
 30
0.0
 10
36.028221153
 20
46.6348788396
 30
0.0
 10
36.0738492148
 20
46.543912928
 30
0.0
 10
36.1271284334
 20
46.4372505292
 30
0.0
 10
36.1880334509
 20
46.315466657
 30
0.0
 10
36.2570022683
 20
46.1775338083
 30
0.0
 10
36.3345128303
 20
46.0224644024
 30
0.0
 10
36.3891735664
 20
45.9132578129
 30
0.0
 10
36.4179777189
 20
45.8555762406
 30
0.0
  0
SPLINE
  5
BF6
100
AcDbEntity
  8
0
100
AcDbSpline
 62
7
  6
BYLAYER
 70
0
 71
3
 72
18
 73
14
 74
0
 42
0.0000001
 43
0.0000001
 44
0.0000000001
 40
0.0
 40
0.0
 40
0.0
 40
0.0
 40
0.1729238991
 40
0.3275492875
 40
0.4650237233
 40
0.5865722647
 40
0.6930111437
 40
0.7845072284
 40
0.8609849016
 40
0.9220770412
 40
0.9659493322
 40
0.991843672
 40
1.0
 40
1.0
 40
1.0
 40
1.0
 10
26.6679777189
 20
45.8555762406
 30
0.0
 10
26.6967687595
 20
45.9132323507
 30
0.0
 10
26.7514077272
 20
46.0223933563
 30
0.0
 10
26.828889214
 20
46.1774062892
 30
0.0
 10
26.8978405481
 20
46.3153033398
 30
0.0
 10
26.9587366796
 20
46.4370715705
 30
0.0
 10
27.0120168393
 20
46.5437315181
 30
0.0
 10
27.0576483713
 20
46.6347135096
 30
0.0
 10
27.0961268349
 20
46.7124597253
 30
0.0
 10
27.125587929
 20
46.769255367
 30
0.0
 10
27.149253447
 20
46.8212417358
 30
0.0
 10
27.1589830556
 20
46.8328171956
 30
0.0
 10
27.1678227991
 20
46.8586119738
 30
0.0
 10
27.1679777189
 20
46.8555762396
 30
0.0
  0
SPLINE
  5
BF7
100
AcDbEntity
  8
0
100
AcDbSpline
 62
7
  6
BYLAYER
 70
0
 71
3
 72
15
 73
11
 74
0
 42
0.0000001
 43
0.0000001
 44
0.0000000001
 40
0.0
 40
0.0
 40
0.0
 40
0.0
 40
0.0262258401
 40
0.0941850427
 40
0.1883307233
 40
0.2528335009
 40
0.33338486
 40
0.4615894483
 40
0.6613715685
 40
1.0
 40
1.0
 40
1.0
 40
1.0
 10
27.667978855
 20
46.3555762406
 30
0.0
 10
27.6582049971
 20
46.3555762406
 30
0.0
 10
27.6291926731
 20
46.3299489896
 30
0.0
 10
27.564424247
 20
46.3068825557
 30
0.0
 10
27.4891153354
 20
46.2668863837
 30
0.0
 10
27.4098048941
 20
46.2265579762
 30
0.0
 10
27.3184839576
 20
46.1813555974
 30
0.0
 10
27.1828820182
 20
46.1121765564
 30
0.0
 10
26.9604942632
 20
46.0013998035
 30
0.0
 10
26.7810388806
 20
45.911644623
 30
0.0
 10
26.6679777189
 20
45.8555762406
 30
0.0
  0
SPLINE
  5
BF8
100
AcDbEntity
  8
0
100
AcDbSpline
 62
7
  6
BYLAYER
 70
0
 71
3
 72
16
 73
12
 74
0
 42
0.0000001
 43
0.0000001
 44
0.0000000001
 40
0.0
 40
0.0
 40
0.0
 40
0.0
 40
0.2098854071
 40
0.3655684934
 40
0.4843233508
 40
0.5766253392
 40
0.6526458206
 40
0.7263062076
 40
0.8259700377
 40
0.9163424696
 40
1.0
 40
1.0
 40
1.0
 40
1.0
 10
86.9179777189
 20
18.7555762406
 30
0.0
 10
86.9179777189
 20
18.8940771996
 30
0.0
 10
86.8958376135
 20
19.1360088437
 30
0.0
 10
86.8137757427
 20
19.4461139954
 30
0.0
 10
86.7170106965
 20
19.6688767233
 30
0.0
 10
86.6177834802
 20
19.8309049776
 30
0.0
 10
86.5186246989
 20
19.9563221628
 30
0.0
 10
86.4025172943
 20
20.0740101519
 30
0.0
 10
86.2550267
 20
20.1684352226
 30
0.0
 10
86.089639321
 20
20.2443306125
 30
0.0
 10
85.9731387355
 20
20.2577704306
 30
0.0
 10
85.9179777191
 20
20.2555762406
 30
0.0
  0
ELLIPSE
  5
BF9
100
AcDbEntity
  8
0
100
AcDbEllipse
 62
7
  6
BYLAYER
 10
1.6181846924
 20
95.5312244271
 30
0.0
 11
14.9993897809
 21
7.5111243913
 31
0.0
 40
0.0180133369
 41
6.1720190775
 42
6.3857590394
  0
ELLIPSE
  5
BFA
100
AcDbEntity
  8
0
100
AcDbEllipse
 62
7
  6
BYLAYER
 10
1.6930510132
 20
69.7746282528
 30
0.0
 11
14.9759800677
 21
7.5442440288
 31
0.0
 40
0.1124752215
 41
6.1225268567
 42
6.3362668187
  0
ELLIPSE
  5
BFB
100
AcDbEntity
  8
0
100
AcDbEllipse
 62
7
  6
BYLAYER
 10
58.3179777189
 20
39.3683310149
 30
0.0
 11
15.0
 21
0.0
 31
0.0
 40
0.6362938361
 41
1.4639263458
 42
1.6776663078
  0
ELLIPSE
  5
BFC
100
AcDbEntity
  8
0
100
AcDbEllipse
 62
7
  6
BYLAYER
 10
20.6179777189
 20
39.3683310149
 30
0.0
 11
15.0
 21
-0.0
 31
0.0
 40
0.6362938361
 41
1.4639263458
 42
1.6776663078
  0
ELLIPSE
  5
BFD
100
AcDbEntity
  8
0
100
AcDbEllipse
 62
7
  6
BYLAYER
 10
20.0679777189
 20
84.6163007251
 30
0.0
 11
3.25
 21
-0.0
 31
0.0
 40
0.0533155124
 41
6.2831853072
 42
9.4247779608
  0
ELLIPSE
  5
BFE
100
AcDbEntity
  8
0
100
AcDbEllipse
 62
7
  6
BYLAYER
 10
20.0679777189
 20
83.1059759521
 30
0.0
 11
3.25
 21
0.0
 31
0.0
 40
0.0525358711
 41
-3.1415926536
 42
-0.0
  0
ELLIPSE
  5
BFF
100
AcDbEntity
  8
0
100
AcDbEllipse
 62
7
  6
BYLAYER
 10
20.0679777189
 20
75.8334356921
 30
0.0
 11
-0.0
 21
23.3522137366
 31
0.0
 40
0.139173101
 41
-1.0491164966
 42
1.0491164966
  0
ELLIPSE
  5
C00
100
AcDbEntity
  8
0
100
AcDbEllipse
 62
7
  6
BYLAYER
 10
20.0679777189
 20
118.9377395936
 30
0.0
 11
0.5
 21
0.0
 31
0.0
 40
0.0261859216
 41
3.1415926536
 42
4.7123889804
  0
ELLIPSE
  5
C01
100
AcDbEntity
  8
0
100
AcDbEllipse
 62
7
  6
BYLAYER
 10
83.2679777189
 20
118.9377395936
 30
0.0
 11
0.5
 21
0.0
 31
0.0
 40
0.0261859216
 41
-1.5707963268
 42
0.0
  0
ELLIPSE
  5
C02
100
AcDbEntity
  8
0
100
AcDbEllipse
 62
7
  6
BYLAYER
 10
57.6679777189
 20
118.6627874171
 30
0.0
 11
1.0
 21
0.0
 31
0.0
 40
0.0261859216
 41
-0.7864541534
 42
-0.0
  0
ELLIPSE
  5
C03
100
AcDbEntity
  8
0
100
AcDbEllipse
 62
7
  6
BYLAYER
 10
45.6679777189
 20
118.6627874171
 30
0.0
 11
1.0
 21
0.0
 31
0.0
 40
0.0261859216
 41
-3.1415926536
 42
-2.3551385002
  0
ELLIPSE
  5
C04
100
AcDbEntity
  8
0
100
AcDbEllipse
 62
7
  6
BYLAYER
 10
86.0679777189
 20
114.8555762406
 30
0.0
 11
0.4619397663
 21
-0.4619397663
 31
0.0
 40
0.4142135624
 41
2.7488935719
 42
3.5342917355
  0
ELLIPSE
  5
C05
100
AcDbEntity
  8
0
100
AcDbEllipse
 62
7
  6
BYLAYER
 10
86.0679777189
 20
113.1484694594
 30
0.0
 11
0.5
 21
0.0
 31
0.0
 40
1.0
 41
2.7488935719
 42
3.1415926536
  0
ELLIPSE
  5
C06
100
AcDbEntity
  8
0
100
AcDbEllipse
 62
7
  6
BYLAYER
 10
86.0679777189
 20
113.1484694594
 30
0.0
 11
0.4619397663
 21
-0.4619397663
 31
0.0
 40
0.4142135624
 41
-2.7488935723
 42
-2.3561944902
  0
ELLIPSE
  5
C07
100
AcDbEntity
  8
0
100
AcDbEllipse
 62
7
  6
BYLAYER
 10
12.2679777189
 20
114.3555762406
 30
0.0
 11
-0.0
 21
1.0
 31
0.0
 40
1.0
 41
-1.5707963268
 42
-0.5235987756
  0
ELLIPSE
  5
C08
100
AcDbEntity
  8
0
100
AcDbEllipse
 62
7
  6
BYLAYER
 10
29.2179777189
 20
67.8146872322
 30
0.0
 11
0.0
 21
-1.1591109915
 31
0.0
 40
0.2588190451
 41
-1.5707963268
 42
-0.0000000003
  0
ELLIPSE
  5
C09
100
AcDbEntity
  8
0
100
AcDbEllipse
 62
7
  6
BYLAYER
 10
25.7179777189
 20
42.7555762406
 30
0.0
 11
0.0
 21
1.5
 31
0.0
 40
0.6666666667
 41
0.0
 42
1.5707963268
  0
ELLIPSE
  5
C0A
100
AcDbEntity
  8
0
100
AcDbEllipse
 62
7
  6
BYLAYER
 10
38.9179777189
 20
13.6056800097
 30
0.0
 11
0.0
 21
0.5
 31
0.0
 40
1.0
 41
-2.7925268032
 42
-1.5707963268
  0
ELLIPSE
  5
C0B
100
AcDbEntity
  8
0
100
AcDbEllipse
 62
7
  6
BYLAYER
 10
19.9179777189
 20
13.6056800097
 30
0.0
 11
0.5
 21
-0.0
 31
0.0
 40
1.0
 41
-3.1415926536
 42
-1.9198621772
  0
ELLIPSE
  5
C0C
100
AcDbEntity
  8
0
100
AcDbEllipse
 62
7
  6
BYLAYER
 10
78.9179777189
 20
13.6056800097
 30
0.0
 11
0.0
 21
0.5
 31
0.0
 40
1.0
 41
-2.7925268032
 42
-1.5707963268
  0
ELLIPSE
  5
C0D
100
AcDbEntity
  8
0
100
AcDbEllipse
 62
7
  6
BYLAYER
 10
59.9179777189
 20
13.6056800097
 30
0.0
 11
0.5
 21
0.0
 31
0.0
 40
1.0
 41
-3.1415926536
 42
-1.9198621772
  0
ENDSEC
  0
SECTION
  2
OBJECTS
  0
DICTIONARY
  5
C
100
AcDbDictionary
280
0
281
1
  3
ACAD_GROUP
350
D
  3
ACAD_MLINESTYLE
350
17
  3
ACAD_LAYOUT
350
1A
  3
ACAD_PLOTSETTINGS
350
19
  3
ACAD_PLOTSTYLENAME
350
E
  0
DICTIONARY
  5
D
102
{ACAD_REACTORS
330
C
102
}
100
AcDbDictionary
280
0
281
1
  0
ACDBDICTIONARYWDFLT
  5
E
102
{ACAD_REACTORS
330
C
102
}
100
AcDbDictionary
281
1
  3
Normal
350
F
100
AcDbDictionaryWithDefault
340
F
  0
DICTIONARY
  5
17
102
{ACAD_REACTORS
330
C
102
}
100
AcDbDictionary
280
0
281
1
  3
Standard
350
18
  0
DICTIONARY
  5
19
102
{ACAD_REACTORS
330
C
102
}
100
AcDbDictionary
281
1
  0
DICTIONARY
  5
1A
102
{ACAD_REACTORS
330
C
102
}
100
AcDbDictionary
281
1
  3
Model
350
C0E
  3
Layout1
350
C0F
  0
ACDBPLACEHOLDER
  5
F
102
{ACAD_REACTORS
330
E
102
}
  0
MLINESTYLE
  5
18
102
{ACAD_REACTORS
330
17
102
}
100
AcDbMlineStyle
  2
STANDARD
 70
0
  3

 62
256
 51
90.0
 52
90.0
 71
2
 49
0.5
 62
256
  6
BYLAYER
 49
-0.5
 62
256
  6
BYLAYER
  0
LAYOUT
  5
C0E
102
{ACAD_REACTORS
330
1A
102
}
100
AcDbPlotSettings
  1

  2
none_device
  4

  6

 40
0.0
 41
0.0
 42
0.0
 43
0.0
 44
210.0
 45
297.0
 46
0.0
 47
0.0
 48
0.0
 49
0.0
140
0.0
141
0.0
142
1.0
143
1.0
 70
1024
 72
1
 73
0
 74
0
  7

 75
0
147
1.0
148
0.0
149
0.0
100
AcDbLayout
  1
Model
 70
0
 71
0
 10
0.0
 20
0.0
 11
210.0
 21
297.0
 12
0.0
 22
0.0
 32
0.0
 14
0.0
 24
0.0
 34
0.0
 15
0.0
 25
0.0
 35
0.0
146
0.0
 13
0.0
 23
0.0
 33
0.0
 16
1.0
 26
0.0
 36
0.0
 17
0.0
 27
1.0
 37
0.0
 76
0
330
210
345
0
346
0
  0
LAYOUT
  5
C0F
102
{ACAD_REACTORS
330
1A
102
}
100
AcDbPlotSettings
  1

  2
none_device
  4

  6

 40
0.0
 41
0.0
 42
0.0
 43
0.0
 44
210.0
 45
297.0
 46
0.0
 47
0.0
 48
0.0
 49
0.0
140
0.0
141
0.0
142
1.0
143
1.0
 70
0
 72
1
 73
0
 74
0
  7

 75
0
147
1.0
148
0.0
149
0.0
100
AcDbLayout
  1
Layout1
 70
0
 71
1
 10
0.0
 20
0.0
 11
210.0
 21
297.0
 12
0.0
 22
0.0
 32
0.0
 14
0.0
 24
0.0
 34
0.0
 15
0.0
 25
0.0
 35
0.0
146
0.0
 13
0.0
 23
0.0
 33
0.0
 16
1.0
 26
0.0
 36
0.0
 17
0.0
 27
1.0
 37
0.0
 76
0
330
211
345
0
346
0
  0
ENDSEC
  0
EOF
