999
DXF file: C:\Users\sesa63760\Dev\_Creo\CAD\MCADPD0004495_3D-CAD\drw0001_4.dxf
999
Pro/ENGINEER 2019471 by Parametric Technology Corporation
  0
SECTION
  2
HEADER
  9
$ACADVER
  1
AC1024
  9
$DWGCODEPAGE
  3
ANSI_1252
  9
$EXTMAX
 10
71.0891022292
 20
100.5403017241
 30
0.0
  9
$EXTMIN
 10
0.0
 20
0.0
 30
0.0
  9
$LIMMIN
 10
0.0
 20
0.0
  9
$LIMMAX
 10
71.0891022292
 20
100.5403017241
  9
$VIEWCTR
 10
35.5445511146
 20
50.2701508621
  9
$VIEWSIZE
 40
100.5403017241
  9
$CLAYER
  8
0
  9
$LTSCALE
 40
6.5537381865
  9
$CELTYPE
  6
BYLAYER
  9
$DIMSCALE
 40
1.0
  9
$DIMASZ
 40
0.8462988361
  9
$DIMEXO
 40
1.0
  9
$DIMDLI
 40
4.5280372925
  9
$DIMEXE
 40
1.0
  9
$DIMCEN
 40
1.0724298851
  9
$DIMLFAC
 40
1.0
  9
$DIMBLK
  1
_FILLED
  9
$DIMALT
 70
0
  9
$DIMALTF
 40
0.0393700787
  9
$DIMTXT
 40
1.1848183705
  9
$DIMTOL
 70
1
  9
$DIMLIM
 70
0
  9
$DIMTFAC
 40
1.0
  9
$DIMTP
 40
0.01
  9
$DIMTM
 40
0.01
  9
$DIMGAP
 40
0.625
  9
$DIMDSEP
 70
46
  9
$AUNITS
 70
0
  9
$PDMODE
 70
3
  9
$PDSIZE
 40
0.3125
  9
$HANDSEED
  5
889
  9
$TILEMODE
 70
1
  9
$MEASUREMENT
 70
1
  9
$INSUNITS
 70
4
  0
ENDSEC
  0
SECTION
  2
CLASSES
  0
CLASS
  1
ACDBDICTIONARYWDFLT
  2
AcDbDictionaryWithDefault
  3
AutoCAD 2000
 90
0
 91
1
280
0
281
0
  0
CLASS
  1
ACDBPLACEHOLDER
  2
AcDbPlaceHolder
  3
AutoCAD 2000
 90
0
 91
1
280
0
281
0
  0
CLASS
  1
LAYOUT
  2
AcDbLayout
  3
AutoCAD 2000
 90
0
 91
0
280
0
281
0
  0
ENDSEC
  0
SECTION
  2
TABLES
  0
TABLE
  2
VPORT
  5
8
100
AcDbSymbolTable
 70
2
  0
VPORT
  5
1F4
100
AcDbSymbolTableRecord
100
AcDbViewportTableRecord
  2
*ACTIVE
 70
0
 10
0.0
 20
0.0
 11
1.0
 21
1.0
 12
35.5445511146
 22
50.2701508621
 13
0.0
 23
0.0
 14
1.0
 24
1.0
 15
0.0
 25
0.0
 16
0.0
 26
0.0
 36
1.0
 17
0.0
 27
0.0
 37
0.0
 40
100.5403017241
 41
0.7070707071
 42
50.0
 43
0.0
 44
0.0
 50
0.0
 51
0.0
 71
0
 72
100
 73
1
 74
1
 75
0
 76
0
 77
0
 78
0
  0
ENDTAB
  0
TABLE
  2
LTYPE
  5
5
100
AcDbSymbolTable
 70
6
  0
LTYPE
  5
14
100
AcDbSymbolTableRecord
100
AcDbLinetypeTableRecord
  2
BYBLOCK
 70
0
  3

 72
65
 73
0
 40
0.0
  0
LTYPE
  5
15
100
AcDbSymbolTableRecord
100
AcDbLinetypeTableRecord
  2
BYLAYER
 70
0
  3

 72
65
 73
0
 40
0.0
  0
LTYPE
  5
16
100
AcDbSymbolTableRecord
100
AcDbLinetypeTableRecord
  2
CONTINUOUS
 70
64
  3
Solid line
 72
65
 73
0
 40
0.0
  0
LTYPE
  5
1F5
100
AcDbSymbolTableRecord
100
AcDbLinetypeTableRecord
  2
CENTER
 70
64
  3
____ _ ____ _ ____ _ ____ _ ____ _ ____ _ ____
 72
65
 73
4
 40
0.6
 49
0.375
 74
0
 49
-0.075
 74
0
 49
0.075
 74
0
 49
-0.075
 74
0
  0
LTYPE
  5
1F6
100
AcDbSymbolTableRecord
100
AcDbLinetypeTableRecord
  2
HIDDEN
 70
64
  3
- - - - - - - - - - - - - - - - - - - -
 72
65
 73
2
 40
0.2
 49
0.1
 74
0
 49
-0.1
 74
0
  0
LTYPE
  5
1F7
100
AcDbSymbolTableRecord
100
AcDbLinetypeTableRecord
  2
PHANTOM
 70
64
  3
_____ _ _ _____ _ _ _____ _ _ _____
 72
65
 73
6
 40
0.8
 49
0.45
 74
0
 49
-0.05
 74
0
 49
0.1
 74
0
 49
-0.05
 74
0
 49
0.1
 74
0
 49
-0.05
 74
0
  0
LTYPE
  5
1F8
100
AcDbSymbolTableRecord
100
AcDbLinetypeTableRecord
  2
DOT
 70
64
  3
. . . . . . . . . . . . . . . . . . . .
 72
65
 73
2
 40
0.2
 49
0.1
 74
0
 49
-0.1
 74
0
  0
LTYPE
  5
1F9
100
AcDbSymbolTableRecord
100
AcDbLinetypeTableRecord
  2
DASHED
 70
64
  3
- - - - - - - - - - - - - - - - - - - -
 72
65
 73
2
 40
0.2
 49
0.1
 74
0
 49
-0.1
 74
0
  0
ENDTAB
  0
TABLE
  2
LAYER
  5
2
100
AcDbSymbolTable
 70
36
  0
LAYER
  5
10
100
AcDbSymbolTableRecord
100
AcDbLayerTableRecord
  2
0
 70
0
 62
7
  6
CONTINUOUS
370
-3
390
F
  0
LAYER
  5
1FA
100
AcDbSymbolTableRecord
100
AcDbLayerTableRecord
  2
DEFAULT_1
 70
0
 62
7
  6
CENTER
370
-3
390
F
  0
LAYER
  5
1FB
100
AcDbSymbolTableRecord
100
AcDbLayerTableRecord
  2
DEFAULT_2
 70
0
 62
7
  6
HIDDEN
370
-3
390
F
  0
LAYER
  5
1FC
100
AcDbSymbolTableRecord
100
AcDbLayerTableRecord
  2
DEFAULT_3
 70
0
 62
7
  6
PHANTOM
370
-3
390
F
  0
LAYER
  5
1FD
100
AcDbSymbolTableRecord
100
AcDbLayerTableRecord
  2
00_COMPONENTS
 70
0
 62
7
  6
CONTINUOUS
370
-3
390
F
  0
LAYER
  5
1FE
100
AcDbSymbolTableRecord
100
AcDbLayerTableRecord
  2
01_1_DEFAULT_DATUMS
 70
0
 62
7
  6
CONTINUOUS
370
-3
390
F
  0
LAYER
  5
1FF
100
AcDbSymbolTableRecord
100
AcDbLayerTableRecord
  2
01_PLANES
 70
0
 62
7
  6
CONTINUOUS
370
-3
390
F
  0
LAYER
  5
200
100
AcDbSymbolTableRecord
100
AcDbLayerTableRecord
  2
02_COORD_SYS
 70
0
 62
7
  6
CONTINUOUS
370
-3
390
F
  0
LAYER
  5
201
100
AcDbSymbolTableRecord
100
AcDbLayerTableRecord
  2
03_AXES
 70
0
 62
7
  6
CONTINUOUS
370
-3
390
F
  0
LAYER
  5
202
100
AcDbSymbolTableRecord
100
AcDbLayerTableRecord
  2
04_POINTS
 70
0
 62
7
  6
CONTINUOUS
370
-3
390
F
  0
LAYER
  5
203
100
AcDbSymbolTableRecord
100
AcDbLayerTableRecord
  2
05_CURVES
 70
0
 62
7
  6
CONTINUOUS
370
-3
390
F
  0
LAYER
  5
204
100
AcDbSymbolTableRecord
100
AcDbLayerTableRecord
  2
06_SURFS
 70
0
 62
7
  6
CONTINUOUS
370
-3
390
F
  0
LAYER
  5
205
100
AcDbSymbolTableRecord
100
AcDbLayerTableRecord
  2
07_COSMETICS
 70
0
 62
7
  6
CONTINUOUS
370
-3
390
F
  0
LAYER
  5
206
100
AcDbSymbolTableRecord
100
AcDbLayerTableRecord
  2
10_NOTES
 70
0
 62
7
  6
CONTINUOUS
370
-3
390
F
  0
LAYER
  5
207
100
AcDbSymbolTableRecord
100
AcDbLayerTableRecord
  2
11_NOTES_PUB
 70
0
 62
7
  6
CONTINUOUS
370
-3
390
F
  0
LAYER
  5
208
100
AcDbSymbolTableRecord
100
AcDbLayerTableRecord
  2
13_REF_GTOL
 70
0
 62
7
  6
CONTINUOUS
370
-3
390
F
  0
LAYER
  5
209
100
AcDbSymbolTableRecord
100
AcDbLayerTableRecord
  2
16_MISC
 70
0
 62
7
  6
CONTINUOUS
370
-3
390
F
  0
LAYER
  5
20A
100
AcDbSymbolTableRecord
100
AcDbLayerTableRecord
  2
17_NO_PRINT
 70
0
 62
7
  6
CONTINUOUS
370
-3
390
F
  0
LAYER
  5
20B
100
AcDbSymbolTableRecord
100
AcDbLayerTableRecord
  2
18_DATUM_CAMS_JOINTS
 70
0
 62
7
  6
CONTINUOUS
370
-3
390
F
  0
LAYER
  5
20C
100
AcDbSymbolTableRecord
100
AcDbLayerTableRecord
  2
19_DATUM_FUNCTIONAL
 70
0
 62
7
  6
CONTINUOUS
370
-3
390
F
  0
LAYER
  5
20D
100
AcDbSymbolTableRecord
100
AcDbLayerTableRecord
  2
20_DATUM_KINEMATIC_SCHEME
 70
0
 62
7
  6
CONTINUOUS
370
-3
390
F
  0
ENDTAB
  0
TABLE
  2
STYLE
  5
3
100
AcDbSymbolTable
 70
1
  0
STYLE
  5
11
100
AcDbSymbolTableRecord
100
AcDbTextStyleTableRecord
  2
STANDARD
 70
0
 40
0.0
 41
1.0
 50
0.0
 71
0
 42
0.2
  3
ARIAL.TTF
  4

  0
STYLE
  5
20E
100
AcDbSymbolTableRecord
100
AcDbTextStyleTableRecord
  2
TEXTSTYLE_1
 70
0
 40
0.0
 41
0.8
 50
0.0
 71
0
 42
0.2
  3
gdt
  4

  0
ENDTAB
  0
TABLE
  2
VIEW
  5
6
100
AcDbSymbolTable
 70
0
  0
ENDTAB
  0
TABLE
  2
UCS
  5
7
100
AcDbSymbolTable
 70
0
  0
ENDTAB
  0
TABLE
  2
APPID
  5
9
100
AcDbSymbolTable
 70
1
  0
APPID
  5
20F
100
AcDbSymbolTableRecord
100
AcDbRegAppTableRecord
  2
ACAD
 70
0
  0
ENDTAB
  0
TABLE
  2
BLOCK_RECORD
  5
1
100
AcDbSymbolTable
 70
0
  0
BLOCK_RECORD
  5
210
100
AcDbSymbolTableRecord
100
AcDbBlockTableRecord
  2
*Model_Space
  0
BLOCK_RECORD
  5
211
100
AcDbSymbolTableRecord
100
AcDbBlockTableRecord
  2
*Paper_Space
  0
BLOCK_RECORD
  5
212
100
AcDbSymbolTableRecord
100
AcDbBlockTableRecord
  2
_FILLED
  0
ENDTAB
  0
TABLE
  2
DIMSTYLE
  5
A
100
AcDbSymbolTable
 70
1
100
AcDbDimStyleTable
 71
0
  0
DIMSTYLE
105
213
100
AcDbSymbolTableRecord
100
AcDbDimStyleTableRecord
  2
STANDARD
 70
0
  3

  4

 40
1.0
 41
0.8462988361
 42
1.0
 43
0.38
 44
1.0
 45
0.0
 46
0.0
 47
0.01
 48
0.01
140
1.1848183705
141
0.09
142
0.0
143
25.4
144
1.0
145
0.0
146
1.0
147
0.625
 71
1
 72
0
 73
0
 74
0
 75
0
 76
0
 77
1
 78
8
 79
2
170
0
171
1
172
0
173
0
174
0
175
0
176
0
177
0
178
0
270
2
179
2
271
2
272
2
273
2
274
2
275
0
280
0
281
0
282
0
283
1
284
8
285
0
286
0
287
3
288
0
340
11
278
46
341
212
342
212
343
212
344
212
  0
ENDTAB
  0
ENDSEC
  0
SECTION
  2
BLOCKS
  0
BLOCK
  5
20
100
AcDbEntity
  8
0
100
AcDbBlockBegin
  2
*Model_Space
 70
0
 10
0.0
 20
0.0
 30
0.0
  3
*Model_Space
  1

  0
ENDBLK
  5
21
100
AcDbEntity
  8
0
100
AcDbBlockEnd
  0
BLOCK
  5
1C
100
AcDbEntity
  8
0
100
AcDbBlockBegin
  2
*Paper_Space
 70
0
 10
0.0
 20
0.0
 30
0.0
  3
*Paper_Space
  1

  0
ENDBLK
  5
1D
100
AcDbEntity
  8
0
100
AcDbBlockEnd
  0
BLOCK
  5
214
100
AcDbEntity
  8
0
100
AcDbBlockBegin
  2
_FILLED
 70
64
 10
0.0
 20
0.0
  3
_FILLED
  1

  0
SOLID
  5
215
100
AcDbEntity
  8
0
  6
BYBLOCK
 62
0
100
AcDbTrace
 10
0.0
 20
0.0
 11
-1.0
 21
0.25
 12
-1.0
 22
-0.25
 13
-1.0
 23
-0.25
  0
ENDBLK
  5
216
100
AcDbEntity
  8
0
  6
BYBLOCK
 62
0
100
AcDbBlockEnd
  0
ENDSEC
  0
SECTION
  2
ENTITIES
  0
LINE
  5
217
100
AcDbEntity
  8
0
100
AcDbLine
 62
7
  6
BYLAYER
 10
13.035765211
 20
84.6571835084
 11
12.8924397345
 21
84.5171034148
  0
LINE
  5
218
100
AcDbEntity
  8
0
100
AcDbLine
 62
7
  6
BYLAYER
 10
15.5582878588
 20
85.4421071989
 11
15.5579422336
 21
85.4418678283
  0
LINE
  5
219
100
AcDbEntity
  8
0
100
AcDbLine
 62
7
  6
BYLAYER
 10
55.0675037008
 20
7.2875000002
 11
36.5175037008
 21
7.2875000002
  0
LINE
  5
21A
100
AcDbEntity
  8
0
100
AcDbLine
 62
7
  6
BYLAYER
 10
36.5175069712
 20
7.5875000494
 11
55.0675060953
 21
7.5875000494
  0
LINE
  5
21B
100
AcDbEntity
  8
0
100
AcDbLine
 62
7
  6
BYLAYER
 10
53.0675037008
 20
8.4394933317
 11
38.5175037008
 21
8.4394933317
  0
LINE
  5
21C
100
AcDbEntity
  8
0
100
AcDbLine
 62
7
  6
BYLAYER
 10
38.5175037008
 20
8.908367712
 11
53.0675037008
 21
8.908367712
  0
LINE
  5
21D
100
AcDbEntity
  8
0
100
AcDbLine
 62
7
  6
BYLAYER
 10
34.5175037008
 20
9.2875000002
 11
34.8175037008
 21
9.2875000002
  0
LINE
  5
21E
100
AcDbEntity
  8
0
100
AcDbLine
 62
7
  6
BYLAYER
 10
56.7675037008
 20
9.2875000002
 11
57.0675037008
 21
9.2875000002
  0
LINE
  5
21F
100
AcDbEntity
  8
0
100
AcDbLine
 62
7
  6
BYLAYER
 10
14.3457416639
 20
83.3960061636
 11
14.0513811103
 21
83.266025062
  0
LINE
  5
220
100
AcDbEntity
  8
0
100
AcDbLine
 62
7
  6
BYLAYER
 10
55.2649396043
 20
14.173735128
 11
56.0445236304
 21
14.2624699643
  0
LINE
  5
221
100
AcDbEntity
  8
0
100
AcDbLine
 62
7
  6
BYLAYER
 10
53.0675037008
 20
9.7875000002
 11
38.5175037008
 21
9.7875000002
  0
LINE
  5
222
100
AcDbEntity
  8
0
100
AcDbLine
 62
7
  6
BYLAYER
 10
21.6675037008
 20
11.2375000002
 11
51.2675037008
 21
11.2375000002
  0
LINE
  5
223
100
AcDbEntity
  8
0
100
AcDbLine
 62
7
  6
BYLAYER
 10
52.7175037008
 20
11.2466779806
 11
51.2675037008
 21
11.2466779806
  0
LINE
  5
224
100
AcDbEntity
  8
0
100
AcDbLine
 62
7
  6
BYLAYER
 10
21.6675037008
 20
11.2466779806
 11
20.2175037008
 21
11.2466779806
  0
LINE
  5
225
100
AcDbEntity
  8
0
100
AcDbLine
 62
7
  6
BYLAYER
 10
20.2175037008
 20
11.2746863968
 11
21.6675037008
 21
11.2746863968
  0
LINE
  5
226
100
AcDbEntity
  8
0
100
AcDbLine
 62
7
  6
BYLAYER
 10
51.2675037008
 20
11.2746863967
 11
52.7175037008
 21
11.2746863967
  0
LINE
  5
227
100
AcDbEntity
  8
0
100
AcDbLine
 62
7
  6
BYLAYER
 10
63.4675037008
 20
11.3875000002
 11
53.0567268438
 21
11.3875000002
  0
LINE
  5
228
100
AcDbEntity
  8
0
100
AcDbLine
 62
7
  6
BYLAYER
 10
19.8782805578
 20
11.3875000002
 11
9.4675037008
 21
11.3875000002
  0
LINE
  5
229
100
AcDbEntity
  8
0
100
AcDbLine
 62
7
  6
BYLAYER
 10
63.4675042507
 20
11.4215741093
 11
62.1175037008
 21
11.4215741457
  0
LINE
  5
22A
100
AcDbEntity
  8
0
100
AcDbLine
 62
7
  6
BYLAYER
 10
10.8175037008
 20
11.4215741064
 11
9.4675033245
 21
11.4215740861
  0
LINE
  5
22B
100
AcDbEntity
  8
0
100
AcDbLine
 62
7
  6
BYLAYER
 10
26.6175037008
 20
12.0720836405
 11
33.1175037008
 21
12.0720836405
  0
LWPOLYLINE
  5
22C
100
AcDbEntity
  8
0
100
AcDbPolyline
 62
7
  6
BYLAYER
 90
9
 70
0
 10
16.8757296346
 20
14.2624695053
 10
17.6379227038
 20
14.1794322665
 10
18.3395455964
 20
14.0107962206
 10
18.8842148132
 20
13.7973487832
 10
19.1010297464
 20
13.6811741964
 10
19.4294790886
 20
13.4431416499
 10
19.6265876919
 20
13.2151855965
 10
19.7094836627
 20
13.0177278777
 10
19.717507361
 20
12.9368016338
  0
LINE
  5
22D
100
AcDbEntity
  8
0
100
AcDbLine
 62
7
  6
BYLAYER
 10
14.5675037008
 20
83.8469703115
 11
14.3457416639
 21
83.3960061636
  0
LINE
  5
22E
100
AcDbEntity
  8
0
100
AcDbLine
 62
7
  6
BYLAYER
 10
15.5381490373
 20
83.5211581543
 11
15.4525224945
 21
83.3964238877
  0
LINE
  5
22F
100
AcDbEntity
  8
0
100
AcDbLine
 62
7
  6
BYLAYER
 10
32.2748335017
 20
14.9292235533
 11
30.8717592501
 21
14.9288256973
  0
LINE
  5
230
100
AcDbEntity
  8
0
100
AcDbLine
 62
7
  6
BYLAYER
 10
28.8642326494
 20
14.9287975213
 11
27.4602111282
 21
14.9283993967
  0
LINE
  5
231
100
AcDbEntity
  8
0
100
AcDbLine
 62
7
  6
BYLAYER
 10
30.8707747522
 20
16.046202479
 11
32.2747962734
 21
16.0466006036
  0
LINE
  5
232
100
AcDbEntity
  8
0
100
AcDbLine
 62
7
  6
BYLAYER
 10
9.4675037327
 20
12.8534257954
 11
10.8175037008
 21
12.8534258111
  0
LINE
  5
233
100
AcDbEntity
  8
0
100
AcDbLine
 62
7
  6
BYLAYER
 10
62.1175037008
 20
12.8534258116
 11
63.4675042135
 21
12.8534257963
  0
LINE
  5
234
100
AcDbEntity
  8
0
100
AcDbLine
 62
7
  6
BYLAYER
 10
63.4675062537
 20
12.8875000002
 11
61.2675037008
 21
12.8875000002
  0
LINE
  5
235
100
AcDbEntity
  8
0
100
AcDbLine
 62
7
  6
BYLAYER
 10
51.2675037008
 20
12.8875000002
 11
48.0675037008
 21
12.8875000002
  0
LINE
  5
236
100
AcDbEntity
  8
0
100
AcDbLine
 62
7
  6
BYLAYER
 10
38.0675037008
 20
12.8875000002
 11
34.8675037008
 21
12.8875000002
  0
LINE
  5
237
100
AcDbEntity
  8
0
100
AcDbLine
 62
7
  6
BYLAYER
 10
31.7359792975
 20
12.8875000002
 11
31.5180743595
 21
12.8875000002
  0
LINE
  5
238
100
AcDbEntity
  8
0
100
AcDbLine
 62
7
  6
BYLAYER
 10
28.2178090482
 20
12.8875000002
 11
28.009896284
 21
12.8875000002
  0
LINE
  5
239
100
AcDbEntity
  8
0
100
AcDbLine
 62
7
  6
BYLAYER
 10
24.8675037008
 20
12.8875000002
 11
21.6675037008
 21
12.8875000002
  0
LINE
  5
23A
100
AcDbEntity
  8
0
100
AcDbLine
 62
7
  6
BYLAYER
 10
9.4675032561
 20
12.8875000002
 11
11.6675037008
 21
12.8875000002
  0
LINE
  5
23B
100
AcDbEntity
  8
0
100
AcDbLine
 62
7
  6
BYLAYER
 10
64.4675037008
 20
13.8875049529
 11
61.2675037008
 21
13.8875002647
  0
LINE
  5
23C
100
AcDbEntity
  8
0
100
AcDbLine
 62
7
  6
BYLAYER
 10
8.4675037008
 20
13.8875000002
 11
11.6675037008
 21
13.8874999833
  0
LINE
  5
23D
100
AcDbEntity
  8
0
100
AcDbLine
 62
7
  6
BYLAYER
 10
21.6675037008
 20
13.8875000002
 11
24.8675037008
 21
13.8875000002
  0
LINE
  5
23E
100
AcDbEntity
  8
0
100
AcDbLine
 62
7
  6
BYLAYER
 10
34.8675037008
 20
13.8875000002
 11
38.0675037008
 21
13.8875000002
  0
LINE
  5
23F
100
AcDbEntity
  8
0
100
AcDbLine
 62
7
  6
BYLAYER
 10
48.0675037008
 20
13.8875000002
 11
51.2675037008
 21
13.8875000002
  0
LINE
  5
240
100
AcDbEntity
  8
0
100
AcDbLine
 62
7
  6
BYLAYER
 10
11.6675037008
 20
14.2624696434
 11
17.1409468029
 21
14.2624694983
  0
LINE
  5
241
100
AcDbEntity
  8
0
100
AcDbLine
 62
7
  6
BYLAYER
 10
61.2675037008
 20
14.2624698822
 11
55.794055564
 21
14.2624699682
  0
LINE
  5
242
100
AcDbEntity
  8
0
100
AcDbLine
 62
7
  6
BYLAYER
 10
11.6675037008
 20
15.0875000002
 11
21.6675037008
 21
15.0875000002
  0
LINE
  5
243
100
AcDbEntity
  8
0
100
AcDbLine
 62
7
  6
BYLAYER
 10
24.8675037008
 20
15.0875000002
 11
26.6175037008
 21
15.0875000002
  0
LINE
  5
244
100
AcDbEntity
  8
0
100
AcDbLine
 62
7
  6
BYLAYER
 10
33.1175037008
 20
15.0875000002
 11
34.8675037008
 21
15.0875000002
  0
LINE
  5
245
100
AcDbEntity
  8
0
100
AcDbLine
 62
7
  6
BYLAYER
 10
38.0675037008
 20
15.0875000002
 11
48.0675037008
 21
15.0875000002
  0
LINE
  5
246
100
AcDbEntity
  8
0
100
AcDbLine
 62
7
  6
BYLAYER
 10
51.2675037008
 20
15.0875000002
 11
61.2675037008
 21
15.0875000002
  0
LINE
  5
247
100
AcDbEntity
  8
0
100
AcDbLine
 62
7
  6
BYLAYER
 10
27.4602109428
 20
16.0466006037
 11
28.8642326496
 21
16.046202479
  0
LINE
  5
248
100
AcDbEntity
  8
0
100
AcDbLine
 62
7
  6
BYLAYER
 10
28.8642326848
 20
14.9286733969
 11
29.1887434063
 21
14.7842220551
  0
LINE
  5
249
100
AcDbEntity
  8
0
100
AcDbLine
 62
7
  6
BYLAYER
 10
15.7892657377
 20
83.3960061636
 11
15.6339425908
 21
82.9819016083
  0
LINE
  5
24A
100
AcDbEntity
  8
0
100
AcDbLine
 62
7
  6
BYLAYER
 10
17.1868170933
 20
75.5791837485
 11
17.0883436672
 21
75.477153342
  0
LINE
  5
24B
100
AcDbEntity
  8
0
100
AcDbLine
 62
7
  6
BYLAYER
 10
15.9481903083
 20
74.2958162517
 11
16.0466637344
 21
74.3978466583
  0
LINE
  5
24C
100
AcDbEntity
  8
0
100
AcDbLine
 62
7
  6
BYLAYER
 10
15.9675036524
 20
75.7200279029
 11
15.5557201151
 21
75.5367392359
  0
LINE
  5
24D
100
AcDbEntity
  8
0
100
AcDbLine
 62
7
  6
BYLAYER
 10
15.9481903082
 20
75.5791837487
 11
15.9360805949
 21
75.5737962925
  0
LINE
  5
24E
100
AcDbEntity
  8
0
100
AcDbLine
 62
7
  6
BYLAYER
 10
64.4675037008
 20
17.0875000002
 11
8.4675037008
 21
17.0875000002
  0
LINE
  5
24F
100
AcDbEntity
  8
0
100
AcDbLine
 62
7
  6
BYLAYER
 10
9.5674258663
 20
17.1250089445
 11
63.3682350463
 21
17.1250089458
  0
LINE
  5
250
100
AcDbEntity
  8
0
100
AcDbLine
 62
7
  6
BYLAYER
 10
63.3675037045
 20
17.424600236
 11
9.5675037031
 21
17.4246010079
  0
LINE
  5
251
100
AcDbEntity
  8
0
100
AcDbLine
 62
7
  6
BYLAYER
 10
15.9360805949
 20
24.3012037079
 11
15.9481903083
 21
24.2958162517
  0
LINE
  5
252
100
AcDbEntity
  8
0
100
AcDbLine
 62
7
  6
BYLAYER
 10
30.8707747169
 20
16.0463266035
 11
30.5462639953
 21
16.1907779452
  0
LINE
  5
253
100
AcDbEntity
  8
0
100
AcDbLine
 62
7
  6
BYLAYER
 10
15.5557201149
 20
24.3382607645
 11
15.9675036524
 21
24.1549720974
  0
LINE
  5
254
100
AcDbEntity
  8
0
100
AcDbLine
 62
7
  6
BYLAYER
 10
17.1868170933
 20
24.2958162518
 11
17.0883436672
 21
24.3978466583
  0
LINE
  5
255
100
AcDbEntity
  8
0
100
AcDbLine
 62
7
  6
BYLAYER
 10
15.9481903082
 20
25.5791837486
 11
16.0466637344
 21
25.477153342
  0
LINE
  5
256
100
AcDbEntity
  8
0
100
AcDbLine
 62
7
  6
BYLAYER
 10
7.9175037008
 20
70.7355161389
 11
7.9175037008
 21
71.9355156388
  0
LINE
  5
257
100
AcDbEntity
  8
0
100
AcDbLine
 62
7
  6
BYLAYER
 10
8.4675037008
 20
12.3875000002
 11
8.4675037008
 21
89.8875000002
  0
LINE
  5
258
100
AcDbEntity
  8
0
100
AcDbLine
 62
7
  6
BYLAYER
 10
8.5675152527
 20
82.3870380504
 11
8.5675059995
 21
69.3875000002
  0
LINE
  5
259
100
AcDbEntity
  8
0
100
AcDbLine
 62
7
  6
BYLAYER
 10
8.5675060015
 20
30.3875000002
 11
8.5675152625
 21
17.3879628238
  0
LINE
  5
25A
100
AcDbEntity
  8
0
100
AcDbLine
 62
7
  6
BYLAYER
 10
9.4675056948
 20
13.887499995
 11
9.467504529
 21
17.0875000002
  0
LINE
  5
25B
100
AcDbEntity
  8
0
100
AcDbLine
 62
7
  6
BYLAYER
 10
9.4675037008
 20
69.3875000002
 11
9.4675037008
 21
63.1875000001
  0
LINE
  5
25C
100
AcDbEntity
  8
0
100
AcDbLine
 62
7
  6
BYLAYER
 10
9.4675037008
 20
13.642014513
 11
9.4675037008
 21
12.8875000002
  0
LINE
  5
25D
100
AcDbEntity
  8
0
100
AcDbLine
 62
7
  6
BYLAYER
 10
9.4675037008
 20
11.3875000002
 11
9.4675037327
 21
12.8534257954
  0
LINE
  5
25E
100
AcDbEntity
  8
0
100
AcDbLine
 62
7
  6
BYLAYER
 10
9.4675037008
 20
82.6875000002
 11
9.4675036971
 21
90.8875000002
  0
LINE
  5
25F
100
AcDbEntity
  8
0
100
AcDbLine
 62
7
  6
BYLAYER
 10
9.4675037008
 20
30.3875000002
 11
9.4674754394
 21
59.3875001116
  0
LINE
  5
260
100
AcDbEntity
  8
0
100
AcDbLine
 62
7
  6
BYLAYER
 10
9.4674754394
 20
59.3875001115
 11
9.4674305547
 21
63.18749978
  0
LINE
  5
261
100
AcDbEntity
  8
0
100
AcDbLine
 62
7
  6
BYLAYER
 10
9.4675037008
 20
13.642014513
 11
9.4675073546
 21
13.8875000002
  0
LINE
  5
262
100
AcDbEntity
  8
0
100
AcDbLine
 62
7
  6
BYLAYER
 10
16.3021269923
 20
76.3043367807
 11
15.9481903082
 21
75.5791837487
  0
LINE
  5
263
100
AcDbEntity
  8
0
100
AcDbLine
 62
7
  6
BYLAYER
 10
16.8328804093
 20
73.5706632196
 11
17.1675037009
 21
74.2562465612
  0
LINE
  5
264
100
AcDbEntity
  8
0
100
AcDbLine
 62
7
  6
BYLAYER
 10
43.3887434063
 20
84.9907779452
 11
43.064232685
 21
84.8463266036
  0
LINE
  5
265
100
AcDbEntity
  8
0
100
AcDbLine
 62
7
  6
BYLAYER
 10
17.1868170933
 20
74.2958162518
 11
17.1675037008
 21
74.2872239714
  0
LINE
  5
266
100
AcDbEntity
  8
0
100
AcDbLine
 62
7
  6
BYLAYER
 10
17.1675036991
 20
74.15497164
 11
17.5804064143
 21
74.3385753414
  0
LINE
  5
267
100
AcDbEntity
  8
0
100
AcDbLine
 62
7
  6
BYLAYER
 10
44.7462642501
 20
83.5842217911
 11
45.0717592147
 21
83.728949666
  0
LINE
  5
268
100
AcDbEntity
  8
0
100
AcDbLine
 62
7
  6
BYLAYER
 10
59.1971760321
 20
21.6375000002
 11
58.9675037008
 21
21.6375000002
  0
LINE
  5
269
100
AcDbEntity
  8
0
100
AcDbLine
 62
7
  6
BYLAYER
 10
53.3675037008
 20
21.6375000002
 11
53.3350011778
 21
21.6375000002
  0
LINE
  5
26A
100
AcDbEntity
  8
0
100
AcDbLine
 62
7
  6
BYLAYER
 10
45.9971760321
 20
21.6375000002
 11
45.7675037008
 21
21.6375000002
  0
LINE
  5
26B
100
AcDbEntity
  8
0
100
AcDbLine
 62
7
  6
BYLAYER
 10
40.1675037008
 20
21.6375000002
 11
40.1350011778
 21
21.6375000002
  0
LINE
  5
26C
100
AcDbEntity
  8
0
100
AcDbLine
 62
7
  6
BYLAYER
 10
32.7971760321
 20
21.6375000002
 11
32.5675037008
 21
21.6375000002
  0
LINE
  5
26D
100
AcDbEntity
  8
0
100
AcDbLine
 62
7
  6
BYLAYER
 10
26.9675037008
 20
21.6375000002
 11
26.9350011778
 21
21.6375000002
  0
LINE
  5
26E
100
AcDbEntity
  8
0
100
AcDbLine
 62
7
  6
BYLAYER
 10
19.5971760321
 20
21.6375000002
 11
19.3675037008
 21
21.6375000002
  0
LINE
  5
26F
100
AcDbEntity
  8
0
100
AcDbLine
 62
7
  6
BYLAYER
 10
13.7675037008
 20
21.6375000002
 11
13.7350011778
 21
21.6375000002
  0
LINE
  5
270
100
AcDbEntity
  8
0
100
AcDbLine
 62
7
  6
BYLAYER
 10
17.1675037008
 20
25.5877760289
 11
17.1868170933
 21
25.5791837485
  0
LINE
  5
271
100
AcDbEntity
  8
0
100
AcDbLine
 62
7
  6
BYLAYER
 10
17.5792872867
 20
25.5367392358
 11
17.1675037025
 21
25.7200279239
  0
LINE
  5
272
100
AcDbEntity
  8
0
100
AcDbLine
 62
7
  6
BYLAYER
 10
30.5462642369
 20
14.7842218209
 11
30.3883436672
 21
14.9478466583
  0
LINE
  5
273
100
AcDbEntity
  8
0
100
AcDbLine
 62
7
  6
BYLAYER
 10
29.188743393
 20
16.1907779751
 11
29.3466637344
 21
16.0271533421
  0
LINE
  5
274
100
AcDbEntity
  8
0
100
AcDbLine
 62
7
  6
BYLAYER
 10
15.9481903083
 20
24.2958162517
 11
16.3021269921
 21
23.5706632191
  0
LINE
  5
275
100
AcDbEntity
  8
0
100
AcDbLine
 62
7
  6
BYLAYER
 10
17.1675037008
 20
25.6187534391
 11
16.8328804095
 21
26.3043367813
  0
LINE
  5
276
100
AcDbEntity
  8
0
100
AcDbLine
 62
7
  6
BYLAYER
 10
9.5675037014
 20
30.3875000002
 11
9.5675037092
 21
17.125008289
  0
LINE
  5
277
100
AcDbEntity
  8
0
100
AcDbLine
 62
7
  6
BYLAYER
 10
9.5675036991
 20
69.3875000002
 11
9.5675037008
 21
82.6499917113
  0
LINE
  5
278
100
AcDbEntity
  8
0
100
AcDbLine
 62
7
  6
BYLAYER
 10
9.9675037008
 20
33.3875000002
 11
9.9675037008
 21
44.8875000002
  0
LINE
  5
279
100
AcDbEntity
  8
0
100
AcDbLine
 62
7
  6
BYLAYER
 10
9.9675037008
 20
63.1875000002
 11
9.9675037008
 21
66.3875000002
  0
LINE
  5
27A
100
AcDbEntity
  8
0
100
AcDbLine
 62
7
  6
BYLAYER
 10
10.6675037008
 20
54.7875000002
 11
10.6675037008
 21
44.9875000002
  0
LINE
  5
27B
100
AcDbEntity
  8
0
100
AcDbLine
 62
7
  6
BYLAYER
 10
10.8175037008
 20
11.3875000002
 11
10.8175037008
 21
12.8875000002
  0
LINE
  5
27C
100
AcDbEntity
  8
0
100
AcDbLine
 62
7
  6
BYLAYER
 10
10.8175037008
 20
86.92951157
 11
10.8175037008
 21
90.8875000002
  0
LINE
  5
27D
100
AcDbEntity
  8
0
100
AcDbLine
 62
7
  6
BYLAYER
 10
10.8675037008
 20
54.5875000002
 11
10.8675037008
 21
45.1875000002
  0
LINE
  5
27E
100
AcDbEntity
  8
0
100
AcDbLine
 62
7
  6
BYLAYER
 10
11.0175037008
 20
89.0875000002
 11
11.0175037008
 21
86.8875000002
  0
LINE
  5
27F
100
AcDbEntity
  8
0
100
AcDbLine
 62
7
  6
BYLAYER
 10
11.0675037008
 20
90.8875000002
 11
11.0675037008
 21
89.0875000002
  0
LINE
  5
280
100
AcDbEntity
  8
0
100
AcDbLine
 62
7
  6
BYLAYER
 10
11.5675037008
 20
45.3875000002
 11
11.5675037008
 21
54.3875000002
  0
LINE
  5
281
100
AcDbEntity
  8
0
100
AcDbLine
 62
7
  6
BYLAYER
 10
11.6675037008
 20
12.8875000002
 11
11.6675037008
 21
17.0874999801
  0
LINE
  5
282
100
AcDbEntity
  8
0
100
AcDbLine
 62
7
  6
BYLAYER
 10
11.6675037008
 20
82.6875000202
 11
11.6675037008
 21
86.8875000002
  0
LINE
  5
283
100
AcDbEntity
  8
0
100
AcDbLine
 62
7
  6
BYLAYER
 10
11.7675037008
 20
45.3875000002
 11
11.7675037008
 21
54.3875000002
  0
LINE
  5
284
100
AcDbEntity
  8
0
100
AcDbLine
 62
7
  6
BYLAYER
 10
11.8175037008
 20
84.236946872
 11
11.8175037008
 21
88.058001138
  0
LINE
  5
285
100
AcDbEntity
  8
0
100
AcDbLine
 62
7
  6
BYLAYER
 10
12.0675037008
 20
54.3875000002
 11
12.0675037008
 21
45.3875000002
  0
LINE
  5
286
100
AcDbEntity
  8
0
100
AcDbLine
 62
7
  6
BYLAYER
 10
12.6581912297
 20
84.435669544
 11
12.6581915433
 21
84.2468152834
  0
LINE
  5
287
100
AcDbEntity
  8
0
100
AcDbLine
 62
7
  6
BYLAYER
 10
12.881440586
 20
84.5174350176
 11
12.881440586
 21
84.5044131965
  0
LINE
  5
288
100
AcDbEntity
  8
0
100
AcDbLine
 62
7
  6
BYLAYER
 10
15.5385334075
 20
83.5211927723
 11
15.5675037008
 21
83.8469703115
  0
LINE
  5
289
100
AcDbEntity
  8
0
100
AcDbLine
 62
7
  6
BYLAYER
 10
15.5556864596
 20
74.3381851156
 11
15.6059856338
 21
74.5776879163
  0
LINE
  5
28A
100
AcDbEntity
  8
0
100
AcDbLine
 62
7
  6
BYLAYER
 10
17.579320942
 20
75.5368148847
 11
17.5290217678
 21
75.297312084
  0
LINE
  5
28B
100
AcDbEntity
  8
0
100
AcDbLine
 62
7
  6
BYLAYER
 10
15.967503636
 20
75.7200279399
 11
15.9360805949
 21
75.5737962925
  0
LINE
  5
28C
100
AcDbEntity
  8
0
100
AcDbLine
 62
7
  6
BYLAYER
 10
29.1675036524
 20
75.7200279029
 11
28.7557201151
 21
75.5367392359
  0
LINE
  5
28D
100
AcDbEntity
  8
0
100
AcDbLine
 62
7
  6
BYLAYER
 10
29.1481903082
 20
75.5791837487
 11
29.1360805949
 21
75.5737962925
  0
LINE
  5
28E
100
AcDbEntity
  8
0
100
AcDbLine
 62
7
  6
BYLAYER
 10
30.3868170933
 20
74.2958162518
 11
30.3675037008
 21
74.2872239714
  0
LINE
  5
28F
100
AcDbEntity
  8
0
100
AcDbLine
 62
7
  6
BYLAYER
 10
30.3675036991
 20
74.15497164
 11
30.7804064143
 21
74.3385753414
  0
LINE
  5
290
100
AcDbEntity
  8
0
100
AcDbLine
 62
7
  6
BYLAYER
 10
58.7707718152
 20
24.3388857934
 11
57.1804064543
 21
24.3384348295
  0
LINE
  5
291
100
AcDbEntity
  8
0
100
AcDbLine
 62
7
  6
BYLAYER
 10
55.1557200748
 20
24.3384014553
 11
53.5642769273
 21
24.3379501855
  0
LINE
  5
292
100
AcDbEntity
  8
0
100
AcDbLine
 62
7
  6
BYLAYER
 10
45.5707718152
 20
24.3388857934
 11
43.9804064543
 21
24.3384348295
  0
LINE
  5
293
100
AcDbEntity
  8
0
100
AcDbLine
 62
7
  6
BYLAYER
 10
41.9557200748
 20
24.3384014553
 11
40.3642769273
 21
24.3379501855
  0
LINE
  5
294
100
AcDbEntity
  8
0
100
AcDbLine
 62
7
  6
BYLAYER
 10
32.3707718152
 20
24.3388857934
 11
30.7804064543
 21
24.3384348295
  0
LINE
  5
295
100
AcDbEntity
  8
0
100
AcDbLine
 62
7
  6
BYLAYER
 10
28.7557200748
 20
24.3384014553
 11
27.1642769273
 21
24.3379501855
  0
LINE
  5
296
100
AcDbEntity
  8
0
100
AcDbLine
 62
7
  6
BYLAYER
 10
19.1707718152
 20
24.3388857934
 11
17.5804064543
 21
24.3384348295
  0
LINE
  5
297
100
AcDbEntity
  8
0
100
AcDbLine
 62
7
  6
BYLAYER
 10
15.5557200748
 20
24.3384014553
 11
13.9642769273
 21
24.3379501855
  0
LINE
  5
298
100
AcDbEntity
  8
0
100
AcDbLine
 62
7
  6
BYLAYER
 10
57.1792873269
 20
25.5365985451
 11
58.7707304743
 21
25.5370498148
  0
LINE
  5
299
100
AcDbEntity
  8
0
100
AcDbLine
 62
7
  6
BYLAYER
 10
43.9792873269
 20
25.5365985451
 11
45.5707304743
 21
25.5370498148
  0
LINE
  5
29A
100
AcDbEntity
  8
0
100
AcDbLine
 62
7
  6
BYLAYER
 10
30.7792873269
 20
25.5365985451
 11
32.3707304743
 21
25.5370498148
  0
LINE
  5
29B
100
AcDbEntity
  8
0
100
AcDbLine
 62
7
  6
BYLAYER
 10
17.5792873269
 20
25.5365985451
 11
19.1707304743
 21
25.5370498148
  0
LINE
  5
29C
100
AcDbEntity
  8
0
100
AcDbLine
 62
7
  6
BYLAYER
 10
12.8363741982
 20
23.1375000002
 11
13.4936551916
 21
23.1375000002
  0
LINE
  5
29D
100
AcDbEntity
  8
0
100
AcDbLine
 62
7
  6
BYLAYER
 10
19.6414056486
 20
23.1375000002
 11
20.497215398
 21
23.1375000002
  0
LINE
  5
29E
100
AcDbEntity
  8
0
100
AcDbLine
 62
7
  6
BYLAYER
 10
26.0363741982
 20
23.1375000002
 11
26.6936551916
 21
23.1375000002
  0
LINE
  5
29F
100
AcDbEntity
  8
0
100
AcDbLine
 62
7
  6
BYLAYER
 10
32.8414056486
 20
23.1375000002
 11
33.697215398
 21
23.1375000002
  0
LINE
  5
2A0
100
AcDbEntity
  8
0
100
AcDbLine
 62
7
  6
BYLAYER
 10
39.2363741982
 20
23.1375000002
 11
39.8936551916
 21
23.1375000002
  0
LINE
  5
2A1
100
AcDbEntity
  8
0
100
AcDbLine
 62
7
  6
BYLAYER
 10
46.0414056486
 20
23.1375000002
 11
46.897215398
 21
23.1375000002
  0
LINE
  5
2A2
100
AcDbEntity
  8
0
100
AcDbLine
 62
7
  6
BYLAYER
 10
52.4363741982
 20
23.1375000002
 11
53.0936551916
 21
23.1375000002
  0
LINE
  5
2A3
100
AcDbEntity
  8
0
100
AcDbLine
 62
7
  6
BYLAYER
 10
59.2414056486
 20
23.1375000002
 11
60.097215398
 21
23.1375000002
  0
LINE
  5
2A4
100
AcDbEntity
  8
0
100
AcDbLine
 62
7
  6
BYLAYER
 10
13.9642767154
 20
25.5370498148
 11
15.555720075
 21
25.5365985451
  0
LINE
  5
2A5
100
AcDbEntity
  8
0
100
AcDbLine
 62
7
  6
BYLAYER
 10
27.1642767154
 20
25.5370498148
 11
28.755720075
 21
25.5365985451
  0
LINE
  5
2A6
100
AcDbEntity
  8
0
100
AcDbLine
 62
7
  6
BYLAYER
 10
40.3642767154
 20
25.5370498148
 11
41.955720075
 21
25.5365985451
  0
LINE
  5
2A7
100
AcDbEntity
  8
0
100
AcDbLine
 62
7
  6
BYLAYER
 10
53.5642767154
 20
25.5370498148
 11
55.155720075
 21
25.5365985451
  0
LINE
  5
2A8
100
AcDbEntity
  8
0
100
AcDbLine
 62
7
  6
BYLAYER
 10
29.1360805949
 20
24.3012037079
 11
29.1481903083
 21
24.2958162517
  0
LINE
  5
2A9
100
AcDbEntity
  8
0
100
AcDbLine
 62
7
  6
BYLAYER
 10
30.3675037008
 20
25.5877760289
 11
30.3868170933
 21
25.5791837485
  0
LINE
  5
2AA
100
AcDbEntity
  8
0
100
AcDbLine
 62
7
  6
BYLAYER
 10
28.7557201149
 20
24.3382607645
 11
29.1675036524
 21
24.1549720974
  0
LINE
  5
2AB
100
AcDbEntity
  8
0
100
AcDbLine
 62
7
  6
BYLAYER
 10
30.7792872867
 20
25.5367392358
 11
30.3675037025
 21
25.7200279239
  0
LINE
  5
2AC
100
AcDbEntity
  8
0
100
AcDbLine
 62
7
  6
BYLAYER
 10
15.9675036597
 20
24.1549720974
 11
15.9360805949
 21
24.3012037079
  0
LINE
  5
2AD
100
AcDbEntity
  8
0
100
AcDbLine
 62
7
  6
BYLAYER
 10
17.5804064543
 20
24.3384348295
 11
17.5290258245
 21
24.5776894962
  0
LINE
  5
2AE
100
AcDbEntity
  8
0
100
AcDbLine
 62
7
  6
BYLAYER
 10
15.555720075
 20
25.5365985451
 11
15.6059856453
 21
25.2973121239
  0
LINE
  5
2AF
100
AcDbEntity
  8
0
100
AcDbLine
 62
7
  6
BYLAYER
 10
16.3216854533
 20
26.1144902386
 11
16.3021269923
 21
26.3043367807
  0
LINE
  5
2B0
100
AcDbEntity
  8
0
100
AcDbLine
 62
7
  6
BYLAYER
 10
16.8133219483
 20
23.7605097616
 11
16.8328804093
 21
23.5706632196
  0
LINE
  5
2B1
100
AcDbEntity
  8
0
100
AcDbLine
 62
7
  6
BYLAYER
 10
16.3021269921
 20
23.5706632191
 11
16.3132422073
 21
23.2549005283
  0
LINE
  5
2B2
100
AcDbEntity
  8
0
100
AcDbLine
 62
7
  6
BYLAYER
 10
16.8328804095
 20
26.3043367813
 11
16.8217651943
 21
26.620099472
  0
LINE
  5
2B3
100
AcDbEntity
  8
0
100
AcDbLine
 62
7
  6
BYLAYER
 10
13.3175037008
 20
81.8250359209
 11
13.3175037008
 21
81.5691102997
  0
LINE
  5
2B4
100
AcDbEntity
  8
0
100
AcDbLine
 62
7
  6
BYLAYER
 10
13.7244268916
 20
85.8460582955
 11
13.7244278573
 21
85.1512677307
  0
LINE
  5
2B5
100
AcDbEntity
  8
0
100
AcDbLine
 62
7
  6
BYLAYER
 10
13.7675037008
 20
21.6375000002
 11
13.7675037008
 21
22.7098062647
  0
LINE
  5
2B6
100
AcDbEntity
  8
0
100
AcDbLine
 62
7
  6
BYLAYER
 10
13.7675037008
 20
27.1657277606
 11
13.7675037008
 21
27.3816642023
  0
LINE
  5
2B7
100
AcDbEntity
  8
0
100
AcDbLine
 62
7
  6
BYLAYER
 10
13.7675037008
 20
72.3894841356
 11
13.7675037008
 21
72.7098062647
  0
LINE
  5
2B8
100
AcDbEntity
  8
0
100
AcDbLine
 62
7
  6
BYLAYER
 10
13.7675037008
 20
77.1657277606
 11
13.7675037008
 21
78.1816642023
  0
LINE
  5
2B9
100
AcDbEntity
  8
0
100
AcDbLine
 62
7
  6
BYLAYER
 10
14.2675037008
 20
27.7210234558
 11
14.2675037008
 21
27.7375000002
  0
LINE
  5
2BA
100
AcDbEntity
  8
0
100
AcDbLine
 62
7
  6
BYLAYER
 10
14.2675037008
 20
77.6662615018
 11
14.2675037008
 21
77.7375000002
  0
LINE
  5
2BB
100
AcDbEntity
  8
0
100
AcDbLine
 62
7
  6
BYLAYER
 10
14.5675037008
 20
83.8469703115
 11
14.5675037008
 21
85.0821913381
  0
LINE
  5
2BC
100
AcDbEntity
  8
0
100
AcDbLine
 62
7
  6
BYLAYER
 10
14.5963080118
 20
85.4201988407
 11
14.5963075627
 21
83.5211647398
  0
LINE
  5
2BD
100
AcDbEntity
  8
0
100
AcDbLine
 62
7
  6
BYLAYER
 10
14.950482414
 20
78.9751660353
 11
14.9504824072
 21
78.1044956325
  0
LINE
  5
2BE
100
AcDbEntity
  8
0
100
AcDbLine
 62
7
  6
BYLAYER
 10
14.9504822233
 20
71.7711631974
 11
14.9504822231
 21
71.5984415565
  0
LINE
  5
2BF
100
AcDbEntity
  8
0
100
AcDbLine
 62
7
  6
BYLAYER
 10
14.9504822233
 20
21.7711631974
 11
14.9504822224
 21
20.7984415571
  0
LINE
  5
2C0
100
AcDbEntity
  8
0
100
AcDbLine
 62
7
  6
BYLAYER
 10
15.2275037008
 20
44.8875000002
 11
15.2275037008
 21
45.3875000002
  0
LINE
  5
2C1
100
AcDbEntity
  8
0
100
AcDbLine
 62
7
  6
BYLAYER
 10
15.2275037008
 20
54.3875000002
 11
15.2275037008
 21
54.8875000002
  0
LINE
  5
2C2
100
AcDbEntity
  8
0
100
AcDbLine
 62
7
  6
BYLAYER
 10
15.5386998393
 20
83.5211647423
 11
15.5386993899
 21
85.420196959
  0
LINE
  5
2C3
100
AcDbEntity
  8
0
100
AcDbLine
 62
7
  6
BYLAYER
 10
15.5675037008
 20
83.8469703115
 11
15.5675037008
 21
85.0821913381
  0
LINE
  5
2C4
100
AcDbEntity
  8
0
100
AcDbLine
 62
7
  6
BYLAYER
 10
15.9675036963
 20
22.1034496834
 11
15.9675036597
 21
24.1549720974
  0
LINE
  5
2C5
100
AcDbEntity
  8
0
100
AcDbLine
 62
7
  6
BYLAYER
 10
15.9675036597
 20
75.7200279029
 11
15.9675036963
 21
77.7715503196
  0
LINE
  5
2C6
100
AcDbEntity
  8
0
100
AcDbLine
 62
7
  6
BYLAYER
 10
15.9675036597
 20
25.7200279029
 11
15.9675036963
 21
27.7715503196
  0
LINE
  5
2C7
100
AcDbEntity
  8
0
100
AcDbLine
 62
7
  6
BYLAYER
 10
15.9675036963
 20
72.1034496834
 11
15.9675036597
 21
74.1549720974
  0
LINE
  5
2C8
100
AcDbEntity
  8
0
100
AcDbLine
 62
7
  6
BYLAYER
 10
16.313243611
 20
76.6200996966
 11
16.3021269923
 21
76.3043367807
  0
LINE
  5
2C9
100
AcDbEntity
  8
0
100
AcDbLine
 62
7
  6
BYLAYER
 10
16.8217637906
 20
73.2549003037
 11
16.8328804093
 21
73.5706632196
  0
LINE
  5
2CA
100
AcDbEntity
  8
0
100
AcDbLine
 62
7
  6
BYLAYER
 10
14.6134364135
 20
83.9922637709
 11
14.5965320163
 21
83.5211617064
  0
LINE
  5
2CB
100
AcDbEntity
  8
0
100
AcDbLine
 62
7
  6
BYLAYER
 10
16.0836262913
 20
83.266025062
 11
16.0417732448
 21
82.8319674451
  0
LINE
  5
2CC
100
AcDbEntity
  8
0
100
AcDbLine
 62
7
  6
BYLAYER
 10
16.3216834801
 20
73.7604941609
 11
16.3021269923
 21
73.5706632192
  0
LINE
  5
2CD
100
AcDbEntity
  8
0
100
AcDbLine
 62
7
  6
BYLAYER
 10
16.8133239215
 20
76.1145058393
 11
16.8328804093
 21
76.3043367812
  0
LINE
  5
2CE
100
AcDbEntity
  8
0
100
AcDbLine
 62
7
  6
BYLAYER
 10
30.3868170933
 20
75.5791837485
 11
30.2883436672
 21
75.477153342
  0
LINE
  5
2CF
100
AcDbEntity
  8
0
100
AcDbLine
 62
7
  6
BYLAYER
 10
29.1481903083
 20
74.2958162517
 11
29.2466637344
 21
74.3978466583
  0
LINE
  5
2D0
100
AcDbEntity
  8
0
100
AcDbLine
 62
7
  6
BYLAYER
 10
42.3675036524
 20
75.7200279029
 11
41.9557201151
 21
75.5367392359
  0
LINE
  5
2D1
100
AcDbEntity
  8
0
100
AcDbLine
 62
7
  6
BYLAYER
 10
42.3481903082
 20
75.5791837487
 11
42.3360805949
 21
75.5737962925
  0
LINE
  5
2D2
100
AcDbEntity
  8
0
100
AcDbLine
 62
7
  6
BYLAYER
 10
56.9457416639
 20
83.4208016761
 11
56.6513811103
 21
83.2908205745
  0
LINE
  5
2D3
100
AcDbEntity
  8
0
100
AcDbLine
 62
7
  6
BYLAYER
 10
59.6008797243
 20
26.7375000002
 11
59.24135221
 21
26.7375000002
  0
LINE
  5
2D4
100
AcDbEntity
  8
0
100
AcDbLine
 62
7
  6
BYLAYER
 10
53.093601753
 20
26.7375000002
 11
52.9347130537
 21
26.7375000002
  0
LINE
  5
2D5
100
AcDbEntity
  8
0
100
AcDbLine
 62
7
  6
BYLAYER
 10
46.4008797243
 20
26.7375000002
 11
46.04135221
 21
26.7375000002
  0
LINE
  5
2D6
100
AcDbEntity
  8
0
100
AcDbLine
 62
7
  6
BYLAYER
 10
39.893601753
 20
26.7375000002
 11
39.7347130537
 21
26.7375000002
  0
LINE
  5
2D7
100
AcDbEntity
  8
0
100
AcDbLine
 62
7
  6
BYLAYER
 10
33.2008797243
 20
26.7375000002
 11
32.84135221
 21
26.7375000002
  0
LINE
  5
2D8
100
AcDbEntity
  8
0
100
AcDbLine
 62
7
  6
BYLAYER
 10
26.693601753
 20
26.7375000002
 11
26.5347130537
 21
26.7375000002
  0
LINE
  5
2D9
100
AcDbEntity
  8
0
100
AcDbLine
 62
7
  6
BYLAYER
 10
20.0008797243
 20
26.7375000002
 11
19.64135221
 21
26.7375000002
  0
LINE
  5
2DA
100
AcDbEntity
  8
0
100
AcDbLine
 62
7
  6
BYLAYER
 10
13.493601753
 20
26.7375000002
 11
13.3347130537
 21
26.7375000002
  0
LINE
  5
2DB
100
AcDbEntity
  8
0
100
AcDbLine
 62
7
  6
BYLAYER
 10
42.3360805949
 20
24.3012037079
 11
42.3481903083
 21
24.2958162517
  0
LINE
  5
2DC
100
AcDbEntity
  8
0
100
AcDbLine
 62
7
  6
BYLAYER
 10
41.9557201149
 20
24.3382607645
 11
42.3675036524
 21
24.1549720974
  0
LINE
  5
2DD
100
AcDbEntity
  8
0
100
AcDbLine
 62
7
  6
BYLAYER
 10
30.3868170933
 20
24.2958162518
 11
30.2883436672
 21
24.3978466583
  0
LINE
  5
2DE
100
AcDbEntity
  8
0
100
AcDbLine
 62
7
  6
BYLAYER
 10
29.1481903082
 20
25.5791837486
 11
29.2466637344
 21
25.477153342
  0
LINE
  5
2DF
100
AcDbEntity
  8
0
100
AcDbLine
 62
7
  6
BYLAYER
 10
29.1887434063
 20
14.7842220551
 11
29.3675037052
 21
14.4179737882
  0
LINE
  5
2E0
100
AcDbEntity
  8
0
100
AcDbLine
 62
7
  6
BYLAYER
 10
29.3963082145
 20
14.6114830146
 11
29.5656169676
 21
14.2645996287
  0
LINE
  5
2E1
100
AcDbEntity
  8
0
100
AcDbLine
 62
7
  6
BYLAYER
 10
30.3386991871
 20
16.3635169857
 11
30.169390434
 21
16.7104003717
  0
LINE
  5
2E2
100
AcDbEntity
  8
0
100
AcDbLine
 62
7
  6
BYLAYER
 10
30.5462639953
 20
16.1907779452
 11
30.3675036964
 21
16.5570262121
  0
LINE
  5
2E3
100
AcDbEntity
  8
0
100
AcDbLine
 62
7
  6
BYLAYER
 10
16.3216854533
 20
76.1144902386
 11
16.3021269923
 21
76.3043367807
  0
LINE
  5
2E4
100
AcDbEntity
  8
0
100
AcDbLine
 62
7
  6
BYLAYER
 10
16.8133219483
 20
73.7605097616
 11
16.8328804093
 21
73.5706632196
  0
LINE
  5
2E5
100
AcDbEntity
  8
0
100
AcDbLine
 62
7
  6
BYLAYER
 10
14.0513811103
 20
83.266025062
 11
14.0932343911
 21
82.8319678706
  0
LINE
  5
2E6
100
AcDbEntity
  8
0
100
AcDbLine
 62
7
  6
BYLAYER
 10
14.5963075627
 20
83.5211647398
 11
14.5675037008
 21
83.8469703115
  0
LINE
  5
2E7
100
AcDbEntity
  8
0
100
AcDbLine
 62
7
  6
BYLAYER
 10
15.538475391
 20
83.521161707
 11
15.5215723635
 21
83.992263339
  0
LINE
  5
2E8
100
AcDbEntity
  8
0
100
AcDbLine
 62
7
  6
BYLAYER
 10
16.3021269921
 20
73.5706632191
 11
16.3132422073
 21
73.2549005283
  0
LINE
  5
2E9
100
AcDbEntity
  8
0
100
AcDbLine
 62
7
  6
BYLAYER
 10
16.8328804095
 20
76.3043367813
 11
16.8217651943
 21
76.620099472
  0
LINE
  5
2EA
100
AcDbEntity
  8
0
100
AcDbLine
 62
7
  6
BYLAYER
 10
16.4105771523
 20
85.1512676146
 11
16.4105765604
 21
85.8460568807
  0
LINE
  5
2EB
100
AcDbEntity
  8
0
100
AcDbLine
 62
7
  6
BYLAYER
 10
16.8175037008
 20
81.8250359209
 11
16.8175037008
 21
81.5691102997
  0
LINE
  5
2EC
100
AcDbEntity
  8
0
100
AcDbLine
 62
7
  6
BYLAYER
 10
17.1675037008
 20
21.5299017965
 11
17.1675037008
 21
24.2872239714
  0
LINE
  5
2ED
100
AcDbEntity
  8
0
100
AcDbLine
 62
7
  6
BYLAYER
 10
17.1675037008
 20
71.5299017965
 11
17.1675037008
 21
74.2872239714
  0
LINE
  5
2EE
100
AcDbEntity
  8
0
100
AcDbLine
 62
7
  6
BYLAYER
 10
17.1675037008
 20
75.5877760289
 11
17.1675037008
 21
78.3450982038
  0
LINE
  5
2EF
100
AcDbEntity
  8
0
100
AcDbLine
 62
7
  6
BYLAYER
 10
17.1675037008
 20
25.5877760289
 11
17.1675037008
 21
28.3450982038
  0
LINE
  5
2F0
100
AcDbEntity
  8
0
100
AcDbLine
 62
7
  6
BYLAYER
 10
17.2535668156
 20
84.5044072591
 11
17.2535668156
 21
84.5174350177
  0
LINE
  5
2F1
100
AcDbEntity
  8
0
100
AcDbLine
 62
7
  6
BYLAYER
 10
17.4768161789
 20
84.4356687767
 11
17.4768161789
 21
84.246744237
  0
LINE
  5
2F2
100
AcDbEntity
  8
0
100
AcDbLine
 62
7
  6
BYLAYER
 10
18.1845249859
 20
20.6877815774
 11
18.1845249944
 21
21.7705043678
  0
LINE
  5
2F3
100
AcDbEntity
  8
0
100
AcDbLine
 62
7
  6
BYLAYER
 10
18.184525179
 20
28.1038368026
 11
18.1845251792
 21
28.2856399542
  0
LINE
  5
2F4
100
AcDbEntity
  8
0
100
AcDbLine
 62
7
  6
BYLAYER
 10
18.1845249922
 20
71.4877815786
 11
18.1845249944
 21
71.7705043678
  0
LINE
  5
2F5
100
AcDbEntity
  8
0
100
AcDbLine
 62
7
  6
BYLAYER
 10
18.184525179
 20
78.1038368026
 11
18.1845251799
 21
79.085639954
  0
LINE
  5
2F6
100
AcDbEntity
  8
0
100
AcDbLine
 62
7
  6
BYLAYER
 10
18.3175037008
 20
88.058001138
 11
18.3175037008
 21
84.2368654688
  0
LINE
  5
2F7
100
AcDbEntity
  8
0
100
AcDbLine
 62
7
  6
BYLAYER
 10
18.8675037008
 20
72.2087384985
 11
18.8675037008
 21
72.1375000002
  0
LINE
  5
2F8
100
AcDbEntity
  8
0
100
AcDbLine
 62
7
  6
BYLAYER
 10
18.8675037008
 20
22.2087384985
 11
18.8675037008
 21
22.1375000002
  0
LINE
  5
2F9
100
AcDbEntity
  8
0
100
AcDbLine
 62
7
  6
BYLAYER
 10
19.0675037008
 20
89.0875000002
 11
19.0675037008
 21
90.8875000002
  0
LINE
  5
2FA
100
AcDbEntity
  8
0
100
AcDbLine
 62
7
  6
BYLAYER
 10
19.2675037008
 20
89.0875000002
 11
19.2675037008
 21
89.4688924143
  0
LINE
  5
2FB
100
AcDbEntity
  8
0
100
AcDbLine
 62
7
  6
BYLAYER
 10
19.3675037008
 20
78.2375000002
 11
19.3675037008
 21
77.1651937356
  0
LINE
  5
2FC
100
AcDbEntity
  8
0
100
AcDbLine
 62
7
  6
BYLAYER
 10
19.3675037008
 20
72.7092722397
 11
19.3675037008
 21
72.2534597366
  0
LINE
  5
2FD
100
AcDbEntity
  8
0
100
AcDbLine
 62
7
  6
BYLAYER
 10
19.3675037008
 20
27.5192533019
 11
19.3675037008
 21
27.1651937356
  0
LINE
  5
2FE
100
AcDbEntity
  8
0
100
AcDbLine
 62
7
  6
BYLAYER
 10
19.3675037008
 20
22.7092722397
 11
19.3675037008
 21
21.6375000002
  0
LINE
  5
2FF
100
AcDbEntity
  8
0
100
AcDbLine
 62
7
  6
BYLAYER
 10
19.4675037008
 20
43.3875000002
 11
19.4675037008
 21
33.4292424307
  0
LINE
  5
300
100
AcDbEntity
  8
0
100
AcDbLine
 62
7
  6
BYLAYER
 10
19.4675037008
 20
33.3875000002
 11
19.4675037008
 21
32.8874999988
  0
LINE
  5
301
100
AcDbEntity
  8
0
100
AcDbLine
 62
7
  6
BYLAYER
 10
19.7175037099
 20
12.936800375
 11
19.7175037008
 21
12.9368921075
  0
LINE
  5
302
100
AcDbEntity
  8
0
100
AcDbLine
 62
7
  6
BYLAYER
 10
19.7175037008
 20
12.9368918658
 11
19.7175037008
 21
11.7466799474
  0
LINE
  5
303
100
AcDbEntity
  8
0
100
AcDbLine
 62
7
  6
BYLAYER
 10
16.313243611
 20
26.6200996966
 11
16.3021269923
 21
26.3043367807
  0
LINE
  5
304
100
AcDbEntity
  8
0
100
AcDbLine
 62
7
  6
BYLAYER
 10
16.8217637906
 20
23.2549003037
 11
16.8328804093
 21
23.5706632196
  0
LINE
  5
305
100
AcDbEntity
  8
0
100
AcDbLine
 62
7
  6
BYLAYER
 10
16.3216834801
 20
23.7604941609
 11
16.3021269923
 21
23.5706632192
  0
LINE
  5
306
100
AcDbEntity
  8
0
100
AcDbLine
 62
7
  6
BYLAYER
 10
16.8133239215
 20
26.1145058393
 11
16.8328804093
 21
26.3043367812
  0
LINE
  5
307
100
AcDbEntity
  8
0
100
AcDbLine
 62
7
  6
BYLAYER
 10
29.5021269923
 20
76.3043367807
 11
29.1481903082
 21
75.5791837487
  0
LINE
  5
308
100
AcDbEntity
  8
0
100
AcDbLine
 62
7
  6
BYLAYER
 10
44.7462640247
 20
84.9907779596
 11
44.5883436672
 21
84.827153342
  0
LINE
  5
309
100
AcDbEntity
  8
0
100
AcDbLine
 62
7
  6
BYLAYER
 10
43.3887433769
 20
83.5842220408
 11
43.5466637344
 21
83.7478466583
  0
LINE
  5
30A
100
AcDbEntity
  8
0
100
AcDbLine
 62
7
  6
BYLAYER
 10
58.1582878588
 20
85.4669027114
 11
58.1579422336
 21
85.4666633408
  0
LINE
  5
30B
100
AcDbEntity
  8
0
100
AcDbLine
 62
7
  6
BYLAYER
 10
43.5868170933
 20
74.2958162518
 11
43.5675037008
 21
74.2872239714
  0
LINE
  5
30C
100
AcDbEntity
  8
0
100
AcDbLine
 62
7
  6
BYLAYER
 10
43.5675036991
 20
74.15497164
 11
43.9804064143
 21
74.3385753414
  0
LINE
  5
30D
100
AcDbEntity
  8
0
100
AcDbLine
 62
7
  6
BYLAYER
 10
8.4675037008
 20
30.3875000002
 11
64.4675037008
 21
30.3875000002
  0
LINE
  5
30E
100
AcDbEntity
  8
0
100
AcDbLine
 62
7
  6
BYLAYER
 10
41.4675037008
 20
32.8874999972
 11
19.4675037008
 21
32.8874999978
  0
LINE
  5
30F
100
AcDbEntity
  8
0
100
AcDbLine
 62
7
  6
BYLAYER
 10
43.5675037008
 20
25.5877760289
 11
43.5868170933
 21
25.5791837485
  0
LINE
  5
310
100
AcDbEntity
  8
0
100
AcDbLine
 62
7
  6
BYLAYER
 10
43.9792872867
 20
25.5367392358
 11
43.5675037025
 21
25.7200279239
  0
LINE
  5
311
100
AcDbEntity
  8
0
100
AcDbLine
 62
7
  6
BYLAYER
 10
29.1481903083
 20
24.2958162517
 11
29.5021269921
 21
23.5706632191
  0
LINE
  5
312
100
AcDbEntity
  8
0
100
AcDbLine
 62
7
  6
BYLAYER
 10
19.9675037008
 20
43.3875000002
 11
19.9675037008
 21
32.8875000002
  0
LINE
  5
313
100
AcDbEntity
  8
0
100
AcDbLine
 62
7
  6
BYLAYER
 10
20.2175037008
 20
12.450897235
 11
20.2175037008
 21
11.2466779806
  0
LINE
  5
314
100
AcDbEntity
  8
0
100
AcDbLine
 62
7
  6
BYLAYER
 10
20.4175037008
 20
54.8875000002
 11
20.4175037008
 21
54.3875000002
  0
LINE
  5
315
100
AcDbEntity
  8
0
100
AcDbLine
 62
7
  6
BYLAYER
 10
20.4175037008
 20
44.8875000002
 11
20.4175037008
 21
45.3875000002
  0
LINE
  5
316
100
AcDbEntity
  8
0
100
AcDbLine
 62
7
  6
BYLAYER
 10
20.7675037008
 20
90.9875000002
 11
20.7675037008
 21
89.4075000002
  0
LINE
  5
317
100
AcDbEntity
  8
0
100
AcDbLine
 62
7
  6
BYLAYER
 10
21.3675037008
 20
40.8875000002
 11
21.3675037008
 21
44.6875000002
  0
LINE
  5
318
100
AcDbEntity
  8
0
100
AcDbLine
 62
7
  6
BYLAYER
 10
21.4675037008
 20
65.8875000018
 11
21.4675037008
 21
55.0875000002
  0
LINE
  5
319
100
AcDbEntity
  8
0
100
AcDbLine
 62
7
  6
BYLAYER
 10
21.6675037008
 20
11.2746863968
 11
21.6675037008
 21
11.2375000002
  0
LINE
  5
31A
100
AcDbEntity
  8
0
100
AcDbLine
 62
7
  6
BYLAYER
 10
21.6675037008
 20
12.8875000002
 11
21.6675037008
 21
17.0874999801
  0
LINE
  5
31B
100
AcDbEntity
  8
0
100
AcDbLine
 62
7
  6
BYLAYER
 10
21.6675037008
 20
82.6875000202
 11
21.6675037008
 21
87.3132720107
  0
LINE
  5
31C
100
AcDbEntity
  8
0
100
AcDbLine
 62
7
  6
BYLAYER
 10
21.7675037008
 20
54.8875000002
 11
21.7675037008
 21
51.5875000002
  0
LINE
  5
31D
100
AcDbEntity
  8
0
100
AcDbLine
 62
7
  6
BYLAYER
 10
21.7675037008
 20
44.8875000002
 11
21.7675037008
 21
48.1875000002
  0
LINE
  5
31E
100
AcDbEntity
  8
0
100
AcDbLine
 62
7
  6
BYLAYER
 10
21.8675037008
 20
44.6875000002
 11
21.8675037008
 21
40.8875000002
  0
LINE
  5
31F
100
AcDbEntity
  8
0
100
AcDbLine
 62
7
  6
BYLAYER
 10
21.9675037008
 20
65.8875000002
 11
21.9675037008
 21
55.0875000002
  0
LINE
  5
320
100
AcDbEntity
  8
0
100
AcDbLine
 62
7
  6
BYLAYER
 10
21.9675037008
 20
51.3875000002
 11
21.9675037008
 21
48.3875000002
  0
LINE
  5
321
100
AcDbEntity
  8
0
100
AcDbLine
 62
7
  6
BYLAYER
 10
22.4175037008
 20
44.8875000002
 11
22.4175037008
 21
48.0375000002
  0
LINE
  5
322
100
AcDbEntity
  8
0
100
AcDbLine
 62
7
  6
BYLAYER
 10
22.4175037008
 20
51.7375000002
 11
22.4175037008
 21
54.8875000002
  0
LINE
  5
323
100
AcDbEntity
  8
0
100
AcDbLine
 62
7
  6
BYLAYER
 10
15.5556864596
 20
24.3381851156
 11
15.6059856338
 21
24.5776879163
  0
LINE
  5
324
100
AcDbEntity
  8
0
100
AcDbLine
 62
7
  6
BYLAYER
 10
17.579320942
 20
25.5368148847
 11
17.5290217678
 21
25.297312084
  0
LINE
  5
325
100
AcDbEntity
  8
0
100
AcDbLine
 62
7
  6
BYLAYER
 10
15.967503636
 20
25.7200279399
 11
15.9360805949
 21
25.5737962925
  0
LINE
  5
326
100
AcDbEntity
  8
0
100
AcDbLine
 62
7
  6
BYLAYER
 10
30.0328804093
 20
73.5706632196
 11
30.3675037009
 21
74.2562465612
  0
LINE
  5
327
100
AcDbEntity
  8
0
100
AcDbLine
 62
7
  6
BYLAYER
 10
55.5675036524
 20
75.7200279029
 11
55.1557201151
 21
75.5367392359
  0
LINE
  5
328
100
AcDbEntity
  8
0
100
AcDbLine
 62
7
  6
BYLAYER
 10
55.5481903082
 20
75.5791837487
 11
55.5360805949
 21
75.5737962925
  0
LINE
  5
329
100
AcDbEntity
  8
0
100
AcDbLine
 62
7
  6
BYLAYER
 10
56.7868170933
 20
74.2958162518
 11
56.7675037008
 21
74.2872239714
  0
LINE
  5
32A
100
AcDbEntity
  8
0
100
AcDbLine
 62
7
  6
BYLAYER
 10
56.7675036991
 20
74.15497164
 11
57.1804064143
 21
74.3385753414
  0
LINE
  5
32B
100
AcDbEntity
  8
0
100
AcDbLine
 62
7
  6
BYLAYER
 10
62.9675037008
 20
33.3875000002
 11
41.4660179741
 21
33.3875000002
  0
LINE
  5
32C
100
AcDbEntity
  8
0
100
AcDbLine
 62
7
  6
BYLAYER
 10
19.4689894275
 20
33.3875000002
 11
9.9675037008
 21
33.3875000002
  0
LINE
  5
32D
100
AcDbEntity
  8
0
100
AcDbLine
 62
7
  6
BYLAYER
 10
19.4675037008
 20
33.8875000002
 11
41.4675037008
 21
33.8875000002
  0
LINE
  5
32E
100
AcDbEntity
  8
0
100
AcDbLine
 62
7
  6
BYLAYER
 10
64.4675037008
 20
36.5875000002
 11
62.9675037008
 21
36.5875000308
  0
LINE
  5
32F
100
AcDbEntity
  8
0
100
AcDbLine
 62
7
  6
BYLAYER
 10
9.9675037008
 20
36.5875000212
 11
8.4675037008
 21
36.5875000002
  0
LINE
  5
330
100
AcDbEntity
  8
0
100
AcDbLine
 62
7
  6
BYLAYER
 10
55.5360805949
 20
24.3012037079
 11
55.5481903083
 21
24.2958162517
  0
LINE
  5
331
100
AcDbEntity
  8
0
100
AcDbLine
 62
7
  6
BYLAYER
 10
56.7675037008
 20
25.5877760289
 11
56.7868170933
 21
25.5791837485
  0
LINE
  5
332
100
AcDbEntity
  8
0
100
AcDbLine
 62
7
  6
BYLAYER
 10
55.1557201149
 20
24.3382607645
 11
55.5675036524
 21
24.1549720974
  0
LINE
  5
333
100
AcDbEntity
  8
0
100
AcDbLine
 62
7
  6
BYLAYER
 10
57.1792872867
 20
25.5367392358
 11
56.7675037025
 21
25.7200279239
  0
LINE
  5
334
100
AcDbEntity
  8
0
100
AcDbLine
 62
7
  6
BYLAYER
 10
30.3675037008
 20
25.6187534391
 11
30.0328804095
 21
26.3043367813
  0
LINE
  5
335
100
AcDbEntity
  8
0
100
AcDbLine
 62
7
  6
BYLAYER
 10
15.9675036597
 20
74.1549720974
 11
15.9360805949
 21
74.3012037079
  0
LINE
  5
336
100
AcDbEntity
  8
0
100
AcDbLine
 62
7
  6
BYLAYER
 10
17.5804064543
 20
74.3384348295
 11
17.5290258245
 21
74.5776894962
  0
LINE
  5
337
100
AcDbEntity
  8
0
100
AcDbLine
 62
7
  6
BYLAYER
 10
15.555720075
 20
75.5365985451
 11
15.6059856453
 21
75.2973121239
  0
LINE
  5
338
100
AcDbEntity
  8
0
100
AcDbLine
 62
7
  6
BYLAYER
 10
28.8642326496
 20
16.046202479
 11
28.9059855823
 21
15.8473121243
  0
LINE
  5
339
100
AcDbEntity
  8
0
100
AcDbLine
 62
7
  6
BYLAYER
 10
24.3675037008
 20
87.3132720107
 11
24.3675037008
 21
86.8875000002
  0
LINE
  5
33A
100
AcDbEntity
  8
0
100
AcDbLine
 62
7
  6
BYLAYER
 10
24.3675037008
 20
54.8875000002
 11
24.3675037008
 21
51.7375000002
  0
LINE
  5
33B
100
AcDbEntity
  8
0
100
AcDbLine
 62
7
  6
BYLAYER
 10
24.3675037008
 20
48.0375000002
 11
24.3675037008
 21
44.8875000002
  0
LINE
  5
33C
100
AcDbEntity
  8
0
100
AcDbLine
 62
7
  6
BYLAYER
 10
24.7675037008
 20
54.8875000002
 11
24.7675037008
 21
51.5875000002
  0
LINE
  5
33D
100
AcDbEntity
  8
0
100
AcDbLine
 62
7
  6
BYLAYER
 10
24.7675037008
 20
44.8875000002
 11
24.7675037008
 21
48.1875000002
  0
LINE
  5
33E
100
AcDbEntity
  8
0
100
AcDbLine
 62
7
  6
BYLAYER
 10
24.8675037008
 20
12.8875000002
 11
24.8675037008
 21
17.0874999801
  0
LINE
  5
33F
100
AcDbEntity
  8
0
100
AcDbLine
 62
7
  6
BYLAYER
 10
24.8675037008
 20
82.6875000202
 11
24.8675037008
 21
86.8875000002
  0
LINE
  5
340
100
AcDbEntity
  8
0
100
AcDbLine
 62
7
  6
BYLAYER
 10
25.3675037093
 20
54.0874992648
 11
25.3675037047
 21
45.3875000002
  0
LINE
  5
341
100
AcDbEntity
  8
0
100
AcDbLine
 62
7
  6
BYLAYER
 10
25.7675037008
 20
55.0875000002
 11
25.7675037008
 21
65.8875000002
  0
LINE
  5
342
100
AcDbEntity
  8
0
100
AcDbLine
 62
7
  6
BYLAYER
 10
26.1175037008
 20
44.8875000002
 11
26.1175037008
 21
45.3875000002
  0
LINE
  5
343
100
AcDbEntity
  8
0
100
AcDbLine
 62
7
  6
BYLAYER
 10
26.1175037008
 20
54.3875000002
 11
26.1175037008
 21
54.8875000002
  0
LINE
  5
344
100
AcDbEntity
  8
0
100
AcDbLine
 62
7
  6
BYLAYER
 10
26.6175037008
 20
12.0720836405
 11
26.6175037008
 21
15.4875000002
  0
LINE
  5
345
100
AcDbEntity
  8
0
100
AcDbLine
 62
7
  6
BYLAYER
 10
28.7556864596
 20
74.3381851156
 11
28.8059856338
 21
74.5776879163
  0
LINE
  5
346
100
AcDbEntity
  8
0
100
AcDbLine
 62
7
  6
BYLAYER
 10
30.779320942
 20
75.5368148847
 11
30.7290217678
 21
75.297312084
  0
LINE
  5
347
100
AcDbEntity
  8
0
100
AcDbLine
 62
7
  6
BYLAYER
 10
29.167503636
 20
75.7200279399
 11
29.1360805949
 21
75.5737962925
  0
LINE
  5
348
100
AcDbEntity
  8
0
100
AcDbLine
 62
7
  6
BYLAYER
 10
43.5868170933
 20
75.5791837485
 11
43.4883436672
 21
75.477153342
  0
LINE
  5
349
100
AcDbEntity
  8
0
100
AcDbLine
 62
7
  6
BYLAYER
 10
42.3481903083
 20
74.2958162517
 11
42.4466637344
 21
74.3978466583
  0
LINE
  5
34A
100
AcDbEntity
  8
0
100
AcDbLine
 62
7
  6
BYLAYER
 10
55.635765211
 20
84.6819790209
 11
55.4924397345
 21
84.5418989273
  0
LINE
  5
34B
100
AcDbEntity
  8
0
100
AcDbLine
 62
7
  6
BYLAYER
 10
43.5868170933
 20
24.2958162518
 11
43.4883436672
 21
24.3978466583
  0
LINE
  5
34C
100
AcDbEntity
  8
0
100
AcDbLine
 62
7
  6
BYLAYER
 10
42.3481903082
 20
25.5791837486
 11
42.4466637344
 21
25.477153342
  0
LINE
  5
34D
100
AcDbEntity
  8
0
100
AcDbLine
 62
7
  6
BYLAYER
 10
30.8717592501
 20
14.9288256973
 11
30.8290258882
 21
15.1276894959
  0
LINE
  5
34E
100
AcDbEntity
  8
0
100
AcDbLine
 62
7
  6
BYLAYER
 10
29.1675036597
 20
24.1549720974
 11
29.1360805949
 21
24.3012037079
  0
LINE
  5
34F
100
AcDbEntity
  8
0
100
AcDbLine
 62
7
  6
BYLAYER
 10
30.7804064543
 20
24.3384348295
 11
30.7290258245
 21
24.5776894962
  0
LINE
  5
350
100
AcDbEntity
  8
0
100
AcDbLine
 62
7
  6
BYLAYER
 10
28.755720075
 20
25.5365985451
 11
28.8059856453
 21
25.2973121239
  0
LINE
  5
351
100
AcDbEntity
  8
0
100
AcDbLine
 62
7
  6
BYLAYER
 10
29.3963082145
 20
16.3635169857
 11
29.367503705
 21
16.5570262121
  0
LINE
  5
352
100
AcDbEntity
  8
0
100
AcDbLine
 62
7
  6
BYLAYER
 10
30.3386991871
 20
14.6114830146
 11
30.367503705
 21
14.4179737244
  0
LINE
  5
353
100
AcDbEntity
  8
0
100
AcDbLine
 62
7
  6
BYLAYER
 10
29.5216854533
 20
26.1144902386
 11
29.5021269923
 21
26.3043367807
  0
LINE
  5
354
100
AcDbEntity
  8
0
100
AcDbLine
 62
7
  6
BYLAYER
 10
30.0133219483
 20
23.7605097616
 11
30.0328804093
 21
23.5706632196
  0
LINE
  5
355
100
AcDbEntity
  8
0
100
AcDbLine
 62
7
  6
BYLAYER
 10
29.558133825
 20
14.4771511854
 11
29.5656169676
 21
14.2645996287
  0
LINE
  5
356
100
AcDbEntity
  8
0
100
AcDbLine
 62
7
  6
BYLAYER
 10
29.5656169676
 20
14.2645996287
 11
29.5762130504
 21
13.9635286146
  0
LINE
  5
357
100
AcDbEntity
  8
0
100
AcDbLine
 62
7
  6
BYLAYER
 10
29.5021269921
 20
23.5706632191
 11
29.5132422073
 21
23.2549005283
  0
LINE
  5
358
100
AcDbEntity
  8
0
100
AcDbLine
 62
7
  6
BYLAYER
 10
30.1768735766
 20
16.4978488149
 11
30.169390434
 21
16.7104003717
  0
LINE
  5
359
100
AcDbEntity
  8
0
100
AcDbLine
 62
7
  6
BYLAYER
 10
30.169390434
 20
16.7104003717
 11
30.1587943512
 21
17.0114713857
  0
LINE
  5
35A
100
AcDbEntity
  8
0
100
AcDbLine
 62
7
  6
BYLAYER
 10
30.0328804095
 20
26.3043367813
 11
30.0217651943
 21
26.620099472
  0
LINE
  5
35B
100
AcDbEntity
  8
0
100
AcDbLine
 62
7
  6
BYLAYER
 10
26.9675037008
 20
21.6375000002
 11
26.9675037008
 21
22.7098062647
  0
LINE
  5
35C
100
AcDbEntity
  8
0
100
AcDbLine
 62
7
  6
BYLAYER
 10
26.9675037008
 20
27.1657277606
 11
26.9675037008
 21
27.3816642023
  0
LINE
  5
35D
100
AcDbEntity
  8
0
100
AcDbLine
 62
7
  6
BYLAYER
 10
26.9675037008
 20
72.3894841356
 11
26.9675037008
 21
72.7098062647
  0
LINE
  5
35E
100
AcDbEntity
  8
0
100
AcDbLine
 62
7
  6
BYLAYER
 10
26.9675037008
 20
77.1657277606
 11
26.9675037008
 21
78.1816642023
  0
LINE
  5
35F
100
AcDbEntity
  8
0
100
AcDbLine
 62
7
  6
BYLAYER
 10
27.2175037008
 20
54.0874990453
 11
27.2175037008
 21
54.3875000002
  0
LINE
  5
360
100
AcDbEntity
  8
0
100
AcDbLine
 62
7
  6
BYLAYER
 10
27.4675037008
 20
63.2875000002
 11
27.4675037008
 21
56.3269188932
  0
LINE
  5
361
100
AcDbEntity
  8
0
100
AcDbLine
 62
7
  6
BYLAYER
 10
27.4675037008
 20
27.7210234558
 11
27.4675037008
 21
27.7375000002
  0
LINE
  5
362
100
AcDbEntity
  8
0
100
AcDbLine
 62
7
  6
BYLAYER
 10
27.4675037008
 20
77.6662615018
 11
27.4675037008
 21
77.7375000002
  0
LINE
  5
363
100
AcDbEntity
  8
0
100
AcDbLine
 62
7
  6
BYLAYER
 10
27.9175025197
 20
53.3875395995
 11
27.9175029416
 21
46.2874996284
  0
LINE
  5
364
100
AcDbEntity
  8
0
100
AcDbLine
 62
7
  6
BYLAYER
 10
28.150482414
 20
78.9751660353
 11
28.1504824072
 21
78.1044956325
  0
LINE
  5
365
100
AcDbEntity
  8
0
100
AcDbLine
 62
7
  6
BYLAYER
 10
28.1504822233
 20
71.7711631974
 11
28.1504822231
 21
71.5984415565
  0
LINE
  5
366
100
AcDbEntity
  8
0
100
AcDbLine
 62
7
  6
BYLAYER
 10
28.1504822233
 20
21.7711631974
 11
28.1504822224
 21
20.7984415571
  0
LINE
  5
367
100
AcDbEntity
  8
0
100
AcDbLine
 62
7
  6
BYLAYER
 10
28.2175037008
 20
53.3875
 11
28.2175037008
 21
46.5875000002
  0
LINE
  5
368
100
AcDbEntity
  8
0
100
AcDbLine
 62
7
  6
BYLAYER
 10
29.1675036963
 20
22.1034496834
 11
29.1675036597
 21
24.1549720974
  0
LINE
  5
369
100
AcDbEntity
  8
0
100
AcDbLine
 62
7
  6
BYLAYER
 10
29.1675036597
 20
75.7200279029
 11
29.1675036963
 21
77.7715503196
  0
LINE
  5
36A
100
AcDbEntity
  8
0
100
AcDbLine
 62
7
  6
BYLAYER
 10
29.1675036597
 20
25.7200279029
 11
29.1675036963
 21
27.7715503196
  0
LINE
  5
36B
100
AcDbEntity
  8
0
100
AcDbLine
 62
7
  6
BYLAYER
 10
29.1675036963
 20
72.1034496834
 11
29.1675036597
 21
74.1549720974
  0
LINE
  5
36C
100
AcDbEntity
  8
0
100
AcDbLine
 62
7
  6
BYLAYER
 10
29.367503705
 20
16.5570262121
 11
29.3675037035
 21
17.0874999801
  0
LINE
  5
36D
100
AcDbEntity
  8
0
100
AcDbLine
 62
7
  6
BYLAYER
 10
29.367503701
 20
13.0408188534
 11
29.367503705
 21
14.4179737882
  0
LINE
  5
36E
100
AcDbEntity
  8
0
100
AcDbLine
 62
7
  6
BYLAYER
 10
29.3963082145
 20
17.0874999801
 11
29.3963082145
 21
16.3635169857
  0
LINE
  5
36F
100
AcDbEntity
  8
0
100
AcDbLine
 62
7
  6
BYLAYER
 10
29.3963082145
 20
14.6114830146
 11
29.3963082145
 21
12.5652265371
  0
LINE
  5
370
100
AcDbEntity
  8
0
100
AcDbLine
 62
7
  6
BYLAYER
 10
29.513243611
 20
76.6200996966
 11
29.5021269923
 21
76.3043367807
  0
LINE
  5
371
100
AcDbEntity
  8
0
100
AcDbLine
 62
7
  6
BYLAYER
 10
30.0217637906
 20
73.2549003037
 11
30.0328804093
 21
73.5706632196
  0
LINE
  5
372
100
AcDbEntity
  8
0
100
AcDbLine
 62
7
  6
BYLAYER
 10
29.5216834801
 20
73.7604941609
 11
29.5021269923
 21
73.5706632192
  0
LINE
  5
373
100
AcDbEntity
  8
0
100
AcDbLine
 62
7
  6
BYLAYER
 10
30.0133239215
 20
76.1145058393
 11
30.0328804093
 21
76.3043367812
  0
LINE
  5
374
100
AcDbEntity
  8
0
100
AcDbLine
 62
7
  6
BYLAYER
 10
43.5675037052
 20
85.3570262121
 11
43.3887434063
 21
84.9907779452
  0
LINE
  5
375
100
AcDbEntity
  8
0
100
AcDbLine
 62
7
  6
BYLAYER
 10
43.7656169676
 20
85.5104003717
 11
43.5963082145
 21
85.1635169857
  0
LINE
  5
376
100
AcDbEntity
  8
0
100
AcDbLine
 62
7
  6
BYLAYER
 10
16.3021269923
 20
26.3043367807
 11
15.9481903082
 21
25.5791837487
  0
LINE
  5
377
100
AcDbEntity
  8
0
100
AcDbLine
 62
7
  6
BYLAYER
 10
44.369390434
 20
83.0645996287
 11
44.5386991871
 21
83.4114830146
  0
LINE
  5
378
100
AcDbEntity
  8
0
100
AcDbLine
 62
7
  6
BYLAYER
 10
44.5675037052
 20
83.2179737244
 11
44.7462642501
 21
83.5842217911
  0
LINE
  5
379
100
AcDbEntity
  8
0
100
AcDbLine
 62
7
  6
BYLAYER
 10
9.9675037008
 20
40.3875000309
 11
9.4674785129
 21
40.387500064
  0
LINE
  5
37A
100
AcDbEntity
  8
0
100
AcDbLine
 62
7
  6
BYLAYER
 10
63.4675326216
 20
40.3874998985
 11
62.9675037008
 21
40.3874999582
  0
LINE
  5
37B
100
AcDbEntity
  8
0
100
AcDbLine
 62
7
  6
BYLAYER
 10
21.3675037008
 20
40.8875000002
 11
39.5675037008
 21
40.8875000002
  0
LINE
  5
37C
100
AcDbEntity
  8
0
100
AcDbLine
 62
7
  6
BYLAYER
 10
41.4675037008
 20
43.3875000002
 11
39.5675037008
 21
43.3875000002
  0
LINE
  5
37D
100
AcDbEntity
  8
0
100
AcDbLine
 62
7
  6
BYLAYER
 10
21.3675037008
 20
43.3875000002
 11
19.4675037008
 21
43.3875000002
  0
LINE
  5
37E
100
AcDbEntity
  8
0
100
AcDbLine
 62
7
  6
BYLAYER
 10
15.9481903083
 20
74.2958162517
 11
16.3021269921
 21
73.5706632191
  0
LINE
  5
37F
100
AcDbEntity
  8
0
100
AcDbLine
 62
7
  6
BYLAYER
 10
14.3457416639
 20
83.3960061636
 11
14.5010648108
 21
82.9819016083
  0
LINE
  5
380
100
AcDbEntity
  8
0
100
AcDbLine
 62
7
  6
BYLAYER
 10
29.5216854533
 20
76.1144902386
 11
29.5021269923
 21
76.3043367807
  0
LINE
  5
381
100
AcDbEntity
  8
0
100
AcDbLine
 62
7
  6
BYLAYER
 10
30.0133219483
 20
73.7605097616
 11
30.0328804093
 21
73.5706632196
  0
LINE
  5
382
100
AcDbEntity
  8
0
100
AcDbLine
 62
7
  6
BYLAYER
 10
29.5021269921
 20
73.5706632191
 11
29.5132422073
 21
73.2549005283
  0
LINE
  5
383
100
AcDbEntity
  8
0
100
AcDbLine
 62
7
  6
BYLAYER
 10
30.0328804095
 20
76.3043367813
 11
30.0217651943
 21
76.620099472
  0
LINE
  5
384
100
AcDbEntity
  8
0
100
AcDbLine
 62
7
  6
BYLAYER
 10
30.3386991871
 20
12.5652265371
 11
30.3386991871
 21
14.6114830146
  0
LINE
  5
385
100
AcDbEntity
  8
0
100
AcDbLine
 62
7
  6
BYLAYER
 10
30.3386991871
 20
16.3635169857
 11
30.3386991871
 21
17.0874999801
  0
LINE
  5
386
100
AcDbEntity
  8
0
100
AcDbLine
 62
7
  6
BYLAYER
 10
30.3675037013
 20
13.0408189284
 11
30.3675037052
 21
14.4179737244
  0
LINE
  5
387
100
AcDbEntity
  8
0
100
AcDbLine
 62
7
  6
BYLAYER
 10
30.3675036964
 20
16.5570262121
 11
30.3675036979
 21
17.0874999801
  0
LINE
  5
388
100
AcDbEntity
  8
0
100
AcDbLine
 62
7
  6
BYLAYER
 10
30.3675037008
 20
21.5299017965
 11
30.3675037008
 21
24.2872239714
  0
LINE
  5
389
100
AcDbEntity
  8
0
100
AcDbLine
 62
7
  6
BYLAYER
 10
30.3675037008
 20
71.5299017965
 11
30.3675037008
 21
74.2872239714
  0
LINE
  5
38A
100
AcDbEntity
  8
0
100
AcDbLine
 62
7
  6
BYLAYER
 10
30.3675037008
 20
75.5877760289
 11
30.3675037008
 21
78.3450982038
  0
LINE
  5
38B
100
AcDbEntity
  8
0
100
AcDbLine
 62
7
  6
BYLAYER
 10
30.3675037008
 20
25.5877760289
 11
30.3675037008
 21
28.3450982038
  0
LINE
  5
38C
100
AcDbEntity
  8
0
100
AcDbLine
 62
7
  6
BYLAYER
 10
31.3845249922
 20
71.4877815786
 11
31.3845249944
 21
71.7705043678
  0
LINE
  5
38D
100
AcDbEntity
  8
0
100
AcDbLine
 62
7
  6
BYLAYER
 10
31.3845249859
 20
20.6877815774
 11
31.3845249944
 21
21.7705043678
  0
LINE
  5
38E
100
AcDbEntity
  8
0
100
AcDbLine
 62
7
  6
BYLAYER
 10
31.384525179
 20
28.1038368026
 11
31.3845251792
 21
28.2856399542
  0
LINE
  5
38F
100
AcDbEntity
  8
0
100
AcDbLine
 62
7
  6
BYLAYER
 10
31.384525179
 20
78.1038368026
 11
31.3845251799
 21
79.085639954
  0
LINE
  5
390
100
AcDbEntity
  8
0
100
AcDbLine
 62
7
  6
BYLAYER
 10
32.0675037008
 20
72.2087384985
 11
32.0675037008
 21
72.1375000002
  0
LINE
  5
391
100
AcDbEntity
  8
0
100
AcDbLine
 62
7
  6
BYLAYER
 10
32.0675037008
 20
22.2087384985
 11
32.0675037008
 21
22.1375000002
  0
LINE
  5
392
100
AcDbEntity
  8
0
100
AcDbLine
 62
7
  6
BYLAYER
 10
32.5675037008
 20
78.2375000002
 11
32.5675037008
 21
77.1651937356
  0
LINE
  5
393
100
AcDbEntity
  8
0
100
AcDbLine
 62
7
  6
BYLAYER
 10
32.5675037008
 20
72.7092722397
 11
32.5675037008
 21
72.2534597366
  0
LINE
  5
394
100
AcDbEntity
  8
0
100
AcDbLine
 62
7
  6
BYLAYER
 10
32.5675037008
 20
27.5192533019
 11
32.5675037008
 21
27.1651937356
  0
LINE
  5
395
100
AcDbEntity
  8
0
100
AcDbLine
 62
7
  6
BYLAYER
 10
32.5675037008
 20
22.7092722397
 11
32.5675037008
 21
21.6375000002
  0
LINE
  5
396
100
AcDbEntity
  8
0
100
AcDbLine
 62
7
  6
BYLAYER
 10
32.7175037008
 20
46.5875000002
 11
32.7175037008
 21
53.3875000001
  0
LINE
  5
397
100
AcDbEntity
  8
0
100
AcDbLine
 62
7
  6
BYLAYER
 10
33.0175044601
 20
46.2874996285
 11
33.0175048819
 21
53.3874518834
  0
LINE
  5
398
100
AcDbEntity
  8
0
100
AcDbLine
 62
7
  6
BYLAYER
 10
33.1175037008
 20
15.4875000002
 11
33.1175037008
 21
12.0720836405
  0
LINE
  5
399
100
AcDbEntity
  8
0
100
AcDbLine
 62
7
  6
BYLAYER
 10
33.4675037008
 20
63.2875000002
 11
33.4675037008
 21
56.3269188932
  0
LINE
  5
39A
100
AcDbEntity
  8
0
100
AcDbLine
 62
7
  6
BYLAYER
 10
29.513243611
 20
26.6200996966
 11
29.5021269923
 21
26.3043367807
  0
LINE
  5
39B
100
AcDbEntity
  8
0
100
AcDbLine
 62
7
  6
BYLAYER
 10
29.5762171479
 20
17.0114722273
 11
29.5581338506
 21
16.4978491267
  0
LINE
  5
39C
100
AcDbEntity
  8
0
100
AcDbLine
 62
7
  6
BYLAYER
 10
30.0217637906
 20
23.2549003037
 11
30.0328804093
 21
23.5706632196
  0
LINE
  5
39D
100
AcDbEntity
  8
0
100
AcDbLine
 62
7
  6
BYLAYER
 10
30.1587902537
 20
13.963527773
 11
30.176873551
 21
14.4771508737
  0
LINE
  5
39E
100
AcDbEntity
  8
0
100
AcDbLine
 62
7
  6
BYLAYER
 10
29.5216834801
 20
23.7604941609
 11
29.5021269923
 21
23.5706632192
  0
LINE
  5
39F
100
AcDbEntity
  8
0
100
AcDbLine
 62
7
  6
BYLAYER
 10
30.0133239215
 20
26.1145058393
 11
30.0328804093
 21
26.3043367812
  0
LINE
  5
3A0
100
AcDbEntity
  8
0
100
AcDbLine
 62
7
  6
BYLAYER
 10
16.8328804093
 20
23.5706632196
 11
17.1675037009
 21
24.2562465612
  0
LINE
  5
3A1
100
AcDbEntity
  8
0
100
AcDbLine
 62
7
  6
BYLAYER
 10
42.7021269923
 20
76.3043367807
 11
42.3481903082
 21
75.5791837487
  0
LINE
  5
3A2
100
AcDbEntity
  8
0
100
AcDbLine
 62
7
  6
BYLAYER
 10
43.2328804093
 20
73.5706632196
 11
43.5675037009
 21
74.2562465612
  0
LINE
  5
3A3
100
AcDbEntity
  8
0
100
AcDbLine
 62
7
  6
BYLAYER
 10
56.7868170933
 20
75.5791837485
 11
56.6883436672
 21
75.477153342
  0
LINE
  5
3A4
100
AcDbEntity
  8
0
100
AcDbLine
 62
7
  6
BYLAYER
 10
55.5481903083
 20
74.2958162517
 11
55.6466637344
 21
74.3978466583
  0
LINE
  5
3A5
100
AcDbEntity
  8
0
100
AcDbLine
 62
7
  6
BYLAYER
 10
39.5675037008
 20
44.6875000002
 11
21.3675037008
 21
44.6875000002
  0
LINE
  5
3A6
100
AcDbEntity
  8
0
100
AcDbLine
 62
7
  6
BYLAYER
 10
9.9675037008
 20
44.8875000002
 11
62.9675037008
 21
44.8875000002
  0
LINE
  5
3A7
100
AcDbEntity
  8
0
100
AcDbLine
 62
7
  6
BYLAYER
 10
48.1675037008
 20
45.3875000002
 11
37.7675037008
 21
45.3875000002
  0
LINE
  5
3A8
100
AcDbEntity
  8
0
100
AcDbLine
 62
7
  6
BYLAYER
 10
11.5675037008
 20
45.3875000002
 11
21.7675037008
 21
45.3875000002
  0
LINE
  5
3A9
100
AcDbEntity
  8
0
100
AcDbLine
 62
7
  6
BYLAYER
 10
24.7675037008
 20
45.3875000002
 11
35.1675037008
 21
45.3875000002
  0
LINE
  5
3AA
100
AcDbEntity
  8
0
100
AcDbLine
 62
7
  6
BYLAYER
 10
51.1675037008
 20
45.3875000002
 11
61.3675037008
 21
45.3875000002
  0
LINE
  5
3AB
100
AcDbEntity
  8
0
100
AcDbLine
 62
7
  6
BYLAYER
 10
33.0175044601
 20
46.2874996285
 11
27.9175029416
 21
46.2874996284
  0
LINE
  5
3AC
100
AcDbEntity
  8
0
100
AcDbLine
 62
7
  6
BYLAYER
 10
28.2175037008
 20
46.5875000002
 11
32.7175037008
 21
46.5875000002
  0
LINE
  5
3AD
100
AcDbEntity
  8
0
100
AcDbLine
 62
7
  6
BYLAYER
 10
56.7868170933
 20
24.2958162518
 11
56.6883436672
 21
24.3978466583
  0
LINE
  5
3AE
100
AcDbEntity
  8
0
100
AcDbLine
 62
7
  6
BYLAYER
 10
55.5481903082
 20
25.5791837486
 11
55.6466637344
 21
25.477153342
  0
LINE
  5
3AF
100
AcDbEntity
  8
0
100
AcDbLine
 62
7
  6
BYLAYER
 10
15.7892657377
 20
83.3960061636
 11
15.5675037008
 21
83.8469703115
  0
LINE
  5
3B0
100
AcDbEntity
  8
0
100
AcDbLine
 62
7
  6
BYLAYER
 10
17.1675037008
 20
75.6187534391
 11
16.8328804095
 21
76.3043367813
  0
LINE
  5
3B1
100
AcDbEntity
  8
0
100
AcDbLine
 62
7
  6
BYLAYER
 10
42.3481903083
 20
24.2958162517
 11
42.7021269921
 21
23.5706632191
  0
LINE
  5
3B2
100
AcDbEntity
  8
0
100
AcDbLine
 62
7
  6
BYLAYER
 10
43.5675037008
 20
25.6187534391
 11
43.2328804095
 21
26.3043367813
  0
LINE
  5
3B3
100
AcDbEntity
  8
0
100
AcDbLine
 62
7
  6
BYLAYER
 10
33.6175037008
 20
44.8875000002
 11
33.6175037008
 21
45.3875000002
  0
LINE
  5
3B4
100
AcDbEntity
  8
0
100
AcDbLine
 62
7
  6
BYLAYER
 10
33.6175037008
 20
54.3875000002
 11
33.6175037008
 21
54.8875000002
  0
LINE
  5
3B5
100
AcDbEntity
  8
0
100
AcDbLine
 62
7
  6
BYLAYER
 10
33.7175037008
 20
54.3875000002
 11
33.7175037008
 21
54.0874991911
  0
LINE
  5
3B6
100
AcDbEntity
  8
0
100
AcDbLine
 62
7
  6
BYLAYER
 10
34.5175037008
 20
9.2875000002
 11
34.5175037008
 21
11.2375000002
  0
LINE
  5
3B7
100
AcDbEntity
  8
0
100
AcDbLine
 62
7
  6
BYLAYER
 10
34.8175037419
 20
9.2874976775
 11
34.8175037388
 21
11.2375000002
  0
LINE
  5
3B8
100
AcDbEntity
  8
0
100
AcDbLine
 62
7
  6
BYLAYER
 10
34.8675037008
 20
12.8875000002
 11
34.8675037008
 21
17.0874999801
  0
LINE
  5
3B9
100
AcDbEntity
  8
0
100
AcDbLine
 62
7
  6
BYLAYER
 10
34.8675037008
 20
82.6875000202
 11
34.8675037008
 21
86.8875000002
  0
LINE
  5
3BA
100
AcDbEntity
  8
0
100
AcDbLine
 62
7
  6
BYLAYER
 10
35.1675037008
 20
65.8875000002
 11
35.1675037008
 21
55.0875000002
  0
LINE
  5
3BB
100
AcDbEntity
  8
0
100
AcDbLine
 62
7
  6
BYLAYER
 10
35.1675037008
 20
44.8875000002
 11
35.1675037008
 21
48.3875000002
  0
LINE
  5
3BC
100
AcDbEntity
  8
0
100
AcDbLine
 62
7
  6
BYLAYER
 10
35.1675037008
 20
51.3875000002
 11
35.1675037008
 21
54.8875000002
  0
LINE
  5
3BD
100
AcDbEntity
  8
0
100
AcDbLine
 62
7
  6
BYLAYER
 10
35.3675037008
 20
54.8875000002
 11
35.3675037008
 21
51.7375000002
  0
LINE
  5
3BE
100
AcDbEntity
  8
0
100
AcDbLine
 62
7
  6
BYLAYER
 10
35.3675037008
 20
48.0375000002
 11
35.3675037008
 21
44.8875000002
  0
LINE
  5
3BF
100
AcDbEntity
  8
0
100
AcDbLine
 62
7
  6
BYLAYER
 10
35.3675037008
 20
86.8875000002
 11
35.3675037008
 21
87.3132720107
  0
LINE
  5
3C0
100
AcDbEntity
  8
0
100
AcDbLine
 62
7
  6
BYLAYER
 10
35.5675037008
 20
51.3875000002
 11
35.5675037008
 21
48.3875000002
  0
LINE
  5
3C1
100
AcDbEntity
  8
0
100
AcDbLine
 62
7
  6
BYLAYER
 10
36.5175037008
 20
7.5875000002
 11
36.5175037008
 21
7.2875000002
  0
LINE
  5
3C2
100
AcDbEntity
  8
0
100
AcDbLine
 62
7
  6
BYLAYER
 10
29.3963082145
 20
14.6114830146
 11
29.3675037035
 21
14.4179737874
  0
LINE
  5
3C3
100
AcDbEntity
  8
0
100
AcDbLine
 62
7
  6
BYLAYER
 10
30.3386991871
 20
16.3635169857
 11
30.3675036981
 21
16.5570262129
  0
LINE
  5
3C4
100
AcDbEntity
  8
0
100
AcDbLine
 62
7
  6
BYLAYER
 10
28.7556864596
 20
24.3381851156
 11
28.8059856338
 21
24.5776879163
  0
LINE
  5
3C5
100
AcDbEntity
  8
0
100
AcDbLine
 62
7
  6
BYLAYER
 10
30.779320942
 20
25.5368148847
 11
30.7290217678
 21
25.297312084
  0
LINE
  5
3C6
100
AcDbEntity
  8
0
100
AcDbLine
 62
7
  6
BYLAYER
 10
43.0642029939
 20
83.728606659
 11
43.1059854714
 21
83.9276879834
  0
LINE
  5
3C7
100
AcDbEntity
  8
0
100
AcDbLine
 62
7
  6
BYLAYER
 10
28.8642029939
 20
14.928606659
 11
28.9059854714
 21
15.1276879834
  0
LINE
  5
3C8
100
AcDbEntity
  8
0
100
AcDbLine
 62
7
  6
BYLAYER
 10
41.9556864596
 20
74.3381851156
 11
42.0059856338
 21
74.5776879163
  0
LINE
  5
3C9
100
AcDbEntity
  8
0
100
AcDbLine
 62
7
  6
BYLAYER
 10
29.167503636
 20
25.7200279399
 11
29.1360805949
 21
25.5737962925
  0
LINE
  5
3CA
100
AcDbEntity
  8
0
100
AcDbLine
 62
7
  6
BYLAYER
 10
42.367503636
 20
75.7200279399
 11
42.3360805949
 21
75.5737962925
  0
LINE
  5
3CB
100
AcDbEntity
  8
0
100
AcDbLine
 62
7
  6
BYLAYER
 10
58.1381490375
 20
83.5459536663
 11
58.0525224945
 21
83.4212194002
  0
LINE
  5
3CC
100
AcDbEntity
  8
0
100
AcDbLine
 62
7
  6
BYLAYER
 10
28.2175037008
 20
47.0289138677
 11
32.7175037008
 21
47.0289229466
  0
LINE
  5
3CD
100
AcDbEntity
  8
0
100
AcDbLine
 62
7
  6
BYLAYER
 10
32.7175037008
 20
47.1703424628
 11
28.2175037008
 21
47.1703425392
  0
LINE
  5
3CE
100
AcDbEntity
  8
0
100
AcDbLine
 62
7
  6
BYLAYER
 10
37.5675037008
 20
48.0375000002
 11
35.3675037008
 21
48.0375000002
  0
LINE
  5
3CF
100
AcDbEntity
  8
0
100
AcDbLine
 62
7
  6
BYLAYER
 10
22.4175037008
 20
48.0375000002
 11
24.3675037008
 21
48.0375000002
  0
LINE
  5
3D0
100
AcDbEntity
  8
0
100
AcDbLine
 62
7
  6
BYLAYER
 10
48.5675037008
 20
48.0375000002
 11
50.5175037008
 21
48.0375000002
  0
LINE
  5
3D1
100
AcDbEntity
  8
0
100
AcDbLine
 62
7
  6
BYLAYER
 10
50.9675037008
 20
48.3875000002
 11
48.3675037008
 21
48.3875000002
  0
LINE
  5
3D2
100
AcDbEntity
  8
0
100
AcDbLine
 62
7
  6
BYLAYER
 10
21.9675037008
 20
48.3875000002
 11
24.5675037008
 21
48.3875000002
  0
LINE
  5
3D3
100
AcDbEntity
  8
0
100
AcDbLine
 62
7
  6
BYLAYER
 10
35.1675037008
 20
48.3875000002
 11
38.9675037008
 21
48.3875000002
  0
LINE
  5
3D4
100
AcDbEntity
  8
0
100
AcDbLine
 62
7
  6
BYLAYER
 10
29.1675036597
 20
74.1549720974
 11
29.1360805949
 21
74.3012037079
  0
LINE
  5
3D5
100
AcDbEntity
  8
0
100
AcDbLine
 62
7
  6
BYLAYER
 10
42.3675036597
 20
24.1549720974
 11
42.3360805949
 21
24.3012037079
  0
LINE
  5
3D6
100
AcDbEntity
  8
0
100
AcDbLine
 62
7
  6
BYLAYER
 10
30.7804064543
 20
74.3384348295
 11
30.7290258245
 21
74.5776894962
  0
LINE
  5
3D7
100
AcDbEntity
  8
0
100
AcDbLine
 62
7
  6
BYLAYER
 10
28.755720075
 20
75.5365985451
 11
28.8059856453
 21
75.2973121239
  0
LINE
  5
3D8
100
AcDbEntity
  8
0
100
AcDbLine
 62
7
  6
BYLAYER
 10
41.955720075
 20
25.5365985451
 11
42.0059856453
 21
25.2973121239
  0
LINE
  5
3D9
100
AcDbEntity
  8
0
100
AcDbLine
 62
7
  6
BYLAYER
 10
42.7216854533
 20
26.1144902386
 11
42.7021269923
 21
26.3043367807
  0
LINE
  5
3DA
100
AcDbEntity
  8
0
100
AcDbLine
 62
7
  6
BYLAYER
 10
37.0175037008
 20
10.3870755612
 11
37.0175037008
 21
11.2375000002
  0
LINE
  5
3DB
100
AcDbEntity
  8
0
100
AcDbLine
 62
7
  6
BYLAYER
 10
37.5675037008
 20
87.3132720107
 11
37.5675037008
 21
86.8875000002
  0
LINE
  5
3DC
100
AcDbEntity
  8
0
100
AcDbLine
 62
7
  6
BYLAYER
 10
37.5675037008
 20
54.8875000002
 11
37.5675037008
 21
51.7375000002
  0
LINE
  5
3DD
100
AcDbEntity
  8
0
100
AcDbLine
 62
7
  6
BYLAYER
 10
37.5675037008
 20
48.0375000002
 11
37.5675037008
 21
44.8875000002
  0
LINE
  5
3DE
100
AcDbEntity
  8
0
100
AcDbLine
 62
7
  6
BYLAYER
 10
37.7675037008
 20
44.8875000002
 11
37.7675037008
 21
47.8375000002
  0
LINE
  5
3DF
100
AcDbEntity
  8
0
100
AcDbLine
 62
7
  6
BYLAYER
 10
37.7675037008
 20
51.9375000002
 11
37.7675037008
 21
54.8875000002
  0
LINE
  5
3E0
100
AcDbEntity
  8
0
100
AcDbLine
 62
7
  6
BYLAYER
 10
38.0675037008
 20
12.8875000002
 11
38.0675037008
 21
17.0874999801
  0
LINE
  5
3E1
100
AcDbEntity
  8
0
100
AcDbLine
 62
7
  6
BYLAYER
 10
38.0675037008
 20
82.6875000202
 11
38.0675037008
 21
86.8875000002
  0
LINE
  5
3E2
100
AcDbEntity
  8
0
100
AcDbLine
 62
7
  6
BYLAYER
 10
38.5175037008
 20
9.7875000002
 11
38.5175037008
 21
8.4394933317
  0
LINE
  5
3E3
100
AcDbEntity
  8
0
100
AcDbLine
 62
7
  6
BYLAYER
 10
38.9675037008
 20
51.3875000002
 11
38.9675037008
 21
48.3875000002
  0
LINE
  5
3E4
100
AcDbEntity
  8
0
100
AcDbLine
 62
7
  6
BYLAYER
 10
38.9675037008
 20
55.0875000002
 11
38.9675037008
 21
65.8875000002
  0
LINE
  5
3E5
100
AcDbEntity
  8
0
100
AcDbLine
 62
7
  6
BYLAYER
 10
39.0675037008
 20
40.8875000002
 11
39.0675037008
 21
44.6875000002
  0
LINE
  5
3E6
100
AcDbEntity
  8
0
100
AcDbLine
 62
7
  6
BYLAYER
 10
39.3175037008
 20
54.8875000002
 11
39.3175037008
 21
54.3875000002
  0
LINE
  5
3E7
100
AcDbEntity
  8
0
100
AcDbLine
 62
7
  6
BYLAYER
 10
39.3175037008
 20
44.8875000002
 11
39.3175037008
 21
45.3875000002
  0
LINE
  5
3E8
100
AcDbEntity
  8
0
100
AcDbLine
 62
7
  6
BYLAYER
 10
39.4675037008
 20
55.0875000002
 11
39.4675037008
 21
65.8875000018
  0
LINE
  5
3E9
100
AcDbEntity
  8
0
100
AcDbLine
 62
7
  6
BYLAYER
 10
39.5675037008
 20
44.6875000002
 11
39.5675037008
 21
40.8875000002
  0
LINE
  5
3EA
100
AcDbEntity
  8
0
100
AcDbLine
 62
7
  6
BYLAYER
 10
40.1675037008
 20
21.6375000002
 11
40.1675037008
 21
22.7098062647
  0
LINE
  5
3EB
100
AcDbEntity
  8
0
100
AcDbLine
 62
7
  6
BYLAYER
 10
40.1675037008
 20
27.1657277606
 11
40.1675037008
 21
27.3816642023
  0
LINE
  5
3EC
100
AcDbEntity
  8
0
100
AcDbLine
 62
7
  6
BYLAYER
 10
40.1675037008
 20
72.3894841356
 11
40.1675037008
 21
72.7098062647
  0
LINE
  5
3ED
100
AcDbEntity
  8
0
100
AcDbLine
 62
7
  6
BYLAYER
 10
40.1675037008
 20
77.1657277606
 11
40.1675037008
 21
78.1816642023
  0
LINE
  5
3EE
100
AcDbEntity
  8
0
100
AcDbLine
 62
7
  6
BYLAYER
 10
42.7216834801
 20
73.7604941609
 11
42.7021269923
 21
73.5706632192
  0
LINE
  5
3EF
100
AcDbEntity
  8
0
100
AcDbLine
 62
7
  6
BYLAYER
 10
43.5963082145
 20
83.4114830146
 11
43.5675037035
 21
83.2179737874
  0
LINE
  5
3F0
100
AcDbEntity
  8
0
100
AcDbLine
 62
7
  6
BYLAYER
 10
44.5386991871
 20
85.1635169857
 11
44.5675036981
 21
85.3570262129
  0
LINE
  5
3F1
100
AcDbEntity
  8
0
100
AcDbLine
 62
7
  6
BYLAYER
 10
45.0708044077
 20
84.8463933414
 11
45.0290219302
 21
84.6473120169
  0
LINE
  5
3F2
100
AcDbEntity
  8
0
100
AcDbLine
 62
7
  6
BYLAYER
 10
30.8708044077
 20
16.0463933414
 11
30.8290219302
 21
15.8473120169
  0
LINE
  5
3F3
100
AcDbEntity
  8
0
100
AcDbLine
 62
7
  6
BYLAYER
 10
43.979320942
 20
75.5368148847
 11
43.9290217678
 21
75.297312084
  0
LINE
  5
3F4
100
AcDbEntity
  8
0
100
AcDbLine
 62
7
  6
BYLAYER
 10
57.1675037008
 20
83.8717658239
 11
56.9457416639
 21
83.4208016761
  0
LINE
  5
3F5
100
AcDbEntity
  8
0
100
AcDbLine
 62
7
  6
BYLAYER
 10
17.1868170933
 20
25.5791837485
 11
17.0883436672
 21
25.477153342
  0
LINE
  5
3F6
100
AcDbEntity
  8
0
100
AcDbLine
 62
7
  6
BYLAYER
 10
15.9481903083
 20
24.2958162517
 11
16.0466637344
 21
24.3978466583
  0
LINE
  5
3F7
100
AcDbEntity
  8
0
100
AcDbLine
 62
7
  6
BYLAYER
 10
38.9675037008
 20
51.3875000002
 11
35.1675037008
 21
51.3875000002
  0
LINE
  5
3F8
100
AcDbEntity
  8
0
100
AcDbLine
 62
7
  6
BYLAYER
 10
24.5675037008
 20
51.3875000002
 11
21.9675037008
 21
51.3875000002
  0
LINE
  5
3F9
100
AcDbEntity
  8
0
100
AcDbLine
 62
7
  6
BYLAYER
 10
48.3675037008
 20
51.3875000002
 11
50.9675037008
 21
51.3875000002
  0
LINE
  5
3FA
100
AcDbEntity
  8
0
100
AcDbLine
 62
7
  6
BYLAYER
 10
22.4175037008
 20
51.7375000002
 11
24.3675037008
 21
51.7375000002
  0
LINE
  5
3FB
100
AcDbEntity
  8
0
100
AcDbLine
 62
7
  6
BYLAYER
 10
35.3675037008
 20
51.7375000002
 11
37.5675037008
 21
51.7375000002
  0
LINE
  5
3FC
100
AcDbEntity
  8
0
100
AcDbLine
 62
7
  6
BYLAYER
 10
48.5675037008
 20
51.7375000002
 11
50.5175037008
 21
51.7375000002
  0
LINE
  5
3FD
100
AcDbEntity
  8
0
100
AcDbLine
 62
7
  6
BYLAYER
 10
32.7175037008
 20
51.8875000249
 11
28.2175037008
 21
51.8875000145
  0
LINE
  5
3FE
100
AcDbEntity
  8
0
100
AcDbLine
 62
7
  6
BYLAYER
 10
33.017504671
 20
53.3875000002
 11
32.7175037008
 21
53.3875000002
  0
LINE
  5
3FF
100
AcDbEntity
  8
0
100
AcDbLine
 62
7
  6
BYLAYER
 10
28.2175037008
 20
53.3875000002
 11
27.9175027306
 21
53.3875000002
  0
LINE
  5
400
100
AcDbEntity
  8
0
100
AcDbLine
 62
7
  6
BYLAYER
 10
15.9481903082
 20
75.5791837486
 11
16.0466637344
 21
75.477153342
  0
LINE
  5
401
100
AcDbEntity
  8
0
100
AcDbLine
 62
7
  6
BYLAYER
 10
17.1868170933
 20
74.2958162518
 11
17.0883436672
 21
74.3978466583
  0
LINE
  5
402
100
AcDbEntity
  8
0
100
AcDbLine
 62
7
  6
BYLAYER
 10
14.5964739964
 20
83.5211927713
 11
14.6824850422
 21
83.3964239491
  0
LINE
  5
403
100
AcDbEntity
  8
0
100
AcDbLine
 62
7
  6
BYLAYER
 10
43.9804064543
 20
24.3384348295
 11
43.9290258245
 21
24.5776894962
  0
LINE
  5
404
100
AcDbEntity
  8
0
100
AcDbLine
 62
7
  6
BYLAYER
 10
43.2133219483
 20
23.7605097616
 11
43.2328804093
 21
23.5706632196
  0
LINE
  5
405
100
AcDbEntity
  8
0
100
AcDbLine
 62
7
  6
BYLAYER
 10
42.7021269921
 20
23.5706632191
 11
42.7132422073
 21
23.2549005283
  0
LINE
  5
406
100
AcDbEntity
  8
0
100
AcDbLine
 62
7
  6
BYLAYER
 10
43.2328804095
 20
26.3043367813
 11
43.2217651943
 21
26.620099472
  0
LINE
  5
407
100
AcDbEntity
  8
0
100
AcDbLine
 62
7
  6
BYLAYER
 10
42.7021269921
 20
73.5706632191
 11
42.7132422073
 21
73.2549005283
  0
LINE
  5
408
100
AcDbEntity
  8
0
100
AcDbLine
 62
7
  6
BYLAYER
 10
40.6675037008
 20
27.7210234558
 11
40.6675037008
 21
27.7375000002
  0
LINE
  5
409
100
AcDbEntity
  8
0
100
AcDbLine
 62
7
  6
BYLAYER
 10
40.6675037008
 20
77.6662615018
 11
40.6675037008
 21
77.7375000002
  0
LINE
  5
40A
100
AcDbEntity
  8
0
100
AcDbLine
 62
7
  6
BYLAYER
 10
40.8175037008
 20
84.2874999862
 11
40.8175037008
 21
88.5554015289
  0
LINE
  5
40B
100
AcDbEntity
  8
0
100
AcDbLine
 62
7
  6
BYLAYER
 10
40.9675037008
 20
32.8875000002
 11
40.9675037008
 21
43.3875000002
  0
LINE
  5
40C
100
AcDbEntity
  8
0
100
AcDbLine
 62
7
  6
BYLAYER
 10
41.350482414
 20
78.9751660353
 11
41.3504824072
 21
78.1044956325
  0
LINE
  5
40D
100
AcDbEntity
  8
0
100
AcDbLine
 62
7
  6
BYLAYER
 10
41.3504822233
 20
71.7711631974
 11
41.3504822231
 21
71.5984415565
  0
LINE
  5
40E
100
AcDbEntity
  8
0
100
AcDbLine
 62
7
  6
BYLAYER
 10
41.3504822233
 20
21.7711631974
 11
41.3504822224
 21
20.7984415571
  0
LINE
  5
40F
100
AcDbEntity
  8
0
100
AcDbLine
 62
7
  6
BYLAYER
 10
41.4675037008
 20
32.8874999986
 11
41.4675037008
 21
33.3875000002
  0
LINE
  5
410
100
AcDbEntity
  8
0
100
AcDbLine
 62
7
  6
BYLAYER
 10
41.4675037008
 20
33.4292424307
 11
41.4675037008
 21
43.3875000002
  0
LINE
  5
411
100
AcDbEntity
  8
0
100
AcDbLine
 62
7
  6
BYLAYER
 10
42.3675036963
 20
22.1034496834
 11
42.3675036597
 21
24.1549720974
  0
LINE
  5
412
100
AcDbEntity
  8
0
100
AcDbLine
 62
7
  6
BYLAYER
 10
42.3675036597
 20
75.7200279029
 11
42.3675036963
 21
77.7715503196
  0
LINE
  5
413
100
AcDbEntity
  8
0
100
AcDbLine
 62
7
  6
BYLAYER
 10
42.3675036597
 20
25.7200279029
 11
42.3675036963
 21
27.7715503196
  0
LINE
  5
414
100
AcDbEntity
  8
0
100
AcDbLine
 62
7
  6
BYLAYER
 10
42.3675036963
 20
72.1034496834
 11
42.3675036597
 21
74.1549720974
  0
LINE
  5
415
100
AcDbEntity
  8
0
100
AcDbLine
 62
7
  6
BYLAYER
 10
43.5675037035
 20
82.6875000202
 11
43.567503705
 21
83.2179737882
  0
LINE
  5
416
100
AcDbEntity
  8
0
100
AcDbLine
 62
7
  6
BYLAYER
 10
43.5675037008
 20
21.5299017965
 11
43.5675037008
 21
24.2872239714
  0
LINE
  5
417
100
AcDbEntity
  8
0
100
AcDbLine
 62
7
  6
BYLAYER
 10
43.5675037008
 20
71.5299017965
 11
43.5675037008
 21
74.2872239714
  0
LINE
  5
418
100
AcDbEntity
  8
0
100
AcDbLine
 62
7
  6
BYLAYER
 10
43.5675037008
 20
75.5877760289
 11
43.5675037008
 21
78.3450982038
  0
LINE
  5
419
100
AcDbEntity
  8
0
100
AcDbLine
 62
7
  6
BYLAYER
 10
43.567503705
 20
85.3570262121
 11
43.567503701
 21
86.734181147
  0
LINE
  5
41A
100
AcDbEntity
  8
0
100
AcDbLine
 62
7
  6
BYLAYER
 10
43.5675037008
 20
25.5877760289
 11
43.5675037008
 21
28.3450982038
  0
LINE
  5
41B
100
AcDbEntity
  8
0
100
AcDbLine
 62
7
  6
BYLAYER
 10
43.5963082145
 20
87.2097734633
 11
43.5963082145
 21
85.1635169857
  0
LINE
  5
41C
100
AcDbEntity
  8
0
100
AcDbLine
 62
7
  6
BYLAYER
 10
43.5963082145
 20
83.4114830146
 11
43.5963082145
 21
82.6875000202
  0
LINE
  5
41D
100
AcDbEntity
  8
0
100
AcDbLine
 62
7
  6
BYLAYER
 10
42.713243611
 20
76.6200996966
 11
42.7021269923
 21
76.3043367807
  0
LINE
  5
41E
100
AcDbEntity
  8
0
100
AcDbLine
 62
7
  6
BYLAYER
 10
43.2217637906
 20
73.2549003037
 11
43.2328804093
 21
73.5706632196
  0
LINE
  5
41F
100
AcDbEntity
  8
0
100
AcDbLine
 62
7
  6
BYLAYER
 10
43.7581338506
 20
85.2978491267
 11
43.7762171479
 21
85.8114722273
  0
LINE
  5
420
100
AcDbEntity
  8
0
100
AcDbLine
 62
7
  6
BYLAYER
 10
44.376873551
 20
83.2771508736
 11
44.3587902537
 21
82.763527773
  0
LINE
  5
421
100
AcDbEntity
  8
0
100
AcDbLine
 62
7
  6
BYLAYER
 10
42.713243611
 20
26.6200996966
 11
42.7021269923
 21
26.3043367807
  0
LINE
  5
422
100
AcDbEntity
  8
0
100
AcDbLine
 62
7
  6
BYLAYER
 10
43.2133239215
 20
76.1145058393
 11
43.2328804093
 21
76.3043367812
  0
LINE
  5
423
100
AcDbEntity
  8
0
100
AcDbLine
 62
7
  6
BYLAYER
 10
29.5021269923
 20
26.3043367807
 11
29.1481903082
 21
25.5791837487
  0
LINE
  5
424
100
AcDbEntity
  8
0
100
AcDbLine
 62
7
  6
BYLAYER
 10
30.0328804093
 20
23.5706632196
 11
30.3675037009
 21
24.2562465612
  0
LINE
  5
425
100
AcDbEntity
  8
0
100
AcDbLine
 62
7
  6
BYLAYER
 10
55.9021269923
 20
76.3043367807
 11
55.5481903082
 21
75.5791837487
  0
LINE
  5
426
100
AcDbEntity
  8
0
100
AcDbLine
 62
7
  6
BYLAYER
 10
25.3675037162
 20
54.0874992649
 11
27.217455452
 21
54.0874988258
  0
LINE
  5
427
100
AcDbEntity
  8
0
100
AcDbLine
 62
7
  6
BYLAYER
 10
33.7174645772
 20
54.0874988804
 11
35.1675037008
 21
54.0874995017
  0
LINE
  5
428
100
AcDbEntity
  8
0
100
AcDbLine
 62
7
  6
BYLAYER
 10
48.1675037008
 20
54.3875000002
 11
37.7675037008
 21
54.3875000002
  0
LINE
  5
429
100
AcDbEntity
  8
0
100
AcDbLine
 62
7
  6
BYLAYER
 10
11.5675037008
 20
54.3875000002
 11
21.7675037008
 21
54.3875000002
  0
LINE
  5
42A
100
AcDbEntity
  8
0
100
AcDbLine
 62
7
  6
BYLAYER
 10
24.7675037008
 20
54.3875000002
 11
35.1675037008
 21
54.3875000002
  0
LINE
  5
42B
100
AcDbEntity
  8
0
100
AcDbLine
 62
7
  6
BYLAYER
 10
51.1675037008
 20
54.3875000002
 11
61.3675037008
 21
54.3875000002
  0
LINE
  5
42C
100
AcDbEntity
  8
0
100
AcDbLine
 62
7
  6
BYLAYER
 10
61.7675037008
 20
54.8875000002
 11
50.5175037008
 21
54.8875000002
  0
LINE
  5
42D
100
AcDbEntity
  8
0
100
AcDbLine
 62
7
  6
BYLAYER
 10
48.5675037008
 20
54.8875000002
 11
37.5675037008
 21
54.8875000002
  0
LINE
  5
42E
100
AcDbEntity
  8
0
100
AcDbLine
 62
7
  6
BYLAYER
 10
35.3675037008
 20
54.8875000002
 11
24.3675037008
 21
54.8875000002
  0
LINE
  5
42F
100
AcDbEntity
  8
0
100
AcDbLine
 62
7
  6
BYLAYER
 10
22.4175037008
 20
54.8875000002
 11
11.1675037008
 21
54.8875000002
  0
LINE
  5
430
100
AcDbEntity
  8
0
100
AcDbLine
 62
7
  6
BYLAYER
 10
10.9675037008
 20
55.0875000002
 11
61.9675037008
 21
55.0875000002
  0
LINE
  5
431
100
AcDbEntity
  8
0
100
AcDbLine
 62
7
  6
BYLAYER
 10
27.4675037008
 20
56.3269188932
 11
33.4675037008
 21
56.3269188932
  0
LINE
  5
432
100
AcDbEntity
  8
0
100
AcDbLine
 62
7
  6
BYLAYER
 10
29.1481903083
 20
74.2958162517
 11
29.5021269921
 21
73.5706632191
  0
LINE
  5
433
100
AcDbEntity
  8
0
100
AcDbLine
 62
7
  6
BYLAYER
 10
30.3675037008
 20
75.6187534391
 11
30.0328804095
 21
76.3043367813
  0
LINE
  5
434
100
AcDbEntity
  8
0
100
AcDbLine
 62
7
  6
BYLAYER
 10
55.5481903083
 20
24.2958162517
 11
55.9021269921
 21
23.5706632191
  0
LINE
  5
435
100
AcDbEntity
  8
0
100
AcDbLine
 62
7
  6
BYLAYER
 10
42.7216854533
 20
76.1144902386
 11
42.7021269923
 21
76.3043367807
  0
LINE
  5
436
100
AcDbEntity
  8
0
100
AcDbLine
 62
7
  6
BYLAYER
 10
43.2133219483
 20
73.7605097616
 11
43.2328804093
 21
73.5706632196
  0
LINE
  5
437
100
AcDbEntity
  8
0
100
AcDbLine
 62
7
  6
BYLAYER
 10
43.2328804095
 20
76.3043367813
 11
43.2217651943
 21
76.620099472
  0
LINE
  5
438
100
AcDbEntity
  8
0
100
AcDbLine
 62
7
  6
BYLAYER
 10
43.7656169676
 20
83.0645996287
 11
43.7762130504
 21
82.7635286146
  0
LINE
  5
439
100
AcDbEntity
  8
0
100
AcDbLine
 62
7
  6
BYLAYER
 10
43.758133825
 20
83.2771511854
 11
43.7656169676
 21
83.0645996287
  0
LINE
  5
43A
100
AcDbEntity
  8
0
100
AcDbLine
 62
7
  6
BYLAYER
 10
44.369390434
 20
85.5104003717
 11
44.3587943512
 21
85.8114713857
  0
LINE
  5
43B
100
AcDbEntity
  8
0
100
AcDbLine
 62
7
  6
BYLAYER
 10
44.3768735766
 20
85.2978488149
 11
44.369390434
 21
85.5104003717
  0
LINE
  5
43C
100
AcDbEntity
  8
0
100
AcDbLine
 62
7
  6
BYLAYER
 10
44.5386991871
 20
82.6875000202
 11
44.5386991871
 21
83.4114830146
  0
LINE
  5
43D
100
AcDbEntity
  8
0
100
AcDbLine
 62
7
  6
BYLAYER
 10
44.5386991871
 20
85.1635169857
 11
44.5386991871
 21
87.2097734633
  0
LINE
  5
43E
100
AcDbEntity
  8
0
100
AcDbLine
 62
7
  6
BYLAYER
 10
44.5675037037
 20
82.6875000202
 11
44.5675037052
 21
83.2179737244
  0
LINE
  5
43F
100
AcDbEntity
  8
0
100
AcDbLine
 62
7
  6
BYLAYER
 10
44.5675036964
 20
85.3570262121
 11
44.5675037003
 21
86.734181072
  0
LINE
  5
440
100
AcDbEntity
  8
0
100
AcDbLine
 62
7
  6
BYLAYER
 10
44.5845249859
 20
20.6877815774
 11
44.5845249944
 21
21.7705043678
  0
LINE
  5
441
100
AcDbEntity
  8
0
100
AcDbLine
 62
7
  6
BYLAYER
 10
44.584525179
 20
28.1038368026
 11
44.5845251792
 21
28.2856399542
  0
LINE
  5
442
100
AcDbEntity
  8
0
100
AcDbLine
 62
7
  6
BYLAYER
 10
44.5845249922
 20
71.4877815786
 11
44.5845249944
 21
71.7705043678
  0
LINE
  5
443
100
AcDbEntity
  8
0
100
AcDbLine
 62
7
  6
BYLAYER
 10
44.584525179
 20
78.1038368026
 11
44.5845251799
 21
79.085639954
  0
LINE
  5
444
100
AcDbEntity
  8
0
100
AcDbLine
 62
7
  6
BYLAYER
 10
45.2675037008
 20
72.2087384985
 11
45.2675037008
 21
72.1375000002
  0
LINE
  5
445
100
AcDbEntity
  8
0
100
AcDbLine
 62
7
  6
BYLAYER
 10
45.2675037008
 20
22.2087384985
 11
45.2675037008
 21
22.1375000002
  0
LINE
  5
446
100
AcDbEntity
  8
0
100
AcDbLine
 62
7
  6
BYLAYER
 10
45.7675037008
 20
78.2375000002
 11
45.7675037008
 21
77.1651937356
  0
LINE
  5
447
100
AcDbEntity
  8
0
100
AcDbLine
 62
7
  6
BYLAYER
 10
45.7675037008
 20
72.7092722397
 11
45.7675037008
 21
72.2534597366
  0
LINE
  5
448
100
AcDbEntity
  8
0
100
AcDbLine
 62
7
  6
BYLAYER
 10
45.7675037008
 20
27.5192533019
 11
45.7675037008
 21
27.1651937356
  0
LINE
  5
449
100
AcDbEntity
  8
0
100
AcDbLine
 62
7
  6
BYLAYER
 10
45.7675037008
 20
22.7092722397
 11
45.7675037008
 21
21.6375000002
  0
LINE
  5
44A
100
AcDbEntity
  8
0
100
AcDbLine
 62
7
  6
BYLAYER
 10
46.8175037008
 20
54.8875000002
 11
46.8175037008
 21
54.3875000002
  0
LINE
  5
44B
100
AcDbEntity
  8
0
100
AcDbLine
 62
7
  6
BYLAYER
 10
46.8175037008
 20
44.8875000002
 11
46.8175037008
 21
45.3875000002
  0
LINE
  5
44C
100
AcDbEntity
  8
0
100
AcDbLine
 62
7
  6
BYLAYER
 10
43.2217637906
 20
23.2549003037
 11
43.2328804093
 21
23.5706632196
  0
LINE
  5
44D
100
AcDbEntity
  8
0
100
AcDbLine
 62
7
  6
BYLAYER
 10
42.7216834801
 20
23.7604941609
 11
42.7021269923
 21
23.5706632192
  0
LINE
  5
44E
100
AcDbEntity
  8
0
100
AcDbLine
 62
7
  6
BYLAYER
 10
43.2133239215
 20
26.1145058393
 11
43.2328804093
 21
26.3043367812
  0
LINE
  5
44F
100
AcDbEntity
  8
0
100
AcDbLine
 62
7
  6
BYLAYER
 10
41.9556864596
 20
24.3381851156
 11
42.0059856338
 21
24.5776879163
  0
LINE
  5
450
100
AcDbEntity
  8
0
100
AcDbLine
 62
7
  6
BYLAYER
 10
58.3892657377
 20
83.4208016761
 11
58.2339425908
 21
83.0066971208
  0
LINE
  5
451
100
AcDbEntity
  8
0
100
AcDbLine
 62
7
  6
BYLAYER
 10
56.4328804093
 20
73.5706632196
 11
56.7675037009
 21
74.2562465612
  0
LINE
  5
452
100
AcDbEntity
  8
0
100
AcDbLine
 62
7
  6
BYLAYER
 10
29.3675037052
 20
16.5570262121
 11
29.1887434063
 21
16.1907779452
  0
LINE
  5
453
100
AcDbEntity
  8
0
100
AcDbLine
 62
7
  6
BYLAYER
 10
29.5656169676
 20
16.7104003717
 11
29.3963082145
 21
16.3635169857
  0
LINE
  5
454
100
AcDbEntity
  8
0
100
AcDbLine
 62
7
  6
BYLAYER
 10
30.169390434
 20
14.2645996287
 11
30.3386991871
 21
14.6114830146
  0
LINE
  5
455
100
AcDbEntity
  8
0
100
AcDbLine
 62
7
  6
BYLAYER
 10
30.3675037052
 20
14.4179737244
 11
30.5462642501
 21
14.7842217911
  0
LINE
  5
456
100
AcDbEntity
  8
0
100
AcDbLine
 62
7
  6
BYLAYER
 10
33.4675037008
 20
57.3072094467
 11
27.4675037008
 21
57.3072094467
  0
LINE
  5
457
100
AcDbEntity
  8
0
100
AcDbLine
 62
7
  6
BYLAYER
 10
63.4675336527
 20
59.3874999357
 11
39.4675037008
 21
59.3874999535
  0
LINE
  5
458
100
AcDbEntity
  8
0
100
AcDbLine
 62
7
  6
BYLAYER
 10
21.4675037008
 20
59.3875000695
 11
9.4674754394
 21
59.3875001115
  0
LINE
  5
459
100
AcDbEntity
  8
0
100
AcDbLine
 62
7
  6
BYLAYER
 10
56.7675037008
 20
25.6187534391
 11
56.4328804095
 21
26.3043367813
  0
LINE
  5
45A
100
AcDbEntity
  8
0
100
AcDbLine
 62
7
  6
BYLAYER
 10
41.955720075
 20
75.5365985451
 11
42.0059856453
 21
75.2973121239
  0
LINE
  5
45B
100
AcDbEntity
  8
0
100
AcDbLine
 62
7
  6
BYLAYER
 10
47.3175037008
 20
88.5554015289
 11
47.3175037008
 21
84.2875000002
  0
LINE
  5
45C
100
AcDbEntity
  8
0
100
AcDbLine
 62
7
  6
BYLAYER
 10
48.0675037008
 20
12.8875000002
 11
48.0675037008
 21
17.0874999801
  0
LINE
  5
45D
100
AcDbEntity
  8
0
100
AcDbLine
 62
7
  6
BYLAYER
 10
48.0675037008
 20
82.6875000202
 11
48.0675037008
 21
86.8875000002
  0
LINE
  5
45E
100
AcDbEntity
  8
0
100
AcDbLine
 62
7
  6
BYLAYER
 10
48.1675037008
 20
54.8875000002
 11
48.1675037008
 21
51.5875000002
  0
LINE
  5
45F
100
AcDbEntity
  8
0
100
AcDbLine
 62
7
  6
BYLAYER
 10
48.1675037008
 20
44.8875000002
 11
48.1675037008
 21
48.1875000002
  0
LINE
  5
460
100
AcDbEntity
  8
0
100
AcDbLine
 62
7
  6
BYLAYER
 10
48.5675037008
 20
54.8875000002
 11
48.5675037008
 21
51.7375000002
  0
LINE
  5
461
100
AcDbEntity
  8
0
100
AcDbLine
 62
7
  6
BYLAYER
 10
48.5675037008
 20
48.0375000002
 11
48.5675037008
 21
44.8875000002
  0
LINE
  5
462
100
AcDbEntity
  8
0
100
AcDbLine
 62
7
  6
BYLAYER
 10
48.5675037008
 20
86.8875000002
 11
48.5675037008
 21
87.3132720107
  0
LINE
  5
463
100
AcDbEntity
  8
0
100
AcDbLine
 62
7
  6
BYLAYER
 10
50.5175037008
 20
54.8875000002
 11
50.5175037008
 21
51.7375000002
  0
LINE
  5
464
100
AcDbEntity
  8
0
100
AcDbLine
 62
7
  6
BYLAYER
 10
50.5175037008
 20
48.0375000002
 11
50.5175037008
 21
44.8875000002
  0
LINE
  5
465
100
AcDbEntity
  8
0
100
AcDbLine
 62
7
  6
BYLAYER
 10
43.979320942
 20
25.5368148847
 11
43.9290217678
 21
25.297312084
  0
LINE
  5
466
100
AcDbEntity
  8
0
100
AcDbLine
 62
7
  6
BYLAYER
 10
55.1556864596
 20
74.3381851156
 11
55.2059856338
 21
74.5776879163
  0
LINE
  5
467
100
AcDbEntity
  8
0
100
AcDbLine
 62
7
  6
BYLAYER
 10
42.367503636
 20
25.7200279399
 11
42.3360805949
 21
25.5737962925
  0
LINE
  5
468
100
AcDbEntity
  8
0
100
AcDbLine
 62
7
  6
BYLAYER
 10
55.567503636
 20
75.7200279399
 11
55.5360805949
 21
75.5737962925
  0
LINE
  5
469
100
AcDbEntity
  8
0
100
AcDbLine
 62
7
  6
BYLAYER
 10
30.3868170933
 20
25.5791837485
 11
30.2883436672
 21
25.477153342
  0
LINE
  5
46A
100
AcDbEntity
  8
0
100
AcDbLine
 62
7
  6
BYLAYER
 10
29.1481903083
 20
24.2958162517
 11
29.2466637344
 21
24.3978466583
  0
LINE
  5
46B
100
AcDbEntity
  8
0
100
AcDbLine
 62
7
  6
BYLAYER
 10
15.9675036524
 20
25.7200279029
 11
15.5557201151
 21
25.5367392359
  0
LINE
  5
46C
100
AcDbEntity
  8
0
100
AcDbLine
 62
7
  6
BYLAYER
 10
15.9481903082
 20
25.5791837487
 11
15.9360805949
 21
25.5737962925
  0
LINE
  5
46D
100
AcDbEntity
  8
0
100
AcDbLine
 62
7
  6
BYLAYER
 10
33.4675037008
 20
62.3072094467
 11
27.4675037008
 21
62.3072094467
  0
LINE
  5
46E
100
AcDbEntity
  8
0
100
AcDbLine
 62
7
  6
BYLAYER
 10
8.4675037008
 20
63.1875000002
 11
21.4675037008
 21
63.1875000002
  0
LINE
  5
46F
100
AcDbEntity
  8
0
100
AcDbLine
 62
7
  6
BYLAYER
 10
39.4675037008
 20
63.1875000002
 11
64.4675037008
 21
63.1875000002
  0
LINE
  5
470
100
AcDbEntity
  8
0
100
AcDbLine
 62
7
  6
BYLAYER
 10
25.7675037008
 20
63.2875000002
 11
35.1675037008
 21
63.2875000002
  0
LINE
  5
471
100
AcDbEntity
  8
0
100
AcDbLine
 62
7
  6
BYLAYER
 10
15.9360805949
 20
74.3012037079
 11
15.9481903083
 21
74.2958162517
  0
LINE
  5
472
100
AcDbEntity
  8
0
100
AcDbLine
 62
7
  6
BYLAYER
 10
15.5557201149
 20
74.3382607645
 11
15.9675036524
 21
74.1549720974
  0
LINE
  5
473
100
AcDbEntity
  8
0
100
AcDbLine
 62
7
  6
BYLAYER
 10
17.0992421906
 20
84.6571835084
 11
17.2425676671
 21
84.5171034148
  0
LINE
  5
474
100
AcDbEntity
  8
0
100
AcDbLine
 62
7
  6
BYLAYER
 10
29.1481903082
 20
75.5791837486
 11
29.2466637344
 21
75.477153342
  0
LINE
  5
475
100
AcDbEntity
  8
0
100
AcDbLine
 62
7
  6
BYLAYER
 10
30.3868170933
 20
74.2958162518
 11
30.2883436672
 21
74.3978466583
  0
LINE
  5
476
100
AcDbEntity
  8
0
100
AcDbLine
 62
7
  6
BYLAYER
 10
42.3675036597
 20
74.1549720974
 11
42.3360805949
 21
74.3012037079
  0
LINE
  5
477
100
AcDbEntity
  8
0
100
AcDbLine
 62
7
  6
BYLAYER
 10
55.5675036597
 20
24.1549720974
 11
55.5360805949
 21
24.3012037079
  0
LINE
  5
478
100
AcDbEntity
  8
0
100
AcDbLine
 62
7
  6
BYLAYER
 10
43.9804064543
 20
74.3384348295
 11
43.9290258245
 21
74.5776894962
  0
LINE
  5
479
100
AcDbEntity
  8
0
100
AcDbLine
 62
7
  6
BYLAYER
 10
55.155720075
 20
25.5365985451
 11
55.2059856453
 21
25.2973121239
  0
LINE
  5
47A
100
AcDbEntity
  8
0
100
AcDbLine
 62
7
  6
BYLAYER
 10
43.0642326496
 20
84.846202479
 11
43.1059855823
 21
84.6473121243
  0
LINE
  5
47B
100
AcDbEntity
  8
0
100
AcDbLine
 62
7
  6
BYLAYER
 10
43.5963082145
 20
85.1635169857
 11
43.567503705
 21
85.3570262121
  0
LINE
  5
47C
100
AcDbEntity
  8
0
100
AcDbLine
 62
7
  6
BYLAYER
 10
44.5386991871
 20
83.4114830146
 11
44.567503705
 21
83.2179737244
  0
LINE
  5
47D
100
AcDbEntity
  8
0
100
AcDbLine
 62
7
  6
BYLAYER
 10
55.9216854533
 20
26.1144902386
 11
55.9021269923
 21
26.3043367807
  0
LINE
  5
47E
100
AcDbEntity
  8
0
100
AcDbLine
 62
7
  6
BYLAYER
 10
56.4133219483
 20
23.7605097616
 11
56.4328804093
 21
23.5706632196
  0
LINE
  5
47F
100
AcDbEntity
  8
0
100
AcDbLine
 62
7
  6
BYLAYER
 10
51.1675037008
 20
54.8875000002
 11
51.1675037008
 21
51.5875000002
  0
LINE
  5
480
100
AcDbEntity
  8
0
100
AcDbLine
 62
7
  6
BYLAYER
 10
51.1675037008
 20
44.8875000002
 11
51.1675037008
 21
48.1875000002
  0
LINE
  5
481
100
AcDbEntity
  8
0
100
AcDbLine
 62
7
  6
BYLAYER
 10
51.2675037008
 20
11.2375000002
 11
51.2675037008
 21
11.2746863967
  0
LINE
  5
482
100
AcDbEntity
  8
0
100
AcDbLine
 62
7
  6
BYLAYER
 10
51.2675037008
 20
12.8875000002
 11
51.2675037008
 21
17.0874999801
  0
LINE
  5
483
100
AcDbEntity
  8
0
100
AcDbLine
 62
7
  6
BYLAYER
 10
51.2675037008
 20
82.6875000202
 11
51.2675037008
 21
87.3132720107
  0
LINE
  5
484
100
AcDbEntity
  8
0
100
AcDbLine
 62
7
  6
BYLAYER
 10
52.1675037008
 20
89.4075000002
 11
52.1675037008
 21
90.9875000002
  0
LINE
  5
485
100
AcDbEntity
  8
0
100
AcDbLine
 62
7
  6
BYLAYER
 10
52.5175037008
 20
54.8875000002
 11
52.5175037008
 21
54.3875000002
  0
LINE
  5
486
100
AcDbEntity
  8
0
100
AcDbLine
 62
7
  6
BYLAYER
 10
52.5175037008
 20
44.8875000002
 11
52.5175037008
 21
45.3875000002
  0
LINE
  5
487
100
AcDbEntity
  8
0
100
AcDbLine
 62
7
  6
BYLAYER
 10
52.7175037008
 20
11.2466779806
 11
52.7175037008
 21
12.4508972619
  0
LINE
  5
488
100
AcDbEntity
  8
0
100
AcDbLine
 62
7
  6
BYLAYER
 10
53.0675037008
 20
8.4394933317
 11
53.0675037008
 21
9.7875000002
  0
LINE
  5
489
100
AcDbEntity
  8
0
100
AcDbLine
 62
7
  6
BYLAYER
 10
53.2175037008
 20
11.746679953
 11
53.2175037008
 21
12.936891933
  0
LINE
  5
48A
100
AcDbEntity
  8
0
100
AcDbLine
 62
7
  6
BYLAYER
 10
53.3675037008
 20
21.6375000002
 11
53.3675037008
 21
22.7098062647
  0
LINE
  5
48B
100
AcDbEntity
  8
0
100
AcDbLine
 62
7
  6
BYLAYER
 10
53.3675037008
 20
27.1657277606
 11
53.3675037008
 21
27.3816642023
  0
LINE
  5
48C
100
AcDbEntity
  8
0
100
AcDbLine
 62
7
  6
BYLAYER
 10
53.3675037008
 20
72.3894841356
 11
53.3675037008
 21
72.7098062647
  0
LINE
  5
48D
100
AcDbEntity
  8
0
100
AcDbLine
 62
7
  6
BYLAYER
 10
53.3675037008
 20
77.1657277606
 11
53.3675037008
 21
78.1816642023
  0
LINE
  5
48E
100
AcDbEntity
  8
0
100
AcDbLine
 62
7
  6
BYLAYER
 10
53.6675037008
 20
89.4688924143
 11
53.6675037008
 21
89.0875000002
  0
LINE
  5
48F
100
AcDbEntity
  8
0
100
AcDbLine
 62
7
  6
BYLAYER
 10
53.8675037008
 20
90.8875000002
 11
53.8675037008
 21
89.0875000002
  0
LINE
  5
490
100
AcDbEntity
  8
0
100
AcDbLine
 62
7
  6
BYLAYER
 10
53.8675037008
 20
27.7210234558
 11
53.8675037008
 21
27.7375000002
  0
LINE
  5
491
100
AcDbEntity
  8
0
100
AcDbLine
 62
7
  6
BYLAYER
 10
53.8675037008
 20
77.6662615018
 11
53.8675037008
 21
77.7375000002
  0
LINE
  5
492
100
AcDbEntity
  8
0
100
AcDbLine
 62
7
  6
BYLAYER
 10
55.9216834801
 20
73.7604941609
 11
55.9021269923
 21
73.5706632192
  0
LINE
  5
493
100
AcDbEntity
  8
0
100
AcDbLine
 62
7
  6
BYLAYER
 10
56.4133239215
 20
76.1145058393
 11
56.4328804093
 21
76.3043367812
  0
LINE
  5
494
100
AcDbEntity
  8
0
100
AcDbLine
 62
7
  6
BYLAYER
 10
57.179320942
 20
75.5368148847
 11
57.1290217678
 21
75.297312084
  0
LINE
  5
495
100
AcDbEntity
  8
0
100
AcDbLine
 62
7
  6
BYLAYER
 10
42.7021269923
 20
26.3043367807
 11
42.3481903082
 21
25.5791837487
  0
LINE
  5
496
100
AcDbEntity
  8
0
100
AcDbLine
 62
7
  6
BYLAYER
 10
17.1868170933
 20
24.2958162518
 11
17.1675037008
 21
24.2872239714
  0
LINE
  5
497
100
AcDbEntity
  8
0
100
AcDbLine
 62
7
  6
BYLAYER
 10
17.1675036991
 20
24.15497164
 11
17.5804064143
 21
24.3385753414
  0
LINE
  5
498
100
AcDbEntity
  8
0
100
AcDbLine
 62
7
  6
BYLAYER
 10
39.4675037008
 20
64.8875000002
 11
35.1675037008
 21
64.8875000002
  0
LINE
  5
499
100
AcDbEntity
  8
0
100
AcDbLine
 62
7
  6
BYLAYER
 10
25.7675037008
 20
64.8875000002
 11
21.4675037008
 21
64.8875000002
  0
LINE
  5
49A
100
AcDbEntity
  8
0
100
AcDbLine
 62
7
  6
BYLAYER
 10
21.4675037008
 20
65.8875000031
 11
39.4675037008
 21
65.8875000032
  0
LINE
  5
49B
100
AcDbEntity
  8
0
100
AcDbLine
 62
7
  6
BYLAYER
 10
9.9675037008
 20
66.3875000002
 11
62.9675037008
 21
66.3875000002
  0
LINE
  5
49C
100
AcDbEntity
  8
0
100
AcDbLine
 62
7
  6
BYLAYER
 10
17.1675037008
 20
75.5877760289
 11
17.1868170933
 21
75.5791837485
  0
LINE
  5
49D
100
AcDbEntity
  8
0
100
AcDbLine
 62
7
  6
BYLAYER
 10
17.5792872867
 20
75.5367392358
 11
17.1675037025
 21
75.7200279239
  0
LINE
  5
49E
100
AcDbEntity
  8
0
100
AcDbLine
 62
7
  6
BYLAYER
 10
42.3481903083
 20
74.2958162517
 11
42.7021269921
 21
73.5706632191
  0
LINE
  5
49F
100
AcDbEntity
  8
0
100
AcDbLine
 62
7
  6
BYLAYER
 10
45.0717592501
 20
83.7288256973
 11
45.0290258882
 21
83.9276894959
  0
LINE
  5
4A0
100
AcDbEntity
  8
0
100
AcDbLine
 62
7
  6
BYLAYER
 10
57.1804064543
 20
24.3384348295
 11
57.1290258245
 21
24.5776894962
  0
LINE
  5
4A1
100
AcDbEntity
  8
0
100
AcDbLine
 62
7
  6
BYLAYER
 10
55.9021269921
 20
23.5706632191
 11
55.9132422073
 21
23.2549005283
  0
LINE
  5
4A2
100
AcDbEntity
  8
0
100
AcDbLine
 62
7
  6
BYLAYER
 10
56.4328804095
 20
26.3043367813
 11
56.4217651943
 21
26.620099472
  0
LINE
  5
4A3
100
AcDbEntity
  8
0
100
AcDbLine
 62
7
  6
BYLAYER
 10
55.9021269921
 20
73.5706632191
 11
55.9132422073
 21
73.2549005283
  0
LINE
  5
4A4
100
AcDbEntity
  8
0
100
AcDbLine
 62
7
  6
BYLAYER
 10
56.4328804095
 20
76.3043367813
 11
56.4217651943
 21
76.620099472
  0
LINE
  5
4A5
100
AcDbEntity
  8
0
100
AcDbLine
 62
7
  6
BYLAYER
 10
54.550482414
 20
78.9751660353
 11
54.5504824072
 21
78.1044956325
  0
LINE
  5
4A6
100
AcDbEntity
  8
0
100
AcDbLine
 62
7
  6
BYLAYER
 10
54.5504822233
 20
71.7711631974
 11
54.5504822231
 21
71.5984415565
  0
LINE
  5
4A7
100
AcDbEntity
  8
0
100
AcDbLine
 62
7
  6
BYLAYER
 10
54.5504822233
 20
21.7711631974
 11
54.5504822224
 21
20.7984415571
  0
LINE
  5
4A8
100
AcDbEntity
  8
0
100
AcDbLine
 62
7
  6
BYLAYER
 10
54.5675037008
 20
11.3875000002
 11
54.5675037008
 21
10.3870755612
  0
LINE
  5
4A9
100
AcDbEntity
  8
0
100
AcDbLine
 62
7
  6
BYLAYER
 10
54.6175037008
 20
84.2375000002
 11
54.6175037008
 21
88.058001138
  0
LINE
  5
4AA
100
AcDbEntity
  8
0
100
AcDbLine
 62
7
  6
BYLAYER
 10
55.0675037008
 20
7.2875000002
 11
55.0675037008
 21
7.5875000002
  0
LINE
  5
4AB
100
AcDbEntity
  8
0
100
AcDbLine
 62
7
  6
BYLAYER
 10
55.2581912229
 20
84.2716104262
 11
55.2581912228
 21
84.4604650582
  0
LINE
  5
4AC
100
AcDbEntity
  8
0
100
AcDbLine
 62
7
  6
BYLAYER
 10
55.481440586
 20
84.5422305301
 11
55.481440586
 21
84.5292087089
  0
LINE
  5
4AD
100
AcDbEntity
  8
0
100
AcDbLine
 62
7
  6
BYLAYER
 10
55.5675036963
 20
22.1034496834
 11
55.5675036597
 21
24.1549720974
  0
LINE
  5
4AE
100
AcDbEntity
  8
0
100
AcDbLine
 62
7
  6
BYLAYER
 10
55.5675036597
 20
75.7200279029
 11
55.5675036963
 21
77.7715503196
  0
LINE
  5
4AF
100
AcDbEntity
  8
0
100
AcDbLine
 62
7
  6
BYLAYER
 10
55.5675036597
 20
25.7200279029
 11
55.5675036963
 21
27.7715503196
  0
LINE
  5
4B0
100
AcDbEntity
  8
0
100
AcDbLine
 62
7
  6
BYLAYER
 10
55.5675036963
 20
72.1034496834
 11
55.5675036597
 21
74.1549720974
  0
LINE
  5
4B1
100
AcDbEntity
  8
0
100
AcDbLine
 62
7
  6
BYLAYER
 10
55.9175037008
 20
81.8498314333
 11
55.9175037008
 21
81.5939058122
  0
LINE
  5
4B2
100
AcDbEntity
  8
0
100
AcDbLine
 62
7
  6
BYLAYER
 10
56.3244259395
 20
85.7152776885
 11
56.3244265612
 21
85.1760623133
  0
LINE
  5
4B3
100
AcDbEntity
  8
0
100
AcDbLine
 62
7
  6
BYLAYER
 10
56.7675036516
 20
9.2875032705
 11
56.7675036516
 21
11.3875000002
  0
LINE
  5
4B4
100
AcDbEntity
  8
0
100
AcDbLine
 62
7
  6
BYLAYER
 10
56.7675037008
 20
21.5299017965
 11
56.7675037008
 21
24.2872239714
  0
LINE
  5
4B5
100
AcDbEntity
  8
0
100
AcDbLine
 62
7
  6
BYLAYER
 10
56.7675037008
 20
71.5299017965
 11
56.7675037008
 21
74.2872239714
  0
LINE
  5
4B6
100
AcDbEntity
  8
0
100
AcDbLine
 62
7
  6
BYLAYER
 10
56.7675037008
 20
75.5877760289
 11
56.7675037008
 21
78.3450982038
  0
LINE
  5
4B7
100
AcDbEntity
  8
0
100
AcDbLine
 62
7
  6
BYLAYER
 10
56.7675037008
 20
25.5877760289
 11
56.7675037008
 21
28.3450982038
  0
LINE
  5
4B8
100
AcDbEntity
  8
0
100
AcDbLine
 62
7
  6
BYLAYER
 10
57.0675037008
 20
11.3875000002
 11
57.0675037008
 21
9.2875000002
  0
LINE
  5
4B9
100
AcDbEntity
  8
0
100
AcDbLine
 62
7
  6
BYLAYER
 10
57.1675037008
 20
85.1069868506
 11
57.1675037008
 21
83.8717658239
  0
LINE
  5
4BA
100
AcDbEntity
  8
0
100
AcDbLine
 62
7
  6
BYLAYER
 10
57.1963080118
 20
85.4449943531
 11
57.1963075627
 21
83.5459602522
  0
LINE
  5
4BB
100
AcDbEntity
  8
0
100
AcDbLine
 62
7
  6
BYLAYER
 10
55.913243611
 20
76.6200996966
 11
55.9021269923
 21
76.3043367807
  0
LINE
  5
4BC
100
AcDbEntity
  8
0
100
AcDbLine
 62
7
  6
BYLAYER
 10
56.4217637906
 20
73.2549003037
 11
56.4328804093
 21
73.5706632196
  0
LINE
  5
4BD
100
AcDbEntity
  8
0
100
AcDbLine
 62
7
  6
BYLAYER
 10
55.913243611
 20
26.6200996966
 11
55.9021269923
 21
26.3043367807
  0
LINE
  5
4BE
100
AcDbEntity
  8
0
100
AcDbLine
 62
7
  6
BYLAYER
 10
56.4217637906
 20
23.2549003037
 11
56.4328804093
 21
23.5706632196
  0
LINE
  5
4BF
100
AcDbEntity
  8
0
100
AcDbLine
 62
7
  6
BYLAYER
 10
57.2134364188
 20
84.017059285
 11
57.1965320163
 21
83.5459572188
  0
LINE
  5
4C0
100
AcDbEntity
  8
0
100
AcDbLine
 62
7
  6
BYLAYER
 10
58.1385334089
 20
83.5459882824
 11
58.1675037008
 21
83.8717658239
  0
LINE
  5
4C1
100
AcDbEntity
  8
0
100
AcDbLine
 62
7
  6
BYLAYER
 10
58.6836262913
 20
83.2908205745
 11
58.6417732448
 21
82.8567629576
  0
LWPOLYLINE
  5
4C2
100
AcDbEntity
  8
0
100
AcDbPolyline
 62
7
  6
BYLAYER
 90
8
 70
0
 10
53.2174999627
 20
12.9367891788
 10
53.2262310085
 20
13.0212345032
 10
53.3152990192
 20
13.22589925
 10
53.5205109713
 20
13.4565603224
 10
53.8503061634
 20
13.690779282
 10
54.0626048799
 20
13.8030474775
 10
54.5879142034
 20
14.0084151994
 10
55.2649396043
 20
14.173735128
  0
LINE
  5
4C3
100
AcDbEntity
  8
0
100
AcDbLine
 62
7
  6
BYLAYER
 10
43.2328804093
 20
23.5706632196
 11
43.5675037009
 21
24.2562465612
  0
LINE
  5
4C4
100
AcDbEntity
  8
0
100
AcDbLine
 62
7
  6
BYLAYER
 10
30.5462640247
 20
16.1907779596
 11
30.3883436672
 21
16.0271533421
  0
LINE
  5
4C5
100
AcDbEntity
  8
0
100
AcDbLine
 62
7
  6
BYLAYER
 10
29.1887433769
 20
14.7842220408
 11
29.3466637344
 21
14.9478466583
  0
LINE
  5
4C6
100
AcDbEntity
  8
0
100
AcDbLine
 62
7
  6
BYLAYER
 10
29.1675036524
 20
25.7200279029
 11
28.7557201151
 21
25.5367392359
  0
LINE
  5
4C7
100
AcDbEntity
  8
0
100
AcDbLine
 62
7
  6
BYLAYER
 10
29.1481903082
 20
25.5791837487
 11
29.1360805949
 21
25.5737962925
  0
LINE
  5
4C8
100
AcDbEntity
  8
0
100
AcDbLine
 62
7
  6
BYLAYER
 10
30.3868170933
 20
24.2958162518
 11
30.3675037008
 21
24.2872239714
  0
LINE
  5
4C9
100
AcDbEntity
  8
0
100
AcDbLine
 62
7
  6
BYLAYER
 10
8.4675037008
 20
69.3875000002
 11
64.4675037008
 21
69.3875000002
  0
LINE
  5
4CA
100
AcDbEntity
  8
0
100
AcDbLine
 62
7
  6
BYLAYER
 10
8.4675037008
 20
70.7355161389
 11
7.9175037008
 21
70.7355161389
  0
LINE
  5
4CB
100
AcDbEntity
  8
0
100
AcDbLine
 62
7
  6
BYLAYER
 10
65.0175037008
 20
70.7607498206
 11
64.4675037008
 21
70.7607498206
  0
LINE
  5
4CC
100
AcDbEntity
  8
0
100
AcDbLine
 62
7
  6
BYLAYER
 10
29.1360805949
 20
74.3012037079
 11
29.1481903083
 21
74.2958162517
  0
LINE
  5
4CD
100
AcDbEntity
  8
0
100
AcDbLine
 62
7
  6
BYLAYER
 10
30.3675037008
 20
75.5877760289
 11
30.3868170933
 21
75.5791837485
  0
LINE
  5
4CE
100
AcDbEntity
  8
0
100
AcDbLine
 62
7
  6
BYLAYER
 10
28.7557201149
 20
74.3382607645
 11
29.1675036524
 21
74.1549720974
  0
LINE
  5
4CF
100
AcDbEntity
  8
0
100
AcDbLine
 62
7
  6
BYLAYER
 10
14.5770651681
 20
85.4418678283
 11
14.5767196739
 21
85.4420652949
  0
LINE
  5
4D0
100
AcDbEntity
  8
0
100
AcDbLine
 62
7
  6
BYLAYER
 10
43.5675037008
 20
75.6187534391
 11
43.2328804095
 21
76.3043367813
  0
LINE
  5
4D1
100
AcDbEntity
  8
0
100
AcDbLine
 62
7
  6
BYLAYER
 10
43.3887434063
 20
83.5842220551
 11
43.5675037052
 21
83.2179737882
  0
LINE
  5
4D2
100
AcDbEntity
  8
0
100
AcDbLine
 62
7
  6
BYLAYER
 10
55.9216854533
 20
76.1144902386
 11
55.9021269923
 21
76.3043367807
  0
LINE
  5
4D3
100
AcDbEntity
  8
0
100
AcDbLine
 62
7
  6
BYLAYER
 10
56.4133219483
 20
73.7605097616
 11
56.4328804093
 21
73.5706632196
  0
LINE
  5
4D4
100
AcDbEntity
  8
0
100
AcDbLine
 62
7
  6
BYLAYER
 10
56.6513811103
 20
83.2908205745
 11
56.6932343911
 21
82.8567633831
  0
LINE
  5
4D5
100
AcDbEntity
  8
0
100
AcDbLine
 62
7
  6
BYLAYER
 10
57.1963075627
 20
83.5459602522
 11
57.1675037008
 21
83.8717658239
  0
LINE
  5
4D6
100
AcDbEntity
  8
0
100
AcDbLine
 62
7
  6
BYLAYER
 10
58.1384753967
 20
83.545957219
 11
58.1215723635
 21
84.0170588515
  0
LINE
  5
4D7
100
AcDbEntity
  8
0
100
AcDbLine
 62
7
  6
BYLAYER
 10
57.7845249922
 20
71.4877815786
 11
57.7845249944
 21
71.7705043678
  0
LINE
  5
4D8
100
AcDbEntity
  8
0
100
AcDbLine
 62
7
  6
BYLAYER
 10
57.7845249859
 20
20.6877815774
 11
57.7845249944
 21
21.7705043678
  0
LINE
  5
4D9
100
AcDbEntity
  8
0
100
AcDbLine
 62
7
  6
BYLAYER
 10
57.784525179
 20
28.1038368026
 11
57.7845251792
 21
28.2856399542
  0
LINE
  5
4DA
100
AcDbEntity
  8
0
100
AcDbLine
 62
7
  6
BYLAYER
 10
57.784525179
 20
78.1038368026
 11
57.7845251799
 21
79.085639954
  0
LINE
  5
4DB
100
AcDbEntity
  8
0
100
AcDbLine
 62
7
  6
BYLAYER
 10
58.1386998393
 20
83.5459602544
 11
58.1386993899
 21
85.4449923968
  0
LINE
  5
4DC
100
AcDbEntity
  8
0
100
AcDbLine
 62
7
  6
BYLAYER
 10
58.1675037008
 20
85.1069868506
 11
58.1675037008
 21
83.8717658239
  0
LINE
  5
4DD
100
AcDbEntity
  8
0
100
AcDbLine
 62
7
  6
BYLAYER
 10
58.4675037008
 20
72.2087384985
 11
58.4675037008
 21
72.1375000002
  0
LINE
  5
4DE
100
AcDbEntity
  8
0
100
AcDbLine
 62
7
  6
BYLAYER
 10
58.4675037008
 20
22.2087384985
 11
58.4675037008
 21
22.1375000002
  0
LINE
  5
4DF
100
AcDbEntity
  8
0
100
AcDbLine
 62
7
  6
BYLAYER
 10
58.9675037008
 20
78.2375000002
 11
58.9675037008
 21
77.1651937356
  0
LINE
  5
4E0
100
AcDbEntity
  8
0
100
AcDbLine
 62
7
  6
BYLAYER
 10
58.9675037008
 20
72.7092722397
 11
58.9675037008
 21
72.2534597366
  0
LINE
  5
4E1
100
AcDbEntity
  8
0
100
AcDbLine
 62
7
  6
BYLAYER
 10
58.9675037008
 20
27.5192533019
 11
58.9675037008
 21
27.1651937356
  0
LINE
  5
4E2
100
AcDbEntity
  8
0
100
AcDbLine
 62
7
  6
BYLAYER
 10
58.9675037008
 20
22.7092722397
 11
58.9675037008
 21
21.6375000002
  0
LINE
  5
4E3
100
AcDbEntity
  8
0
100
AcDbLine
 62
7
  6
BYLAYER
 10
59.010576205
 20
85.1760638067
 11
59.0105753952
 21
85.9659892711
  0
LINE
  5
4E4
100
AcDbEntity
  8
0
100
AcDbLine
 62
7
  6
BYLAYER
 10
59.4175037008
 20
81.8498314333
 11
59.4175037008
 21
81.5939058122
  0
LINE
  5
4E5
100
AcDbEntity
  8
0
100
AcDbLine
 62
7
  6
BYLAYER
 10
59.8535668156
 20
84.5292027715
 11
59.8535668156
 21
84.5422305302
  0
LINE
  5
4E6
100
AcDbEntity
  8
0
100
AcDbLine
 62
7
  6
BYLAYER
 10
60.0768159165
 20
84.2715400523
 11
60.0768161474
 21
84.4604642927
  0
LINE
  5
4E7
100
AcDbEntity
  8
0
100
AcDbLine
 62
7
  6
BYLAYER
 10
60.8675037008
 20
45.3875000002
 11
60.8675037008
 21
54.3875000002
  0
LINE
  5
4E8
100
AcDbEntity
  8
0
100
AcDbLine
 62
7
  6
BYLAYER
 10
55.9216834801
 20
23.7604941609
 11
55.9021269923
 21
23.5706632192
  0
LINE
  5
4E9
100
AcDbEntity
  8
0
100
AcDbLine
 62
7
  6
BYLAYER
 10
56.4133239215
 20
26.1145058393
 11
56.4328804093
 21
26.3043367812
  0
LINE
  5
4EA
100
AcDbEntity
  8
0
100
AcDbLine
 62
7
  6
BYLAYER
 10
55.1556864596
 20
24.3381851156
 11
55.2059856338
 21
24.5776879163
  0
LINE
  5
4EB
100
AcDbEntity
  8
0
100
AcDbLine
 62
7
  6
BYLAYER
 10
55.567503636
 20
25.7200279399
 11
55.5360805949
 21
25.5737962925
  0
LINE
  5
4EC
100
AcDbEntity
  8
0
100
AcDbLine
 62
7
  6
BYLAYER
 10
43.5868170933
 20
25.5791837485
 11
43.4883436672
 21
25.477153342
  0
LINE
  5
4ED
100
AcDbEntity
  8
0
100
AcDbLine
 62
7
  6
BYLAYER
 10
42.3481903083
 20
24.2958162517
 11
42.4466637344
 21
24.3978466583
  0
LINE
  5
4EE
100
AcDbEntity
  8
0
100
AcDbLine
 62
7
  6
BYLAYER
 10
30.3675036991
 20
24.15497164
 11
30.7804064143
 21
24.3385753414
  0
LINE
  5
4EF
100
AcDbEntity
  8
0
100
AcDbLine
 62
7
  6
BYLAYER
 10
58.7707718152
 20
74.3388857934
 11
57.1804064543
 21
74.3384348295
  0
LINE
  5
4F0
100
AcDbEntity
  8
0
100
AcDbLine
 62
7
  6
BYLAYER
 10
55.1557200748
 20
74.3384014553
 11
53.5642769273
 21
74.3379501855
  0
LINE
  5
4F1
100
AcDbEntity
  8
0
100
AcDbLine
 62
7
  6
BYLAYER
 10
45.5707718152
 20
74.3388857934
 11
43.9804064543
 21
74.3384348295
  0
LINE
  5
4F2
100
AcDbEntity
  8
0
100
AcDbLine
 62
7
  6
BYLAYER
 10
41.9557200748
 20
74.3384014553
 11
40.3642769273
 21
74.3379501855
  0
LINE
  5
4F3
100
AcDbEntity
  8
0
100
AcDbLine
 62
7
  6
BYLAYER
 10
32.3707718152
 20
74.3388857934
 11
30.7804064543
 21
74.3384348295
  0
LINE
  5
4F4
100
AcDbEntity
  8
0
100
AcDbLine
 62
7
  6
BYLAYER
 10
28.7557200748
 20
74.3384014553
 11
27.1642769273
 21
74.3379501855
  0
LINE
  5
4F5
100
AcDbEntity
  8
0
100
AcDbLine
 62
7
  6
BYLAYER
 10
19.1707718152
 20
74.3388857934
 11
17.5804064543
 21
74.3384348295
  0
LINE
  5
4F6
100
AcDbEntity
  8
0
100
AcDbLine
 62
7
  6
BYLAYER
 10
15.5557200748
 20
74.3384014553
 11
13.9642769273
 21
74.3379501855
  0
LINE
  5
4F7
100
AcDbEntity
  8
0
100
AcDbLine
 62
7
  6
BYLAYER
 10
8.4675037008
 20
71.9355156388
 11
7.9175037008
 21
71.9355156388
  0
LINE
  5
4F8
100
AcDbEntity
  8
0
100
AcDbLine
 62
7
  6
BYLAYER
 10
65.0175037008
 20
71.9517324308
 11
64.4675037008
 21
71.9517324308
  0
LINE
  5
4F9
100
AcDbEntity
  8
0
100
AcDbLine
 62
7
  6
BYLAYER
 10
13.2673154272
 20
73.1375000002
 11
13.4936551916
 21
73.1375000002
  0
LINE
  5
4FA
100
AcDbEntity
  8
0
100
AcDbLine
 62
7
  6
BYLAYER
 10
19.6414056486
 20
73.1375000002
 11
20.0674807339
 21
73.1375000002
  0
LINE
  5
4FB
100
AcDbEntity
  8
0
100
AcDbLine
 62
7
  6
BYLAYER
 10
26.4673154272
 20
73.1375000002
 11
26.6936551916
 21
73.1375000002
  0
LINE
  5
4FC
100
AcDbEntity
  8
0
100
AcDbLine
 62
7
  6
BYLAYER
 10
32.8414056486
 20
73.1375000002
 11
33.2674807339
 21
73.1375000002
  0
LINE
  5
4FD
100
AcDbEntity
  8
0
100
AcDbLine
 62
7
  6
BYLAYER
 10
39.6673154272
 20
73.1375000002
 11
39.8936551916
 21
73.1375000002
  0
LINE
  5
4FE
100
AcDbEntity
  8
0
100
AcDbLine
 62
7
  6
BYLAYER
 10
46.0414056486
 20
73.1375000002
 11
46.4674807339
 21
73.1375000002
  0
LINE
  5
4FF
100
AcDbEntity
  8
0
100
AcDbLine
 62
7
  6
BYLAYER
 10
52.8673154272
 20
73.1375000002
 11
53.0936551916
 21
73.1375000002
  0
LINE
  5
500
100
AcDbEntity
  8
0
100
AcDbLine
 62
7
  6
BYLAYER
 10
59.2414056486
 20
73.1375000002
 11
59.6674807339
 21
73.1375000002
  0
LINE
  5
501
100
AcDbEntity
  8
0
100
AcDbLine
 62
7
  6
BYLAYER
 10
16.0836262913
 20
83.266025062
 11
15.7892657377
 21
83.3960061636
  0
LINE
  5
502
100
AcDbEntity
  8
0
100
AcDbLine
 62
7
  6
BYLAYER
 10
30.7792872867
 20
75.5367392358
 11
30.3675037025
 21
75.7200279239
  0
LINE
  5
503
100
AcDbEntity
  8
0
100
AcDbLine
 62
7
  6
BYLAYER
 10
42.3481903082
 20
75.5791837486
 11
42.4466637344
 21
75.477153342
  0
LINE
  5
504
100
AcDbEntity
  8
0
100
AcDbLine
 62
7
  6
BYLAYER
 10
43.5868170933
 20
74.2958162518
 11
43.4883436672
 21
74.3978466583
  0
LINE
  5
505
100
AcDbEntity
  8
0
100
AcDbLine
 62
7
  6
BYLAYER
 10
43.5963082145
 20
83.4114830146
 11
43.7656169676
 21
83.0645996287
  0
LINE
  5
506
100
AcDbEntity
  8
0
100
AcDbLine
 62
7
  6
BYLAYER
 10
44.5386991871
 20
85.1635169857
 11
44.369390434
 21
85.5104003717
  0
LINE
  5
507
100
AcDbEntity
  8
0
100
AcDbLine
 62
7
  6
BYLAYER
 10
44.7462639953
 20
84.9907779452
 11
44.5675036964
 21
85.3570262121
  0
LINE
  5
508
100
AcDbEntity
  8
0
100
AcDbLine
 62
7
  6
BYLAYER
 10
55.5675036597
 20
74.1549720974
 11
55.5360805949
 21
74.3012037079
  0
LINE
  5
509
100
AcDbEntity
  8
0
100
AcDbLine
 62
7
  6
BYLAYER
 10
55.155720075
 20
75.5365985451
 11
55.2059856453
 21
75.2973121239
  0
LINE
  5
50A
100
AcDbEntity
  8
0
100
AcDbLine
 62
7
  6
BYLAYER
 10
61.1175037008
 20
88.0580011381
 11
61.1175037008
 21
84.2375000002
  0
LINE
  5
50B
100
AcDbEntity
  8
0
100
AcDbLine
 62
7
  6
BYLAYER
 10
61.1275037008
 20
44.8875000002
 11
61.1275037008
 21
45.3875000002
  0
LINE
  5
50C
100
AcDbEntity
  8
0
100
AcDbLine
 62
7
  6
BYLAYER
 10
61.1275037008
 20
54.3875000002
 11
61.1275037008
 21
54.8875000002
  0
LINE
  5
50D
100
AcDbEntity
  8
0
100
AcDbLine
 62
7
  6
BYLAYER
 10
61.1675037008
 20
54.3875000002
 11
61.1675037008
 21
45.3875000002
  0
LINE
  5
50E
100
AcDbEntity
  8
0
100
AcDbLine
 62
7
  6
BYLAYER
 10
61.2675037008
 20
12.8875000002
 11
61.2675037008
 21
17.0874999801
  0
LINE
  5
50F
100
AcDbEntity
  8
0
100
AcDbLine
 62
7
  6
BYLAYER
 10
61.2675037008
 20
82.6875000203
 11
61.2675037008
 21
86.8875000002
  0
LINE
  5
510
100
AcDbEntity
  8
0
100
AcDbLine
 62
7
  6
BYLAYER
 10
61.3675037008
 20
45.3875000002
 11
61.3675037008
 21
54.3875000002
  0
LINE
  5
511
100
AcDbEntity
  8
0
100
AcDbLine
 62
7
  6
BYLAYER
 10
61.8675037008
 20
89.0875000002
 11
61.8675037008
 21
90.8875000002
  0
LINE
  5
512
100
AcDbEntity
  8
0
100
AcDbLine
 62
7
  6
BYLAYER
 10
61.9175037008
 20
86.8875000002
 11
61.9175037008
 21
89.0875000002
  0
LINE
  5
513
100
AcDbEntity
  8
0
100
AcDbLine
 62
7
  6
BYLAYER
 10
62.0675037008
 20
45.1875000002
 11
62.0675037008
 21
54.5875000002
  0
LINE
  5
514
100
AcDbEntity
  8
0
100
AcDbLine
 62
7
  6
BYLAYER
 10
62.1175037008
 20
90.8874999998
 11
62.1175037008
 21
86.8875000002
  0
LINE
  5
515
100
AcDbEntity
  8
0
100
AcDbLine
 62
7
  6
BYLAYER
 10
62.1175037008
 20
12.8723076053
 11
62.1175037008
 21
11.3875000002
  0
LINE
  5
516
100
AcDbEntity
  8
0
100
AcDbLine
 62
7
  6
BYLAYER
 10
62.2675037008
 20
44.9875000002
 11
62.2675037008
 21
54.7875000002
  0
LINE
  5
517
100
AcDbEntity
  8
0
100
AcDbLine
 62
7
  6
BYLAYER
 10
62.9675037008
 20
66.3875000002
 11
62.9675037008
 21
63.1875000002
  0
LINE
  5
518
100
AcDbEntity
  8
0
100
AcDbLine
 62
7
  6
BYLAYER
 10
62.9675037008
 20
44.8875000002
 11
62.9675037008
 21
33.3875000002
  0
LINE
  5
519
100
AcDbEntity
  8
0
100
AcDbLine
 62
7
  6
BYLAYER
 10
63.3675037008
 20
17.125008289
 11
63.3675037025
 21
30.3875000002
  0
LINE
  5
51A
100
AcDbEntity
  8
0
100
AcDbLine
 62
7
  6
BYLAYER
 10
63.3675037002
 20
69.3875000002
 11
63.3675036924
 21
82.6499917113
  0
LINE
  5
51B
100
AcDbEntity
  8
0
100
AcDbLine
 62
7
  6
BYLAYER
 10
63.4674939372
 20
13.8875000002
 11
63.4675086535
 21
12.8875000002
  0
LINE
  5
51C
100
AcDbEntity
  8
0
100
AcDbLine
 62
7
  6
BYLAYER
 10
63.4675326216
 20
40.3874998986
 11
63.467576122
 21
36.5875002111
  0
LINE
  5
51D
100
AcDbEntity
  8
0
100
AcDbLine
 62
7
  6
BYLAYER
 10
63.4675037008
 20
11.3875000002
 11
63.4675037039
 21
12.8875000002
  0
LINE
  5
51E
100
AcDbEntity
  8
0
100
AcDbLine
 62
7
  6
BYLAYER
 10
63.4675037008
 20
30.3875000002
 11
63.4675037008
 21
36.5875000002
  0
LINE
  5
51F
100
AcDbEntity
  8
0
100
AcDbLine
 62
7
  6
BYLAYER
 10
63.4675037008
 20
63.1875000001
 11
63.4675037008
 21
69.3875000002
  0
LINE
  5
520
100
AcDbEntity
  8
0
100
AcDbLine
 62
7
  6
BYLAYER
 10
63.4675037008
 20
82.6875000002
 11
63.4675037008
 21
86.8875000002
  0
LINE
  5
521
100
AcDbEntity
  8
0
100
AcDbLine
 62
7
  6
BYLAYER
 10
63.4675020771
 20
17.0875000002
 11
63.4675016318
 21
13.8875009774
  0
LINE
  5
522
100
AcDbEntity
  8
0
100
AcDbLine
 62
7
  6
BYLAYER
 10
63.4675061556
 20
86.9811921526
 11
63.4675092845
 21
90.8875000002
  0
LINE
  5
523
100
AcDbEntity
  8
0
100
AcDbLine
 62
7
  6
BYLAYER
 10
63.4675929431
 20
63.1874996948
 11
63.4675326216
 21
40.3874998985
  0
LINE
  5
524
100
AcDbEntity
  8
0
100
AcDbLine
 62
7
  6
BYLAYER
 10
57.179320942
 20
25.5368148847
 11
57.1290217678
 21
25.297312084
  0
LINE
  5
525
100
AcDbEntity
  8
0
100
AcDbLine
 62
7
  6
BYLAYER
 10
55.9021269923
 20
26.3043367807
 11
55.5481903082
 21
25.5791837487
  0
LINE
  5
526
100
AcDbEntity
  8
0
100
AcDbLine
 62
7
  6
BYLAYER
 10
42.3675036524
 20
25.7200279029
 11
41.9557201151
 21
25.5367392359
  0
LINE
  5
527
100
AcDbEntity
  8
0
100
AcDbLine
 62
7
  6
BYLAYER
 10
42.3481903082
 20
25.5791837487
 11
42.3360805949
 21
25.5737962925
  0
LINE
  5
528
100
AcDbEntity
  8
0
100
AcDbLine
 62
7
  6
BYLAYER
 10
43.5868170933
 20
24.2958162518
 11
43.5675037008
 21
24.2872239714
  0
LINE
  5
529
100
AcDbEntity
  8
0
100
AcDbLine
 62
7
  6
BYLAYER
 10
43.5675036991
 20
24.15497164
 11
43.9804064143
 21
24.3385753414
  0
LINE
  5
52A
100
AcDbEntity
  8
0
100
AcDbLine
 62
7
  6
BYLAYER
 10
57.1792873269
 20
75.5365985451
 11
58.7707304743
 21
75.5370498148
  0
LINE
  5
52B
100
AcDbEntity
  8
0
100
AcDbLine
 62
7
  6
BYLAYER
 10
43.9792873269
 20
75.5365985451
 11
45.5707304743
 21
75.5370498148
  0
LINE
  5
52C
100
AcDbEntity
  8
0
100
AcDbLine
 62
7
  6
BYLAYER
 10
30.7792873269
 20
75.5365985451
 11
32.3707304743
 21
75.5370498148
  0
LINE
  5
52D
100
AcDbEntity
  8
0
100
AcDbLine
 62
7
  6
BYLAYER
 10
17.5792873269
 20
75.5365985451
 11
19.1707304743
 21
75.5370498148
  0
LINE
  5
52E
100
AcDbEntity
  8
0
100
AcDbLine
 62
7
  6
BYLAYER
 10
60.0787168702
 20
76.7375000002
 11
59.24135221
 21
76.7375000002
  0
LINE
  5
52F
100
AcDbEntity
  8
0
100
AcDbLine
 62
7
  6
BYLAYER
 10
53.093601753
 20
76.7375000002
 11
52.4578133593
 21
76.7375000002
  0
LINE
  5
530
100
AcDbEntity
  8
0
100
AcDbLine
 62
7
  6
BYLAYER
 10
46.8787168702
 20
76.7375000002
 11
46.04135221
 21
76.7375000002
  0
LINE
  5
531
100
AcDbEntity
  8
0
100
AcDbLine
 62
7
  6
BYLAYER
 10
39.893601753
 20
76.7375000002
 11
39.2578133593
 21
76.7375000002
  0
LINE
  5
532
100
AcDbEntity
  8
0
100
AcDbLine
 62
7
  6
BYLAYER
 10
33.6787168702
 20
76.7375000002
 11
32.84135221
 21
76.7375000002
  0
LINE
  5
533
100
AcDbEntity
  8
0
100
AcDbLine
 62
7
  6
BYLAYER
 10
26.693601753
 20
76.7375000002
 11
26.0578133593
 21
76.7375000002
  0
LINE
  5
534
100
AcDbEntity
  8
0
100
AcDbLine
 62
7
  6
BYLAYER
 10
20.4787168702
 20
76.7375000002
 11
19.64135221
 21
76.7375000002
  0
LINE
  5
535
100
AcDbEntity
  8
0
100
AcDbLine
 62
7
  6
BYLAYER
 10
13.493601753
 20
76.7375000002
 11
12.8578133593
 21
76.7375000002
  0
LINE
  5
536
100
AcDbEntity
  8
0
100
AcDbLine
 62
7
  6
BYLAYER
 10
13.9642767154
 20
75.5370498148
 11
15.555720075
 21
75.5365985451
  0
LINE
  5
537
100
AcDbEntity
  8
0
100
AcDbLine
 62
7
  6
BYLAYER
 10
27.1642767154
 20
75.5370498148
 11
28.755720075
 21
75.5365985451
  0
LINE
  5
538
100
AcDbEntity
  8
0
100
AcDbLine
 62
7
  6
BYLAYER
 10
40.3642767154
 20
75.5370498148
 11
41.955720075
 21
75.5365985451
  0
LINE
  5
539
100
AcDbEntity
  8
0
100
AcDbLine
 62
7
  6
BYLAYER
 10
53.5642767154
 20
75.5370498148
 11
55.155720075
 21
75.5365985451
  0
LINE
  5
53A
100
AcDbEntity
  8
0
100
AcDbLine
 62
7
  6
BYLAYER
 10
42.3360805949
 20
74.3012037079
 11
42.3481903083
 21
74.2958162517
  0
LINE
  5
53B
100
AcDbEntity
  8
0
100
AcDbLine
 62
7
  6
BYLAYER
 10
43.5675037008
 20
75.5877760289
 11
43.5868170933
 21
75.5791837485
  0
LINE
  5
53C
100
AcDbEntity
  8
0
100
AcDbLine
 62
7
  6
BYLAYER
 10
41.9557201149
 20
74.3382607645
 11
42.3675036524
 21
74.1549720974
  0
LINE
  5
53D
100
AcDbEntity
  8
0
100
AcDbLine
 62
7
  6
BYLAYER
 10
43.9792872867
 20
75.5367392358
 11
43.5675037025
 21
75.7200279239
  0
LINE
  5
53E
100
AcDbEntity
  8
0
100
AcDbLine
 62
7
  6
BYLAYER
 10
55.5481903083
 20
74.2958162517
 11
55.9021269921
 21
73.5706632191
  0
LINE
  5
53F
100
AcDbEntity
  8
0
100
AcDbLine
 62
7
  6
BYLAYER
 10
57.1804064543
 20
74.3384348295
 11
57.1290258245
 21
74.5776894962
  0
LINE
  5
540
100
AcDbEntity
  8
0
100
AcDbLine
 62
7
  6
BYLAYER
 10
64.3674921489
 20
17.3879619499
 11
64.3675014021
 21
30.3875000002
  0
LINE
  5
541
100
AcDbEntity
  8
0
100
AcDbLine
 62
7
  6
BYLAYER
 10
64.3675014001
 20
69.3875000002
 11
64.3674921391
 21
82.3870371765
  0
LINE
  5
542
100
AcDbEntity
  8
0
100
AcDbLine
 62
7
  6
BYLAYER
 10
64.4675037008
 20
12.3875000002
 11
64.4675037008
 21
89.8875000002
  0
LINE
  5
543
100
AcDbEntity
  8
0
100
AcDbLine
 62
7
  6
BYLAYER
 10
65.0175037008
 20
70.7607498206
 11
65.0175037008
 21
71.9517324308
  0
LINE
  5
544
100
AcDbEntity
  8
0
100
AcDbLine
 62
7
  6
BYLAYER
 10
56.4328804093
 20
23.5706632196
 11
56.7675037009
 21
24.2562465612
  0
LINE
  5
545
100
AcDbEntity
  8
0
100
AcDbLine
 62
7
  6
BYLAYER
 10
29.1887434063
 20
16.1907779452
 11
28.864232685
 21
16.0463266036
  0
LINE
  5
546
100
AcDbEntity
  8
0
100
AcDbLine
 62
7
  6
BYLAYER
 10
55.5675036524
 20
25.7200279029
 11
55.1557201151
 21
25.5367392359
  0
LINE
  5
547
100
AcDbEntity
  8
0
100
AcDbLine
 62
7
  6
BYLAYER
 10
55.5481903082
 20
25.5791837487
 11
55.5360805949
 21
25.5737962925
  0
LINE
  5
548
100
AcDbEntity
  8
0
100
AcDbLine
 62
7
  6
BYLAYER
 10
30.5462642501
 20
14.7842217911
 11
30.8717592147
 21
14.928949666
  0
LINE
  5
549
100
AcDbEntity
  8
0
100
AcDbLine
 62
7
  6
BYLAYER
 10
19.3675037008
 20
78.2375000002
 11
19.4897631122
 21
78.2375000002
  0
LINE
  5
54A
100
AcDbEntity
  8
0
100
AcDbLine
 62
7
  6
BYLAYER
 10
32.5675037008
 20
78.2375000002
 11
32.6897631122
 21
78.2375000002
  0
LINE
  5
54B
100
AcDbEntity
  8
0
100
AcDbLine
 62
7
  6
BYLAYER
 10
45.7675037008
 20
78.2375000002
 11
45.8897631122
 21
78.2375000002
  0
LINE
  5
54C
100
AcDbEntity
  8
0
100
AcDbLine
 62
7
  6
BYLAYER
 10
58.9675037008
 20
78.2375000002
 11
59.0897631122
 21
78.2375000002
  0
LINE
  5
54D
100
AcDbEntity
  8
0
100
AcDbLine
 62
7
  6
BYLAYER
 10
55.5360805949
 20
74.3012037079
 11
55.5481903083
 21
74.2958162517
  0
LINE
  5
54E
100
AcDbEntity
  8
0
100
AcDbLine
 62
7
  6
BYLAYER
 10
55.1557201149
 20
74.3382607645
 11
55.5675036524
 21
74.1549720974
  0
LINE
  5
54F
100
AcDbEntity
  8
0
100
AcDbLine
 62
7
  6
BYLAYER
 10
43.388743393
 20
84.9907779751
 11
43.5466637344
 21
84.827153342
  0
LINE
  5
550
100
AcDbEntity
  8
0
100
AcDbLine
 62
7
  6
BYLAYER
 10
44.7462642369
 20
83.5842218209
 11
44.5883436672
 21
83.7478466583
  0
LINE
  5
551
100
AcDbEntity
  8
0
100
AcDbLine
 62
7
  6
BYLAYER
 10
56.7675037008
 20
75.6187534391
 11
56.4328804095
 21
76.3043367813
  0
LINE
  5
552
100
AcDbEntity
  8
0
100
AcDbLine
 62
7
  6
BYLAYER
 10
56.9457416639
 20
83.4208016761
 11
57.1010648108
 21
83.0066971208
  0
LINE
  5
553
100
AcDbEntity
  8
0
100
AcDbLine
 62
7
  6
BYLAYER
 10
56.7868170933
 20
25.5791837485
 11
56.6883436672
 21
25.477153342
  0
LINE
  5
554
100
AcDbEntity
  8
0
100
AcDbLine
 62
7
  6
BYLAYER
 10
55.5481903083
 20
24.2958162517
 11
55.6466637344
 21
24.3978466583
  0
LINE
  5
555
100
AcDbEntity
  8
0
100
AcDbLine
 62
7
  6
BYLAYER
 10
56.7868170933
 20
24.2958162518
 11
56.7675037008
 21
24.2872239714
  0
LINE
  5
556
100
AcDbEntity
  8
0
100
AcDbLine
 62
7
  6
BYLAYER
 10
56.7675036991
 20
24.15497164
 11
57.1804064143
 21
24.3385753414
  0
LINE
  5
557
100
AcDbEntity
  8
0
100
AcDbLine
 62
7
  6
BYLAYER
 10
54.9840654141
 20
83.8171004522
 11
54.8119865615
 21
83.8066009137
  0
LINE
  5
558
100
AcDbEntity
  8
0
100
AcDbLine
 62
7
  6
BYLAYER
 10
55.249355486
 20
84.2614152318
 11
54.9161419187
 21
84.2410839249
  0
LINE
  5
559
100
AcDbEntity
  8
0
100
AcDbLine
 62
7
  6
BYLAYER
 10
55.069233414
 20
84.4489362716
 11
55.2581912228
 21
84.4604650582
  0
LINE
  5
55A
100
AcDbEntity
  8
0
100
AcDbLine
 62
7
  6
BYLAYER
 10
46.4748335017
 20
83.7292235533
 11
45.0717592501
 21
83.7288256973
  0
LINE
  5
55B
100
AcDbEntity
  8
0
100
AcDbLine
 62
7
  6
BYLAYER
 10
43.0642326494
 20
83.7287975213
 11
41.6602111282
 21
83.7283993967
  0
LINE
  5
55C
100
AcDbEntity
  8
0
100
AcDbLine
 62
7
  6
BYLAYER
 10
9.5675036971
 20
82.3503997643
 11
63.3675036985
 21
82.3503989924
  0
LINE
  5
55D
100
AcDbEntity
  8
0
100
AcDbLine
 62
7
  6
BYLAYER
 10
63.367659445
 20
82.6499910558
 11
9.5667723553
 21
82.6499910545
  0
LINE
  5
55E
100
AcDbEntity
  8
0
100
AcDbLine
 62
7
  6
BYLAYER
 10
8.4675037008
 20
82.6875000002
 11
64.4675037008
 21
82.6875000002
  0
LINE
  5
55F
100
AcDbEntity
  8
0
100
AcDbLine
 62
7
  6
BYLAYER
 10
12.6744418781
 20
83.266025062
 11
14.0513811103
 21
83.266025062
  0
LINE
  5
560
100
AcDbEntity
  8
0
100
AcDbLine
 62
7
  6
BYLAYER
 10
16.0836262913
 20
83.266025062
 11
17.4605655235
 21
83.266025062
  0
LINE
  5
561
100
AcDbEntity
  8
0
100
AcDbLine
 62
7
  6
BYLAYER
 10
55.2744418781
 20
83.2908205745
 11
56.6513811103
 21
83.2908205745
  0
LINE
  5
562
100
AcDbEntity
  8
0
100
AcDbLine
 62
7
  6
BYLAYER
 10
58.6836262913
 20
83.2908205745
 11
60.0605655235
 21
83.2908205745
  0
LINE
  5
563
100
AcDbEntity
  8
0
100
AcDbLine
 62
7
  6
BYLAYER
 10
18.3102957889
 20
84.2478184242
 11
18.3140560836
 21
84.2476104715
  0
LINE
  5
564
100
AcDbEntity
  8
0
100
AcDbLine
 62
7
  6
BYLAYER
 10
18.1345759852
 20
83.7688971829
 11
17.7507352552
 21
83.7923175536
  0
LINE
  5
565
100
AcDbEntity
  8
0
100
AcDbLine
 62
7
  6
BYLAYER
 10
18.0407209241
 20
84.2027517906
 11
17.4855848982
 21
84.2366238286
  0
LINE
  5
566
100
AcDbEntity
  8
0
100
AcDbLine
 62
7
  6
BYLAYER
 10
17.4768161789
 20
84.4356687767
 11
17.888886724
 21
84.4105264222
  0
LINE
  5
567
100
AcDbEntity
  8
0
100
AcDbLine
 62
7
  6
BYLAYER
 10
56.7675037008
 20
75.5877760289
 11
56.7868170933
 21
75.5791837485
  0
LINE
  5
568
100
AcDbEntity
  8
0
100
AcDbLine
 62
7
  6
BYLAYER
 10
57.1792872867
 20
75.5367392358
 11
56.7675037025
 21
75.7200279239
  0
LINE
  5
569
100
AcDbEntity
  8
0
100
AcDbLine
 62
7
  6
BYLAYER
 10
43.0642326848
 20
83.7286733969
 11
43.3887434063
 21
83.5842220551
  0
LINE
  5
56A
100
AcDbEntity
  8
0
100
AcDbLine
 62
7
  6
BYLAYER
 10
56.7868170933
 20
74.2958162518
 11
56.6883436672
 21
74.3978466583
  0
LINE
  5
56B
100
AcDbEntity
  8
0
100
AcDbLine
 62
7
  6
BYLAYER
 10
55.5481903082
 20
75.5791837486
 11
55.6466637344
 21
75.477153342
  0
LINE
  5
56C
100
AcDbEntity
  8
0
100
AcDbLine
 62
7
  6
BYLAYER
 10
58.3892657377
 20
83.4208016761
 11
58.1675037008
 21
83.8717658239
  0
LINE
  5
56D
100
AcDbEntity
  8
0
100
AcDbLine
 62
7
  6
BYLAYER
 10
11.824712461
 20
84.2478184279
 11
11.8209124883
 21
84.2474987058
  0
LINE
  5
56E
100
AcDbEntity
  8
0
100
AcDbLine
 62
7
  6
BYLAYER
 10
12.000440411
 20
83.7688975648
 11
12.3840653756
 21
83.7923048646
  0
LINE
  5
56F
100
AcDbEntity
  8
0
100
AcDbLine
 62
7
  6
BYLAYER
 10
12.6493552877
 20
84.2366194906
 11
12.0942692825
 21
84.202750539
  0
LINE
  5
570
100
AcDbEntity
  8
0
100
AcDbLine
 62
7
  6
BYLAYER
 10
12.2461081085
 20
84.4105273243
 11
12.6581912297
 21
84.435669544
  0
LINE
  5
571
100
AcDbEntity
  8
0
100
AcDbLine
 62
7
  6
BYLAYER
 10
45.0707747522
 20
84.846202479
 11
46.4747962734
 21
84.8466006036
  0
LINE
  5
572
100
AcDbEntity
  8
0
100
AcDbLine
 62
7
  6
BYLAYER
 10
11.6675037008
 20
84.6875000002
 11
11.8175037028
 21
84.6875000002
  0
LINE
  5
573
100
AcDbEntity
  8
0
100
AcDbLine
 62
7
  6
BYLAYER
 10
18.3175036996
 20
84.6875000002
 11
21.6675037008
 21
84.6875000002
  0
LINE
  5
574
100
AcDbEntity
  8
0
100
AcDbLine
 62
7
  6
BYLAYER
 10
24.8675037008
 20
84.6875000002
 11
34.8675037008
 21
84.6875000002
  0
LINE
  5
575
100
AcDbEntity
  8
0
100
AcDbLine
 62
7
  6
BYLAYER
 10
38.0675037008
 20
84.6875000002
 11
40.8175037008
 21
84.6875000002
  0
LINE
  5
576
100
AcDbEntity
  8
0
100
AcDbLine
 62
7
  6
BYLAYER
 10
47.3175037008
 20
84.6875000002
 11
48.0675037008
 21
84.6875000002
  0
LINE
  5
577
100
AcDbEntity
  8
0
100
AcDbLine
 62
7
  6
BYLAYER
 10
51.2675037008
 20
84.6875000002
 11
54.6175037008
 21
84.6875000002
  0
LINE
  5
578
100
AcDbEntity
  8
0
100
AcDbLine
 62
7
  6
BYLAYER
 10
61.1175037008
 20
84.6875000002
 11
61.2675037008
 21
84.6875000002
  0
LINE
  5
579
100
AcDbEntity
  8
0
100
AcDbLine
 62
7
  6
BYLAYER
 10
64.4675037008
 20
85.8874999979
 11
61.2675037008
 21
85.8875000017
  0
LINE
  5
57A
100
AcDbEntity
  8
0
100
AcDbLine
 62
7
  6
BYLAYER
 10
51.2675037008
 20
85.8875000002
 11
48.0675037008
 21
85.8875000002
  0
LINE
  5
57B
100
AcDbEntity
  8
0
100
AcDbLine
 62
7
  6
BYLAYER
 10
38.0675037008
 20
85.8875000002
 11
34.8675037008
 21
85.8875000002
  0
LINE
  5
57C
100
AcDbEntity
  8
0
100
AcDbLine
 62
7
  6
BYLAYER
 10
24.8675037008
 20
85.8875000002
 11
21.6675037008
 21
85.8875000002
  0
LINE
  5
57D
100
AcDbEntity
  8
0
100
AcDbLine
 62
7
  6
BYLAYER
 10
8.4675037008
 20
85.8874999956
 11
11.6675037008
 21
85.8874999996
  0
LINE
  5
57E
100
AcDbEntity
  8
0
100
AcDbLine
 62
7
  6
BYLAYER
 10
63.4675042801
 20
86.8875000002
 11
61.2675037008
 21
86.8875000002
  0
LINE
  5
57F
100
AcDbEntity
  8
0
100
AcDbLine
 62
7
  6
BYLAYER
 10
11.6675037008
 20
86.8875000002
 11
9.4675037416
 21
86.8875000002
  0
LINE
  5
580
100
AcDbEntity
  8
0
100
AcDbLine
 62
7
  6
BYLAYER
 10
21.6675037008
 20
86.8875000002
 11
24.8675037008
 21
86.8875000002
  0
LINE
  5
581
100
AcDbEntity
  8
0
100
AcDbLine
 62
7
  6
BYLAYER
 10
34.8675037008
 20
86.8875000002
 11
38.0675037008
 21
86.8875000002
  0
LINE
  5
582
100
AcDbEntity
  8
0
100
AcDbLine
 62
7
  6
BYLAYER
 10
42.195522975
 20
86.8875000002
 11
42.4169330421
 21
86.8875000002
  0
LINE
  5
583
100
AcDbEntity
  8
0
100
AcDbLine
 62
7
  6
BYLAYER
 10
45.7171983535
 20
86.8875000002
 11
45.9202967385
 21
86.8875000002
  0
LINE
  5
584
100
AcDbEntity
  8
0
100
AcDbLine
 62
7
  6
BYLAYER
 10
48.0675037008
 20
86.8875000002
 11
51.2675037008
 21
86.8875000002
  0
LINE
  5
585
100
AcDbEntity
  8
0
100
AcDbLine
 62
7
  6
BYLAYER
 10
63.4675061556
 20
86.9811921526
 11
62.1175037008
 21
86.9811921966
  0
LINE
  5
586
100
AcDbEntity
  8
0
100
AcDbLine
 62
7
  6
BYLAYER
 10
10.8175037008
 20
86.9811921593
 11
9.4675044736
 21
86.9811921556
  0
LINE
  5
587
100
AcDbEntity
  8
0
100
AcDbLine
 62
7
  6
BYLAYER
 10
21.6675037008
 20
87.3132720107
 11
24.3675037008
 21
87.3132720107
  0
LINE
  5
588
100
AcDbEntity
  8
0
100
AcDbLine
 62
7
  6
BYLAYER
 10
35.3675037008
 20
87.3132720107
 11
37.5675037008
 21
87.3132720107
  0
LINE
  5
589
100
AcDbEntity
  8
0
100
AcDbLine
 62
7
  6
BYLAYER
 10
48.5675037008
 20
87.3132720107
 11
51.2675037008
 21
87.3132720107
  0
LINE
  5
58A
100
AcDbEntity
  8
0
100
AcDbLine
 62
7
  6
BYLAYER
 10
61.9175037008
 20
87.4702313457
 11
61.1175037008
 21
87.4702313457
  0
LINE
  5
58B
100
AcDbEntity
  8
0
100
AcDbLine
 62
7
  6
BYLAYER
 10
54.6175037008
 20
87.4702313457
 11
47.3175037008
 21
87.4702313457
  0
LINE
  5
58C
100
AcDbEntity
  8
0
100
AcDbLine
 62
7
  6
BYLAYER
 10
40.8175037008
 20
87.4702313457
 11
18.3175037006
 21
87.4702313457
  0
LINE
  5
58D
100
AcDbEntity
  8
0
100
AcDbLine
 62
7
  6
BYLAYER
 10
11.8175037011
 20
87.4702313457
 11
11.0175037008
 21
87.4702313457
  0
LINE
  5
58E
100
AcDbEntity
  8
0
100
AcDbLine
 62
7
  6
BYLAYER
 10
11.0175037008
 20
87.5516118993
 11
11.8175037054
 21
87.5516118993
  0
LINE
  5
58F
100
AcDbEntity
  8
0
100
AcDbLine
 62
7
  6
BYLAYER
 10
18.3175037006
 20
87.5516118993
 11
40.8175037008
 21
87.5516118993
  0
LINE
  5
590
100
AcDbEntity
  8
0
100
AcDbLine
 62
7
  6
BYLAYER
 10
47.3175037008
 20
87.5516118993
 11
54.6175037008
 21
87.5516118993
  0
LINE
  5
591
100
AcDbEntity
  8
0
100
AcDbLine
 62
7
  6
BYLAYER
 10
61.1175037008
 20
87.5516118993
 11
61.9175037008
 21
87.5516118993
  0
LINE
  5
592
100
AcDbEntity
  8
0
100
AcDbLine
 62
7
  6
BYLAYER
 10
61.1175037008
 20
88.058001138
 11
54.6175037008
 21
88.058001138
  0
LINE
  5
593
100
AcDbEntity
  8
0
100
AcDbLine
 62
7
  6
BYLAYER
 10
18.317503699
 20
88.058001138
 11
11.8175037163
 21
88.058001138
  0
LINE
  5
594
100
AcDbEntity
  8
0
100
AcDbLine
 62
7
  6
BYLAYER
 10
41.6602109428
 20
84.8466006037
 11
43.0642326496
 21
84.846202479
  0
LINE
  5
595
100
AcDbEntity
  8
0
100
AcDbLine
 62
7
  6
BYLAYER
 10
60.3507352537
 20
83.8171130691
 11
60.9283426124
 21
83.7818699081
  0
LINE
  5
596
100
AcDbEntity
  8
0
100
AcDbLine
 62
7
  6
BYLAYER
 10
60.834989675
 20
84.2156938122
 11
60.085584983
 21
84.2614192432
  0
LINE
  5
597
100
AcDbEntity
  8
0
100
AcDbLine
 62
7
  6
BYLAYER
 10
60.0768161474
 20
84.4604642927
 11
60.6845966355
 21
84.4233807597
  0
LINE
  5
598
100
AcDbEntity
  8
0
100
AcDbLine
 62
7
  6
BYLAYER
 10
45.0707747169
 20
84.8463266035
 11
44.7462639953
 21
84.9907779452
  0
LINE
  5
599
100
AcDbEntity
  8
0
100
AcDbLine
 62
7
  6
BYLAYER
 10
57.1964739964
 20
83.5459882838
 11
57.2824850422
 21
83.4212194615
  0
LINE
  5
59A
100
AcDbEntity
  8
0
100
AcDbLine
 62
7
  6
BYLAYER
 10
40.8175037008
 20
88.5554015289
 11
47.3175037008
 21
88.5554015289
  0
LINE
  5
59B
100
AcDbEntity
  8
0
100
AcDbLine
 62
7
  6
BYLAYER
 10
11.0175037008
 20
89.0875000002
 11
19.0675037008
 21
89.0875000002
  0
LINE
  5
59C
100
AcDbEntity
  8
0
100
AcDbLine
 62
7
  6
BYLAYER
 10
53.8675037008
 20
89.0875000002
 11
61.9175037008
 21
89.0875000002
  0
LINE
  5
59D
100
AcDbEntity
  8
0
100
AcDbLine
 62
7
  6
BYLAYER
 10
52.1675037008
 20
89.4075000002
 11
20.7675037008
 21
89.4075000002
  0
LINE
  5
59E
100
AcDbEntity
  8
0
100
AcDbLine
 62
7
  6
BYLAYER
 10
19.2675037008
 20
89.4688924143
 11
19.0675037008
 21
89.4688924143
  0
LINE
  5
59F
100
AcDbEntity
  8
0
100
AcDbLine
 62
7
  6
BYLAYER
 10
53.6675037008
 20
89.4688924143
 11
53.8675037008
 21
89.4688924143
  0
LINE
  5
5A0
100
AcDbEntity
  8
0
100
AcDbLine
 62
7
  6
BYLAYER
 10
61.8675037008
 20
90.1375000001
 11
59.4840408047
 21
90.1375000001
  0
LINE
  5
5A1
100
AcDbEntity
  8
0
100
AcDbLine
 62
7
  6
BYLAYER
 10
55.450966597
 20
90.1375000001
 11
53.8675037008
 21
90.1375000001
  0
LINE
  5
5A2
100
AcDbEntity
  8
0
100
AcDbLine
 62
7
  6
BYLAYER
 10
19.0675037008
 20
90.1375000001
 11
17.4840408047
 21
90.1375000001
  0
LINE
  5
5A3
100
AcDbEntity
  8
0
100
AcDbLine
 62
7
  6
BYLAYER
 10
13.4509665969
 20
90.1375000001
 11
11.0675037008
 21
90.1375000002
  0
LINE
  5
5A4
100
AcDbEntity
  8
0
100
AcDbLine
 62
7
  6
BYLAYER
 10
9.4675029226
 20
90.7001154662
 11
10.8175037008
 21
90.7001155178
  0
LINE
  5
5A5
100
AcDbEntity
  8
0
100
AcDbLine
 62
7
  6
BYLAYER
 10
62.1175037008
 20
90.7001155968
 11
63.4675091252
 21
90.70011557
  0
LINE
  5
5A6
100
AcDbEntity
  8
0
100
AcDbLine
 62
7
  6
BYLAYER
 10
9.4675042641
 20
90.8875000002
 11
20.309992108
 21
90.8875000002
  0
LINE
  5
5A7
100
AcDbEntity
  8
0
100
AcDbLine
 62
7
  6
BYLAYER
 10
52.6294790855
 20
90.8875000002
 11
54.4673797135
 21
90.8875000002
  0
LINE
  5
5A8
100
AcDbEntity
  8
0
100
AcDbLine
 62
7
  6
BYLAYER
 10
60.1502336665
 20
90.8875000002
 11
63.4675074785
 21
90.8875000002
  0
LINE
  5
5A9
100
AcDbEntity
  8
0
100
AcDbLine
 62
7
  6
BYLAYER
 10
52.1675037008
 20
90.9875000002
 11
20.7675037008
 21
90.9875000002
  0
LINE
  5
5AA
100
AcDbEntity
  8
0
100
AcDbLine
 62
7
  6
BYLAYER
 10
58.6836262913
 20
83.2908205745
 11
58.3892657377
 21
83.4208016761
  0
LINE
  5
5AB
100
AcDbEntity
  8
0
100
AcDbLine
 62
7
  6
BYLAYER
 10
57.1770651681
 20
85.4666633408
 11
57.1767196739
 21
85.4668608074
  0
LINE
  5
5AC
100
AcDbEntity
  8
0
100
AcDbLine
 62
7
  6
BYLAYER
 10
59.6992421906
 20
84.6819790209
 11
59.8425676671
 21
84.5418989273
  0
ARC
  5
5AD
100
AcDbEntity
  8
0
100
AcDbCircle
 62
7
  6
BYLAYER
 10
-6.9166280319
 20
32.6459766982
 40
24.1387513167
100
AcDbArc
 50
344.1525256782
 51
344.3011935295
  0
ARC
  5
5AE
100
AcDbEntity
  8
0
100
AcDbCircle
 62
7
  6
BYLAYER
 10
6.2833719681
 20
32.6459766982
 40
24.1387513167
100
AcDbArc
 50
344.1525256782
 51
344.3011935295
  0
ARC
  5
5AF
100
AcDbEntity
  8
0
100
AcDbCircle
 62
7
  6
BYLAYER
 10
7.5847873722
 20
17.5971414385
 40
22.7862749836
100
AcDbArc
 50
15.6931478385
 51
15.8506495346
  0
ARC
  5
5B0
100
AcDbEntity
  8
0
100
AcDbCircle
 62
7
  6
BYLAYER
 10
-5.6152126189
 20
17.597141441
 40
22.7862749744
100
AcDbArc
 50
15.6931478385
 51
15.8506495347
  0
ARC
  5
5B1
100
AcDbEntity
  8
0
100
AcDbCircle
 62
7
  6
BYLAYER
 10
8.8678822482
 20
17.3878478937
 40
0.3003577067
100
AcDbArc
 50
179.9780767851
 51
269.9622834631
  0
ARC
  5
5B2
100
AcDbEntity
  8
0
100
AcDbCircle
 62
7
  6
BYLAYER
 10
6.2833719565
 20
82.6459767015
 40
24.1387513287
100
AcDbArc
 50
344.1525256783
 51
344.3011935295
  0
ARC
  5
5B3
100
AcDbEntity
  8
0
100
AcDbCircle
 62
7
  6
BYLAYER
 10
-6.9166280435
 20
82.6459767015
 40
24.1387513287
100
AcDbArc
 50
344.1525256783
 51
344.3011935295
  0
ARC
  5
5B4
100
AcDbEntity
  8
0
100
AcDbCircle
 62
7
  6
BYLAYER
 10
7.5847873726
 20
67.5971414386
 40
22.7862749833
100
AcDbArc
 50
15.6931478385
 51
15.8506495346
  0
ARC
  5
5B5
100
AcDbEntity
  8
0
100
AcDbCircle
 62
7
  6
BYLAYER
 10
-5.6152126186
 20
67.5971414411
 40
22.7862749741
100
AcDbArc
 50
15.6931478385
 51
15.8506495347
  0
ARC
  5
5B6
100
AcDbEntity
  8
0
100
AcDbCircle
 62
7
  6
BYLAYER
 10
8.8678821793
 20
82.3871521535
 40
0.3003576608
100
AcDbArc
 50
90.0376877796
 51
180.0217654591
  0
ARC
  5
5B7
100
AcDbEntity
  8
0
100
AcDbCircle
 62
7
  6
BYLAYER
 10
9.5680131965
 20
3.8865623457
 40
13.2384466119
100
AcDbArc
 50
90.0025419557
 51
90.4543224617
  0
ARC
  5
5B8
100
AcDbEntity
  8
0
100
AcDbCircle
 62
7
  6
BYLAYER
 10
9.4675037008
 20
13.8875000002
 40
1.0
100
AcDbArc
 50
180.0
 51
269.9999838672
  0
ARC
  5
5B9
100
AcDbEntity
  8
0
100
AcDbCircle
 62
7
  6
BYLAYER
 10
9.4675037008
 20
12.3875000002
 40
1.0
100
AcDbArc
 50
180.0
 51
270.0
  0
CIRCLE
  5
5BA
100
AcDbEntity
  8
0
100
AcDbCircle
 62
7
  6
BYLAYER
 10
16.6675037008
 20
24.4875000002
 40
4.1
  0
CIRCLE
  5
5BB
100
AcDbEntity
  8
0
100
AcDbCircle
 62
7
  6
BYLAYER
 10
16.5675037008
 20
24.9375000002
 40
3.6
  0
ARC
  5
5BC
100
AcDbEntity
  8
0
100
AcDbCircle
 62
7
  6
BYLAYER
 10
16.5675037008
 20
24.9375000002
 40
3.4600181384
100
AcDbArc
 50
80.0138861471
 51
100.514903013
  0
ARC
  5
5BD
100
AcDbEntity
  8
0
100
AcDbCircle
 62
7
  6
BYLAYER
 10
16.5675037008
 20
24.9375000002
 40
3.4600181384
100
AcDbArc
 50
259.485096987
 51
279.9861138531
  0
ARC
  5
5BE
100
AcDbEntity
  8
0
100
AcDbCircle
 62
7
  6
BYLAYER
 10
16.5675037008
 20
24.9375000002
 40
3.3949635042
100
AcDbArc
 50
280.1794880474
 51
79.8205119526
  0
ARC
  5
5BF
100
AcDbEntity
  8
0
100
AcDbCircle
 62
7
  6
BYLAYER
 10
16.5675037008
 20
24.9375000002
 40
3.3949635042
100
AcDbArc
 50
100.384487718
 51
259.615512282
  0
ARC
  5
5C0
100
AcDbEntity
  8
0
100
AcDbCircle
 62
7
  6
BYLAYER
 10
16.5675037008
 20
24.9375000002
 40
2.8968661551
100
AcDbArc
 50
281.9536519714
 51
78.0463481056
  0
ARC
  5
5C1
100
AcDbEntity
  8
0
100
AcDbCircle
 62
7
  6
BYLAYER
 10
16.5675037008
 20
24.9375000002
 40
2.8968661551
100
AcDbArc
 50
101.9536520959
 51
258.0463479046
  0
ARC
  5
5C2
100
AcDbEntity
  8
0
100
AcDbCircle
 62
7
  6
BYLAYER
 10
16.5675037008
 20
24.9375000002
 40
2.671291266
100
AcDbArc
 50
347.0481015245
 51
12.967639236
  0
ARC
  5
5C3
100
AcDbEntity
  8
0
100
AcDbCircle
 62
7
  6
BYLAYER
 10
16.5675037008
 20
24.9375000002
 40
2.671291266
100
AcDbArc
 50
167.0323607748
 51
192.9676392188
  0
ARC
  5
5C4
100
AcDbEntity
  8
0
100
AcDbCircle
 62
7
  6
BYLAYER
 10
16.5675037008
 20
24.9375000002
 40
2.1343306491
100
AcDbArc
 50
344.6405629365
 51
15.3767148885
  0
ARC
  5
5C5
100
AcDbEntity
  8
0
100
AcDbCircle
 62
7
  6
BYLAYER
 10
16.5675037008
 20
24.9375000002
 40
2.1343306491
100
AcDbArc
 50
164.6231138661
 51
195.3767148885
  0
ARC
  5
5C6
100
AcDbEntity
  8
0
100
AcDbCircle
 62
7
  6
BYLAYER
 10
16.5675037008
 20
24.9375000002
 40
1.7017020703
100
AcDbArc
 50
81.4069162847
 51
98.5930358537
  0
ARC
  5
5C7
100
AcDbEntity
  8
0
100
AcDbCircle
 62
7
  6
BYLAYER
 10
16.5675037008
 20
24.9375000002
 40
1.7017020703
100
AcDbArc
 50
261.4069162854
 51
278.5930358528
  0
ARC
  5
5C8
100
AcDbEntity
  8
0
100
AcDbCircle
 62
7
  6
BYLAYER
 10
16.5675037008
 20
24.9375000002
 40
1.1472431439
100
AcDbArc
 50
161.379809877
 51
198.6203215332
  0
ARC
  5
5C9
100
AcDbEntity
  8
0
100
AcDbCircle
 62
7
  6
BYLAYER
 10
16.5675037008
 20
24.9375000002
 40
1.1472431439
100
AcDbArc
 50
76.7552729699
 51
103.2446670374
  0
ARC
  5
5CA
100
AcDbEntity
  8
0
100
AcDbCircle
 62
7
  6
BYLAYER
 10
16.5675037008
 20
24.9375000002
 40
1.1472431439
100
AcDbArc
 50
256.755283148
 51
283.2447001764
  0
ARC
  5
5CB
100
AcDbEntity
  8
0
100
AcDbCircle
 62
7
  6
BYLAYER
 10
16.5675037008
 20
24.9375000002
 40
1.1472431439
100
AcDbArc
 50
341.3836797761
 51
18.6203215334
  0
ARC
  5
5CC
100
AcDbEntity
  8
0
100
AcDbCircle
 62
7
  6
BYLAYER
 10
13.7675037008
 20
22.1375000002
 40
0.5
100
AcDbArc
 50
270.0
 51
360.0
  0
ARC
  5
5CD
100
AcDbEntity
  8
0
100
AcDbCircle
 62
7
  6
BYLAYER
 10
11.1675037008
 20
45.1875000002
 40
0.3
100
AcDbArc
 50
180.0
 51
269.9999999995
  0
ARC
  5
5CE
100
AcDbEntity
  8
0
100
AcDbCircle
 62
7
  6
BYLAYER
 10
10.9675037008
 20
44.9875000002
 40
0.3
100
AcDbArc
 50
180.0
 51
199.4712206346
  0
ARC
  5
5CF
100
AcDbEntity
  8
0
100
AcDbCircle
 62
7
  6
BYLAYER
 10
20.784787382
 20
17.5971414413
 40
22.7862749734
100
AcDbArc
 50
15.6931478384
 51
15.8506495346
  0
ARC
  5
5D0
100
AcDbEntity
  8
0
100
AcDbCircle
 62
7
  6
BYLAYER
 10
19.3675037008
 20
22.1375000002
 40
0.5
100
AcDbArc
 50
180.0
 51
270.0
  0
ARC
  5
5D1
100
AcDbEntity
  8
0
100
AcDbCircle
 62
7
  6
BYLAYER
 10
20.2175037008
 20
11.7466779806
 40
0.5
100
AcDbArc
 50
180.0000016233
 51
269.9999999998
  0
ARC
  5
5D2
100
AcDbEntity
  8
0
100
AcDbCircle
 62
7
  6
BYLAYER
 10
20.1836736787
 20
11.7606902832
 40
0.466169978
100
AcDbArc
 50
180.0011086687
 51
181.5681304605
  0
ARC
  5
5D3
100
AcDbEntity
  8
0
100
AcDbCircle
 62
7
  6
BYLAYER
 10
19.4833719581
 20
32.645976701
 40
24.138751327
100
AcDbArc
 50
344.1525256783
 51
344.3011935295
  0
ARC
  5
5D4
100
AcDbEntity
  8
0
100
AcDbCircle
 62
7
  6
BYLAYER
 10
20.0510669047
 20
33.4291153769
 40
0.5835632177
100
AcDbArc
 50
179.9875255186
 51
184.0893787913
  0
ARC
  5
5D5
100
AcDbEntity
  8
0
100
AcDbCircle
 62
7
  6
BYLAYER
 10
19.3675037008
 20
27.7375000002
 40
0.5
100
AcDbArc
 50
162.7341099455
 51
179.9999999998
  0
ARC
  5
5D6
100
AcDbEntity
  8
0
100
AcDbCircle
 62
7
  6
BYLAYER
 10
19.9675037008
 20
33.3875000002
 40
0.5
100
AcDbArc
 50
180.0000000003
 51
270.0000000004
  0
ARC
  5
5D7
100
AcDbEntity
  8
0
100
AcDbCircle
 62
7
  6
BYLAYER
 10
21.9675037008
 20
48.1875000002
 40
0.2
100
AcDbArc
 50
90.0
 51
180.0
  0
ARC
  5
5D8
100
AcDbEntity
  8
0
100
AcDbCircle
 62
7
  6
BYLAYER
 10
24.5675037008
 20
48.1875000002
 40
0.2
100
AcDbArc
 50
0.0
 51
90.0
  0
ARC
  5
5D9
100
AcDbEntity
  8
0
100
AcDbCircle
 62
7
  6
BYLAYER
 10
13.7675037008
 20
72.1375000002
 40
0.5
100
AcDbArc
 50
347.5781776854
 51
360.0
  0
ARC
  5
5DA
100
AcDbEntity
  8
0
100
AcDbCircle
 62
7
  6
BYLAYER
 10
11.1675037008
 20
54.5875000002
 40
0.3
100
AcDbArc
 50
90.0
 51
180.0
  0
ARC
  5
5DB
100
AcDbEntity
  8
0
100
AcDbCircle
 62
7
  6
BYLAYER
 10
10.9675037008
 20
54.7875000002
 40
0.3
100
AcDbArc
 50
90.0
 51
180.0
  0
ARC
  5
5DC
100
AcDbEntity
  8
0
100
AcDbCircle
 62
7
  6
BYLAYER
 10
11.2610324425
 20
82.4777323266
 40
4.4477154033
100
AcDbArc
 50
41.4195729671
 51
41.7928941514
  0
ARC
  5
5DD
100
AcDbEntity
  8
0
100
AcDbCircle
 62
7
  6
BYLAYER
 10
9.5674315025
 20
95.7994614665
 40
13.1494704285
100
AcDbArc
 50
269.5451740826
 51
269.9971279185
  0
ARC
  5
5DE
100
AcDbEntity
  8
0
100
AcDbCircle
 62
7
  6
BYLAYER
 10
9.4675037008
 20
85.8875000002
 40
1.0
100
AcDbArc
 50
89.9999560186
 51
180.0
  0
ARC
  5
5DF
100
AcDbEntity
  8
0
100
AcDbCircle
 62
7
  6
BYLAYER
 10
9.4675037008
 20
89.8875000002
 40
1.0
100
AcDbArc
 50
89.9999734646
 51
180.0
  0
ARC
  5
5E0
100
AcDbEntity
  8
0
100
AcDbCircle
 62
7
  6
BYLAYER
 10
9.4647525841
 20
86.1172194034
 40
0.8639771107
100
AcDbArc
 50
89.8175559495
 51
91.7527108481
  0
ARC
  5
5E1
100
AcDbEntity
  8
0
100
AcDbCircle
 62
7
  6
BYLAYER
 10
13.7675037008
 20
77.7375000002
 40
0.5
100
AcDbArc
 50
0.0
 51
79.7931728599
  0
ARC
  5
5E2
100
AcDbEntity
  8
0
100
AcDbCircle
 62
7
  6
BYLAYER
 10
15.0675037008
 20
84.2347621672
 40
3.25
100
AcDbArc
 50
324.7226930393
 51
0.0367022569
  0
ARC
  5
5E3
100
AcDbEntity
  8
0
100
AcDbCircle
 62
7
  6
BYLAYER
 10
15.0675037008
 20
84.2347621672
 40
3.25
100
AcDbArc
 50
179.9625385399
 51
215.1995603802
  0
ARC
  5
5E4
100
AcDbEntity
  8
0
100
AcDbCircle
 62
7
  6
BYLAYER
 10
15.0674913953
 20
82.4755399694
 40
2.9821060159
100
AcDbArc
 50
80.9098645268
 51
99.0896542524
  0
ARC
  5
5E5
100
AcDbEntity
  8
0
100
AcDbCircle
 62
7
  6
BYLAYER
 10
14.6977309271
 20
84.0430465647
 40
2.8803066886
100
AcDbArc
 50
167.5968336161
 51
175.923187893
  0
ARC
  5
5E6
100
AcDbEntity
  8
0
100
AcDbCircle
 62
7
  6
BYLAYER
 10
15.0319389893
 20
82.6536754536
 40
2.4357267237
100
AcDbArc
 50
165.4394353129
 51
179.2030034994
  0
ARC
  5
5E7
100
AcDbEntity
  8
0
100
AcDbCircle
 62
7
  6
BYLAYER
 10
15.1030684123
 20
82.6536754536
 40
2.4357267237
100
AcDbArc
 50
0.7969965007
 51
14.5605646871
  0
ARC
  5
5E8
100
AcDbEntity
  8
0
100
AcDbCircle
 62
7
  6
BYLAYER
 10
15.0949621265
 20
82.6131532819
 40
1.9068739528
100
AcDbArc
 50
2.2372039733
 51
17.681450191
  0
ARC
  5
5E9
100
AcDbEntity
  8
0
100
AcDbCircle
 62
7
  6
BYLAYER
 10
15.0400383898
 20
82.6131545281
 40
1.906867016
100
AcDbArc
 50
162.3176561201
 51
177.762825289
  0
ARC
  5
5EA
100
AcDbEntity
  8
0
100
AcDbCircle
 62
7
  6
BYLAYER
 10
15.0675036775
 20
82.4969687874
 40
1.5627186028
100
AcDbArc
 50
73.1082978204
 51
106.89164769
  0
ARC
  5
5EB
100
AcDbEntity
  8
0
100
AcDbCircle
 62
7
  6
BYLAYER
 10
15.0675036991
 20
82.4042000273
 40
1.1553571225
100
AcDbArc
 50
70.4588986789
 51
109.5407037226
  0
ARC
  5
5EC
100
AcDbEntity
  8
0
100
AcDbCircle
 62
7
  6
BYLAYER
 10
15.0806391475
 20
82.4198790754
 40
1.1342368528
100
AcDbArc
 50
13.6598245526
 51
21.855909048
  0
ARC
  5
5ED
100
AcDbEntity
  8
0
100
AcDbCircle
 62
7
  6
BYLAYER
 10
15.0542829625
 20
82.4199066378
 40
1.1341474283
100
AcDbArc
 50
158.1419604987
 51
166.3405077961
  0
CIRCLE
  5
5EE
100
AcDbEntity
  8
0
100
AcDbCircle
 62
7
  6
BYLAYER
 10
16.6675037008
 20
75.2875000002
 40
4.1
  0
CIRCLE
  5
5EF
100
AcDbEntity
  8
0
100
AcDbCircle
 62
7
  6
BYLAYER
 10
16.5675037008
 20
74.9375000002
 40
3.6
  0
ARC
  5
5F0
100
AcDbEntity
  8
0
100
AcDbCircle
 62
7
  6
BYLAYER
 10
16.5675037008
 20
74.9375000002
 40
3.4600181384
100
AcDbArc
 50
80.0138861471
 51
100.514903013
  0
ARC
  5
5F1
100
AcDbEntity
  8
0
100
AcDbCircle
 62
7
  6
BYLAYER
 10
16.5675037008
 20
74.9375000002
 40
3.4600181384
100
AcDbArc
 50
259.485096987
 51
279.9861138531
  0
ARC
  5
5F2
100
AcDbEntity
  8
0
100
AcDbCircle
 62
7
  6
BYLAYER
 10
16.5675037008
 20
74.9375000002
 40
3.3949635042
100
AcDbArc
 50
280.1794880474
 51
79.8205119526
  0
ARC
  5
5F3
100
AcDbEntity
  8
0
100
AcDbCircle
 62
7
  6
BYLAYER
 10
16.5675037008
 20
74.9375000002
 40
3.3949635042
100
AcDbArc
 50
100.384487718
 51
259.615512282
  0
ARC
  5
5F4
100
AcDbEntity
  8
0
100
AcDbCircle
 62
7
  6
BYLAYER
 10
16.5675037008
 20
74.9375000002
 40
2.8968661551
100
AcDbArc
 50
281.9536519714
 51
78.0463481056
  0
ARC
  5
5F5
100
AcDbEntity
  8
0
100
AcDbCircle
 62
7
  6
BYLAYER
 10
16.5675037008
 20
74.9375000002
 40
2.8968661551
100
AcDbArc
 50
101.9536520959
 51
258.0463479046
  0
ARC
  5
5F6
100
AcDbEntity
  8
0
100
AcDbCircle
 62
7
  6
BYLAYER
 10
16.5675037008
 20
74.9375000002
 40
2.671291266
100
AcDbArc
 50
347.0481015245
 51
12.967639236
  0
ARC
  5
5F7
100
AcDbEntity
  8
0
100
AcDbCircle
 62
7
  6
BYLAYER
 10
16.5675037008
 20
74.9375000002
 40
2.671291266
100
AcDbArc
 50
167.0323607748
 51
192.9676392188
  0
ARC
  5
5F8
100
AcDbEntity
  8
0
100
AcDbCircle
 62
7
  6
BYLAYER
 10
16.5675037008
 20
74.9375000002
 40
2.1343306491
100
AcDbArc
 50
344.6405629365
 51
15.3767148885
  0
ARC
  5
5F9
100
AcDbEntity
  8
0
100
AcDbCircle
 62
7
  6
BYLAYER
 10
16.5675037008
 20
74.9375000002
 40
2.1343306491
100
AcDbArc
 50
164.6231138661
 51
195.3767148885
  0
ARC
  5
5FA
100
AcDbEntity
  8
0
100
AcDbCircle
 62
7
  6
BYLAYER
 10
16.5675037008
 20
74.9375000002
 40
1.7017020703
100
AcDbArc
 50
81.4069162847
 51
98.5930358537
  0
ARC
  5
5FB
100
AcDbEntity
  8
0
100
AcDbCircle
 62
7
  6
BYLAYER
 10
16.5675037008
 20
74.9375000002
 40
1.7017020703
100
AcDbArc
 50
261.4069162854
 51
278.5930358528
  0
ARC
  5
5FC
100
AcDbEntity
  8
0
100
AcDbCircle
 62
7
  6
BYLAYER
 10
16.5675037008
 20
74.9375000002
 40
1.1472431439
100
AcDbArc
 50
161.379809877
 51
198.6203215332
  0
ARC
  5
5FD
100
AcDbEntity
  8
0
100
AcDbCircle
 62
7
  6
BYLAYER
 10
16.5675037008
 20
74.9375000002
 40
1.1472431439
100
AcDbArc
 50
76.7552729699
 51
103.2446670374
  0
ARC
  5
5FE
100
AcDbEntity
  8
0
100
AcDbCircle
 62
7
  6
BYLAYER
 10
16.5675037008
 20
74.9375000002
 40
1.1472431439
100
AcDbArc
 50
256.755283148
 51
283.2447001764
  0
ARC
  5
5FF
100
AcDbEntity
  8
0
100
AcDbCircle
 62
7
  6
BYLAYER
 10
16.5675037008
 20
74.9375000002
 40
1.1472431439
100
AcDbArc
 50
341.3836797761
 51
18.6203215334
  0
ARC
  5
600
100
AcDbEntity
  8
0
100
AcDbCircle
 62
7
  6
BYLAYER
 10
20.7847873786
 20
67.5971414403
 40
22.786274977
100
AcDbArc
 50
15.6931478385
 51
15.8506495346
  0
ARC
  5
601
100
AcDbEntity
  8
0
100
AcDbCircle
 62
7
  6
BYLAYER
 10
19.3675037008
 20
72.1375000002
 40
0.5
100
AcDbArc
 50
180.0000000002
 51
203.3935923691
  0
ARC
  5
602
100
AcDbEntity
  8
0
100
AcDbCircle
 62
7
  6
BYLAYER
 10
21.9675037008
 20
65.3875000002
 40
0.5
100
AcDbArc
 50
90.0000000003
 51
180.0
  0
ARC
  5
603
100
AcDbEntity
  8
0
100
AcDbCircle
 62
7
  6
BYLAYER
 10
25.0675061847
 20
54.0875038008
 40
0.299996749
100
AcDbArc
 50
359.9991336944
 51
90.0004744045
  0
ARC
  5
604
100
AcDbEntity
  8
0
100
AcDbCircle
 62
7
  6
BYLAYER
 10
21.9675037008
 20
51.5875000002
 40
0.2
100
AcDbArc
 50
180.0
 51
270.0
  0
ARC
  5
605
100
AcDbEntity
  8
0
100
AcDbCircle
 62
7
  6
BYLAYER
 10
24.5675037008
 20
51.5875000002
 40
0.2
100
AcDbArc
 50
270.0
 51
360.0
  0
ARC
  5
606
100
AcDbEntity
  8
0
100
AcDbCircle
 62
7
  6
BYLAYER
 10
19.4833719465
 20
82.6459767043
 40
24.1387513391
100
AcDbArc
 50
344.1525256783
 51
344.3011935295
  0
ARC
  5
607
100
AcDbEntity
  8
0
100
AcDbCircle
 62
7
  6
BYLAYER
 10
18.6988840168
 20
82.6334614031
 40
4.2133907883
100
AcDbArc
 50
138.1991854281
 51
138.5932878061
  0
ARC
  5
608
100
AcDbEntity
  8
0
100
AcDbCircle
 62
7
  6
BYLAYER
 10
19.3675037008
 20
77.7375000002
 40
0.5
100
AcDbArc
 50
90.0
 51
180.0
  0
ARC
  5
609
100
AcDbEntity
  8
0
100
AcDbCircle
 62
7
  6
BYLAYER
 10
-83.157918129
 20
304.5824461093
 40
242.955818053
100
AcDbArc
 50
294.1219847537
 51
294.3232684771
  0
ARC
  5
60A
100
AcDbEntity
  8
0
100
AcDbCircle
 62
7
  6
BYLAYER
 10
-40.5579118537
 20
304.6072276729
 40
242.9558027575
100
AcDbArc
 50
294.1219847474
 51
294.3232684834
  0
ARC
  5
60B
100
AcDbEntity
  8
0
100
AcDbCircle
 62
7
  6
BYLAYER
 10
29.8675037008
 20
15.4875000002
 40
3.25
100
AcDbArc
 50
144.117057707
 51
35.9434197989
  0
ARC
  5
60C
100
AcDbEntity
  8
0
100
AcDbCircle
 62
7
  6
BYLAYER
 10
29.8675037008
 20
15.4875000002
 40
3.1
100
AcDbArc
 50
148.3923448835
 51
31.5937552021
  0
ARC
  5
60D
100
AcDbEntity
  8
0
100
AcDbCircle
 62
7
  6
BYLAYER
 10
29.8675037008
 20
15.4875000002
 40
2.9600181384
100
AcDbArc
 50
260.8403081038
 51
279.1596918962
  0
ARC
  5
60E
100
AcDbEntity
  8
0
100
AcDbCircle
 62
7
  6
BYLAYER
 10
29.8675037008
 20
15.4875000002
 40
2.8957260181
100
AcDbArc
 50
279.7509790888
 51
34.0176938921
  0
ARC
  5
60F
100
AcDbEntity
  8
0
100
AcDbCircle
 62
7
  6
BYLAYER
 10
29.8675037008
 20
15.4875000002
 40
2.8957260181
100
AcDbArc
 50
145.9933021998
 51
260.2490209112
  0
ARC
  5
610
100
AcDbEntity
  8
0
100
AcDbCircle
 62
7
  6
BYLAYER
 10
29.8675037008
 20
15.4875000002
 40
2.4972481389
100
AcDbArc
 50
281.5498472304
 51
39.8970098071
  0
ARC
  5
611
100
AcDbEntity
  8
0
100
AcDbCircle
 62
7
  6
BYLAYER
 10
29.8675037008
 20
15.4875000002
 40
2.4972481389
100
AcDbArc
 50
139.9902761823
 51
258.4501527924
  0
ARC
  5
612
100
AcDbEntity
  8
0
100
AcDbCircle
 62
7
  6
BYLAYER
 10
29.8675037008
 20
15.4875000002
 40
2.471291266
100
AcDbArc
 50
166.9266119958
 51
193.0733879971
  0
ARC
  5
613
100
AcDbEntity
  8
0
100
AcDbCircle
 62
7
  6
BYLAYER
 10
29.8675037008
 20
15.4875000002
 40
2.471291266
100
AcDbArc
 50
346.941599118
 51
13.0733880128
  0
ARC
  5
614
100
AcDbEntity
  8
0
100
AcDbCircle
 62
7
  6
BYLAYER
 10
29.8675037008
 20
15.4875000002
 40
1.9343306491
100
AcDbArc
 50
164.2367214034
 51
195.7632785966
  0
ARC
  5
615
100
AcDbEntity
  8
0
100
AcDbCircle
 62
7
  6
BYLAYER
 10
29.8675037008
 20
15.4875000002
 40
1.9343306491
100
AcDbArc
 50
344.2525707168
 51
15.7632785966
  0
ARC
  5
616
100
AcDbEntity
  8
0
100
AcDbCircle
 62
7
  6
BYLAYER
 10
29.8675037008
 20
15.4875000002
 40
1.5515602311
100
AcDbArc
 50
79.1790497042
 51
100.8207958386
  0
ARC
  5
617
100
AcDbEntity
  8
0
100
AcDbCircle
 62
7
  6
BYLAYER
 10
29.8675037008
 20
15.4875000002
 40
1.5515602311
100
AcDbArc
 50
259.1790497049
 51
280.8207958395
  0
ARC
  5
618
100
AcDbEntity
  8
0
100
AcDbCircle
 62
7
  6
BYLAYER
 10
29.8675037008
 20
15.4875000002
 40
1.14725
100
AcDbArc
 50
74.5296366999
 51
105.4693846616
  0
ARC
  5
619
100
AcDbEntity
  8
0
100
AcDbCircle
 62
7
  6
BYLAYER
 10
29.8675037008
 20
15.4875000002
 40
1.14725
100
AcDbArc
 50
161.3799927929
 51
198.6200027531
  0
ARC
  5
61A
100
AcDbEntity
  8
0
100
AcDbCircle
 62
7
  6
BYLAYER
 10
29.8675037008
 20
15.4875000002
 40
1.14725
100
AcDbArc
 50
341.3838636952
 51
18.6200027531
  0
ARC
  5
61B
100
AcDbEntity
  8
0
100
AcDbCircle
 62
7
  6
BYLAYER
 10
29.8675037008
 20
15.4875000002
 40
1.14725
100
AcDbArc
 50
254.5297836581
 51
285.4699477131
  0
CIRCLE
  5
61C
100
AcDbEntity
  8
0
100
AcDbCircle
 62
7
  6
BYLAYER
 10
29.8675037008
 20
24.4875000002
 40
4.1
  0
CIRCLE
  5
61D
100
AcDbEntity
  8
0
100
AcDbCircle
 62
7
  6
BYLAYER
 10
29.7675037008
 20
24.9375000002
 40
3.6
  0
ARC
  5
61E
100
AcDbEntity
  8
0
100
AcDbCircle
 62
7
  6
BYLAYER
 10
29.7675037008
 20
24.9375000002
 40
3.4600181384
100
AcDbArc
 50
80.0138861471
 51
100.514903013
  0
ARC
  5
61F
100
AcDbEntity
  8
0
100
AcDbCircle
 62
7
  6
BYLAYER
 10
29.7675037008
 20
24.9375000002
 40
3.4600181384
100
AcDbArc
 50
259.485096987
 51
279.9861138531
  0
ARC
  5
620
100
AcDbEntity
  8
0
100
AcDbCircle
 62
7
  6
BYLAYER
 10
29.7675037008
 20
24.9375000002
 40
3.3949635042
100
AcDbArc
 50
280.1794880474
 51
79.8205119526
  0
ARC
  5
621
100
AcDbEntity
  8
0
100
AcDbCircle
 62
7
  6
BYLAYER
 10
29.7675037008
 20
24.9375000002
 40
3.3949635042
100
AcDbArc
 50
100.384487718
 51
259.615512282
  0
ARC
  5
622
100
AcDbEntity
  8
0
100
AcDbCircle
 62
7
  6
BYLAYER
 10
29.7675037008
 20
24.9375000002
 40
2.8968661551
100
AcDbArc
 50
281.9536519714
 51
78.0463481056
  0
ARC
  5
623
100
AcDbEntity
  8
0
100
AcDbCircle
 62
7
  6
BYLAYER
 10
29.7675037008
 20
24.9375000002
 40
2.8968661551
100
AcDbArc
 50
101.9536520959
 51
258.0463479046
  0
ARC
  5
624
100
AcDbEntity
  8
0
100
AcDbCircle
 62
7
  6
BYLAYER
 10
29.7675037008
 20
24.9375000002
 40
2.671291266
100
AcDbArc
 50
347.0481015245
 51
12.967639236
  0
ARC
  5
625
100
AcDbEntity
  8
0
100
AcDbCircle
 62
7
  6
BYLAYER
 10
29.7675037008
 20
24.9375000002
 40
2.671291266
100
AcDbArc
 50
167.0323607748
 51
192.9676392188
  0
ARC
  5
626
100
AcDbEntity
  8
0
100
AcDbCircle
 62
7
  6
BYLAYER
 10
29.7675037008
 20
24.9375000002
 40
2.1343306491
100
AcDbArc
 50
344.6405629365
 51
15.3767148885
  0
ARC
  5
627
100
AcDbEntity
  8
0
100
AcDbCircle
 62
7
  6
BYLAYER
 10
29.7675037008
 20
24.9375000002
 40
2.1343306491
100
AcDbArc
 50
164.6231138661
 51
195.3767148885
  0
ARC
  5
628
100
AcDbEntity
  8
0
100
AcDbCircle
 62
7
  6
BYLAYER
 10
29.7675037008
 20
24.9375000002
 40
1.7017020703
100
AcDbArc
 50
81.4069162847
 51
98.5930358537
  0
ARC
  5
629
100
AcDbEntity
  8
0
100
AcDbCircle
 62
7
  6
BYLAYER
 10
29.7675037008
 20
24.9375000002
 40
1.7017020703
100
AcDbArc
 50
261.4069162854
 51
278.5930358528
  0
ARC
  5
62A
100
AcDbEntity
  8
0
100
AcDbCircle
 62
7
  6
BYLAYER
 10
29.7675037008
 20
24.9375000002
 40
1.1472431439
100
AcDbArc
 50
161.379809877
 51
198.6203215332
  0
ARC
  5
62B
100
AcDbEntity
  8
0
100
AcDbCircle
 62
7
  6
BYLAYER
 10
29.7675037008
 20
24.9375000002
 40
1.1472431439
100
AcDbArc
 50
76.7552729699
 51
103.2446670374
  0
ARC
  5
62C
100
AcDbEntity
  8
0
100
AcDbCircle
 62
7
  6
BYLAYER
 10
29.7675037008
 20
24.9375000002
 40
1.1472431439
100
AcDbArc
 50
256.755283148
 51
283.2447001764
  0
ARC
  5
62D
100
AcDbEntity
  8
0
100
AcDbCircle
 62
7
  6
BYLAYER
 10
29.7675037008
 20
24.9375000002
 40
1.1472431439
100
AcDbArc
 50
341.3836797761
 51
18.6203215334
  0
ARC
  5
62E
100
AcDbEntity
  8
0
100
AcDbCircle
 62
7
  6
BYLAYER
 10
32.5675037008
 20
22.1375000002
 40
0.5
100
AcDbArc
 50
180.0
 51
270.0
  0
ARC
  5
62F
100
AcDbEntity
  8
0
100
AcDbCircle
 62
7
  6
BYLAYER
 10
32.5675037008
 20
27.7375000002
 40
0.5
100
AcDbArc
 50
162.7341099456
 51
179.9999999998
  0
ARC
  5
630
100
AcDbEntity
  8
0
100
AcDbCircle
 62
7
  6
BYLAYER
 10
26.9675037008
 20
22.1375000002
 40
0.5
100
AcDbArc
 50
270.0
 51
360.0
  0
ARC
  5
631
100
AcDbEntity
  8
0
100
AcDbCircle
 62
7
  6
BYLAYER
 10
40.0516214428
 20
17.2290272638
 40
24.1387367759
100
AcDbArc
 50
164.1525256557
 51
164.3011935967
  0
ARC
  5
632
100
AcDbEntity
  8
0
100
AcDbCircle
 62
7
  6
BYLAYER
 10
33.984787382
 20
17.5971414413
 40
22.7862749734
100
AcDbArc
 50
15.6931478384
 51
15.8506495346
  0
ARC
  5
633
100
AcDbEntity
  8
0
100
AcDbCircle
 62
7
  6
BYLAYER
 10
36.5175037008
 20
9.2875000002
 40
2.0
100
AcDbArc
 50
180.0
 51
270.0000000004
  0
ARC
  5
634
100
AcDbEntity
  8
0
100
AcDbCircle
 62
7
  6
BYLAYER
 10
36.5175037008
 20
9.2875000002
 40
1.6999999012
100
AcDbArc
 50
180.0000782814
 51
270.0001102231
  0
ARC
  5
635
100
AcDbEntity
  8
0
100
AcDbCircle
 62
7
  6
BYLAYER
 10
38.5175037008
 20
11.2875000002
 40
1.5
100
AcDbArc
 50
182.7159872484
 51
270.0
  0
ARC
  5
636
100
AcDbEntity
  8
0
100
AcDbCircle
 62
7
  6
BYLAYER
 10
32.6833719382
 20
32.6459767066
 40
24.1387513477
100
AcDbArc
 50
344.1525256783
 51
344.3011935294
  0
ARC
  5
637
100
AcDbEntity
  8
0
100
AcDbCircle
 62
7
  6
BYLAYER
 10
38.7502353365
 20
32.2778628967
 40
22.7862908927
100
AcDbArc
 50
195.6931479215
 51
195.8506495075
  0
ARC
  5
638
100
AcDbEntity
  8
0
100
AcDbCircle
 62
7
  6
BYLAYER
 10
37.5675037008
 20
47.8375000002
 40
0.2
100
AcDbArc
 50
0.0
 51
90.0
  0
ARC
  5
639
100
AcDbEntity
  8
0
100
AcDbCircle
 62
7
  6
BYLAYER
 10
35.3675037008
 20
47.8375000002
 40
0.2
100
AcDbArc
 50
90.0
 51
180.0
  0
CIRCLE
  5
63A
100
AcDbEntity
  8
0
100
AcDbCircle
 62
7
  6
BYLAYER
 10
43.0675037008
 20
24.4875000002
 40
4.1
  0
CIRCLE
  5
63B
100
AcDbEntity
  8
0
100
AcDbCircle
 62
7
  6
BYLAYER
 10
42.9675037008
 20
24.9375000002
 40
3.6
  0
ARC
  5
63C
100
AcDbEntity
  8
0
100
AcDbCircle
 62
7
  6
BYLAYER
 10
42.9675037008
 20
24.9375000002
 40
3.4600181384
100
AcDbArc
 50
80.0138861471
 51
100.514903013
  0
ARC
  5
63D
100
AcDbEntity
  8
0
100
AcDbCircle
 62
7
  6
BYLAYER
 10
42.9675037008
 20
24.9375000002
 40
3.4600181384
100
AcDbArc
 50
259.485096987
 51
279.9861138531
  0
ARC
  5
63E
100
AcDbEntity
  8
0
100
AcDbCircle
 62
7
  6
BYLAYER
 10
42.9675037008
 20
24.9375000002
 40
3.3949635042
100
AcDbArc
 50
280.1794880474
 51
79.8205119526
  0
ARC
  5
63F
100
AcDbEntity
  8
0
100
AcDbCircle
 62
7
  6
BYLAYER
 10
42.9675037008
 20
24.9375000002
 40
3.3949635042
100
AcDbArc
 50
100.384487718
 51
259.615512282
  0
ARC
  5
640
100
AcDbEntity
  8
0
100
AcDbCircle
 62
7
  6
BYLAYER
 10
42.9675037008
 20
24.9375000002
 40
2.8968661551
100
AcDbArc
 50
281.9536519714
 51
78.0463481056
  0
ARC
  5
641
100
AcDbEntity
  8
0
100
AcDbCircle
 62
7
  6
BYLAYER
 10
42.9675037008
 20
24.9375000002
 40
2.8968661551
100
AcDbArc
 50
101.9536520959
 51
258.0463479046
  0
ARC
  5
642
100
AcDbEntity
  8
0
100
AcDbCircle
 62
7
  6
BYLAYER
 10
42.9675037008
 20
24.9375000002
 40
2.671291266
100
AcDbArc
 50
347.0481015245
 51
12.967639236
  0
ARC
  5
643
100
AcDbEntity
  8
0
100
AcDbCircle
 62
7
  6
BYLAYER
 10
42.9675037008
 20
24.9375000002
 40
2.671291266
100
AcDbArc
 50
167.0323607748
 51
192.9676392188
  0
ARC
  5
644
100
AcDbEntity
  8
0
100
AcDbCircle
 62
7
  6
BYLAYER
 10
42.9675037008
 20
24.9375000002
 40
2.1343306491
100
AcDbArc
 50
344.6405629365
 51
15.3767148885
  0
ARC
  5
645
100
AcDbEntity
  8
0
100
AcDbCircle
 62
7
  6
BYLAYER
 10
42.9675037008
 20
24.9375000002
 40
2.1343306491
100
AcDbArc
 50
164.6231138661
 51
195.3767148885
  0
ARC
  5
646
100
AcDbEntity
  8
0
100
AcDbCircle
 62
7
  6
BYLAYER
 10
42.9675037008
 20
24.9375000002
 40
1.7017020703
100
AcDbArc
 50
81.4069162847
 51
98.5930358537
  0
ARC
  5
647
100
AcDbEntity
  8
0
100
AcDbCircle
 62
7
  6
BYLAYER
 10
42.9675037008
 20
24.9375000002
 40
1.7017020703
100
AcDbArc
 50
261.4069162854
 51
278.5930358528
  0
ARC
  5
648
100
AcDbEntity
  8
0
100
AcDbCircle
 62
7
  6
BYLAYER
 10
42.9675037008
 20
24.9375000002
 40
1.1472431439
100
AcDbArc
 50
161.379809877
 51
198.6203215332
  0
ARC
  5
649
100
AcDbEntity
  8
0
100
AcDbCircle
 62
7
  6
BYLAYER
 10
42.9675037008
 20
24.9375000002
 40
1.1472431439
100
AcDbArc
 50
76.7552729699
 51
103.2446670374
  0
ARC
  5
64A
100
AcDbEntity
  8
0
100
AcDbCircle
 62
7
  6
BYLAYER
 10
42.9675037008
 20
24.9375000002
 40
1.1472431439
100
AcDbArc
 50
256.755283148
 51
283.2447001764
  0
ARC
  5
64B
100
AcDbEntity
  8
0
100
AcDbCircle
 62
7
  6
BYLAYER
 10
42.9675037008
 20
24.9375000002
 40
1.1472431439
100
AcDbArc
 50
341.3836797761
 51
18.6203215334
  0
ARC
  5
64C
100
AcDbEntity
  8
0
100
AcDbCircle
 62
7
  6
BYLAYER
 10
45.7675037008
 20
22.1375000002
 40
0.5
100
AcDbArc
 50
180.0
 51
270.0
  0
ARC
  5
64D
100
AcDbEntity
  8
0
100
AcDbCircle
 62
7
  6
BYLAYER
 10
45.7675037008
 20
27.7375000002
 40
0.5
100
AcDbArc
 50
162.7341099456
 51
179.9999999998
  0
ARC
  5
64E
100
AcDbEntity
  8
0
100
AcDbCircle
 62
7
  6
BYLAYER
 10
40.1675037008
 20
22.1375000002
 40
0.5
100
AcDbArc
 50
270.0
 51
360.0
  0
ARC
  5
64F
100
AcDbEntity
  8
0
100
AcDbCircle
 62
7
  6
BYLAYER
 10
53.2516214428
 20
17.2290272638
 40
24.1387367759
100
AcDbArc
 50
164.1525256557
 51
164.3011935967
  0
ARC
  5
650
100
AcDbEntity
  8
0
100
AcDbCircle
 62
7
  6
BYLAYER
 10
53.0675037008
 20
11.2875000002
 40
1.5
100
AcDbArc
 50
270.0
 51
359.999999999
  0
ARC
  5
651
100
AcDbEntity
  8
0
100
AcDbCircle
 62
7
  6
BYLAYER
 10
52.7175037008
 20
11.7466779806
 40
0.5
100
AcDbArc
 50
270.0
 51
359.999994359
  0
ARC
  5
652
100
AcDbEntity
  8
0
100
AcDbCircle
 62
7
  6
BYLAYER
 10
52.7517547618
 20
11.7606903235
 40
0.4657489391
100
AcDbArc
 50
358.4449127275
 51
359.9988751909
  0
ARC
  5
653
100
AcDbEntity
  8
0
100
AcDbCircle
 62
7
  6
BYLAYER
 10
51.9502353453
 20
32.2778628992
 40
22.7862909019
100
AcDbArc
 50
195.6931479215
 51
195.8506495075
  0
ARC
  5
654
100
AcDbEntity
  8
0
100
AcDbCircle
 62
7
  6
BYLAYER
 10
40.8839405001
 20
33.4291153769
 40
0.5835632146
100
AcDbArc
 50
355.910621189
 51
0.0124744685
  0
ARC
  5
655
100
AcDbEntity
  8
0
100
AcDbCircle
 62
7
  6
BYLAYER
 10
40.9675037008
 20
33.3875000002
 40
0.5
100
AcDbArc
 50
270.0
 51
359.9999999999
  0
ARC
  5
656
100
AcDbEntity
  8
0
100
AcDbCircle
 62
7
  6
BYLAYER
 10
48.3675037008
 20
48.1875000002
 40
0.2
100
AcDbArc
 50
90.0
 51
180.0
  0
ARC
  5
657
100
AcDbEntity
  8
0
100
AcDbCircle
 62
7
  6
BYLAYER
 10
50.9675037008
 20
48.1875000002
 40
0.2
100
AcDbArc
 50
0.0
 51
90.0
  0
ARC
  5
658
100
AcDbEntity
  8
0
100
AcDbCircle
 62
7
  6
BYLAYER
 10
40.0516214457
 20
67.229027263
 40
24.1387367788
100
AcDbArc
 50
164.1525256558
 51
164.3011935966
  0
ARC
  5
659
100
AcDbEntity
  8
0
100
AcDbCircle
 62
7
  6
BYLAYER
 10
33.9847873786
 20
67.5971414403
 40
22.786274977
100
AcDbArc
 50
15.6931478385
 51
15.8506495346
  0
ARC
  5
65A
100
AcDbEntity
  8
0
100
AcDbCircle
 62
7
  6
BYLAYER
 10
27.2175037008
 20
53.3875000002
 40
1.0
100
AcDbArc
 50
0.0
 51
90.0
  0
ARC
  5
65B
100
AcDbEntity
  8
0
100
AcDbCircle
 62
7
  6
BYLAYER
 10
33.7175036975
 20
53.3875000003
 40
0.9999999967
100
AcDbArc
 50
90.0
 51
180.0000000124
  0
ARC
  5
65C
100
AcDbEntity
  8
0
100
AcDbCircle
 62
7
  6
BYLAYER
 10
33.7175037008
 20
53.3875000002
 40
0.6999981364
100
AcDbArc
 50
90.0032023139
 51
180.0039384137
  0
ARC
  5
65D
100
AcDbEntity
  8
0
100
AcDbCircle
 62
7
  6
BYLAYER
 10
27.2175037008
 20
53.3875000002
 40
0.6999981364
100
AcDbArc
 50
0.0032412585
 51
90.0039492212
  0
ARC
  5
65E
100
AcDbEntity
  8
0
100
AcDbCircle
 62
7
  6
BYLAYER
 10
38.9675037008
 20
65.3875000002
 40
0.5
100
AcDbArc
 50
359.9989871023
 51
90.0
  0
ARC
  5
65F
100
AcDbEntity
  8
0
100
AcDbCircle
 62
7
  6
BYLAYER
 10
35.3675037008
 20
51.9375000002
 40
0.2
100
AcDbArc
 50
180.0
 51
270.0
  0
ARC
  5
660
100
AcDbEntity
  8
0
100
AcDbCircle
 62
7
  6
BYLAYER
 10
37.5675037008
 20
51.9375000002
 40
0.2
100
AcDbArc
 50
270.0
 51
360.0
  0
ARC
  5
661
100
AcDbEntity
  8
0
100
AcDbCircle
 62
7
  6
BYLAYER
 10
32.6833719465
 20
82.6459767043
 40
24.1387513391
100
AcDbArc
 50
344.1525256783
 51
344.3011935295
  0
ARC
  5
662
100
AcDbEntity
  8
0
100
AcDbCircle
 62
7
  6
BYLAYER
 10
38.7502353415
 20
82.2778628981
 40
22.7862908979
100
AcDbArc
 50
195.6931479215
 51
195.8506495075
  0
CIRCLE
  5
663
100
AcDbEntity
  8
0
100
AcDbCircle
 62
7
  6
BYLAYER
 10
29.8675037008
 20
75.2875000002
 40
4.1
  0
CIRCLE
  5
664
100
AcDbEntity
  8
0
100
AcDbCircle
 62
7
  6
BYLAYER
 10
29.7675037008
 20
74.9375000002
 40
3.6
  0
ARC
  5
665
100
AcDbEntity
  8
0
100
AcDbCircle
 62
7
  6
BYLAYER
 10
29.7675037008
 20
74.9375000002
 40
3.4600181384
100
AcDbArc
 50
80.0138861471
 51
100.514903013
  0
ARC
  5
666
100
AcDbEntity
  8
0
100
AcDbCircle
 62
7
  6
BYLAYER
 10
29.7675037008
 20
74.9375000002
 40
3.4600181384
100
AcDbArc
 50
259.485096987
 51
279.9861138531
  0
ARC
  5
667
100
AcDbEntity
  8
0
100
AcDbCircle
 62
7
  6
BYLAYER
 10
29.7675037008
 20
74.9375000002
 40
3.3949635042
100
AcDbArc
 50
280.1794880474
 51
79.8205119526
  0
ARC
  5
668
100
AcDbEntity
  8
0
100
AcDbCircle
 62
7
  6
BYLAYER
 10
29.7675037008
 20
74.9375000002
 40
3.3949635042
100
AcDbArc
 50
100.384487718
 51
259.615512282
  0
ARC
  5
669
100
AcDbEntity
  8
0
100
AcDbCircle
 62
7
  6
BYLAYER
 10
29.7675037008
 20
74.9375000002
 40
2.8968661551
100
AcDbArc
 50
281.9536519714
 51
78.0463481056
  0
ARC
  5
66A
100
AcDbEntity
  8
0
100
AcDbCircle
 62
7
  6
BYLAYER
 10
29.7675037008
 20
74.9375000002
 40
2.8968661551
100
AcDbArc
 50
101.9536520959
 51
258.0463479046
  0
ARC
  5
66B
100
AcDbEntity
  8
0
100
AcDbCircle
 62
7
  6
BYLAYER
 10
29.7675037008
 20
74.9375000002
 40
2.671291266
100
AcDbArc
 50
347.0481015245
 51
12.967639236
  0
ARC
  5
66C
100
AcDbEntity
  8
0
100
AcDbCircle
 62
7
  6
BYLAYER
 10
29.7675037008
 20
74.9375000002
 40
2.671291266
100
AcDbArc
 50
167.0323607748
 51
192.9676392188
  0
ARC
  5
66D
100
AcDbEntity
  8
0
100
AcDbCircle
 62
7
  6
BYLAYER
 10
29.7675037008
 20
74.9375000002
 40
2.1343306491
100
AcDbArc
 50
344.6405629365
 51
15.3767148885
  0
ARC
  5
66E
100
AcDbEntity
  8
0
100
AcDbCircle
 62
7
  6
BYLAYER
 10
29.7675037008
 20
74.9375000002
 40
2.1343306491
100
AcDbArc
 50
164.6231138661
 51
195.3767148885
  0
ARC
  5
66F
100
AcDbEntity
  8
0
100
AcDbCircle
 62
7
  6
BYLAYER
 10
29.7675037008
 20
74.9375000002
 40
1.7017020703
100
AcDbArc
 50
81.4069162847
 51
98.5930358537
  0
ARC
  5
670
100
AcDbEntity
  8
0
100
AcDbCircle
 62
7
  6
BYLAYER
 10
29.7675037008
 20
74.9375000002
 40
1.7017020703
100
AcDbArc
 50
261.4069162854
 51
278.5930358528
  0
ARC
  5
671
100
AcDbEntity
  8
0
100
AcDbCircle
 62
7
  6
BYLAYER
 10
29.7675037008
 20
74.9375000002
 40
1.1472431439
100
AcDbArc
 50
161.379809877
 51
198.6203215332
  0
ARC
  5
672
100
AcDbEntity
  8
0
100
AcDbCircle
 62
7
  6
BYLAYER
 10
29.7675037008
 20
74.9375000002
 40
1.1472431439
100
AcDbArc
 50
76.7552729699
 51
103.2446670374
  0
ARC
  5
673
100
AcDbEntity
  8
0
100
AcDbCircle
 62
7
  6
BYLAYER
 10
29.7675037008
 20
74.9375000002
 40
1.1472431439
100
AcDbArc
 50
256.755283148
 51
283.2447001764
  0
ARC
  5
674
100
AcDbEntity
  8
0
100
AcDbCircle
 62
7
  6
BYLAYER
 10
29.7675037008
 20
74.9375000002
 40
1.1472431439
100
AcDbArc
 50
341.3836797761
 51
18.6203215334
  0
ARC
  5
675
100
AcDbEntity
  8
0
100
AcDbCircle
 62
7
  6
BYLAYER
 10
32.5675037008
 20
72.1375000002
 40
0.5
100
AcDbArc
 50
180.0000000002
 51
203.393592369
  0
ARC
  5
676
100
AcDbEntity
  8
0
100
AcDbCircle
 62
7
  6
BYLAYER
 10
32.5675037008
 20
77.7375000002
 40
0.5
100
AcDbArc
 50
90.0
 51
180.0
  0
ARC
  5
677
100
AcDbEntity
  8
0
100
AcDbCircle
 62
7
  6
BYLAYER
 10
26.9675037008
 20
72.1375000002
 40
0.5
100
AcDbArc
 50
347.5781776853
 51
360.0
  0
ARC
  5
678
100
AcDbEntity
  8
0
100
AcDbCircle
 62
7
  6
BYLAYER
 10
26.9675037008
 20
77.7375000002
 40
0.5
100
AcDbArc
 50
0.0
 51
79.79317286
  0
ARC
  5
679
100
AcDbEntity
  8
0
100
AcDbCircle
 62
7
  6
BYLAYER
 10
53.2516214556
 20
67.2290272602
 40
24.1387367892
100
AcDbArc
 50
164.1525256558
 51
164.3011935966
  0
ARC
  5
67A
100
AcDbEntity
  8
0
100
AcDbCircle
 62
7
  6
BYLAYER
 10
48.3675037008
 20
51.5875000002
 40
0.2
100
AcDbArc
 50
179.9999999999
 51
270.0
  0
ARC
  5
67B
100
AcDbEntity
  8
0
100
AcDbCircle
 62
7
  6
BYLAYER
 10
50.9675037008
 20
51.5875000002
 40
0.2
100
AcDbArc
 50
270.0
 51
360.0
  0
CIRCLE
  5
67C
100
AcDbEntity
  8
0
100
AcDbCircle
 62
7
  6
BYLAYER
 10
43.0675037008
 20
75.2875000002
 40
4.1
  0
CIRCLE
  5
67D
100
AcDbEntity
  8
0
100
AcDbCircle
 62
7
  6
BYLAYER
 10
42.9675037008
 20
74.9375000002
 40
3.6
  0
ARC
  5
67E
100
AcDbEntity
  8
0
100
AcDbCircle
 62
7
  6
BYLAYER
 10
42.9675037008
 20
74.9375000002
 40
3.4600181384
100
AcDbArc
 50
80.0138861471
 51
100.514903013
  0
ARC
  5
67F
100
AcDbEntity
  8
0
100
AcDbCircle
 62
7
  6
BYLAYER
 10
42.9675037008
 20
74.9375000002
 40
3.4600181384
100
AcDbArc
 50
259.485096987
 51
279.9861138531
  0
ARC
  5
680
100
AcDbEntity
  8
0
100
AcDbCircle
 62
7
  6
BYLAYER
 10
42.9675037008
 20
74.9375000002
 40
3.3949635042
100
AcDbArc
 50
280.1794880474
 51
79.8205119526
  0
ARC
  5
681
100
AcDbEntity
  8
0
100
AcDbCircle
 62
7
  6
BYLAYER
 10
42.9675037008
 20
74.9375000002
 40
3.3949635042
100
AcDbArc
 50
100.384487718
 51
259.615512282
  0
ARC
  5
682
100
AcDbEntity
  8
0
100
AcDbCircle
 62
7
  6
BYLAYER
 10
42.9675037008
 20
74.9375000002
 40
2.8968661551
100
AcDbArc
 50
281.9536519714
 51
78.0463481056
  0
ARC
  5
683
100
AcDbEntity
  8
0
100
AcDbCircle
 62
7
  6
BYLAYER
 10
42.9675037008
 20
74.9375000002
 40
2.8968661551
100
AcDbArc
 50
101.9536520959
 51
258.0463479046
  0
ARC
  5
684
100
AcDbEntity
  8
0
100
AcDbCircle
 62
7
  6
BYLAYER
 10
42.9675037008
 20
74.9375000002
 40
2.671291266
100
AcDbArc
 50
347.0481015245
 51
12.967639236
  0
ARC
  5
685
100
AcDbEntity
  8
0
100
AcDbCircle
 62
7
  6
BYLAYER
 10
42.9675037008
 20
74.9375000002
 40
2.671291266
100
AcDbArc
 50
167.0323607748
 51
192.9676392188
  0
ARC
  5
686
100
AcDbEntity
  8
0
100
AcDbCircle
 62
7
  6
BYLAYER
 10
42.9675037008
 20
74.9375000002
 40
2.1343306491
100
AcDbArc
 50
344.6405629365
 51
15.3767148885
  0
ARC
  5
687
100
AcDbEntity
  8
0
100
AcDbCircle
 62
7
  6
BYLAYER
 10
42.9675037008
 20
74.9375000002
 40
2.1343306491
100
AcDbArc
 50
164.6231138661
 51
195.3767148885
  0
ARC
  5
688
100
AcDbEntity
  8
0
100
AcDbCircle
 62
7
  6
BYLAYER
 10
42.9675037008
 20
74.9375000002
 40
1.7017020703
100
AcDbArc
 50
81.4069162847
 51
98.5930358537
  0
ARC
  5
689
100
AcDbEntity
  8
0
100
AcDbCircle
 62
7
  6
BYLAYER
 10
42.9675037008
 20
74.9375000002
 40
1.7017020703
100
AcDbArc
 50
261.4069162854
 51
278.5930358528
  0
ARC
  5
68A
100
AcDbEntity
  8
0
100
AcDbCircle
 62
7
  6
BYLAYER
 10
42.9675037008
 20
74.9375000002
 40
1.1472431439
100
AcDbArc
 50
161.379809877
 51
198.6203215332
  0
ARC
  5
68B
100
AcDbEntity
  8
0
100
AcDbCircle
 62
7
  6
BYLAYER
 10
42.9675037008
 20
74.9375000002
 40
1.1472431439
100
AcDbArc
 50
76.7552729699
 51
103.2446670374
  0
ARC
  5
68C
100
AcDbEntity
  8
0
100
AcDbCircle
 62
7
  6
BYLAYER
 10
42.9675037008
 20
74.9375000002
 40
1.1472431439
100
AcDbArc
 50
256.755283148
 51
283.2447001764
  0
ARC
  5
68D
100
AcDbEntity
  8
0
100
AcDbCircle
 62
7
  6
BYLAYER
 10
42.9675037008
 20
74.9375000002
 40
1.1472431439
100
AcDbArc
 50
341.3836797761
 51
18.6203215334
  0
ARC
  5
68E
100
AcDbEntity
  8
0
100
AcDbCircle
 62
7
  6
BYLAYER
 10
45.7675037008
 20
72.1375000002
 40
0.5
100
AcDbArc
 50
180.0000000002
 51
203.393592369
  0
ARC
  5
68F
100
AcDbEntity
  8
0
100
AcDbCircle
 62
7
  6
BYLAYER
 10
45.7675037008
 20
77.7375000002
 40
0.5
100
AcDbArc
 50
90.0
 51
180.0
  0
ARC
  5
690
100
AcDbEntity
  8
0
100
AcDbCircle
 62
7
  6
BYLAYER
 10
40.1675037008
 20
72.1375000002
 40
0.5
100
AcDbArc
 50
347.5781776853
 51
360.0
  0
ARC
  5
691
100
AcDbEntity
  8
0
100
AcDbCircle
 62
7
  6
BYLAYER
 10
40.1675037008
 20
77.7375000002
 40
0.5
100
AcDbArc
 50
0.0
 51
79.79317286
  0
ARC
  5
692
100
AcDbEntity
  8
0
100
AcDbCircle
 62
7
  6
BYLAYER
 10
44.0675037008
 20
84.2875000002
 40
3.25
100
AcDbArc
 50
323.9062255522
 51
216.0892613318
  0
ARC
  5
693
100
AcDbEntity
  8
0
100
AcDbCircle
 62
7
  6
BYLAYER
 10
44.0675037008
 20
84.2875000002
 40
3.1
100
AcDbArc
 50
328.3923448834
 51
211.5937552021
  0
ARC
  5
694
100
AcDbEntity
  8
0
100
AcDbCircle
 62
7
  6
BYLAYER
 10
44.0675037008
 20
84.2875000002
 40
2.9600181384
100
AcDbArc
 50
80.8403081038
 51
99.1596918962
  0
ARC
  5
695
100
AcDbEntity
  8
0
100
AcDbCircle
 62
7
  6
BYLAYER
 10
44.0675037008
 20
84.2875000002
 40
2.8957260181
100
AcDbArc
 50
325.9933021998
 51
80.2490209112
  0
ARC
  5
696
100
AcDbEntity
  8
0
100
AcDbCircle
 62
7
  6
BYLAYER
 10
44.0675037008
 20
84.2875000002
 40
2.8957260181
100
AcDbArc
 50
99.7509790888
 51
214.0176938922
  0
ARC
  5
697
100
AcDbEntity
  8
0
100
AcDbCircle
 62
7
  6
BYLAYER
 10
44.0675037008
 20
84.2875000002
 40
2.4972481389
100
AcDbArc
 50
319.9902761795
 51
78.4501527924
  0
ARC
  5
698
100
AcDbEntity
  8
0
100
AcDbCircle
 62
7
  6
BYLAYER
 10
44.0675037008
 20
84.2875000002
 40
2.4972481389
100
AcDbArc
 50
101.5498472076
 51
219.8970098072
  0
ARC
  5
699
100
AcDbEntity
  8
0
100
AcDbCircle
 62
7
  6
BYLAYER
 10
44.0675037008
 20
84.2875000002
 40
2.471291266
100
AcDbArc
 50
166.9266119958
 51
193.0733879971
  0
ARC
  5
69A
100
AcDbEntity
  8
0
100
AcDbCircle
 62
7
  6
BYLAYER
 10
44.0675037008
 20
84.2875000002
 40
2.471291266
100
AcDbArc
 50
346.941599118
 51
13.0733880128
  0
ARC
  5
69B
100
AcDbEntity
  8
0
100
AcDbCircle
 62
7
  6
BYLAYER
 10
44.0675037008
 20
84.2875000002
 40
1.9343306491
100
AcDbArc
 50
164.2367214034
 51
195.7632785966
  0
ARC
  5
69C
100
AcDbEntity
  8
0
100
AcDbCircle
 62
7
  6
BYLAYER
 10
44.0675037008
 20
84.2875000002
 40
1.9343306491
100
AcDbArc
 50
344.2525707168
 51
15.7632785966
  0
ARC
  5
69D
100
AcDbEntity
  8
0
100
AcDbCircle
 62
7
  6
BYLAYER
 10
44.0675037008
 20
84.2875000002
 40
1.5515602311
100
AcDbArc
 50
79.1790497042
 51
100.8207958386
  0
ARC
  5
69E
100
AcDbEntity
  8
0
100
AcDbCircle
 62
7
  6
BYLAYER
 10
44.0675037008
 20
84.2875000002
 40
1.5515602311
100
AcDbArc
 50
259.1790497049
 51
280.8207958395
  0
ARC
  5
69F
100
AcDbEntity
  8
0
100
AcDbCircle
 62
7
  6
BYLAYER
 10
44.0675037008
 20
84.2875000002
 40
1.14725
100
AcDbArc
 50
74.5296366999
 51
105.4693846616
  0
ARC
  5
6A0
100
AcDbEntity
  8
0
100
AcDbCircle
 62
7
  6
BYLAYER
 10
44.0675037008
 20
84.2875000002
 40
1.14725
100
AcDbArc
 50
161.3799927929
 51
198.6200027531
  0
ARC
  5
6A1
100
AcDbEntity
  8
0
100
AcDbCircle
 62
7
  6
BYLAYER
 10
44.0675037008
 20
84.2875000002
 40
1.14725
100
AcDbArc
 50
341.3838636952
 51
18.6200027531
  0
ARC
  5
6A2
100
AcDbEntity
  8
0
100
AcDbCircle
 62
7
  6
BYLAYER
 10
44.0675037008
 20
84.2875000002
 40
1.14725
100
AcDbArc
 50
254.5297836581
 51
285.4699477131
  0
ARC
  5
6A3
100
AcDbEntity
  8
0
100
AcDbCircle
 62
7
  6
BYLAYER
 10
51.9502353415
 20
82.2778628981
 40
22.7862908979
100
AcDbArc
 50
195.6931479215
 51
195.8506495075
  0
ARC
  5
6A4
100
AcDbEntity
  8
0
100
AcDbCircle
 62
7
  6
BYLAYER
 10
66.4516214478
 20
17.2290272624
 40
24.1387367811
100
AcDbArc
 50
164.1525256558
 51
164.3011935967
  0
ARC
  5
6A5
100
AcDbEntity
  8
0
100
AcDbCircle
 62
7
  6
BYLAYER
 10
63.3675758904
 20
3.9755359334
 40
13.1494730289
100
AcDbArc
 50
89.5451816699
 51
89.997127881
  0
CIRCLE
  5
6A6
100
AcDbEntity
  8
0
100
AcDbCircle
 62
7
  6
BYLAYER
 10
56.2675037008
 20
24.4875000002
 40
4.1
  0
ARC
  5
6A7
100
AcDbEntity
  8
0
100
AcDbCircle
 62
7
  6
BYLAYER
 10
55.0675037008
 20
9.2875000002
 40
2.0
100
AcDbArc
 50
270.0
 51
360.0
  0
ARC
  5
6A8
100
AcDbEntity
  8
0
100
AcDbCircle
 62
7
  6
BYLAYER
 10
55.0675037008
 20
9.2875000002
 40
1.6999999012
100
AcDbArc
 50
270.0000807023
 51
0.0001102231
  0
ARC
  5
6A9
100
AcDbEntity
  8
0
100
AcDbCircle
 62
7
  6
BYLAYER
 10
63.4675037008
 20
13.8875000002
 40
1.0
100
AcDbArc
 50
270.0001242665
 51
360.0
  0
ARC
  5
6AA
100
AcDbEntity
  8
0
100
AcDbCircle
 62
7
  6
BYLAYER
 10
63.4675037008
 20
12.3875000002
 40
1.0
100
AcDbArc
 50
270.0
 51
360.0
  0
ARC
  5
6AB
100
AcDbEntity
  8
0
100
AcDbCircle
 62
7
  6
BYLAYER
 10
58.9675037008
 20
22.1375000002
 40
0.5
100
AcDbArc
 50
180.0
 51
270.0
  0
ARC
  5
6AC
100
AcDbEntity
  8
0
100
AcDbCircle
 62
7
  6
BYLAYER
 10
53.3675037008
 20
22.1375000002
 40
0.5
100
AcDbArc
 50
270.0
 51
360.0
  0
ARC
  5
6AD
100
AcDbEntity
  8
0
100
AcDbCircle
 62
7
  6
BYLAYER
 10
64.0671252223
 20
17.3878478469
 40
0.3003576608
100
AcDbArc
 50
270.0376877796
 51
0.0217654591
  0
ARC
  5
6AE
100
AcDbEntity
  8
0
100
AcDbCircle
 62
7
  6
BYLAYER
 10
65.1502353377
 20
32.277862897
 40
22.786290894
100
AcDbArc
 50
195.6931479215
 51
195.8506495075
  0
CIRCLE
  5
6AF
100
AcDbEntity
  8
0
100
AcDbCircle
 62
7
  6
BYLAYER
 10
56.1675037008
 20
24.9375000002
 40
3.6
  0
ARC
  5
6B0
100
AcDbEntity
  8
0
100
AcDbCircle
 62
7
  6
BYLAYER
 10
56.1675037008
 20
24.9375000002
 40
3.4600181384
100
AcDbArc
 50
80.0138861471
 51
100.514903013
  0
ARC
  5
6B1
100
AcDbEntity
  8
0
100
AcDbCircle
 62
7
  6
BYLAYER
 10
56.1675037008
 20
24.9375000002
 40
3.4600181384
100
AcDbArc
 50
259.485096987
 51
279.9861138531
  0
ARC
  5
6B2
100
AcDbEntity
  8
0
100
AcDbCircle
 62
7
  6
BYLAYER
 10
56.1675037008
 20
24.9375000002
 40
3.3949635042
100
AcDbArc
 50
280.1794880474
 51
79.8205119526
  0
ARC
  5
6B3
100
AcDbEntity
  8
0
100
AcDbCircle
 62
7
  6
BYLAYER
 10
56.1675037008
 20
24.9375000002
 40
3.3949635042
100
AcDbArc
 50
100.384487718
 51
259.615512282
  0
ARC
  5
6B4
100
AcDbEntity
  8
0
100
AcDbCircle
 62
7
  6
BYLAYER
 10
56.1675037008
 20
24.9375000002
 40
2.8968661551
100
AcDbArc
 50
281.9536519714
 51
78.0463481056
  0
ARC
  5
6B5
100
AcDbEntity
  8
0
100
AcDbCircle
 62
7
  6
BYLAYER
 10
56.1675037008
 20
24.9375000002
 40
2.8968661551
100
AcDbArc
 50
101.9536520959
 51
258.0463479046
  0
ARC
  5
6B6
100
AcDbEntity
  8
0
100
AcDbCircle
 62
7
  6
BYLAYER
 10
56.1675037008
 20
24.9375000002
 40
2.671291266
100
AcDbArc
 50
347.0481015245
 51
12.967639236
  0
ARC
  5
6B7
100
AcDbEntity
  8
0
100
AcDbCircle
 62
7
  6
BYLAYER
 10
56.1675037008
 20
24.9375000002
 40
2.671291266
100
AcDbArc
 50
167.0323607748
 51
192.9676392188
  0
ARC
  5
6B8
100
AcDbEntity
  8
0
100
AcDbCircle
 62
7
  6
BYLAYER
 10
56.1675037008
 20
24.9375000002
 40
2.1343306491
100
AcDbArc
 50
344.6405629365
 51
15.3767148885
  0
ARC
  5
6B9
100
AcDbEntity
  8
0
100
AcDbCircle
 62
7
  6
BYLAYER
 10
56.1675037008
 20
24.9375000002
 40
2.1343306491
100
AcDbArc
 50
164.6231138661
 51
195.3767148885
  0
ARC
  5
6BA
100
AcDbEntity
  8
0
100
AcDbCircle
 62
7
  6
BYLAYER
 10
56.1675037008
 20
24.9375000002
 40
1.7017020703
100
AcDbArc
 50
81.4069162847
 51
98.5930358537
  0
ARC
  5
6BB
100
AcDbEntity
  8
0
100
AcDbCircle
 62
7
  6
BYLAYER
 10
56.1675037008
 20
24.9375000002
 40
1.7017020703
100
AcDbArc
 50
261.4069162854
 51
278.5930358528
  0
ARC
  5
6BC
100
AcDbEntity
  8
0
100
AcDbCircle
 62
7
  6
BYLAYER
 10
56.1675037008
 20
24.9375000002
 40
1.1472431439
100
AcDbArc
 50
161.379809877
 51
198.6203215332
  0
ARC
  5
6BD
100
AcDbEntity
  8
0
100
AcDbCircle
 62
7
  6
BYLAYER
 10
56.1675037008
 20
24.9375000002
 40
1.1472431439
100
AcDbArc
 50
76.7552729699
 51
103.2446670374
  0
ARC
  5
6BE
100
AcDbEntity
  8
0
100
AcDbCircle
 62
7
  6
BYLAYER
 10
56.1675037008
 20
24.9375000002
 40
1.1472431439
100
AcDbArc
 50
256.755283148
 51
283.2447001764
  0
ARC
  5
6BF
100
AcDbEntity
  8
0
100
AcDbCircle
 62
7
  6
BYLAYER
 10
56.1675037008
 20
24.9375000002
 40
1.1472431439
100
AcDbArc
 50
341.3836797761
 51
18.6203215334
  0
ARC
  5
6C0
100
AcDbEntity
  8
0
100
AcDbCircle
 62
7
  6
BYLAYER
 10
58.9675037008
 20
27.7375000002
 40
0.5
100
AcDbArc
 50
162.7341099456
 51
179.9999999998
  0
ARC
  5
6C1
100
AcDbEntity
  8
0
100
AcDbCircle
 62
7
  6
BYLAYER
 10
61.7675037008
 20
45.1875000002
 40
0.3
100
AcDbArc
 50
270.0
 51
360.0
  0
ARC
  5
6C2
100
AcDbEntity
  8
0
100
AcDbCircle
 62
7
  6
BYLAYER
 10
61.9675037008
 20
44.9875000002
 40
0.3
100
AcDbArc
 50
340.5287793654
 51
360.0
  0
ARC
  5
6C3
100
AcDbEntity
  8
0
100
AcDbCircle
 62
7
  6
BYLAYER
 10
79.6516214478
 20
17.2290272624
 40
24.1387367811
100
AcDbArc
 50
164.1525256558
 51
164.3011935967
  0
ARC
  5
6C4
100
AcDbEntity
  8
0
100
AcDbCircle
 62
7
  6
BYLAYER
 10
78.3502353377
 20
32.277862897
 40
22.786290894
100
AcDbArc
 50
195.6931479215
 51
195.8506495075
  0
ARC
  5
6C5
100
AcDbEntity
  8
0
100
AcDbCircle
 62
7
  6
BYLAYER
 10
66.4516214506
 20
67.2290272616
 40
24.138736784
100
AcDbArc
 50
164.1525256558
 51
164.3011935966
  0
CIRCLE
  5
6C6
100
AcDbEntity
  8
0
100
AcDbCircle
 62
7
  6
BYLAYER
 10
56.1675037008
 20
74.9375000002
 40
3.6
  0
ARC
  5
6C7
100
AcDbEntity
  8
0
100
AcDbCircle
 62
7
  6
BYLAYER
 10
56.1675037008
 20
74.9375000002
 40
3.4600181384
100
AcDbArc
 50
80.0138861471
 51
100.514903013
  0
ARC
  5
6C8
100
AcDbEntity
  8
0
100
AcDbCircle
 62
7
  6
BYLAYER
 10
56.1675037008
 20
74.9375000002
 40
3.4600181384
100
AcDbArc
 50
259.485096987
 51
279.9861138531
  0
ARC
  5
6C9
100
AcDbEntity
  8
0
100
AcDbCircle
 62
7
  6
BYLAYER
 10
56.1675037008
 20
74.9375000002
 40
3.3949635042
100
AcDbArc
 50
280.1794880474
 51
79.8205119526
  0
ARC
  5
6CA
100
AcDbEntity
  8
0
100
AcDbCircle
 62
7
  6
BYLAYER
 10
56.1675037008
 20
74.9375000002
 40
3.3949635042
100
AcDbArc
 50
100.384487718
 51
259.615512282
  0
ARC
  5
6CB
100
AcDbEntity
  8
0
100
AcDbCircle
 62
7
  6
BYLAYER
 10
56.1675037008
 20
74.9375000002
 40
2.8968661551
100
AcDbArc
 50
281.9536519714
 51
78.0463481056
  0
ARC
  5
6CC
100
AcDbEntity
  8
0
100
AcDbCircle
 62
7
  6
BYLAYER
 10
56.1675037008
 20
74.9375000002
 40
2.8968661551
100
AcDbArc
 50
101.9536520959
 51
258.0463479046
  0
ARC
  5
6CD
100
AcDbEntity
  8
0
100
AcDbCircle
 62
7
  6
BYLAYER
 10
56.1675037008
 20
74.9375000002
 40
2.671291266
100
AcDbArc
 50
347.0481015245
 51
12.967639236
  0
ARC
  5
6CE
100
AcDbEntity
  8
0
100
AcDbCircle
 62
7
  6
BYLAYER
 10
56.1675037008
 20
74.9375000002
 40
2.671291266
100
AcDbArc
 50
167.0323607748
 51
192.9676392188
  0
ARC
  5
6CF
100
AcDbEntity
  8
0
100
AcDbCircle
 62
7
  6
BYLAYER
 10
56.1675037008
 20
74.9375000002
 40
2.1343306491
100
AcDbArc
 50
344.6405629365
 51
15.3767148885
  0
ARC
  5
6D0
100
AcDbEntity
  8
0
100
AcDbCircle
 62
7
  6
BYLAYER
 10
56.1675037008
 20
74.9375000002
 40
2.1343306491
100
AcDbArc
 50
164.6231138661
 51
195.3767148885
  0
ARC
  5
6D1
100
AcDbEntity
  8
0
100
AcDbCircle
 62
7
  6
BYLAYER
 10
56.1675037008
 20
74.9375000002
 40
1.7017020703
100
AcDbArc
 50
81.4069162847
 51
98.5930358537
  0
ARC
  5
6D2
100
AcDbEntity
  8
0
100
AcDbCircle
 62
7
  6
BYLAYER
 10
56.1675037008
 20
74.9375000002
 40
1.7017020703
100
AcDbArc
 50
261.4069162854
 51
278.5930358528
  0
ARC
  5
6D3
100
AcDbEntity
  8
0
100
AcDbCircle
 62
7
  6
BYLAYER
 10
56.1675037008
 20
74.9375000002
 40
1.1472431439
100
AcDbArc
 50
161.379809877
 51
198.6203215332
  0
ARC
  5
6D4
100
AcDbEntity
  8
0
100
AcDbCircle
 62
7
  6
BYLAYER
 10
56.1675037008
 20
74.9375000002
 40
1.1472431439
100
AcDbArc
 50
76.7552729699
 51
103.2446670374
  0
ARC
  5
6D5
100
AcDbEntity
  8
0
100
AcDbCircle
 62
7
  6
BYLAYER
 10
56.1675037008
 20
74.9375000002
 40
1.1472431439
100
AcDbArc
 50
256.755283148
 51
283.2447001764
  0
ARC
  5
6D6
100
AcDbEntity
  8
0
100
AcDbCircle
 62
7
  6
BYLAYER
 10
56.1675037008
 20
74.9375000002
 40
1.1472431439
100
AcDbArc
 50
341.3836797761
 51
18.6203215334
  0
ARC
  5
6D7
100
AcDbEntity
  8
0
100
AcDbCircle
 62
7
  6
BYLAYER
 10
58.9675037008
 20
72.1375000002
 40
0.5
100
AcDbArc
 50
180.0000000002
 51
203.393592369
  0
ARC
  5
6D8
100
AcDbEntity
  8
0
100
AcDbCircle
 62
7
  6
BYLAYER
 10
53.3675037008
 20
72.1375000002
 40
0.5
100
AcDbArc
 50
347.5781776853
 51
360.0
  0
ARC
  5
6D9
100
AcDbEntity
  8
0
100
AcDbCircle
 62
7
  6
BYLAYER
 10
61.7675037008
 20
54.5875000002
 40
0.3
100
AcDbArc
 50
0.0
 51
90.0
  0
ARC
  5
6DA
100
AcDbEntity
  8
0
100
AcDbCircle
 62
7
  6
BYLAYER
 10
61.9675037008
 20
54.7875000002
 40
0.3
100
AcDbArc
 50
0.0
 51
90.0
  0
ARC
  5
6DB
100
AcDbEntity
  8
0
100
AcDbCircle
 62
7
  6
BYLAYER
 10
65.1502353415
 20
82.2778628981
 40
22.7862908979
100
AcDbArc
 50
195.6931479215
 51
195.8506495075
  0
ARC
  5
6DC
100
AcDbEntity
  8
0
100
AcDbCircle
 62
7
  6
BYLAYER
 10
63.3670635048
 20
95.8778060766
 40
13.2278150342
100
AcDbArc
 50
270.0025812922
 51
270.4543862601
  0
ARC
  5
6DD
100
AcDbEntity
  8
0
100
AcDbCircle
 62
7
  6
BYLAYER
 10
56.4675037008
 20
87.8875000002
 40
4.75
100
AcDbArc
 50
39.1667107161
 51
140.8332892839
  0
ARC
  5
6DE
100
AcDbEntity
  8
0
100
AcDbCircle
 62
7
  6
BYLAYER
 10
53.8610333236
 20
82.5025286273
 40
4.4477142212
100
AcDbArc
 50
41.4195728619
 51
41.7928941458
  0
ARC
  5
6DF
100
AcDbEntity
  8
0
100
AcDbCircle
 62
7
  6
BYLAYER
 10
61.2972514693
 20
82.6597161637
 40
4.211201127
100
AcDbArc
 50
138.1991807673
 51
138.5934888242
  0
CIRCLE
  5
6E0
100
AcDbEntity
  8
0
100
AcDbCircle
 62
7
  6
BYLAYER
 10
56.2675037008
 20
75.2875000002
 40
4.1
  0
ARC
  5
6E1
100
AcDbEntity
  8
0
100
AcDbCircle
 62
7
  6
BYLAYER
 10
57.8675037008
 20
84.2356190216
 40
3.25
100
AcDbArc
 50
324.7086251061
 51
0.0331606521
  0
ARC
  5
6E2
100
AcDbEntity
  8
0
100
AcDbCircle
 62
7
  6
BYLAYER
 10
57.8675037008
 20
84.2356190216
 40
3.25
100
AcDbArc
 50
179.9668393479
 51
215.2135415229
  0
ARC
  5
6E3
100
AcDbEntity
  8
0
100
AcDbCircle
 62
7
  6
BYLAYER
 10
57.6674913936
 20
82.5003355069
 40
2.9821059909
100
AcDbArc
 50
80.9098635256
 51
99.0896542975
  0
ARC
  5
6E4
100
AcDbEntity
  8
0
100
AcDbCircle
 62
7
  6
BYLAYER
 10
57.6842957621
 20
82.6203694174
 40
2.882749056
100
AcDbArc
 50
41.6821403024
 51
45.6558198446
  0
ARC
  5
6E5
100
AcDbEntity
  8
0
100
AcDbCircle
 62
7
  6
BYLAYER
 10
57.7135623451
 20
82.6786107187
 40
2.4511892388
100
AcDbArc
 50
0.2079068991
 51
0.429996482
  0
ARC
  5
6E6
100
AcDbEntity
  8
0
100
AcDbCircle
 62
7
  6
BYLAYER
 10
57.6318475422
 20
82.678484823
 40
2.4356347299
100
AcDbArc
 50
165.4392099961
 51
179.7878300715
  0
ARC
  5
6E7
100
AcDbEntity
  8
0
100
AcDbCircle
 62
7
  6
BYLAYER
 10
57.7031598594
 20
82.678484823
 40
2.4356347299
100
AcDbArc
 50
0.2121699286
 51
14.5607900039
  0
ARC
  5
6E8
100
AcDbEntity
  8
0
100
AcDbCircle
 62
7
  6
BYLAYER
 10
56.4675037008
 20
87.8875000002
 40
2.25
100
AcDbArc
 50
50.2524908439
 51
108.1166489977
  0
ARC
  5
6E9
100
AcDbEntity
  8
0
100
AcDbCircle
 62
7
  6
BYLAYER
 10
57.6950101885
 20
82.6379580081
 40
1.9068253629
100
AcDbArc
 50
1.4902578391
 51
17.6816250452
  0
ARC
  5
6EA
100
AcDbEntity
  8
0
100
AcDbCircle
 62
7
  6
BYLAYER
 10
57.6399909803
 20
82.6379590828
 40
1.9068190999
100
AcDbArc
 50
162.317482292
 51
178.5097695362
  0
ARC
  5
6EB
100
AcDbEntity
  8
0
100
AcDbCircle
 62
7
  6
BYLAYER
 10
57.6675036773
 20
82.5217642989
 40
1.5627186037
100
AcDbArc
 50
73.1082978244
 51
106.8916474704
  0
ARC
  5
6EC
100
AcDbEntity
  8
0
100
AcDbCircle
 62
7
  6
BYLAYER
 10
57.6675036991
 20
82.4289955398
 40
1.1553571225
100
AcDbArc
 50
70.4588986792
 51
109.5407036993
  0
ARC
  5
6ED
100
AcDbEntity
  8
0
100
AcDbCircle
 62
7
  6
BYLAYER
 10
57.6804165113
 20
82.4446293691
 40
1.134460321
100
AcDbArc
 50
12.382949253
 51
21.8538427481
  0
ARC
  5
6EE
100
AcDbEntity
  8
0
100
AcDbCircle
 62
7
  6
BYLAYER
 10
57.6545245651
 20
82.4446501425
 40
1.1343910256
100
AcDbArc
 50
158.1440657608
 51
167.6173556847
  0
ARC
  5
6EF
100
AcDbEntity
  8
0
100
AcDbCircle
 62
7
  6
BYLAYER
 10
63.4675037008
 20
85.8875000002
 40
1.0
100
AcDbArc
 50
0.0
 51
89.9999705271
  0
ARC
  5
6F0
100
AcDbEntity
  8
0
100
AcDbCircle
 62
7
  6
BYLAYER
 10
63.4675037008
 20
89.8875000002
 40
1.0
100
AcDbArc
 50
0.0
 51
89.9998220221
  0
ARC
  5
6F1
100
AcDbEntity
  8
0
100
AcDbCircle
 62
7
  6
BYLAYER
 10
63.4683896037
 20
86.0989587256
 40
0.8822338256
100
AcDbArc
 50
88.1542893827
 51
90.0572782152
  0
ARC
  5
6F2
100
AcDbEntity
  8
0
100
AcDbCircle
 62
7
  6
BYLAYER
 10
58.9675037008
 20
77.7375000002
 40
0.5
100
AcDbArc
 50
90.0
 51
180.0
  0
ARC
  5
6F3
100
AcDbEntity
  8
0
100
AcDbCircle
 62
7
  6
BYLAYER
 10
53.3675037008
 20
77.7375000002
 40
0.5
100
AcDbArc
 50
0.0
 51
79.79317286
  0
ARC
  5
6F4
100
AcDbEntity
  8
0
100
AcDbCircle
 62
7
  6
BYLAYER
 10
60.2762199631
 20
84.6107368201
 40
0.4012320559
100
AcDbArc
 50
86.5076369411
 51
93.1413965456
  0
ARC
  5
6F5
100
AcDbEntity
  8
0
100
AcDbCircle
 62
7
  6
BYLAYER
 10
60.2758954209
 20
84.6159354839
 40
0.3960234208
100
AcDbArc
 50
93.1357300356
 51
103.6546087918
  0
ARC
  5
6F6
100
AcDbEntity
  8
0
100
AcDbCircle
 62
7
  6
BYLAYER
 10
64.0671251534
 20
82.3871521066
 40
0.3003577067
100
AcDbArc
 50
359.9780767851
 51
89.9622834631
  0
ARC
  5
6F7
100
AcDbEntity
  8
0
100
AcDbCircle
 62
7
  6
BYLAYER
 10
79.6516214506
 20
67.2290272616
 40
24.138736784
100
AcDbArc
 50
164.1525256558
 51
164.3011935966
  0
ARC
  5
6F8
100
AcDbEntity
  8
0
100
AcDbCircle
 62
7
  6
BYLAYER
 10
78.3502353415
 20
82.2778628981
 40
22.7862908979
100
AcDbArc
 50
195.6931479215
 51
195.8506495075
  0
ARC
  5
6F9
100
AcDbEntity
  8
0
100
AcDbCircle
 62
7
  6
BYLAYER
 10
94.3871177164
 20
262.5639136407
 40
196.8799887414
100
AcDbArc
 50
245.6538089365
 51
245.9021254402
  0
ARC
  5
6FA
100
AcDbEntity
  8
0
100
AcDbCircle
 62
7
  6
BYLAYER
 10
136.9871174341
 20
262.5887085271
 40
196.8799880547
100
AcDbArc
 50
245.6538089362
 51
245.9021254407
  0
SPLINE
  5
6FB
100
AcDbEntity
  8
0
100
AcDbSpline
 62
7
  6
BYLAYER
 70
0
 71
3
 72
11
 73
7
 74
0
 42
0.0000001
 43
0.0000001
 44
0.0000000001
 40
0.0
 40
0.0
 40
0.0
 40
0.0
 40
0.2502947676
 40
0.5003777803
 40
0.7502699213
 40
1.0
 40
1.0
 40
1.0
 40
1.0
 10
55.4924407984
 20
84.5418978549
 30
0.0
 10
55.4094694502
 20
84.4608073889
 30
0.0
 10
55.2526050962
 20
84.2891755769
 30
0.0
 10
55.0480039877
 20
84.0070814597
 30
0.0
 10
54.8766719564
 20
83.7039251739
 30
0.0
 10
54.7860512584
 20
83.4901708105
 30
0.0
 10
54.7469740032
 20
83.3812111333
 30
0.0
  0
SPLINE
  5
6FC
100
AcDbEntity
  8
0
100
AcDbSpline
 62
7
  6
BYLAYER
 70
0
 71
3
 72
11
 73
7
 74
0
 42
0.0000001
 43
0.0000001
 44
0.0000000001
 40
0.0
 40
0.0
 40
0.0
 40
0.0
 40
0.2496771895
 40
0.4995265831
 40
0.749617129
 40
1.0
 40
1.0
 40
1.0
 40
1.0
 10
60.7320243464
 20
82.8136718464
 30
0.0
 10
60.7070470024
 20
82.9761832784
 30
0.0
 10
60.6305964678
 20
83.2978655726
 30
0.0
 10
60.4399122251
 20
83.7554355055
 30
0.0
 10
60.1780987119
 20
84.1769113084
 30
0.0
 10
59.960486252
 20
84.4266510717
 30
0.0
 10
59.8425665626
 20
84.5418978139
 30
0.0
  0
SPLINE
  5
6FD
100
AcDbEntity
  8
0
100
AcDbSpline
 62
7
  6
BYLAYER
 70
0
 71
3
 72
11
 73
7
 74
0
 42
0.0000001
 43
0.0000001
 44
0.0000000001
 40
0.0
 40
0.0
 40
0.0
 40
0.0
 40
0.2502294897
 40
0.5003327059
 40
0.7502658048
 40
1.0
 40
1.0
 40
1.0
 40
1.0
 10
57.1767197822
 20
85.4668274243
 30
0.0
 10
57.0324841246
 20
85.4421954377
 30
0.0
 10
56.7473387246
 20
85.3710663404
 30
0.0
 10
56.3409951689
 20
85.2014151843
 30
0.0
 10
55.9650472034
 20
84.9727063069
 30
0.0
 10
55.7402026189
 20
84.7840516057
 30
0.0
 10
55.6357652111
 20
84.6819790209
 30
0.0
  0
SPLINE
  5
6FE
100
AcDbEntity
  8
0
100
AcDbSpline
 62
7
  6
BYLAYER
 70
0
 71
3
 72
11
 73
7
 74
0
 42
0.0000001
 43
0.0000001
 44
0.0000000001
 40
0.0
 40
0.0
 40
0.0
 40
0.0
 40
0.2497341972
 40
0.499667306
 40
0.749770521
 40
1.0
 40
1.0
 40
1.0
 40
1.0
 10
59.6992421905
 20
84.6819790209
 30
0.0
 10
59.5948047819
 20
84.7840516065
 30
0.0
 10
59.3699601919
 20
84.9727063121
 30
0.0
 10
58.9940122199
 20
85.2014151911
 30
0.0
 10
58.5876686644
 20
85.3710663447
 30
0.0
 10
58.3025232708
 20
85.4421954387
 30
0.0
 10
58.1582876194
 20
85.4668274243
 30
0.0
  0
SPLINE
  5
6FF
100
AcDbEntity
  8
0
100
AcDbSpline
 62
7
  6
BYLAYER
 70
0
 71
3
 72
23
 73
19
 74
0
 42
0.0000001
 43
0.0000001
 44
0.0000000001
 40
0.0
 40
0.0
 40
0.0
 40
0.0
 40
0.0019333169
 40
0.0059203845
 40
0.0121612359
 40
0.0206888743
 40
0.0315073323
 40
0.0446010219
 40
0.0774674045
 40
0.118976557
 40
0.168784061
 40
0.2264319737
 40
0.2914234291
 40
0.3632162212
 40
0.4411667965
 40
0.6129006627
 40
0.8012476954
 40
1.0
 40
1.0
 40
1.0
 40
1.0
 10
57.1767197902
 20
85.4668256635
 30
0.0
 10
57.1764912215
 20
85.4667846347
 30
0.0
 10
57.1760784346
 20
85.4660511975
 30
0.0
 10
57.1756915316
 20
85.4647314256
 30
0.0
 10
57.1752329654
 20
85.4624780105
 30
0.0
 10
57.1747961367
 20
85.4594542431
 30
0.0
 10
57.1743497489
 20
85.4555757722
 30
0.0
 10
57.1737180008
 20
85.4487880909
 30
0.0
 10
57.1729826783
 20
85.4383042027
 30
0.0
 10
57.1721822732
 20
85.4234099885
 30
0.0
 10
57.171425426
 20
85.4055323519
 30
0.0
 10
57.1707181507
 20
85.3848307904
 30
0.0
 10
57.1700686272
 20
85.3614852814
 30
0.0
 10
57.1694831057
 20
85.3356987998
 30
0.0
 10
57.1687701978
 20
85.2970907847
 30
0.0
 10
57.1680923834
 20
85.2444802249
 30
0.0
 10
57.1676092329
 20
85.1773569899
 30
0.0
 10
57.1675037008
 20
85.1308601458
 30
0.0
 10
57.1675037008
 20
85.1069868506
 30
0.0
  0
LINE
  5
700
100
AcDbEntity
  8
0
100
AcDbLine
 62
7
  6
BYLAYER
 10
56.6932343911
 20
82.8567633831
 11
56.6016893516
 21
82.8669471757
  0
SPLINE
  5
701
100
AcDbEntity
  8
0
100
AcDbSpline
 62
7
  6
BYLAYER
 70
0
 71
3
 72
13
 73
9
 74
0
 42
0.0000001
 43
0.0000001
 44
0.0000000001
 40
0.0
 40
0.0
 40
0.0
 40
0.0
 40
0.1252800166
 40
0.2504802345
 40
0.3756083742
 40
0.5006721108
 40
0.7503824669
 40
1.0
 40
1.0
 40
1.0
 40
1.0
 10
59.8372639375
 20
84.5373905846
 30
0.0
 10
59.8935691489
 20
84.4741550658
 30
0.0
 10
60.0006369499
 20
84.3426914314
 30
0.0
 10
60.1431043196
 20
84.1322091213
 30
0.0
 10
60.2663856687
 20
83.9100692914
 30
0.0
 10
60.4037092002
 20
83.6009696312
 30
0.0
 10
60.5231548449
 20
83.1938283526
 30
0.0
 10
60.5595537821
 20
82.8562632799
 30
0.0
 10
60.5627265069
 20
82.6875901161
 30
0.0
  0
LINE
  5
702
100
AcDbEntity
  8
0
100
AcDbLine
 62
7
  6
BYLAYER
 10
58.0539490385
 20
83.5178003748
 11
58.1215694386
 21
84.0170555174
  0
LINE
  5
703
100
AcDbEntity
  8
0
100
AcDbLine
 62
7
  6
BYLAYER
 10
58.0525224945
 20
83.4212194002
 11
58.0539490385
 21
83.5178003748
  0
SPLINE
  5
704
100
AcDbEntity
  8
0
100
AcDbSpline
 62
7
  6
BYLAYER
 70
0
 71
3
 72
9
 73
5
 74
0
 42
0.0000001
 43
0.0000001
 44
0.0000000001
 40
0.0
 40
0.0
 40
0.0
 40
0.0
 40
0.2527151436
 40
1.0
 40
1.0
 40
1.0
 40
1.0
 10
58.2339425908
 20
83.0066971208
 30
0.0
 10
58.2181249194
 20
83.0413774871
 30
0.0
 10
58.156221
 20
83.1789222439
 30
0.0
 10
58.096529688
 20
83.3174516456
 30
0.0
 10
58.0525224243
 20
83.4212193718
 30
0.0
  0
SPLINE
  5
705
100
AcDbEntity
  8
0
100
AcDbSpline
 62
7
  6
BYLAYER
 70
0
 71
3
 72
9
 73
5
 74
0
 42
0.0000001
 43
0.0000001
 44
0.0000000001
 40
0.0
 40
0.0
 40
0.0
 40
0.0
 40
0.2449840664
 40
1.0
 40
1.0
 40
1.0
 40
1.0
 10
58.6417732448
 20
82.8567629576
 30
0.0
 10
58.6082614288
 20
82.8684293901
 30
0.0
 10
58.4716208993
 20
82.9164761423
 30
0.0
 10
58.3357063162
 20
82.9666515513
 30
0.0
 10
58.2339425908
 20
83.0066971208
 30
0.0
  0
LINE
  5
706
100
AcDbEntity
  8
0
100
AcDbLine
 62
7
  6
BYLAYER
 10
58.7334293185
 20
82.8669587927
 11
58.6417732222
 21
82.8567632058
  0
SPLINE
  5
707
100
AcDbEntity
  8
0
100
AcDbSpline
 62
7
  6
BYLAYER
 70
0
 71
3
 72
23
 73
19
 74
0
 42
0.0000001
 43
0.0000001
 44
0.0000000001
 40
0.0
 40
0.0
 40
0.0
 40
0.0
 40
0.1987498136
 40
0.3870958693
 40
0.5588337098
 40
0.6367860271
 40
0.7085802413
 40
0.7735722848
 40
0.8312195582
 40
0.8810264894
 40
0.9225350578
 40
0.9554010542
 40
0.9684949852
 40
0.979313849
 40
0.9878411427
 40
0.9940811549
 40
0.9980672716
 40
1.0
 40
1.0
 40
1.0
 40
1.0
 10
58.1675037008
 20
85.1069868506
 30
0.0
 10
58.1675037008
 20
85.1308598564
 30
0.0
 10
58.16739818
 20
85.1773563031
 30
0.0
 10
58.1669150199
 20
85.2444796265
 30
0.0
 10
58.1662372079
 20
85.2970907773
 30
0.0
 10
58.1655242672
 20
85.3356996653
 30
0.0
 10
58.1649387331
 20
85.361486608
 30
0.0
 10
58.1642892212
 20
85.3848322917
 30
0.0
 10
58.163581936
 20
85.4055337864
 30
0.0
 10
58.1628250776
 20
85.4234112141
 30
0.0
 10
58.1620246293
 20
85.4383052466
 30
0.0
 10
58.1612892596
 20
85.4487890481
 30
0.0
 10
58.1606575197
 20
85.4555767636
 30
0.0
 10
58.1602111755
 20
85.4594552786
 30
0.0
 10
58.1597743946
 20
85.4624789587
 30
0.0
 10
58.1593158137
 20
85.4647321114
 30
0.0
 10
58.1589290069
 20
85.4660516193
 30
0.0
 10
58.1585161192
 20
85.4667848083
 30
0.0
 10
58.1582876041
 20
85.4668257358
 30
0.0
  0
SPLINE
  5
708
100
AcDbEntity
  8
0
100
AcDbSpline
 62
7
  6
BYLAYER
 70
0
 71
3
 72
15
 73
11
 74
0
 42
0.0000001
 43
0.0000001
 44
0.0000000001
 40
0.0
 40
0.0
 40
0.0
 40
0.0
 40
0.1254610439
 40
0.250808157
 40
0.3760204458
 40
0.5010742507
 40
0.6259724247
 40
0.7507356918
 40
0.8753920825
 40
1.0
 40
1.0
 40
1.0
 40
1.0
 10
58.1675037008
 20
85.1069868506
 30
0.0
 10
58.3061234963
 20
85.0788698749
 30
0.0
 10
58.5790442014
 20
84.9990499162
 30
0.0
 10
58.9617697766
 20
84.812302621
 30
0.0
 10
59.3072407761
 20
84.5638673977
 30
0.0
 10
59.6053061716
 20
84.2609156869
 30
0.0
 10
59.8473897389
 20
83.9122110902
 30
0.0
 10
60.0264520467
 20
83.5277812381
 30
0.0
 10
60.1373273732
 20
83.1189048273
 30
0.0
 10
60.1636282526
 20
82.8374832185
 30
0.0
 10
60.1646825552
 20
82.6970063643
 30
0.0
  0
SPLINE
  5
709
100
AcDbEntity
  8
0
100
AcDbSpline
 62
7
  6
BYLAYER
 70
0
 71
3
 72
15
 73
11
 74
0
 42
0.0000001
 43
0.0000001
 44
0.0000000001
 40
0.0
 40
0.0
 40
0.0
 40
0.0
 40
0.1246155018
 40
0.2492695784
 40
0.3740313334
 40
0.4989278898
 40
0.623980386
 40
0.7491918959
 40
0.874538855
 40
1.0
 40
1.0
 40
1.0
 40
1.0
 10
55.170272445
 20
82.6875149095
 30
0.0
 10
55.170791213
 20
82.8283961267
 30
0.0
 10
55.196138747
 20
83.1107136534
 30
0.0
 10
55.3060520804
 20
83.5210928944
 30
0.0
 10
55.4845974694
 20
83.9070757997
 30
0.0
 10
55.7266082574
 20
84.2572829762
 30
0.0
 10
56.0250038953
 20
84.5615862955
 30
0.0
 10
56.3711515674
 20
84.8111336594
 30
0.0
 10
56.7548227516
 20
84.9986809147
 30
0.0
 10
57.0284962091
 20
85.0787912364
 30
0.0
 10
57.1675037008
 20
85.1069868506
 30
0.0
  0
SPLINE
  5
70A
100
AcDbEntity
  8
0
100
AcDbSpline
 62
7
  6
BYLAYER
 70
0
 71
3
 72
14
 73
10
 74
0
 42
0.0000001
 43
0.0000001
 44
0.0000000001
 40
0.0
 40
0.0
 40
0.0
 40
0.0
 40
0.0818289757
 40
0.180298585
 40
0.2935696303
 40
0.4194850833
 40
0.5556080366
 40
0.6994379744
 40
1.0
 40
1.0
 40
1.0
 40
1.0
 10
59.511806685
 20
83.2171345094
 30
0.0
 10
59.5256423066
 20
83.2233838509
 30
0.0
 10
59.5571500265
 20
83.2348712075
 30
0.0
 10
59.609771003
 20
83.2490560024
 30
0.0
 10
59.6712024447
 20
83.2615070117
 30
0.0
 10
59.7400600008
 20
83.2719888582
 30
0.0
 10
59.8149161737
 20
83.2803214496
 30
0.0
 10
59.9223224886
 20
83.2884819016
 30
0.0
 10
60.0048030043
 20
83.2908205745
 30
0.0
 10
60.0605655235
 20
83.2908205745
 30
0.0
  0
SPLINE
  5
70B
100
AcDbEntity
  8
0
100
AcDbSpline
 62
7
  6
BYLAYER
 70
0
 71
3
 72
14
 73
10
 74
0
 42
0.0000001
 43
0.0000001
 44
0.0000000001
 40
0.0
 40
0.0
 40
0.0
 40
0.0
 40
0.3006218299
 40
0.4444818778
 40
0.5806252795
 40
0.7065334211
 40
0.8197662201
 40
0.9181868048
 40
1.0
 40
1.0
 40
1.0
 40
1.0
 10
55.2744418781
 20
83.2908205745
 30
0.0
 10
55.3302517124
 20
83.2908205745
 30
0.0
 10
55.4128025653
 20
83.2884780115
 30
0.0
 10
55.520298491
 20
83.2803027002
 30
0.0
 10
55.5952103762
 20
83.2719556508
 30
0.0
 10
55.6641063296
 20
83.2614554645
 30
0.0
 10
55.7255564833
 20
83.2489800571
 30
0.0
 10
55.778188095
 20
83.2347713269
 30
0.0
 10
55.8097002915
 20
83.2232694522
 30
0.0
 10
55.823542229
 20
83.2170172602
 30
0.0
  0
SPLINE
  5
70C
100
AcDbEntity
  8
0
100
AcDbSpline
 62
7
  6
BYLAYER
 70
0
 71
3
 72
9
 73
5
 74
0
 42
0.0000001
 43
0.0000001
 44
0.0000000001
 40
0.0
 40
0.0
 40
0.0
 40
0.0
 40
0.2473051954
 40
1.0
 40
1.0
 40
1.0
 40
1.0
 10
57.2824850422
 20
83.4212194615
 30
0.0
 10
57.2679214255
 20
83.3868789155
 30
0.0
 10
57.2087484751
 20
83.248141903
 30
0.0
 10
57.1481764304
 20
83.1099897093
 30
0.0
 10
57.1010648108
 20
83.0066971208
 30
0.0
  0
LINE
  5
70D
100
AcDbEntity
  8
0
100
AcDbLine
 62
7
  6
BYLAYER
 10
57.2134386034
 20
84.0170732331
 11
57.2810581248
 21
83.517825234
  0
LINE
  5
70E
100
AcDbEntity
  8
0
100
AcDbLine
 62
7
  6
BYLAYER
 10
57.2810581248
 20
83.517825234
 11
57.2824849897
 21
83.421219378
  0
SPLINE
  5
70F
100
AcDbEntity
  8
0
100
AcDbSpline
 62
7
  6
BYLAYER
 70
0
 71
3
 72
9
 73
5
 74
0
 42
0.0000001
 43
0.0000001
 44
0.0000000001
 40
0.0
 40
0.0
 40
0.0
 40
0.0
 40
0.255475566
 40
1.0
 40
1.0
 40
1.0
 40
1.0
 10
57.1010648108
 20
83.0066971208
 30
0.0
 10
57.0666305483
 20
82.9931467162
 30
0.0
 10
56.9314625143
 20
82.9410783355
 30
0.0
 10
56.7950803454
 20
82.8922186222
 30
0.0
 10
56.6932344317
 20
82.85676311
 30
0.0
  0
SPLINE
  5
710
100
AcDbEntity
  8
0
100
AcDbSpline
 62
7
  6
BYLAYER
 70
0
 71
3
 72
11
 73
7
 74
0
 42
0.0000001
 43
0.0000001
 44
0.0000000001
 40
0.0
 40
0.0
 40
0.0
 40
0.0
 40
0.2496720654
 40
0.499537298
 40
0.7496335254
 40
1.0
 40
1.0
 40
1.0
 40
1.0
 10
54.824796498
 20
83.1815225603
 30
0.0
 10
54.8524237007
 20
83.3228364888
 30
0.0
 10
54.9292627551
 20
83.6018362084
 30
0.0
 10
55.106228592
 20
83.9980235777
 30
0.0
 10
55.3409571022
 20
84.3634390203
 30
0.0
 10
55.5325023416
 20
84.5810574855
 30
0.0
 10
55.635765461
 20
84.6819787689
 30
0.0
  0
SPLINE
  5
711
100
AcDbEntity
  8
0
100
AcDbSpline
 62
7
  6
BYLAYER
 70
0
 71
3
 72
11
 73
7
 74
0
 42
0.0000001
 43
0.0000001
 44
0.0000000001
 40
0.0
 40
0.0
 40
0.0
 40
0.0
 40
0.2497341972
 40
0.499667306
 40
0.749770521
 40
1.0
 40
1.0
 40
1.0
 40
1.0
 10
17.0992421905
 20
84.6571835084
 30
0.0
 10
16.9948047819
 20
84.759256094
 30
0.0
 10
16.7699601919
 20
84.9479107996
 30
0.0
 10
16.3940122199
 20
85.1766196787
 30
0.0
 10
15.9876686644
 20
85.3462708323
 30
0.0
 10
15.7025232708
 20
85.4173999263
 30
0.0
 10
15.5582876194
 20
85.4420319118
 30
0.0
  0
SPLINE
  5
712
100
AcDbEntity
  8
0
100
AcDbSpline
 62
7
  6
BYLAYER
 70
0
 71
3
 72
11
 73
7
 74
0
 42
0.0000001
 43
0.0000001
 44
0.0000000001
 40
0.0
 40
0.0
 40
0.0
 40
0.0
 40
0.2496883089
 40
0.4995673379
 40
0.749659243
 40
1.0
 40
1.0
 40
1.0
 40
1.0
 10
18.0639298292
 20
83.1134023497
 30
0.0
 10
18.0285951197
 20
83.2456538969
 30
0.0
 10
17.9399769581
 20
83.5058324428
 30
0.0
 10
17.7560747309
 20
83.8747193698
 30
0.0
 10
17.524361758
 20
84.2160408122
 30
0.0
 10
17.3407218
 20
84.421172
 30
0.0
 10
17.2425665626
 20
84.5171023014
 30
0.0
  0
SPLINE
  5
713
100
AcDbEntity
  8
0
100
AcDbSpline
 62
7
  6
BYLAYER
 70
0
 71
3
 72
11
 73
7
 74
0
 42
0.0000001
 43
0.0000001
 44
0.0000000001
 40
0.0
 40
0.0
 40
0.0
 40
0.0
 40
0.2503399481
 40
0.5004313214
 40
0.7503107284
 40
1.0
 40
1.0
 40
1.0
 40
1.0
 10
12.8924407984
 20
84.5171023424
 30
0.0
 10
12.7940276324
 20
84.4209201101
 30
0.0
 10
12.6099378398
 20
84.2152138228
 30
0.0
 10
12.3777930618
 20
83.8728671076
 30
0.0
 10
12.1937309044
 20
83.5028410775
 30
0.0
 10
12.1052013528
 20
83.2418626288
 30
0.0
 10
12.0699614061
 20
83.1092126745
 30
0.0
  0
SPLINE
  5
714
100
AcDbEntity
  8
0
100
AcDbSpline
 62
7
  6
BYLAYER
 70
0
 71
3
 72
11
 73
7
 74
0
 42
0.0000001
 43
0.0000001
 44
0.0000000001
 40
0.0
 40
0.0
 40
0.0
 40
0.0
 40
0.2502294897
 40
0.5003327059
 40
0.7502658048
 40
1.0
 40
1.0
 40
1.0
 40
1.0
 10
14.5767197822
 20
85.4420319118
 30
0.0
 10
14.4324841246
 20
85.4173999252
 30
0.0
 10
14.1473387246
 20
85.346270828
 30
0.0
 10
13.7409951689
 20
85.1766196719
 30
0.0
 10
13.3650472034
 20
84.9479107945
 30
0.0
 10
13.1402026189
 20
84.7592560932
 30
0.0
 10
13.0357652111
 20
84.6571835084
 30
0.0
  0
SPLINE
  5
715
100
AcDbEntity
  8
0
100
AcDbSpline
 62
7
  6
BYLAYER
 70
0
 71
3
 72
23
 73
19
 74
0
 42
0.0000001
 43
0.0000001
 44
0.0000000001
 40
0.0
 40
0.0
 40
0.0
 40
0.0
 40
0.1987498136
 40
0.3870958693
 40
0.5588337098
 40
0.6367860271
 40
0.7085802413
 40
0.7735722848
 40
0.8312195582
 40
0.8810264894
 40
0.9225350578
 40
0.9554010542
 40
0.9684949852
 40
0.979313849
 40
0.9878411427
 40
0.9940811549
 40
0.9980672716
 40
1.0
 40
1.0
 40
1.0
 40
1.0
 10
15.5675037008
 20
85.0821913381
 30
0.0
 10
15.5675037008
 20
85.1060643439
 30
0.0
 10
15.56739818
 20
85.1525607906
 30
0.0
 10
15.5669150199
 20
85.219684114
 30
0.0
 10
15.5662372079
 20
85.2722952649
 30
0.0
 10
15.5655242672
 20
85.3109041528
 30
0.0
 10
15.5649387331
 20
85.3366910955
 30
0.0
 10
15.5642892212
 20
85.3600367793
 30
0.0
 10
15.563581936
 20
85.3807382739
 30
0.0
 10
15.5628250776
 20
85.3986157016
 30
0.0
 10
15.5620246293
 20
85.4135097341
 30
0.0
 10
15.5612892596
 20
85.4239935356
 30
0.0
 10
15.5606575197
 20
85.4307812511
 30
0.0
 10
15.5602111755
 20
85.4346597661
 30
0.0
 10
15.5597743946
 20
85.4376834462
 30
0.0
 10
15.5593158137
 20
85.439936599
 30
0.0
 10
15.5589290069
 20
85.4412561069
 30
0.0
 10
15.5585161192
 20
85.4419892958
 30
0.0
 10
15.5582876041
 20
85.4420302233
 30
0.0
  0
SPLINE
  5
716
100
AcDbEntity
  8
0
100
AcDbSpline
 62
7
  6
BYLAYER
 70
0
 71
3
 72
14
 73
10
 74
0
 42
0.0000001
 43
0.0000001
 44
0.0000000001
 40
0.0
 40
0.0
 40
0.0
 40
0.0
 40
0.0818289757
 40
0.180298585
 40
0.2935696304
 40
0.4194850833
 40
0.5556080367
 40
0.6994379745
 40
1.0
 40
1.0
 40
1.0
 40
1.0
 10
16.9118066853
 20
83.192338997
 30
0.0
 10
16.9256423068
 20
83.1985883385
 30
0.0
 10
16.9571500267
 20
83.2100756951
 30
0.0
 10
17.0097710032
 20
83.22426049
 30
0.0
 10
17.0712024449
 20
83.2367114993
 30
0.0
 10
17.140060001
 20
83.2471933458
 30
0.0
 10
17.2149161739
 20
83.2555259372
 30
0.0
 10
17.3223224887
 20
83.2636863891
 30
0.0
 10
17.4048030044
 20
83.266025062
 30
0.0
 10
17.4605655235
 20
83.266025062
 30
0.0
  0
SPLINE
  5
717
100
AcDbEntity
  8
0
100
AcDbSpline
 62
7
  6
BYLAYER
 70
0
 71
3
 72
13
 73
9
 74
0
 42
0.0000001
 43
0.0000001
 44
0.0000000001
 40
0.0
 40
0.0
 40
0.0
 40
0.0
 40
0.2502704097
 40
0.5002324427
 40
0.625236188
 40
0.7501760971
 40
0.8750844152
 40
1.0
 40
1.0
 40
1.0
 40
1.0
 10
17.0992420505
 20
84.6571833672
 30
0.0
 10
17.2197620903
 20
84.5393956525
 30
0.0
 10
17.4404393158
 20
84.2822718752
 30
0.0
 10
17.6555006853
 20
83.917698356
 30
0.0
 10
17.7869525646
 20
83.6074108475
 30
0.0
 10
17.8646638813
 20
83.366901722
 30
0.0
 10
17.9208278809
 20
83.1205650555
 30
0.0
 10
17.9436061164
 20
82.9536322449
 30
0.0
 10
17.9512899738
 20
82.8698717792
 30
0.0
  0
SPLINE
  5
718
100
AcDbEntity
  8
0
100
AcDbSpline
 62
7
  6
BYLAYER
 70
0
 71
3
 72
23
 73
19
 74
0
 42
0.0000001
 43
0.0000001
 44
0.0000000001
 40
0.0
 40
0.0
 40
0.0
 40
0.0
 40
0.0019333169
 40
0.0059203845
 40
0.0121612359
 40
0.0206888743
 40
0.0315073323
 40
0.0446010219
 40
0.0774674045
 40
0.118976557
 40
0.168784061
 40
0.2264319737
 40
0.2914234291
 40
0.3632162212
 40
0.4411667965
 40
0.6129006627
 40
0.8012476954
 40
1.0
 40
1.0
 40
1.0
 40
1.0
 10
14.5767197902
 20
85.4420301511
 30
0.0
 10
14.5764912215
 20
85.4419891222
 30
0.0
 10
14.5760784346
 20
85.441255685
 30
0.0
 10
14.5756915316
 20
85.4399359131
 30
0.0
 10
14.5752329654
 20
85.437682498
 30
0.0
 10
14.5747961367
 20
85.4346587306
 30
0.0
 10
14.5743497489
 20
85.4307802598
 30
0.0
 10
14.5737180008
 20
85.4239925784
 30
0.0
 10
14.5729826783
 20
85.4135086902
 30
0.0
 10
14.5721822732
 20
85.398614476
 30
0.0
 10
14.571425426
 20
85.3807368394
 30
0.0
 10
14.5707181507
 20
85.360035278
 30
0.0
 10
14.5700686272
 20
85.3366897689
 30
0.0
 10
14.5694831057
 20
85.3109032873
 30
0.0
 10
14.5687701978
 20
85.2722952722
 30
0.0
 10
14.5680923834
 20
85.2196847124
 30
0.0
 10
14.5676092329
 20
85.1525614774
 30
0.0
 10
14.5675037008
 20
85.1060646333
 30
0.0
 10
14.5675037008
 20
85.0821913381
 30
0.0
  0
LINE
  5
719
100
AcDbEntity
  8
0
100
AcDbLine
 62
7
  6
BYLAYER
 10
14.6810581248
 20
83.4930297204
 11
14.6824849897
 21
83.3964238655
  0
LINE
  5
71A
100
AcDbEntity
  8
0
100
AcDbLine
 62
7
  6
BYLAYER
 10
14.6134386031
 20
83.9922777146
 11
14.6810581248
 21
83.4930297204
  0
SPLINE
  5
71B
100
AcDbEntity
  8
0
100
AcDbSpline
 62
7
  6
BYLAYER
 70
0
 71
3
 72
13
 73
9
 74
0
 42
0.0000001
 43
0.0000001
 44
0.0000000001
 40
0.0
 40
0.0
 40
0.0
 40
0.0
 40
0.1249161008
 40
0.249823327
 40
0.3747638721
 40
0.4997681679
 40
0.7497293693
 40
1.0
 40
1.0
 40
1.0
 40
1.0
 10
12.1830917199
 20
82.862957332
 30
0.0
 10
12.190596621
 20
82.947023903
 30
0.0
 10
12.2130719329
 20
83.1145820601
 30
0.0
 10
12.268939744
 20
83.3618764569
 30
0.0
 10
12.3465162094
 20
83.60334203
 30
0.0
 10
12.4779920446
 20
83.914876848
 30
0.0
 10
12.6934672849
 20
84.2809093942
 30
0.0
 10
12.9148316728
 20
84.5389920456
 30
0.0
 10
13.035765461
 20
84.6571832565
 30
0.0
  0
SPLINE
  5
71C
100
AcDbEntity
  8
0
100
AcDbSpline
 62
7
  6
BYLAYER
 70
0
 71
3
 72
15
 73
11
 74
0
 42
0.0000001
 43
0.0000001
 44
0.0000000001
 40
0.0
 40
0.0
 40
0.0
 40
0.0
 40
0.1254588029
 40
0.2508045062
 40
0.3760161434
 40
0.5010701211
 40
0.6259689934
 40
0.7507330032
 40
0.8753888094
 40
1.0
 40
1.0
 40
1.0
 40
1.0
 10
15.5675037008
 20
85.0821913381
 30
0.0
 10
15.7054953571
 20
85.0542017711
 30
0.0
 10
15.9771967637
 20
84.9748512175
 30
0.0
 10
16.3583891682
 20
84.7893968889
 30
0.0
 10
16.7027598623
 20
84.5427583862
 30
0.0
 10
17.0002819125
 20
84.2419912046
 30
0.0
 10
17.2424726507
 20
83.8957171266
 30
0.0
 10
17.4223520106
 20
83.5138039534
 30
0.0
 10
17.5347837063
 20
83.1073506523
 30
0.0
 10
17.562596241
 20
82.8273684395
 30
0.0
 10
17.5645196933
 20
82.6875312578
 30
0.0
  0
SPLINE
  5
71D
100
AcDbEntity
  8
0
100
AcDbSpline
 62
7
  6
BYLAYER
 70
0
 71
3
 72
15
 73
11
 74
0
 42
0.0000001
 43
0.0000001
 44
0.0000000001
 40
0.0
 40
0.0
 40
0.0
 40
0.0
 40
0.1246189397
 40
0.2492726239
 40
0.3740357498
 40
0.4989336731
 40
0.6239866832
 40
0.7491973568
 40
0.8745422756
 40
1.0
 40
1.0
 40
1.0
 40
1.0
 10
12.5704901839
 20
82.6876027992
 30
0.0
 10
12.572422379
 20
82.8274455802
 30
0.0
 10
12.6002350556
 20
83.1074278044
 30
0.0
 10
12.7126842843
 20
83.5138730956
 30
0.0
 10
12.8925660526
 20
83.8957696475
 30
0.0
 10
13.1347576544
 20
84.2420283947
 30
0.0
 10
13.4322758766
 20
84.5427818568
 30
0.0
 10
13.7766396481
 20
84.7894091562
 30
0.0
 10
14.1578224908
 20
84.9748549641
 30
0.0
 10
14.4295161685
 20
85.0542026076
 30
0.0
 10
14.5675037008
 20
85.0821913381
 30
0.0
  0
SPLINE
  5
71E
100
AcDbEntity
  8
0
100
AcDbSpline
 62
7
  6
BYLAYER
 70
0
 71
3
 72
14
 73
10
 74
0
 42
0.0000001
 43
0.0000001
 44
0.0000000001
 40
0.0
 40
0.0
 40
0.0
 40
0.0
 40
0.30062183
 40
0.4444818779
 40
0.5806252796
 40
0.7065334212
 40
0.8197662201
 40
0.9181868048
 40
1.0
 40
1.0
 40
1.0
 40
1.0
 10
12.6744418781
 20
83.266025062
 30
0.0
 10
12.7302517124
 20
83.266025062
 30
0.0
 10
12.8128025654
 20
83.2636824991
 30
0.0
 10
12.9202984911
 20
83.2555071877
 30
0.0
 10
12.9952103763
 20
83.2471601383
 30
0.0
 10
13.0641063298
 20
83.236659952
 30
0.0
 10
13.1255564835
 20
83.2241845446
 30
0.0
 10
13.1781880951
 20
83.2099758144
 30
0.0
 10
13.2097002916
 20
83.1984739397
 30
0.0
 10
13.2235422291
 20
83.1922217477
 30
0.0
  0
LINE
  5
71F
100
AcDbEntity
  8
0
100
AcDbLine
 62
7
  6
BYLAYER
 10
15.4539490385
 20
83.4930048625
 11
15.5215694386
 21
83.9922600047
  0
LINE
  5
720
100
AcDbEntity
  8
0
100
AcDbLine
 62
7
  6
BYLAYER
 10
15.4525224945
 20
83.3964238877
 11
15.4539490385
 21
83.4930048625
  0
LINE
  5
721
100
AcDbEntity
  8
0
100
AcDbLine
 62
7
  6
BYLAYER
 10
14.0932343911
 20
82.8319678706
 11
14.0016893517
 21
82.8421516633
  0
LINE
  5
722
100
AcDbEntity
  8
0
100
AcDbLine
 62
7
  6
BYLAYER
 10
16.1334293186
 20
82.8421632802
 11
16.0417732222
 21
82.8319676934
  0
SPLINE
  5
723
100
AcDbEntity
  8
0
100
AcDbSpline
 62
7
  6
BYLAYER
 70
0
 71
3
 72
9
 73
5
 74
0
 42
0.0000001
 43
0.0000001
 44
0.0000000001
 40
0.0
 40
0.0
 40
0.0
 40
0.0
 40
0.255475566
 40
1.0
 40
1.0
 40
1.0
 40
1.0
 10
14.5010648108
 20
82.9819016083
 30
0.0
 10
14.4666305483
 20
82.9683512037
 30
0.0
 10
14.3314625143
 20
82.916282823
 30
0.0
 10
14.1950803454
 20
82.8674231097
 30
0.0
 10
14.0932344317
 20
82.8319675975
 30
0.0
  0
SPLINE
  5
724
100
AcDbEntity
  8
0
100
AcDbSpline
 62
7
  6
BYLAYER
 70
0
 71
3
 72
9
 73
5
 74
0
 42
0.0000001
 43
0.0000001
 44
0.0000000001
 40
0.0
 40
0.0
 40
0.0
 40
0.0
 40
0.2449840664
 40
1.0
 40
1.0
 40
1.0
 40
1.0
 10
16.0417732448
 20
82.8319674451
 30
0.0
 10
16.0082614288
 20
82.8436338776
 30
0.0
 10
15.8716208993
 20
82.8916806298
 30
0.0
 10
15.7357063162
 20
82.9418560388
 30
0.0
 10
15.6339425908
 20
82.9819016083
 30
0.0
  0
SPLINE
  5
725
100
AcDbEntity
  8
0
100
AcDbSpline
 62
7
  6
BYLAYER
 70
0
 71
3
 72
9
 73
5
 74
0
 42
0.0000001
 43
0.0000001
 44
0.0000000001
 40
0.0
 40
0.0
 40
0.0
 40
0.0
 40
0.2473051954
 40
1.0
 40
1.0
 40
1.0
 40
1.0
 10
14.6824850422
 20
83.3964239491
 30
0.0
 10
14.6679214255
 20
83.362083403
 30
0.0
 10
14.6087484751
 20
83.2233463905
 30
0.0
 10
14.5481764304
 20
83.0851941969
 30
0.0
 10
14.5010648108
 20
82.9819016083
 30
0.0
  0
SPLINE
  5
726
100
AcDbEntity
  8
0
100
AcDbSpline
 62
7
  6
BYLAYER
 70
0
 71
3
 72
9
 73
5
 74
0
 42
0.0000001
 43
0.0000001
 44
0.0000000001
 40
0.0
 40
0.0
 40
0.0
 40
0.0
 40
0.2527151436
 40
1.0
 40
1.0
 40
1.0
 40
1.0
 10
15.6339425908
 20
82.9819016083
 30
0.0
 10
15.6181249194
 20
83.0165819746
 30
0.0
 10
15.556221
 20
83.1541267314
 30
0.0
 10
15.496529688
 20
83.2926561331
 30
0.0
 10
15.4525224243
 20
83.3964238593
 30
0.0
  0
SPLINE
  5
727
100
AcDbEntity
  8
0
100
AcDbSpline
 62
7
  6
BYLAYER
 70
0
 71
3
 72
9
 73
5
 74
0
 42
0.0000001
 43
0.0000001
 44
0.0000000001
 40
0.0
 40
0.0
 40
0.0
 40
0.0
 40
0.2448062277
 40
1.0
 40
1.0
 40
1.0
 40
1.0
 10
30.1768733447
 20
14.477150722
 30
0.0
 10
30.1937923904
 20
14.5157106731
 30
0.0
 10
30.2631299935
 20
14.6731224225
 30
0.0
 10
30.3336275306
 20
14.8300338005
 30
0.0
 10
30.3883436672
 20
14.9478466583
 30
0.0
  0
SPLINE
  5
728
100
AcDbEntity
  8
0
100
AcDbSpline
 62
7
  6
BYLAYER
 70
0
 71
3
 72
9
 73
5
 74
0
 42
0.0000001
 43
0.0000001
 44
0.0000000001
 40
0.0
 40
0.0
 40
0.0
 40
0.0
 40
0.2554390902
 40
1.0
 40
1.0
 40
1.0
 40
1.0
 10
30.3883436672
 20
14.9478466583
 30
0.0
 10
30.4256825857
 20
14.963603132
 30
0.0
 10
30.5721044342
 20
15.0247036741
 30
0.0
 10
30.7192762064
 20
15.0839891791
 30
0.0
 10
30.8290258858
 20
15.1276895258
 30
0.0
  0
SPLINE
  5
729
100
AcDbEntity
  8
0
100
AcDbSpline
 62
7
  6
BYLAYER
 70
0
 71
3
 72
18
 73
14
 74
0
 42
0.0000001
 43
0.0000001
 44
0.0000000001
 40
0.0
 40
0.0
 40
0.0
 40
0.0
 40
0.0130958986
 40
0.0346681447
 40
0.0645556469
 40
0.102489171
 40
0.1480844723
 40
0.2009385899
 40
0.3264142239
 40
0.4744350034
 40
0.639754611
 40
0.8169592119
 40
1.0
 40
1.0
 40
1.0
 40
1.0
 10
30.3579422336
 20
12.633608058
 30
0.0
 10
30.3584230437
 20
12.6353206467
 30
0.0
 10
30.359107637
 20
12.6399995773
 30
0.0
 10
30.3600262767
 20
12.6487102836
 30
0.0
 10
30.36090443
 20
12.6608269448
 30
0.0
 10
30.3617788886
 20
12.6762056498
 30
0.0
 10
30.3626131771
 20
12.6947126614
 30
0.0
 10
30.3637327781
 20
12.725107476
 30
0.0
 10
30.3649288567
 20
12.7694203338
 30
0.0
 10
30.3660507314
 20
12.8290140161
 30
0.0
 10
30.3668808361
 20
12.8956395016
 30
0.0
 10
30.3673896607
 20
12.9670249113
 30
0.0
 10
30.367503701
 20
13.0159567601
 30
0.0
 10
30.367503701
 20
13.0408190034
 30
0.0
  0
SPLINE
  5
72A
100
AcDbEntity
  8
0
100
AcDbSpline
 62
7
  6
BYLAYER
 70
0
 71
3
 72
9
 73
5
 74
0
 42
0.0000001
 43
0.0000001
 44
0.0000000001
 40
0.0
 40
0.0
 40
0.0
 40
0.0
 40
0.2558100243
 40
1.0
 40
1.0
 40
1.0
 40
1.0
 10
30.3883436672
 20
16.0271533421
 30
0.0
 10
30.3698093785
 20
16.0670607195
 30
0.0
 10
30.2980324431
 20
16.2233791606
 30
0.0
 10
30.2283061885
 20
16.3806295042
 30
0.0
 10
30.1768735766
 20
16.4978488149
 30
0.0
  0
SPLINE
  5
72B
100
AcDbEntity
  8
0
100
AcDbSpline
 62
7
  6
BYLAYER
 70
0
 71
3
 72
9
 73
5
 74
0
 42
0.0000001
 43
0.0000001
 44
0.0000000001
 40
0.0
 40
0.0
 40
0.0
 40
0.0
 40
0.2448062277
 40
1.0
 40
1.0
 40
1.0
 40
1.0
 10
29.5581340569
 20
16.4978492783
 30
0.0
 10
29.5412150112
 20
16.4592893273
 30
0.0
 10
29.4718774081
 20
16.3018775778
 30
0.0
 10
29.401379871
 20
16.1449661998
 30
0.0
 10
29.3466637344
 20
16.0271533421
 30
0.0
  0
SPLINE
  5
72C
100
AcDbEntity
  8
0
100
AcDbSpline
 62
7
  6
BYLAYER
 70
0
 71
3
 72
9
 73
5
 74
0
 42
0.0000001
 43
0.0000001
 44
0.0000000001
 40
0.0
 40
0.0
 40
0.0
 40
0.0
 40
0.2554390486
 40
1.0
 40
1.0
 40
1.0
 40
1.0
 10
29.3466637344
 20
16.0271533421
 30
0.0
 10
29.3093251655
 20
16.0113970159
 30
0.0
 10
29.1629046666
 20
15.9502970305
 30
0.0
 10
29.0157342555
 20
15.8910120534
 30
0.0
 10
28.9059855845
 20
15.8473120947
 30
0.0
  0
LINE
  5
72D
100
AcDbEntity
  8
0
100
AcDbLine
 62
7
  6
BYLAYER
 10
28.9059855823
 20
15.8473121243
 11
28.7803034933
 21
15.8538057886
  0
LINE
  5
72E
100
AcDbEntity
  8
0
100
AcDbLine
 62
7
  6
BYLAYER
 10
28.0059187729
 20
16.0129870279
 11
28.7803034933
 21
15.8538057886
  0
LINE
  5
72F
100
AcDbEntity
  8
0
100
AcDbLine
 62
7
  6
BYLAYER
 10
28.7803043695
 20
15.1211944005
 11
28.0059187729
 21
14.9620129724
  0
SPLINE
  5
730
100
AcDbEntity
  8
0
100
AcDbSpline
 62
7
  6
BYLAYER
 70
0
 71
3
 72
13
 73
9
 74
0
 42
0.0000001
 43
0.0000001
 44
0.0000000001
 40
0.0
 40
0.0
 40
0.0
 40
0.0
 40
0.3043002774
 40
0.586524289
 40
0.7125740782
 40
0.8250550565
 40
0.9215867368
 40
1.0
 40
1.0
 40
1.0
 40
1.0
 10
27.4602109428
 20
16.0466006037
 30
0.0
 10
27.5157314426
 20
16.0465847771
 30
0.0
 10
27.622748517
 20
16.0451592225
 30
0.0
 10
27.7526743414
 20
16.0397876271
 30
0.0
 10
27.847462552
 20
16.0331691831
 30
0.0
 10
27.9083417773
 20
16.0275139227
 30
0.0
 10
27.9603959497
 20
16.0210962716
 30
0.0
 10
27.9919061317
 20
16.0158729561
 30
0.0
 10
28.0059187729
 20
16.0129870279
 30
0.0
  0
SPLINE
  5
731
100
AcDbEntity
  8
0
100
AcDbSpline
 62
7
  6
BYLAYER
 70
0
 71
3
 72
13
 73
9
 74
0
 42
0.0000001
 43
0.0000001
 44
0.0000000001
 40
0.0
 40
0.0
 40
0.0
 40
0.0
 40
0.0784166958
 40
0.1749502147
 40
0.2874280214
 40
0.4134723694
 40
0.6956845605
 40
1.0
 40
1.0
 40
1.0
 40
1.0
 10
28.0059187729
 20
14.9620129724
 30
0.0
 10
27.9919055231
 20
14.9591269188
 30
0.0
 10
27.9603943608
 20
14.953903699
 30
0.0
 10
27.908339868
 20
14.9474856968
 30
0.0
 10
27.84746186
 20
14.9418308702
 30
0.0
 10
27.7526774169
 20
14.9352125433
 30
0.0
 10
27.6227520237
 20
14.929840789
 30
0.0
 10
27.5157343753
 20
14.9284152241
 30
0.0
 10
27.4602111282
 20
14.9283993967
 30
0.0
  0
LINE
  5
732
100
AcDbEntity
  8
0
100
AcDbLine
 62
7
  6
BYLAYER
 10
28.7803043695
 20
15.1211944005
 11
28.90598551
 21
15.127688031
  0
SPLINE
  5
733
100
AcDbEntity
  8
0
100
AcDbSpline
 62
7
  6
BYLAYER
 70
0
 71
3
 72
9
 73
5
 74
0
 42
0.0000001
 43
0.0000001
 44
0.0000000001
 40
0.0
 40
0.0
 40
0.0
 40
0.0
 40
0.2450606086
 40
1.0
 40
1.0
 40
1.0
 40
1.0
 10
28.9059854714
 20
15.1276879834
 30
0.0
 10
28.9421074184
 20
15.1133048708
 30
0.0
 10
29.0894218868
 20
15.0544005637
 30
0.0
 10
29.2363115098
 20
14.9944136719
 30
0.0
 10
29.3466637344
 20
14.9478466583
 30
0.0
  0
SPLINE
  5
734
100
AcDbEntity
  8
0
100
AcDbSpline
 62
7
  6
BYLAYER
 70
0
 71
3
 72
18
 73
14
 74
0
 42
0.0000001
 43
0.0000001
 44
0.0000000001
 40
0.0
 40
0.0
 40
0.0
 40
0.0
 40
0.1830384704
 40
0.3602423619
 40
0.5255658419
 40
0.6735898175
 40
0.7990651185
 40
0.8519190981
 40
0.8975143347
 40
0.9354479676
 40
0.965335357
 40
0.9869054893
 40
1.0
 40
1.0
 40
1.0
 40
1.0
 10
29.367503701
 20
13.0408188534
 30
0.0
 10
29.367503701
 20
13.0159569338
 30
0.0
 10
29.3676177312
 20
12.9670255135
 30
0.0
 10
29.3681265621
 20
12.8956400144
 30
0.0
 10
29.3689566759
 20
12.8290136887
 30
0.0
 10
29.3700785778
 20
12.7694191132
 30
0.0
 10
29.371274654
 20
12.7251059007
 30
0.0
 10
29.3723942843
 20
12.6947111706
 30
0.0
 10
29.3732286215
 20
12.6762041807
 30
0.0
 10
29.374103115
 20
12.6608254922
 30
0.0
 10
29.3749811757
 20
12.6487091196
 30
0.0
 10
29.3758997572
 20
12.6399988964
 30
0.0
 10
29.3765844091
 20
12.6353204646
 30
0.0
 10
29.3770651681
 20
12.633608058
 30
0.0
  0
LINE
  5
735
100
AcDbEntity
  8
0
100
AcDbLine
 62
7
  6
BYLAYER
 10
29.3770651681
 20
12.633608058
 11
29.3963082145
 21
12.5652265371
  0
LINE
  5
736
100
AcDbEntity
  8
0
100
AcDbLine
 62
7
  6
BYLAYER
 10
30.3386991871
 20
12.5652265371
 11
30.3579422336
 21
12.633608058
  0
SPLINE
  5
737
100
AcDbEntity
  8
0
100
AcDbSpline
 62
7
  6
BYLAYER
 70
0
 71
3
 72
13
 73
9
 74
0
 42
0.0000001
 43
0.0000001
 44
0.0000000001
 40
0.0
 40
0.0
 40
0.0
 40
0.0
 40
0.3043010973
 40
0.5865221344
 40
0.7125701263
 40
0.8250503752
 40
0.9215833605
 40
1.0
 40
1.0
 40
1.0
 40
1.0
 10
32.2748335017
 20
14.9292235533
 30
0.0
 10
32.2193257708
 20
14.9292077304
 30
0.0
 10
32.1123332799
 20
14.9305794601
 30
0.0
 10
31.9824354117
 20
14.9358753313
 30
0.0
 10
31.8876665904
 20
14.9424396148
 30
0.0
 10
31.8267985943
 20
14.9480593798
 30
0.0
 10
31.7747522112
 20
14.9544462994
 30
0.0
 10
31.7432455585
 20
14.959650618
 30
0.0
 10
31.7292339191
 20
14.9625279492
 30
0.0
  0
SPLINE
  5
738
100
AcDbEntity
  8
0
100
AcDbSpline
 62
7
  6
BYLAYER
 70
0
 71
3
 72
13
 73
9
 74
0
 42
0.0000001
 43
0.0000001
 44
0.0000000001
 40
0.0
 40
0.0
 40
0.0
 40
0.0
 40
0.0784166958
 40
0.1749502147
 40
0.2874280214
 40
0.4134723694
 40
0.6956845606
 40
1.0
 40
1.0
 40
1.0
 40
1.0
 10
31.7290886287
 20
16.0129870279
 30
0.0
 10
31.7431018785
 20
16.0158730815
 30
0.0
 10
31.7746130408
 20
16.0210963014
 30
0.0
 10
31.8266675336
 20
16.0275143035
 30
0.0
 10
31.8875455416
 20
16.0331691301
 30
0.0
 10
31.9823299847
 20
16.039787457
 30
0.0
 10
32.1122553779
 20
16.0451592114
 30
0.0
 10
32.2192730262
 20
16.0465847763
 30
0.0
 10
32.2747962734
 20
16.0466006036
 30
0.0
  0
LINE
  5
739
100
AcDbEntity
  8
0
100
AcDbLine
 62
7
  6
BYLAYER
 10
30.8290258882
 20
15.1276894959
 11
30.9547286564
 21
15.1212676641
  0
LINE
  5
73A
100
AcDbEntity
  8
0
100
AcDbLine
 62
7
  6
BYLAYER
 10
31.7292339191
 20
14.9625279492
 11
30.9547286564
 21
15.1212676641
  0
LINE
  5
73B
100
AcDbEntity
  8
0
100
AcDbLine
 62
7
  6
BYLAYER
 10
30.9547030321
 20
15.8538055998
 11
31.7290886287
 21
16.0129870279
  0
LINE
  5
73C
100
AcDbEntity
  8
0
100
AcDbLine
 62
7
  6
BYLAYER
 10
30.9547030321
 20
15.8538055998
 11
30.8290218916
 21
15.8473119693
  0
SPLINE
  5
73D
100
AcDbEntity
  8
0
100
AcDbSpline
 62
7
  6
BYLAYER
 70
0
 71
3
 72
9
 73
5
 74
0
 42
0.0000001
 43
0.0000001
 44
0.0000000001
 40
0.0
 40
0.0
 40
0.0
 40
0.0
 40
0.2558100243
 40
1.0
 40
1.0
 40
1.0
 40
1.0
 10
29.3466637344
 20
14.9478466583
 30
0.0
 10
29.3651980231
 20
14.9079392808
 30
0.0
 10
29.4369749585
 20
14.7516208397
 30
0.0
 10
29.5067012131
 20
14.5943704961
 30
0.0
 10
29.558133825
 20
14.4771511854
 30
0.0
  0
SPLINE
  5
73E
100
AcDbEntity
  8
0
100
AcDbSpline
 62
7
  6
BYLAYER
 70
0
 71
3
 72
9
 73
5
 74
0
 42
0.0000001
 43
0.0000001
 44
0.0000000001
 40
0.0
 40
0.0
 40
0.0
 40
0.0
 40
0.2450606086
 40
1.0
 40
1.0
 40
1.0
 40
1.0
 10
30.8290219302
 20
15.8473120169
 30
0.0
 10
30.7928999832
 20
15.8616951296
 30
0.0
 10
30.6455855148
 20
15.9205994367
 30
0.0
 10
30.4986958918
 20
15.9805863284
 30
0.0
 10
30.3883436672
 20
16.0271533421
 30
0.0
  0
SPLINE
  5
73F
100
AcDbEntity
  8
0
100
AcDbSpline
 62
7
  6
BYLAYER
 70
0
 71
3
 72
9
 73
5
 74
0
 42
0.0000001
 43
0.0000001
 44
0.0000000001
 40
0.0
 40
0.0
 40
0.0
 40
0.0
 40
0.2448062277
 40
1.0
 40
1.0
 40
1.0
 40
1.0
 10
44.3768733447
 20
83.277150722
 30
0.0
 10
44.3937923904
 20
83.3157106731
 30
0.0
 10
44.4631299935
 20
83.4731224225
 30
0.0
 10
44.5336275306
 20
83.6300338005
 30
0.0
 10
44.5883436672
 20
83.7478466583
 30
0.0
  0
SPLINE
  5
740
100
AcDbEntity
  8
0
100
AcDbSpline
 62
7
  6
BYLAYER
 70
0
 71
3
 72
9
 73
5
 74
0
 42
0.0000001
 43
0.0000001
 44
0.0000000001
 40
0.0
 40
0.0
 40
0.0
 40
0.0
 40
0.2554390902
 40
1.0
 40
1.0
 40
1.0
 40
1.0
 10
44.5883436672
 20
83.7478466583
 30
0.0
 10
44.6256825857
 20
83.763603132
 30
0.0
 10
44.7721044342
 20
83.824703674
 30
0.0
 10
44.9192762064
 20
83.8839891791
 30
0.0
 10
45.0290258858
 20
83.9276895258
 30
0.0
  0
SPLINE
  5
741
100
AcDbEntity
  8
0
100
AcDbSpline
 62
7
  6
BYLAYER
 70
0
 71
3
 72
18
 73
14
 74
0
 42
0.0000001
 43
0.0000001
 44
0.0000000001
 40
0.0
 40
0.0
 40
0.0
 40
0.0
 40
0.1830384704
 40
0.3602423619
 40
0.5255658419
 40
0.6735898175
 40
0.7990651185
 40
0.8519190981
 40
0.8975143347
 40
0.9354479676
 40
0.965335357
 40
0.9869054893
 40
1.0
 40
1.0
 40
1.0
 40
1.0
 10
44.5675037006
 20
86.7341811469
 30
0.0
 10
44.5675037006
 20
86.7590430665
 30
0.0
 10
44.5673896704
 20
86.8079744868
 30
0.0
 10
44.5668808395
 20
86.879359986
 30
0.0
 10
44.5660507257
 20
86.9459863116
 30
0.0
 10
44.5649288238
 20
87.0055808872
 30
0.0
 10
44.5637327476
 20
87.0498940996
 30
0.0
 10
44.5626131173
 20
87.0802888297
 30
0.0
 10
44.5617787801
 20
87.0987958196
 30
0.0
 10
44.5609042866
 20
87.1141745081
 30
0.0
 10
44.5600262259
 20
87.1262908807
 30
0.0
 10
44.5591076444
 20
87.1350011039
 30
0.0
 10
44.5584229926
 20
87.1396795357
 30
0.0
 10
44.5579422336
 20
87.1413919423
 30
0.0
  0
LINE
  5
742
100
AcDbEntity
  8
0
100
AcDbLine
 62
7
  6
BYLAYER
 10
44.5579422336
 20
87.1413919423
 11
44.5386991871
 21
87.2097734633
  0
LINE
  5
743
100
AcDbEntity
  8
0
100
AcDbLine
 62
7
  6
BYLAYER
 10
43.5963082145
 20
87.2097734633
 11
43.5770651681
 21
87.1413919423
  0
SPLINE
  5
744
100
AcDbEntity
  8
0
100
AcDbSpline
 62
7
  6
BYLAYER
 70
0
 71
3
 72
9
 73
5
 74
0
 42
0.0000001
 43
0.0000001
 44
0.0000000001
 40
0.0
 40
0.0
 40
0.0
 40
0.0
 40
0.2558100243
 40
1.0
 40
1.0
 40
1.0
 40
1.0
 10
44.5883436672
 20
84.827153342
 30
0.0
 10
44.5698093785
 20
84.8670607195
 30
0.0
 10
44.4980324431
 20
85.0233791606
 30
0.0
 10
44.4283061885
 20
85.1806295042
 30
0.0
 10
44.3768735766
 20
85.2978488149
 30
0.0
  0
SPLINE
  5
745
100
AcDbEntity
  8
0
100
AcDbSpline
 62
7
  6
BYLAYER
 70
0
 71
3
 72
9
 73
5
 74
0
 42
0.0000001
 43
0.0000001
 44
0.0000000001
 40
0.0
 40
0.0
 40
0.0
 40
0.0
 40
0.2448062277
 40
1.0
 40
1.0
 40
1.0
 40
1.0
 10
43.7581340569
 20
85.2978492783
 30
0.0
 10
43.7412150112
 20
85.2592893273
 30
0.0
 10
43.6718774081
 20
85.1018775778
 30
0.0
 10
43.601379871
 20
84.9449661998
 30
0.0
 10
43.5466637344
 20
84.827153342
 30
0.0
  0
SPLINE
  5
746
100
AcDbEntity
  8
0
100
AcDbSpline
 62
7
  6
BYLAYER
 70
0
 71
3
 72
9
 73
5
 74
0
 42
0.0000001
 43
0.0000001
 44
0.0000000001
 40
0.0
 40
0.0
 40
0.0
 40
0.0
 40
0.2554390486
 40
1.0
 40
1.0
 40
1.0
 40
1.0
 10
43.5466637344
 20
84.827153342
 30
0.0
 10
43.5093251655
 20
84.8113970159
 30
0.0
 10
43.3629046666
 20
84.7502970305
 30
0.0
 10
43.2157342555
 20
84.6910120534
 30
0.0
 10
43.1059855845
 20
84.6473120947
 30
0.0
  0
LINE
  5
747
100
AcDbEntity
  8
0
100
AcDbLine
 62
7
  6
BYLAYER
 10
43.1059855823
 20
84.6473121243
 11
42.9803034933
 21
84.6538057886
  0
LINE
  5
748
100
AcDbEntity
  8
0
100
AcDbLine
 62
7
  6
BYLAYER
 10
42.2059187729
 20
84.8129870279
 11
42.9803034933
 21
84.6538057886
  0
LINE
  5
749
100
AcDbEntity
  8
0
100
AcDbLine
 62
7
  6
BYLAYER
 10
42.9803043695
 20
83.9211944005
 11
42.2059187729
 21
83.7620129724
  0
SPLINE
  5
74A
100
AcDbEntity
  8
0
100
AcDbSpline
 62
7
  6
BYLAYER
 70
0
 71
3
 72
13
 73
9
 74
0
 42
0.0000001
 43
0.0000001
 44
0.0000000001
 40
0.0
 40
0.0
 40
0.0
 40
0.0
 40
0.3043002774
 40
0.586524289
 40
0.7125740782
 40
0.8250550565
 40
0.9215867368
 40
1.0
 40
1.0
 40
1.0
 40
1.0
 10
41.6602109428
 20
84.8466006037
 30
0.0
 10
41.7157314426
 20
84.8465847771
 30
0.0
 10
41.822748517
 20
84.8451592225
 30
0.0
 10
41.9526743414
 20
84.8397876271
 30
0.0
 10
42.047462552
 20
84.8331691831
 30
0.0
 10
42.1083417773
 20
84.8275139227
 30
0.0
 10
42.1603959497
 20
84.8210962716
 30
0.0
 10
42.1919061317
 20
84.8158729561
 30
0.0
 10
42.2059187729
 20
84.8129870279
 30
0.0
  0
SPLINE
  5
74B
100
AcDbEntity
  8
0
100
AcDbSpline
 62
7
  6
BYLAYER
 70
0
 71
3
 72
13
 73
9
 74
0
 42
0.0000001
 43
0.0000001
 44
0.0000000001
 40
0.0
 40
0.0
 40
0.0
 40
0.0
 40
0.0784166958
 40
0.1749502147
 40
0.2874280214
 40
0.4134723694
 40
0.6956845605
 40
1.0
 40
1.0
 40
1.0
 40
1.0
 10
42.2059187729
 20
83.7620129724
 30
0.0
 10
42.1919055231
 20
83.7591269188
 30
0.0
 10
42.1603943608
 20
83.753903699
 30
0.0
 10
42.108339868
 20
83.7474856968
 30
0.0
 10
42.04746186
 20
83.7418308702
 30
0.0
 10
41.9526774169
 20
83.7352125433
 30
0.0
 10
41.8227520237
 20
83.729840789
 30
0.0
 10
41.7157343753
 20
83.7284152241
 30
0.0
 10
41.6602111282
 20
83.7283993967
 30
0.0
  0
LINE
  5
74C
100
AcDbEntity
  8
0
100
AcDbLine
 62
7
  6
BYLAYER
 10
42.9803043695
 20
83.9211944005
 11
43.10598551
 21
83.927688031
  0
SPLINE
  5
74D
100
AcDbEntity
  8
0
100
AcDbSpline
 62
7
  6
BYLAYER
 70
0
 71
3
 72
9
 73
5
 74
0
 42
0.0000001
 43
0.0000001
 44
0.0000000001
 40
0.0
 40
0.0
 40
0.0
 40
0.0
 40
0.2450606086
 40
1.0
 40
1.0
 40
1.0
 40
1.0
 10
43.1059854714
 20
83.9276879834
 30
0.0
 10
43.1421074184
 20
83.9133048708
 30
0.0
 10
43.2894218868
 20
83.8544005637
 30
0.0
 10
43.4363115098
 20
83.7944136719
 30
0.0
 10
43.5466637344
 20
83.7478466583
 30
0.0
  0
SPLINE
  5
74E
100
AcDbEntity
  8
0
100
AcDbSpline
 62
7
  6
BYLAYER
 70
0
 71
3
 72
18
 73
14
 74
0
 42
0.0000001
 43
0.0000001
 44
0.0000000001
 40
0.0
 40
0.0
 40
0.0
 40
0.0
 40
0.013095899
 40
0.0346681443
 40
0.0645556445
 40
0.1024891657
 40
0.1480844633
 40
0.2009385767
 40
0.3264142021
 40
0.4744349752
 40
0.6397545808
 40
0.8169591915
 40
1.0
 40
1.0
 40
1.0
 40
1.0
 10
43.5770651681
 20
87.1413919423
 30
0.0
 10
43.5765843581
 20
87.1396793542
 30
0.0
 10
43.5758997649
 20
87.1350004254
 30
0.0
 10
43.5749811255
 20
87.1262897227
 30
0.0
 10
43.5741029723
 20
87.1141730667
 30
0.0
 10
43.5732285139
 20
87.0987943685
 30
0.0
 10
43.5723942256
 20
87.0802873653
 30
0.0
 10
43.5712746248
 20
87.0498925641
 30
0.0
 10
43.5700785463
 20
87.0055797253
 30
0.0
 10
43.5689566715
 20
86.9459860672
 30
0.0
 10
43.5681265666
 20
86.8793606061
 30
0.0
 10
43.5676177416
 20
86.8079752188
 30
0.0
 10
43.567503701
 20
86.7590433839
 30
0.0
 10
43.567503701
 20
86.734181147
 30
0.0
  0
SPLINE
  5
74F
100
AcDbEntity
  8
0
100
AcDbSpline
 62
7
  6
BYLAYER
 70
0
 71
3
 72
13
 73
9
 74
0
 42
0.0000001
 43
0.0000001
 44
0.0000000001
 40
0.0
 40
0.0
 40
0.0
 40
0.0
 40
0.3043010973
 40
0.5865221344
 40
0.7125701263
 40
0.8250503752
 40
0.9215833605
 40
1.0
 40
1.0
 40
1.0
 40
1.0
 10
46.4748335017
 20
83.7292235533
 30
0.0
 10
46.4193257708
 20
83.7292077303
 30
0.0
 10
46.3123332799
 20
83.7305794601
 30
0.0
 10
46.1824354117
 20
83.7358753312
 30
0.0
 10
46.0876665904
 20
83.7424396148
 30
0.0
 10
46.0267985943
 20
83.7480593798
 30
0.0
 10
45.9747522112
 20
83.7544462993
 30
0.0
 10
45.9432455585
 20
83.759650618
 30
0.0
 10
45.9292339191
 20
83.7625279492
 30
0.0
  0
SPLINE
  5
750
100
AcDbEntity
  8
0
100
AcDbSpline
 62
7
  6
BYLAYER
 70
0
 71
3
 72
13
 73
9
 74
0
 42
0.0000001
 43
0.0000001
 44
0.0000000001
 40
0.0
 40
0.0
 40
0.0
 40
0.0
 40
0.0784166958
 40
0.1749502147
 40
0.2874280214
 40
0.4134723694
 40
0.6956845606
 40
1.0
 40
1.0
 40
1.0
 40
1.0
 10
45.9290886287
 20
84.8129870279
 30
0.0
 10
45.9431018785
 20
84.8158730815
 30
0.0
 10
45.9746130408
 20
84.8210963013
 30
0.0
 10
46.0266675336
 20
84.8275143035
 30
0.0
 10
46.0875455416
 20
84.8331691301
 30
0.0
 10
46.1823299847
 20
84.839787457
 30
0.0
 10
46.3122553779
 20
84.8451592114
 30
0.0
 10
46.4192730262
 20
84.8465847763
 30
0.0
 10
46.4747962734
 20
84.8466006036
 30
0.0
  0
LINE
  5
751
100
AcDbEntity
  8
0
100
AcDbLine
 62
7
  6
BYLAYER
 10
45.0290258882
 20
83.9276894959
 11
45.1547286564
 21
83.9212676641
  0
LINE
  5
752
100
AcDbEntity
  8
0
100
AcDbLine
 62
7
  6
BYLAYER
 10
45.9292339191
 20
83.7625279492
 11
45.1547286564
 21
83.9212676641
  0
LINE
  5
753
100
AcDbEntity
  8
0
100
AcDbLine
 62
7
  6
BYLAYER
 10
45.1547030321
 20
84.6538055998
 11
45.9290886287
 21
84.8129870279
  0
LINE
  5
754
100
AcDbEntity
  8
0
100
AcDbLine
 62
7
  6
BYLAYER
 10
45.1547030321
 20
84.6538055998
 11
45.0290218916
 21
84.6473119693
  0
SPLINE
  5
755
100
AcDbEntity
  8
0
100
AcDbSpline
 62
7
  6
BYLAYER
 70
0
 71
3
 72
9
 73
5
 74
0
 42
0.0000001
 43
0.0000001
 44
0.0000000001
 40
0.0
 40
0.0
 40
0.0
 40
0.0
 40
0.2558100243
 40
1.0
 40
1.0
 40
1.0
 40
1.0
 10
43.5466637344
 20
83.7478466583
 30
0.0
 10
43.5651980231
 20
83.7079392808
 30
0.0
 10
43.6369749585
 20
83.5516208397
 30
0.0
 10
43.7067012131
 20
83.3943704961
 30
0.0
 10
43.758133825
 20
83.2771511854
 30
0.0
  0
SPLINE
  5
756
100
AcDbEntity
  8
0
100
AcDbSpline
 62
7
  6
BYLAYER
 70
0
 71
3
 72
9
 73
5
 74
0
 42
0.0000001
 43
0.0000001
 44
0.0000000001
 40
0.0
 40
0.0
 40
0.0
 40
0.0
 40
0.2450606086
 40
1.0
 40
1.0
 40
1.0
 40
1.0
 10
45.0290219302
 20
84.6473120169
 30
0.0
 10
44.9928999832
 20
84.6616951296
 30
0.0
 10
44.8455855148
 20
84.7205994367
 30
0.0
 10
44.6986958918
 20
84.7805863284
 30
0.0
 10
44.5883436672
 20
84.827153342
 30
0.0
  0
SPLINE
  5
757
100
AcDbEntity
  8
0
100
AcDbSpline
 62
7
  6
BYLAYER
 70
0
 71
3
 72
11
 73
7
 74
0
 42
0.0000001
 43
0.0000001
 44
0.0000000001
 40
0.0
 40
0.0
 40
0.0
 40
0.0
 40
0.2565830322
 40
0.509389567
 40
0.7572679695
 40
1.0
 40
1.0
 40
1.0
 40
1.0
 10
55.481440586
 20
84.5422305301
 30
0.0
 10
55.481440586
 20
84.5715136732
 30
0.0
 10
55.4767849906
 20
84.629762431
 30
0.0
 10
55.4558099496
 20
84.7140078349
 30
0.0
 10
55.4214779312
 20
84.7920430957
 30
0.0
 10
55.3900306763
 20
84.8388106902
 30
0.0
 10
55.3724868921
 20
84.8602498286
 30
0.0
  0
SPLINE
  5
758
100
AcDbEntity
  8
0
100
AcDbSpline
 62
7
  6
BYLAYER
 70
0
 71
3
 72
15
 73
11
 74
0
 42
0.0000001
 43
0.0000001
 44
0.0000000001
 40
0.0
 40
0.0
 40
0.0
 40
0.0
 40
0.1189188926
 40
0.2386683967
 40
0.3599751912
 40
0.4833711024
 40
0.6091586451
 40
0.7373503393
 40
0.8678268726
 40
1.0
 40
1.0
 40
1.0
 40
1.0
 10
60.1824068114
 20
85.0007658748
 30
0.0
 10
60.1590022407
 20
84.9950684464
 30
0.0
 10
60.1129731928
 20
84.9792665856
 30
0.0
 10
60.0491382836
 20
84.9432461393
 30
0.0
 10
59.9920176421
 20
84.8958704203
 30
0.0
 10
59.9431582308
 20
84.8384311496
 30
0.0
 10
59.9038259153
 20
84.7724887876
 30
0.0
 10
59.8750052978
 20
84.6997923861
 30
0.0
 10
59.8574645092
 20
84.6222920593
 30
0.0
 10
59.8535668156
 20
84.5690033508
 30
0.0
 10
59.8535668156
 20
84.5422305302
 30
0.0
  0
SPLINE
  5
759
100
AcDbEntity
  8
0
100
AcDbSpline
 62
7
  6
BYLAYER
 70
0
 71
3
 72
9
 73
5
 74
0
 42
0.0000001
 43
0.0000001
 44
0.0000000001
 40
0.0
 40
0.0
 40
0.0
 40
0.0
 40
0.5035130191
 40
1.0
 40
1.0
 40
1.0
 40
1.0
 10
55.2581912227
 20
84.4604635821
 30
0.0
 10
55.2581912227
 20
84.4965755756
 30
0.0
 10
55.2546883474
 20
84.5683326668
 30
0.0
 10
55.2443600527
 20
84.6394391752
 30
0.0
 10
55.2374066374
 20
84.6743617433
 30
0.0
  0
SPLINE
  5
75A
100
AcDbEntity
  8
0
100
AcDbSpline
 62
7
  6
BYLAYER
 70
0
 71
3
 72
9
 73
5
 74
0
 42
0.0000001
 43
0.0000001
 44
0.0000000001
 40
0.0
 40
0.0
 40
0.0
 40
0.0
 40
0.2397285487
 40
1.0
 40
1.0
 40
1.0
 40
1.0
 10
60.3006612134
 20
85.0112237586
 30
0.0
 10
60.2976059171
 20
85.0104800555
 30
0.0
 10
60.284995804
 20
85.0068281214
 30
0.0
 10
60.2730405975
 20
85.0010717714
 30
0.0
 10
60.2645114006
 20
84.9959043306
 30
0.0
  0
SPLINE
  5
75B
100
AcDbEntity
  8
0
100
AcDbSpline
 62
7
  6
BYLAYER
 70
0
 71
3
 72
15
 73
11
 74
0
 42
0.0000001
 43
0.0000001
 44
0.0000000001
 40
0.0
 40
0.0
 40
0.0
 40
0.0
 40
0.0837873191
 40
0.1817077788
 40
0.2941416059
 40
0.4198229968
 40
0.5564525192
 40
0.7009995501
 40
0.8501160434
 40
1.0
 40
1.0
 40
1.0
 40
1.0
 10
60.2645114006
 20
84.9959043306
 30
0.0
 10
60.2505152679
 20
84.9874247295
 30
0.0
 10
60.2230313506
 20
84.9642627495
 30
0.0
 10
60.187630406
 20
84.9186947263
 30
0.0
 10
60.1556941516
 20
84.8611149156
 30
0.0
 10
60.1281529487
 20
84.7931503642
 30
0.0
 10
60.1057878389
 20
84.7167799729
 30
0.0
 10
60.0892725095
 20
84.6342783732
 30
0.0
 10
60.0791384744
 20
84.5481590307
 30
0.0
 10
60.0768161789
 20
84.4897373335
 30
0.0
 10
60.0768161789
 20
84.4604635821
 30
0.0
  0
SPLINE
  5
75C
100
AcDbEntity
  8
0
100
AcDbSpline
 62
7
  6
BYLAYER
 70
0
 71
3
 72
10
 73
6
 74
0
 42
0.0000001
 43
0.0000001
 44
0.0000000001
 40
0.0
 40
0.0
 40
0.0
 40
0.0
 40
0.5557445458
 40
0.7937527858
 40
1.0
 40
1.0
 40
1.0
 40
1.0
 10
60.0768161789
 20
84.4604635821
 30
0.0
 10
60.0411526965
 20
84.46263962
 30
0.0
 10
59.9902501521
 20
84.466614119
 30
0.0
 10
59.9264115825
 20
84.474293173
 30
0.0
 10
59.8981788872
 20
84.4786842123
 30
0.0
 10
59.8851335105
 20
84.481060295
 30
0.0
  0
SPLINE
  5
75D
100
AcDbEntity
  8
0
100
AcDbSpline
 62
7
  6
BYLAYER
 70
0
 71
3
 72
10
 73
6
 74
0
 42
0.0000001
 43
0.0000001
 44
0.0000000001
 40
0.0
 40
0.0
 40
0.0
 40
0.0
 40
0.2062549659
 40
0.444265248
 40
1.0
 40
1.0
 40
1.0
 40
1.0
 10
55.4498572605
 20
84.4810572661
 30
0.0
 10
55.4368124823
 20
84.4786815993
 30
0.0
 10
55.4085815758
 20
84.4742912819
 30
0.0
 10
55.344748538
 20
84.4666134284
 30
0.0
 10
55.2938509521
 20
84.462639391
 30
0.0
 10
55.2581912227
 20
84.4604635821
 30
0.0
  0
SPLINE
  5
75E
100
AcDbEntity
  8
0
100
AcDbSpline
 62
7
  6
BYLAYER
 70
0
 71
3
 72
13
 73
9
 74
0
 42
0.0000001
 43
0.0000001
 44
0.0000000001
 40
0.0
 40
0.0
 40
0.0
 40
0.0
 40
0.1190311214
 40
0.2394029625
 40
0.3615024239
 40
0.4855821843
 40
0.7392553982
 40
1.0
 40
1.0
 40
1.0
 40
1.0
 10
17.5007263001
 20
84.9462392436
 30
0.0
 10
17.4822186761
 20
84.937094684
 30
0.0
 10
17.4463642145
 20
84.915778727
 30
0.0
 10
17.3977648106
 20
84.8758208766
 30
0.0
 10
17.3549840655
 20
84.8284827064
 30
0.0
 10
17.3064988863
 20
84.7563141261
 30
0.0
 10
17.2645953725
 20
84.6522900922
 30
0.0
 10
17.2535668156
 20
84.5626558607
 30
0.0
 10
17.2535668156
 20
84.5174350177
 30
0.0
  0
SPLINE
  5
75F
100
AcDbEntity
  8
0
100
AcDbSpline
 62
7
  6
BYLAYER
 70
0
 71
3
 72
13
 73
9
 74
0
 42
0.0000001
 43
0.0000001
 44
0.0000000001
 40
0.0
 40
0.0
 40
0.0
 40
0.0
 40
0.2607446992
 40
0.5144179212
 40
0.6384976592
 40
0.760597087
 40
0.8809688957
 40
1.0
 40
1.0
 40
1.0
 40
1.0
 10
12.881440586
 20
84.5174350176
 30
0.0
 10
12.881440586
 20
84.56265628
 30
0.0
 10
12.8704118254
 20
84.6522913363
 30
0.0
 10
12.8285075354
 20
84.7563161814
 30
0.0
 10
12.7800214951
 20
84.8284851123
 30
0.0
 10
12.7372400201
 20
84.8758233747
 30
0.0
 10
12.6886398229
 20
84.915781127
 30
0.0
 10
12.652784816
 20
84.9370968846
 30
0.0
 10
12.6342769232
 20
84.9462413081
 30
0.0
  0
SPLINE
  5
760
100
AcDbEntity
  8
0
100
AcDbSpline
 62
7
  6
BYLAYER
 70
0
 71
3
 72
10
 73
6
 74
0
 42
0.0000001
 43
0.0000001
 44
0.0000000001
 40
0.0
 40
0.0
 40
0.0
 40
0.0
 40
0.2062549677
 40
0.4442652502
 40
1.0
 40
1.0
 40
1.0
 40
1.0
 10
12.8498572567
 20
84.4562617529
 30
0.0
 10
12.8368124786
 20
84.4538860862
 30
0.0
 10
12.8085815726
 20
84.449495769
 30
0.0
 10
12.744748536
 20
84.4418179158
 30
0.0
 10
12.6938509512
 20
84.4378438785
 30
0.0
 10
12.6581912227
 20
84.4356680696
 30
0.0
  0
SPLINE
  5
761
100
AcDbEntity
  8
0
100
AcDbSpline
 62
7
  6
BYLAYER
 70
0
 71
3
 72
12
 73
8
 74
0
 42
0.0000001
 43
0.0000001
 44
0.0000000001
 40
0.0
 40
0.0
 40
0.0
 40
0.0
 40
0.1074691989
 40
0.2222280553
 40
0.4694905364
 40
0.7324030816
 40
1.0
 40
1.0
 40
1.0
 40
1.0
 10
17.5658793732
 20
84.8535727533
 30
0.0
 10
17.5587345111
 20
84.8398901919
 30
0.0
 10
17.5452143859
 20
84.8109307749
 30
0.0
 10
17.5212644281
 20
84.7478463348
 30
0.0
 10
17.497882323
 20
84.6609307934
 30
0.0
 10
17.4807725053
 20
84.5503572235
 30
0.0
 10
17.4768161789
 20
84.4741028204
 30
0.0
 10
17.4768161789
 20
84.4356680696
 30
0.0
  0
SPLINE
  5
762
100
AcDbEntity
  8
0
100
AcDbSpline
 62
7
  6
BYLAYER
 70
0
 71
3
 72
10
 73
6
 74
0
 42
0.0000001
 43
0.0000001
 44
0.0000000001
 40
0.0
 40
0.0
 40
0.0
 40
0.0
 40
0.5557445458
 40
0.7937527858
 40
1.0
 40
1.0
 40
1.0
 40
1.0
 10
17.4768161789
 20
84.4356680696
 30
0.0
 10
17.4411526965
 20
84.4378441075
 30
0.0
 10
17.3902501521
 20
84.4418186065
 30
0.0
 10
17.3264115825
 20
84.4494976606
 30
0.0
 10
17.2981788872
 20
84.4538886998
 30
0.0
 10
17.2851335105
 20
84.4562647825
 30
0.0
  0
SPLINE
  5
763
100
AcDbEntity
  8
0
100
AcDbSpline
 62
7
  6
BYLAYER
 70
0
 71
3
 72
12
 73
8
 74
0
 42
0.0000001
 43
0.0000001
 44
0.0000000001
 40
0.0
 40
0.0
 40
0.0
 40
0.0
 40
0.2675977495
 40
0.530510819
 40
0.7777731156
 40
0.8925315207
 40
1.0
 40
1.0
 40
1.0
 40
1.0
 10
12.6581912227
 20
84.4356680696
 30
0.0
 10
12.6581912227
 20
84.4741035209
 30
0.0
 10
12.6542347557
 20
84.550359274
 30
0.0
 10
12.6371243445
 20
84.6609346409
 30
0.0
 10
12.613741439
 20
84.747851373
 30
0.0
 10
12.5897906732
 20
84.8109363925
 30
0.0
 10
12.5762701022
 20
84.8398959523
 30
0.0
 10
12.5691250072
 20
84.8535785388
 30
0.0
  0
SPLINE
  5
764
100
AcDbEntity
  8
0
100
AcDbSpline
 62
7
  6
BYLAYER
 70
0
 71
3
 72
19
 73
15
 74
0
 42
0.0000001
 43
0.0000001
 44
0.0000000001
 40
0.0
 40
0.0
 40
0.0
 40
0.0
 40
0.1839076935
 40
0.3619547731
 40
0.5279945593
 40
0.6764665013
 40
0.8019639035
 40
0.8546384493
 40
0.8999199718
 40
0.9374112942
 40
0.966735378
 40
0.9876385929
 40
0.9948901117
 40
1.0
 40
1.0
 40
1.0
 40
1.0
 10
42.3675036963
 20
22.1034496834
 30
0.0
 10
42.3675036963
 20
22.07245104
 30
0.0
 10
42.3673622584
 20
22.0114414879
 30
0.0
 10
42.3667289598
 20
21.9224470345
 30
0.0
 10
42.3656931333
 20
21.8394295254
 30
0.0
 10
42.3642916142
 20
21.7652762976
 30
0.0
 10
42.3627942553
 20
21.7102379533
 30
0.0
 10
42.3613931024
 20
21.6725992319
 30
0.0
 10
42.360346269
 20
21.6497928394
 30
0.0
 10
42.3592630454
 20
21.6309277875
 30
0.0
 10
42.3581428552
 20
21.6161860133
 30
0.0
 10
42.3571452587
 20
21.6065424283
 30
0.0
 10
42.356257748
 20
21.6010067479
 30
0.0
 10
42.3558077914
 20
21.5989673491
 30
0.0
 10
42.3555518667
 20
21.5981449505
 30
0.0
  0
SPLINE
  5
765
100
AcDbEntity
  8
0
100
AcDbSpline
 62
7
  6
BYLAYER
 70
0
 71
3
 72
19
 73
15
 74
0
 42
0.0000001
 43
0.0000001
 44
0.0000000001
 40
0.0
 40
0.0
 40
0.0
 40
0.0
 40
0.0051103621
 40
0.0123630138
 40
0.0332686615
 40
0.0625928567
 40
0.1000843154
 40
0.1453662487
 40
0.1980411483
 40
0.3235390936
 40
0.4720072554
 40
0.6380427578
 40
0.8160901033
 40
1.0
 40
1.0
 40
1.0
 40
1.0
 10
42.3555518667
 20
28.2768550498
 30
0.0
 10
42.3558078152
 20
28.276032575
 30
0.0
 10
42.3562577686
 20
28.2739928953
 30
0.0
 10
42.3571452895
 20
28.2684565303
 30
0.0
 10
42.358142916
 20
28.2588123263
 30
0.0
 10
42.3592632695
 20
28.2440701117
 30
0.0
 10
42.3603464293
 20
28.2252049442
 30
0.0
 10
42.3613931956
 20
28.2023983977
 30
0.0
 10
42.3627943077
 20
28.164759455
 30
0.0
 10
42.364291673
 20
28.1097215985
 30
0.0
 10
42.3656931483
 20
28.0355696392
 30
0.0
 10
42.3667289549
 20
27.9525534463
 30
0.0
 10
42.3673622474
 20
27.8635593006
 30
0.0
 10
42.3675036963
 20
27.8025493337
 30
0.0
 10
42.3675036963
 20
27.7715503196
 30
0.0
  0
LINE
  5
766
100
AcDbEntity
  8
0
100
AcDbLine
 62
7
  6
BYLAYER
 10
42.3360805949
 20
28.3394156927
 11
42.3555518667
 21
28.2768550498
  0
LINE
  5
767
100
AcDbEntity
  8
0
100
AcDbLine
 62
7
  6
BYLAYER
 10
42.3555518667
 20
21.5981449505
 11
42.3360805949
 21
21.5355843076
  0
LINE
  5
768
100
AcDbEntity
  8
0
100
AcDbLine
 62
7
  6
BYLAYER
 10
42.0059856453
 20
25.2973121239
 11
41.8803281722
 21
25.3038045674
  0
SPLINE
  5
769
100
AcDbEntity
  8
0
100
AcDbSpline
 62
7
  6
BYLAYER
 70
0
 71
3
 72
9
 73
5
 74
0
 42
0.0000001
 43
0.0000001
 44
0.0000000001
 40
0.0
 40
0.0
 40
0.0
 40
0.0
 40
0.4916623946
 40
1.0
 40
1.0
 40
1.0
 40
1.0
 10
43.2303493672
 20
26.0542263602
 30
0.0
 10
43.271757399
 20
25.9592635708
 30
0.0
 10
43.356466797
 20
25.7663305351
 30
0.0
 10
43.4432259852
 20
25.5742991455
 30
0.0
 10
43.4883436672
 20
25.477153342
 30
0.0
  0
SPLINE
  5
76A
100
AcDbEntity
  8
0
100
AcDbSpline
 62
7
  6
BYLAYER
 70
0
 71
3
 72
9
 73
5
 74
0
 42
0.0000001
 43
0.0000001
 44
0.0000000001
 40
0.0
 40
0.0
 40
0.0
 40
0.0
 40
0.5083375839
 40
1.0
 40
1.0
 40
1.0
 40
1.0
 10
42.4466637344
 20
25.477153342
 30
0.0
 10
42.4917815815
 20
25.5742995008
 30
0.0
 10
42.5785410764
 20
25.7663316075
 30
0.0
 10
42.6632508004
 20
25.9592653516
 30
0.0
 10
42.7046589863
 20
26.054228497
 30
0.0
  0
LINE
  5
76B
100
AcDbEntity
  8
0
100
AcDbLine
 62
7
  6
BYLAYER
 10
42.7132439745
 20
26.6201047205
 11
42.7216854533
 21
26.1144902386
  0
SPLINE
  5
76C
100
AcDbEntity
  8
0
100
AcDbSpline
 62
7
  6
BYLAYER
 70
0
 71
3
 72
9
 73
5
 74
0
 42
0.0000001
 43
0.0000001
 44
0.0000000001
 40
0.0
 40
0.0
 40
0.0
 40
0.0
 40
0.255441138
 40
1.0
 40
1.0
 40
1.0
 40
1.0
 10
42.4466637344
 20
25.477153342
 30
0.0
 10
42.4093248651
 20
25.4613968891
 30
0.0
 10
42.2629046953
 20
25.4002961689
 30
0.0
 10
42.1157339938
 20
25.341011953
 30
0.0
 10
42.0059856458
 20
25.2973121217
 30
0.0
  0
SPLINE
  5
76D
100
AcDbEntity
  8
0
100
AcDbSpline
 62
7
  6
BYLAYER
 70
0
 71
3
 72
13
 73
9
 74
0
 42
0.0000001
 43
0.0000001
 44
0.0000000001
 40
0.0
 40
0.0
 40
0.0
 40
0.0
 40
0.3044299356
 40
0.5867073931
 40
0.7127318465
 40
0.825150717
 40
0.9216147129
 40
1.0
 40
1.0
 40
1.0
 40
1.0
 10
45.5707718152
 20
24.3388857934
 30
0.0
 10
45.5152621242
 20
24.3388699699
 30
0.0
 10
45.4082773479
 20
24.3402433749
 30
0.0
 10
45.2784006054
 20
24.3455459761
 30
0.0
 10
45.183674542
 20
24.3521197357
 30
0.0
 10
45.1228592227
 20
24.3577470356
 30
0.0
 10
45.070863829
 20
24.3641408631
 30
0.0
 10
45.039388885
 20
24.3693481166
 30
0.0
 10
45.0253885613
 20
24.3722245474
 30
0.0
  0
SPLINE
  5
76E
100
AcDbEntity
  8
0
100
AcDbSpline
 62
7
  6
BYLAYER
 70
0
 71
3
 72
13
 73
9
 74
0
 42
0.0000001
 43
0.0000001
 44
0.0000000001
 40
0.0
 40
0.0
 40
0.0
 40
0.0
 40
0.0783919834
 40
0.17487917
 40
0.2873152247
 40
0.4133426908
 40
0.6955944219
 40
1.0
 40
1.0
 40
1.0
 40
1.0
 10
45.0253577986
 20
25.5034247186
 30
0.0
 10
45.0393578379
 20
25.5063094631
 30
0.0
 10
45.0708361107
 20
25.5115327809
 30
0.0
 10
45.1228375088
 20
25.5179530506
 30
0.0
 10
45.1836586751
 20
25.5236111753
 30
0.0
 10
45.2783814499
 20
25.5302339593
 30
0.0
 10
45.4082482805
 20
25.5356087629
 30
0.0
 10
45.5152245411
 20
25.5370339924
 30
0.0
 10
45.5707304743
 20
25.5370498148
 30
0.0
  0
SPLINE
  5
76F
100
AcDbEntity
  8
0
100
AcDbSpline
 62
7
  6
BYLAYER
 70
0
 71
3
 72
10
 73
6
 74
0
 42
0.0000001
 43
0.0000001
 44
0.0000000001
 40
0.0
 40
0.0
 40
0.0
 40
0.0
 40
0.2504396277
 40
0.6255346804
 40
1.0
 40
1.0
 40
1.0
 40
1.0
 10
44.0547038242
 20
24.5712688782
 30
0.0
 10
44.1357488093
 20
24.5547129722
 30
0.0
 10
44.3381622411
 20
24.5132803348
 30
0.0
 10
44.661732486
 20
24.4469743519
 30
0.0
 10
44.9042354844
 20
24.3971159934
 30
0.0
 10
45.0253885613
 20
24.3722245474
 30
0.0
  0
LINE
  5
770
100
AcDbEntity
  8
0
100
AcDbLine
 62
7
  6
BYLAYER
 10
43.9290258245
 20
24.5776894962
 11
44.0547038242
 21
24.5712688782
  0
LINE
  5
771
100
AcDbEntity
  8
0
100
AcDbLine
 62
7
  6
BYLAYER
 10
43.2133240684
 20
26.1145091062
 11
43.2217645245
 21
26.6200735801
  0
SPLINE
  5
772
100
AcDbEntity
  8
0
100
AcDbSpline
 62
7
  6
BYLAYER
 70
0
 71
3
 72
9
 73
5
 74
0
 42
0.0000001
 43
0.0000001
 44
0.0000000001
 40
0.0
 40
0.0
 40
0.0
 40
0.0
 40
0.4916623946
 40
1.0
 40
1.0
 40
1.0
 40
1.0
 10
42.7046580344
 20
23.8207736401
 30
0.0
 10
42.6632500026
 20
23.9157364296
 30
0.0
 10
42.5785406046
 20
24.1086694652
 30
0.0
 10
42.4917814164
 20
24.3007008549
 30
0.0
 10
42.4466637344
 20
24.3978466583
 30
0.0
  0
SPLINE
  5
773
100
AcDbEntity
  8
0
100
AcDbSpline
 62
7
  6
BYLAYER
 70
0
 71
3
 72
9
 73
5
 74
0
 42
0.0000001
 43
0.0000001
 44
0.0000000001
 40
0.0
 40
0.0
 40
0.0
 40
0.0
 40
0.5083375839
 40
1.0
 40
1.0
 40
1.0
 40
1.0
 10
43.4883436672
 20
24.3978466583
 30
0.0
 10
43.4432258202
 20
24.3007004995
 30
0.0
 10
43.3564663252
 20
24.1086683928
 30
0.0
 10
43.2717566013
 20
23.9157346487
 30
0.0
 10
43.2303484154
 20
23.8207715034
 30
0.0
  0
LINE
  5
774
100
AcDbEntity
  8
0
100
AcDbLine
 62
7
  6
BYLAYER
 10
42.7216833333
 20
23.7604908945
 11
42.7132428771
 21
23.2549264209
  0
LINE
  5
775
100
AcDbEntity
  8
0
100
AcDbLine
 62
7
  6
BYLAYER
 10
44.0546885331
 20
25.3038049515
 11
43.9290217323
 21
25.2973119727
  0
SPLINE
  5
776
100
AcDbEntity
  8
0
100
AcDbSpline
 62
7
  6
BYLAYER
 70
0
 71
3
 72
9
 73
5
 74
0
 42
0.0000001
 43
0.0000001
 44
0.0000000001
 40
0.0
 40
0.0
 40
0.0
 40
0.0
 40
0.2496674244
 40
1.0
 40
1.0
 40
1.0
 40
1.0
 10
45.0253577986
 20
25.5034247186
 30
0.0
 10
44.9445826938
 20
25.4867807999
 30
0.0
 10
44.6210497244
 20
25.4201269611
 30
0.0
 10
44.2974999795
 20
25.3535541195
 30
0.0
 10
44.0546885331
 20
25.3038049515
 30
0.0
  0
SPLINE
  5
777
100
AcDbEntity
  8
0
100
AcDbSpline
 62
7
  6
BYLAYER
 70
0
 71
3
 72
9
 73
5
 74
0
 42
0.0000001
 43
0.0000001
 44
0.0000000001
 40
0.0
 40
0.0
 40
0.0
 40
0.0
 40
0.2450603266
 40
1.0
 40
1.0
 40
1.0
 40
1.0
 10
43.9290217678
 20
25.297312084
 30
0.0
 10
43.8928998758
 20
25.311695175
 30
0.0
 10
43.7455855475
 20
25.3705996735
 30
0.0
 10
43.5986958921
 20
25.4305863283
 30
0.0
 10
43.4883436672
 20
25.477153342
 30
0.0
  0
LINE
  5
778
100
AcDbEntity
  8
0
100
AcDbLine
 62
7
  6
BYLAYER
 10
43.221763427
 20
23.2548952795
 11
43.2133219483
 21
23.7605097616
  0
SPLINE
  5
779
100
AcDbEntity
  8
0
100
AcDbSpline
 62
7
  6
BYLAYER
 70
0
 71
3
 72
9
 73
5
 74
0
 42
0.0000001
 43
0.0000001
 44
0.0000000001
 40
0.0
 40
0.0
 40
0.0
 40
0.0
 40
0.2554411797
 40
1.0
 40
1.0
 40
1.0
 40
1.0
 10
43.4883436672
 20
24.3978466583
 30
0.0
 10
43.5256828861
 20
24.4136032587
 30
0.0
 10
43.6721044052
 20
24.4747045355
 30
0.0
 10
43.8192764676
 20
24.5339892793
 30
0.0
 10
43.9290258238
 20
24.5776894984
 30
0.0
  0
LINE
  5
77A
100
AcDbEntity
  8
0
100
AcDbLine
 62
7
  6
BYLAYER
 10
41.8803188685
 20
24.5711950489
 11
42.0059856693
 21
24.5776880276
  0
SPLINE
  5
77B
100
AcDbEntity
  8
0
100
AcDbSpline
 62
7
  6
BYLAYER
 70
0
 71
3
 72
9
 73
5
 74
0
 42
0.0000001
 43
0.0000001
 44
0.0000000001
 40
0.0
 40
0.0
 40
0.0
 40
0.0
 40
0.2450603266
 40
1.0
 40
1.0
 40
1.0
 40
1.0
 10
42.0059856338
 20
24.5776879163
 30
0.0
 10
42.0421075258
 20
24.5633048254
 30
0.0
 10
42.1894218541
 20
24.5044003268
 30
0.0
 10
42.3363115095
 20
24.444413672
 30
0.0
 10
42.4466637344
 20
24.3978466583
 30
0.0
  0
SPLINE
  5
77C
100
AcDbEntity
  8
0
100
AcDbSpline
 62
7
  6
BYLAYER
 70
0
 71
3
 72
9
 73
5
 74
0
 42
0.0000001
 43
0.0000001
 44
0.0000000001
 40
0.0
 40
0.0
 40
0.0
 40
0.0
 40
0.2496674244
 40
1.0
 40
1.0
 40
1.0
 40
1.0
 10
40.9096496031
 20
24.3715752817
 30
0.0
 10
40.9904247078
 20
24.3882192004
 30
0.0
 10
41.3139576772
 20
24.4548730393
 30
0.0
 10
41.6375074221
 20
24.5214458808
 30
0.0
 10
41.8803188685
 20
24.5711950489
 30
0.0
  0
SPLINE
  5
77D
100
AcDbEntity
  8
0
100
AcDbSpline
 62
7
  6
BYLAYER
 70
0
 71
3
 72
13
 73
9
 74
0
 42
0.0000001
 43
0.0000001
 44
0.0000000001
 40
0.0
 40
0.0
 40
0.0
 40
0.0
 40
0.3044271915
 40
0.5867097251
 40
0.7127367167
 40
0.8251555356
 40
0.9216179296
 40
1.0
 40
1.0
 40
1.0
 40
1.0
 10
40.3642767154
 20
25.5370498148
 30
0.0
 10
40.4198009656
 20
25.5370339872
 30
0.0
 10
40.5268144932
 20
25.5356077345
 30
0.0
 10
40.6567243652
 20
25.5302291986
 30
0.0
 10
40.7514738552
 20
25.5236014088
 30
0.0
 10
40.8123026927
 20
25.5179386438
 30
0.0
 10
40.8643077107
 20
25.5115139881
 30
0.0
 10
40.8957873839
 20
25.506287668
 30
0.0
 10
40.9097892782
 20
25.503402541
 30
0.0
  0
SPLINE
  5
77E
100
AcDbEntity
  8
0
100
AcDbSpline
 62
7
  6
BYLAYER
 70
0
 71
3
 72
13
 73
9
 74
0
 42
0.0000001
 43
0.0000001
 44
0.0000000001
 40
0.0
 40
0.0
 40
0.0
 40
0.0
 40
0.0783919834
 40
0.17487917
 40
0.2873152248
 40
0.4133426908
 40
0.6955944219
 40
1.0
 40
1.0
 40
1.0
 40
1.0
 10
40.9096496031
 20
24.3715752817
 30
0.0
 10
40.8956495637
 20
24.3686905372
 30
0.0
 10
40.8641712909
 20
24.3634672194
 30
0.0
 10
40.8121698928
 20
24.3570469497
 30
0.0
 10
40.7513487265
 20
24.3513888251
 30
0.0
 10
40.6566259517
 20
24.344766041
 30
0.0
 10
40.5267591211
 20
24.3393912374
 30
0.0
 10
40.4197828605
 20
24.337966008
 30
0.0
 10
40.3642769273
 20
24.3379501855
 30
0.0
  0
SPLINE
  5
77F
100
AcDbEntity
  8
0
100
AcDbSpline
 62
7
  6
BYLAYER
 70
0
 71
3
 72
10
 73
6
 74
0
 42
0.0000001
 43
0.0000001
 44
0.0000000001
 40
0.0
 40
0.0
 40
0.0
 40
0.0
 40
0.2504359388
 40
0.6255301982
 40
1.0
 40
1.0
 40
1.0
 40
1.0
 10
41.8803281722
 20
25.3038045674
 30
0.0
 10
41.7992966249
 20
25.3204069618
 30
0.0
 10
41.5969151334
 20
25.3619553376
 30
0.0
 10
41.2733935522
 20
25.4284462288
 30
0.0
 10
41.0309256538
 20
25.4784420835
 30
0.0
 10
40.9097892782
 20
25.503402541
 30
0.0
  0
SPLINE
  5
780
100
AcDbEntity
  8
0
100
AcDbSpline
 62
7
  6
BYLAYER
 70
0
 71
3
 72
19
 73
15
 74
0
 42
0.0000001
 43
0.0000001
 44
0.0000000001
 40
0.0
 40
0.0
 40
0.0
 40
0.0
 40
0.1839076935
 40
0.3619547731
 40
0.5279945593
 40
0.6764665013
 40
0.8019639035
 40
0.8546384493
 40
0.8999199718
 40
0.9374112942
 40
0.966735378
 40
0.9876385929
 40
0.9948901117
 40
1.0
 40
1.0
 40
1.0
 40
1.0
 10
55.5675036963
 20
72.1034496834
 30
0.0
 10
55.5675036963
 20
72.07245104
 30
0.0
 10
55.5673622584
 20
72.0114414879
 30
0.0
 10
55.5667289598
 20
71.9224470345
 30
0.0
 10
55.5656931333
 20
71.8394295254
 30
0.0
 10
55.5642916142
 20
71.7652762976
 30
0.0
 10
55.5627942553
 20
71.7102379533
 30
0.0
 10
55.5613931024
 20
71.6725992319
 30
0.0
 10
55.560346269
 20
71.6497928394
 30
0.0
 10
55.5592630454
 20
71.6309277875
 30
0.0
 10
55.5581428552
 20
71.6161860133
 30
0.0
 10
55.5571452587
 20
71.6065424283
 30
0.0
 10
55.556257748
 20
71.6010067479
 30
0.0
 10
55.5558077914
 20
71.5989673491
 30
0.0
 10
55.5555518667
 20
71.5981449505
 30
0.0
  0
SPLINE
  5
781
100
AcDbEntity
  8
0
100
AcDbSpline
 62
7
  6
BYLAYER
 70
0
 71
3
 72
19
 73
15
 74
0
 42
0.0000001
 43
0.0000001
 44
0.0000000001
 40
0.0
 40
0.0
 40
0.0
 40
0.0
 40
0.0051103621
 40
0.0123630138
 40
0.0332686615
 40
0.0625928567
 40
0.1000843154
 40
0.1453662487
 40
0.1980411483
 40
0.3235390936
 40
0.4720072554
 40
0.6380427578
 40
0.8160901033
 40
1.0
 40
1.0
 40
1.0
 40
1.0
 10
55.5555518667
 20
78.2768550498
 30
0.0
 10
55.5558078152
 20
78.276032575
 30
0.0
 10
55.5562577686
 20
78.2739928953
 30
0.0
 10
55.5571452895
 20
78.2684565303
 30
0.0
 10
55.558142916
 20
78.2588123263
 30
0.0
 10
55.5592632695
 20
78.2440701117
 30
0.0
 10
55.5603464293
 20
78.2252049442
 30
0.0
 10
55.5613931956
 20
78.2023983977
 30
0.0
 10
55.5627943077
 20
78.164759455
 30
0.0
 10
55.564291673
 20
78.1097215985
 30
0.0
 10
55.5656931483
 20
78.0355696392
 30
0.0
 10
55.5667289549
 20
77.9525534463
 30
0.0
 10
55.5673622474
 20
77.8635593006
 30
0.0
 10
55.5675036963
 20
77.8025493337
 30
0.0
 10
55.5675036963
 20
77.7715503196
 30
0.0
  0
LINE
  5
782
100
AcDbEntity
  8
0
100
AcDbLine
 62
7
  6
BYLAYER
 10
55.5360805949
 20
78.3394156927
 11
55.5555518667
 21
78.2768550498
  0
LINE
  5
783
100
AcDbEntity
  8
0
100
AcDbLine
 62
7
  6
BYLAYER
 10
55.5555518667
 20
71.5981449505
 11
55.5360805949
 21
71.5355843076
  0
LINE
  5
784
100
AcDbEntity
  8
0
100
AcDbLine
 62
7
  6
BYLAYER
 10
55.2059856453
 20
75.2973121239
 11
55.0803281722
 21
75.3038045674
  0
SPLINE
  5
785
100
AcDbEntity
  8
0
100
AcDbSpline
 62
7
  6
BYLAYER
 70
0
 71
3
 72
9
 73
5
 74
0
 42
0.0000001
 43
0.0000001
 44
0.0000000001
 40
0.0
 40
0.0
 40
0.0
 40
0.0
 40
0.4916623946
 40
1.0
 40
1.0
 40
1.0
 40
1.0
 10
56.4303493672
 20
76.0542263602
 30
0.0
 10
56.471757399
 20
75.9592635708
 30
0.0
 10
56.556466797
 20
75.7663305351
 30
0.0
 10
56.6432259852
 20
75.5742991455
 30
0.0
 10
56.6883436672
 20
75.477153342
 30
0.0
  0
SPLINE
  5
786
100
AcDbEntity
  8
0
100
AcDbSpline
 62
7
  6
BYLAYER
 70
0
 71
3
 72
9
 73
5
 74
0
 42
0.0000001
 43
0.0000001
 44
0.0000000001
 40
0.0
 40
0.0
 40
0.0
 40
0.0
 40
0.5083375839
 40
1.0
 40
1.0
 40
1.0
 40
1.0
 10
55.6466637344
 20
75.477153342
 30
0.0
 10
55.6917815815
 20
75.5742995008
 30
0.0
 10
55.7785410764
 20
75.7663316075
 30
0.0
 10
55.8632508004
 20
75.9592653516
 30
0.0
 10
55.9046589863
 20
76.054228497
 30
0.0
  0
LINE
  5
787
100
AcDbEntity
  8
0
100
AcDbLine
 62
7
  6
BYLAYER
 10
55.9132439745
 20
76.6201047205
 11
55.9216854533
 21
76.1144902386
  0
SPLINE
  5
788
100
AcDbEntity
  8
0
100
AcDbSpline
 62
7
  6
BYLAYER
 70
0
 71
3
 72
9
 73
5
 74
0
 42
0.0000001
 43
0.0000001
 44
0.0000000001
 40
0.0
 40
0.0
 40
0.0
 40
0.0
 40
0.255441138
 40
1.0
 40
1.0
 40
1.0
 40
1.0
 10
55.6466637344
 20
75.477153342
 30
0.0
 10
55.6093248651
 20
75.4613968891
 30
0.0
 10
55.4629046953
 20
75.4002961689
 30
0.0
 10
55.3157339938
 20
75.341011953
 30
0.0
 10
55.2059856458
 20
75.2973121217
 30
0.0
  0
SPLINE
  5
789
100
AcDbEntity
  8
0
100
AcDbSpline
 62
7
  6
BYLAYER
 70
0
 71
3
 72
13
 73
9
 74
0
 42
0.0000001
 43
0.0000001
 44
0.0000000001
 40
0.0
 40
0.0
 40
0.0
 40
0.0
 40
0.3044299356
 40
0.5867073931
 40
0.7127318465
 40
0.825150717
 40
0.9216147129
 40
1.0
 40
1.0
 40
1.0
 40
1.0
 10
58.7707718152
 20
74.3388857934
 30
0.0
 10
58.7152621242
 20
74.3388699699
 30
0.0
 10
58.6082773479
 20
74.3402433749
 30
0.0
 10
58.4784006054
 20
74.3455459761
 30
0.0
 10
58.383674542
 20
74.3521197357
 30
0.0
 10
58.3228592227
 20
74.3577470356
 30
0.0
 10
58.270863829
 20
74.3641408631
 30
0.0
 10
58.239388885
 20
74.3693481166
 30
0.0
 10
58.2253885613
 20
74.3722245474
 30
0.0
  0
SPLINE
  5
78A
100
AcDbEntity
  8
0
100
AcDbSpline
 62
7
  6
BYLAYER
 70
0
 71
3
 72
13
 73
9
 74
0
 42
0.0000001
 43
0.0000001
 44
0.0000000001
 40
0.0
 40
0.0
 40
0.0
 40
0.0
 40
0.0783919834
 40
0.17487917
 40
0.2873152247
 40
0.4133426908
 40
0.6955944219
 40
1.0
 40
1.0
 40
1.0
 40
1.0
 10
58.2253577986
 20
75.5034247186
 30
0.0
 10
58.2393578379
 20
75.5063094631
 30
0.0
 10
58.2708361107
 20
75.5115327809
 30
0.0
 10
58.3228375088
 20
75.5179530506
 30
0.0
 10
58.3836586751
 20
75.5236111753
 30
0.0
 10
58.4783814499
 20
75.5302339593
 30
0.0
 10
58.6082482805
 20
75.5356087629
 30
0.0
 10
58.7152245411
 20
75.5370339924
 30
0.0
 10
58.7707304743
 20
75.5370498148
 30
0.0
  0
SPLINE
  5
78B
100
AcDbEntity
  8
0
100
AcDbSpline
 62
7
  6
BYLAYER
 70
0
 71
3
 72
10
 73
6
 74
0
 42
0.0000001
 43
0.0000001
 44
0.0000000001
 40
0.0
 40
0.0
 40
0.0
 40
0.0
 40
0.2504396277
 40
0.6255346804
 40
1.0
 40
1.0
 40
1.0
 40
1.0
 10
57.2547038242
 20
74.5712688782
 30
0.0
 10
57.3357488093
 20
74.5547129722
 30
0.0
 10
57.5381622411
 20
74.5132803348
 30
0.0
 10
57.861732486
 20
74.4469743519
 30
0.0
 10
58.1042354844
 20
74.3971159934
 30
0.0
 10
58.2253885613
 20
74.3722245474
 30
0.0
  0
LINE
  5
78C
100
AcDbEntity
  8
0
100
AcDbLine
 62
7
  6
BYLAYER
 10
57.1290258245
 20
74.5776894962
 11
57.2547038242
 21
74.5712688782
  0
LINE
  5
78D
100
AcDbEntity
  8
0
100
AcDbLine
 62
7
  6
BYLAYER
 10
56.4133240684
 20
76.1145091062
 11
56.4217645245
 21
76.6200735801
  0
SPLINE
  5
78E
100
AcDbEntity
  8
0
100
AcDbSpline
 62
7
  6
BYLAYER
 70
0
 71
3
 72
9
 73
5
 74
0
 42
0.0000001
 43
0.0000001
 44
0.0000000001
 40
0.0
 40
0.0
 40
0.0
 40
0.0
 40
0.4916623946
 40
1.0
 40
1.0
 40
1.0
 40
1.0
 10
55.9046580344
 20
73.8207736401
 30
0.0
 10
55.8632500026
 20
73.9157364296
 30
0.0
 10
55.7785406046
 20
74.1086694652
 30
0.0
 10
55.6917814164
 20
74.3007008549
 30
0.0
 10
55.6466637344
 20
74.3978466583
 30
0.0
  0
SPLINE
  5
78F
100
AcDbEntity
  8
0
100
AcDbSpline
 62
7
  6
BYLAYER
 70
0
 71
3
 72
9
 73
5
 74
0
 42
0.0000001
 43
0.0000001
 44
0.0000000001
 40
0.0
 40
0.0
 40
0.0
 40
0.0
 40
0.5083375839
 40
1.0
 40
1.0
 40
1.0
 40
1.0
 10
56.6883436672
 20
74.3978466583
 30
0.0
 10
56.6432258202
 20
74.3007004995
 30
0.0
 10
56.5564663252
 20
74.1086683928
 30
0.0
 10
56.4717566013
 20
73.9157346487
 30
0.0
 10
56.4303484154
 20
73.8207715034
 30
0.0
  0
LINE
  5
790
100
AcDbEntity
  8
0
100
AcDbLine
 62
7
  6
BYLAYER
 10
55.9216833333
 20
73.7604908945
 11
55.9132428771
 21
73.2549264209
  0
LINE
  5
791
100
AcDbEntity
  8
0
100
AcDbLine
 62
7
  6
BYLAYER
 10
57.2546885331
 20
75.3038049515
 11
57.1290217323
 21
75.2973119727
  0
SPLINE
  5
792
100
AcDbEntity
  8
0
100
AcDbSpline
 62
7
  6
BYLAYER
 70
0
 71
3
 72
9
 73
5
 74
0
 42
0.0000001
 43
0.0000001
 44
0.0000000001
 40
0.0
 40
0.0
 40
0.0
 40
0.0
 40
0.2496674244
 40
1.0
 40
1.0
 40
1.0
 40
1.0
 10
58.2253577986
 20
75.5034247186
 30
0.0
 10
58.1445826938
 20
75.4867807999
 30
0.0
 10
57.8210497244
 20
75.4201269611
 30
0.0
 10
57.4974999795
 20
75.3535541195
 30
0.0
 10
57.2546885331
 20
75.3038049515
 30
0.0
  0
SPLINE
  5
793
100
AcDbEntity
  8
0
100
AcDbSpline
 62
7
  6
BYLAYER
 70
0
 71
3
 72
9
 73
5
 74
0
 42
0.0000001
 43
0.0000001
 44
0.0000000001
 40
0.0
 40
0.0
 40
0.0
 40
0.0
 40
0.2450603266
 40
1.0
 40
1.0
 40
1.0
 40
1.0
 10
57.1290217678
 20
75.297312084
 30
0.0
 10
57.0928998758
 20
75.311695175
 30
0.0
 10
56.9455855475
 20
75.3705996735
 30
0.0
 10
56.7986958921
 20
75.4305863283
 30
0.0
 10
56.6883436672
 20
75.477153342
 30
0.0
  0
LINE
  5
794
100
AcDbEntity
  8
0
100
AcDbLine
 62
7
  6
BYLAYER
 10
56.421763427
 20
73.2548952795
 11
56.4133219483
 21
73.7605097616
  0
SPLINE
  5
795
100
AcDbEntity
  8
0
100
AcDbSpline
 62
7
  6
BYLAYER
 70
0
 71
3
 72
9
 73
5
 74
0
 42
0.0000001
 43
0.0000001
 44
0.0000000001
 40
0.0
 40
0.0
 40
0.0
 40
0.0
 40
0.2554411797
 40
1.0
 40
1.0
 40
1.0
 40
1.0
 10
56.6883436672
 20
74.3978466583
 30
0.0
 10
56.7256828861
 20
74.4136032587
 30
0.0
 10
56.8721044052
 20
74.4747045355
 30
0.0
 10
57.0192764676
 20
74.5339892793
 30
0.0
 10
57.1290258238
 20
74.5776894984
 30
0.0
  0
LINE
  5
796
100
AcDbEntity
  8
0
100
AcDbLine
 62
7
  6
BYLAYER
 10
55.0803188685
 20
74.5711950489
 11
55.2059856693
 21
74.5776880276
  0
SPLINE
  5
797
100
AcDbEntity
  8
0
100
AcDbSpline
 62
7
  6
BYLAYER
 70
0
 71
3
 72
9
 73
5
 74
0
 42
0.0000001
 43
0.0000001
 44
0.0000000001
 40
0.0
 40
0.0
 40
0.0
 40
0.0
 40
0.2450603266
 40
1.0
 40
1.0
 40
1.0
 40
1.0
 10
55.2059856338
 20
74.5776879163
 30
0.0
 10
55.2421075258
 20
74.5633048254
 30
0.0
 10
55.3894218541
 20
74.5044003268
 30
0.0
 10
55.5363115095
 20
74.444413672
 30
0.0
 10
55.6466637344
 20
74.3978466583
 30
0.0
  0
SPLINE
  5
798
100
AcDbEntity
  8
0
100
AcDbSpline
 62
7
  6
BYLAYER
 70
0
 71
3
 72
9
 73
5
 74
0
 42
0.0000001
 43
0.0000001
 44
0.0000000001
 40
0.0
 40
0.0
 40
0.0
 40
0.0
 40
0.2496674244
 40
1.0
 40
1.0
 40
1.0
 40
1.0
 10
54.1096496031
 20
74.3715752817
 30
0.0
 10
54.1904247078
 20
74.3882192004
 30
0.0
 10
54.5139576772
 20
74.4548730393
 30
0.0
 10
54.8375074221
 20
74.5214458808
 30
0.0
 10
55.0803188685
 20
74.5711950489
 30
0.0
  0
SPLINE
  5
799
100
AcDbEntity
  8
0
100
AcDbSpline
 62
7
  6
BYLAYER
 70
0
 71
3
 72
13
 73
9
 74
0
 42
0.0000001
 43
0.0000001
 44
0.0000000001
 40
0.0
 40
0.0
 40
0.0
 40
0.0
 40
0.3044271915
 40
0.5867097251
 40
0.7127367167
 40
0.8251555356
 40
0.9216179296
 40
1.0
 40
1.0
 40
1.0
 40
1.0
 10
53.5642767154
 20
75.5370498148
 30
0.0
 10
53.6198009656
 20
75.5370339872
 30
0.0
 10
53.7268144932
 20
75.5356077345
 30
0.0
 10
53.8567243652
 20
75.5302291986
 30
0.0
 10
53.9514738552
 20
75.5236014088
 30
0.0
 10
54.0123026927
 20
75.5179386438
 30
0.0
 10
54.0643077107
 20
75.5115139881
 30
0.0
 10
54.0957873839
 20
75.506287668
 30
0.0
 10
54.1097892782
 20
75.503402541
 30
0.0
  0
SPLINE
  5
79A
100
AcDbEntity
  8
0
100
AcDbSpline
 62
7
  6
BYLAYER
 70
0
 71
3
 72
13
 73
9
 74
0
 42
0.0000001
 43
0.0000001
 44
0.0000000001
 40
0.0
 40
0.0
 40
0.0
 40
0.0
 40
0.0783919834
 40
0.17487917
 40
0.2873152248
 40
0.4133426908
 40
0.6955944219
 40
1.0
 40
1.0
 40
1.0
 40
1.0
 10
54.1096496031
 20
74.3715752817
 30
0.0
 10
54.0956495637
 20
74.3686905372
 30
0.0
 10
54.0641712909
 20
74.3634672194
 30
0.0
 10
54.0121698928
 20
74.3570469497
 30
0.0
 10
53.9513487265
 20
74.3513888251
 30
0.0
 10
53.8566259517
 20
74.344766041
 30
0.0
 10
53.7267591211
 20
74.3393912374
 30
0.0
 10
53.6197828605
 20
74.337966008
 30
0.0
 10
53.5642769273
 20
74.3379501855
 30
0.0
  0
SPLINE
  5
79B
100
AcDbEntity
  8
0
100
AcDbSpline
 62
7
  6
BYLAYER
 70
0
 71
3
 72
10
 73
6
 74
0
 42
0.0000001
 43
0.0000001
 44
0.0000000001
 40
0.0
 40
0.0
 40
0.0
 40
0.0
 40
0.2504359388
 40
0.6255301982
 40
1.0
 40
1.0
 40
1.0
 40
1.0
 10
55.0803281722
 20
75.3038045674
 30
0.0
 10
54.9992966249
 20
75.3204069618
 30
0.0
 10
54.7969151334
 20
75.3619553376
 30
0.0
 10
54.4733935522
 20
75.4284462288
 30
0.0
 10
54.2309256538
 20
75.4784420835
 30
0.0
 10
54.1097892782
 20
75.503402541
 30
0.0
  0
SPLINE
  5
79C
100
AcDbEntity
  8
0
100
AcDbSpline
 62
7
  6
BYLAYER
 70
0
 71
3
 72
19
 73
15
 74
0
 42
0.0000001
 43
0.0000001
 44
0.0000000001
 40
0.0
 40
0.0
 40
0.0
 40
0.0
 40
0.1839076935
 40
0.3619547731
 40
0.5279945593
 40
0.6764665013
 40
0.8019639035
 40
0.8546384493
 40
0.8999199718
 40
0.9374112942
 40
0.966735378
 40
0.9876385929
 40
0.9948901117
 40
1.0
 40
1.0
 40
1.0
 40
1.0
 10
42.3675036963
 20
72.1034496834
 30
0.0
 10
42.3675036963
 20
72.07245104
 30
0.0
 10
42.3673622584
 20
72.0114414879
 30
0.0
 10
42.3667289598
 20
71.9224470345
 30
0.0
 10
42.3656931333
 20
71.8394295254
 30
0.0
 10
42.3642916142
 20
71.7652762976
 30
0.0
 10
42.3627942553
 20
71.7102379533
 30
0.0
 10
42.3613931024
 20
71.6725992319
 30
0.0
 10
42.360346269
 20
71.6497928394
 30
0.0
 10
42.3592630454
 20
71.6309277875
 30
0.0
 10
42.3581428552
 20
71.6161860133
 30
0.0
 10
42.3571452587
 20
71.6065424283
 30
0.0
 10
42.356257748
 20
71.6010067479
 30
0.0
 10
42.3558077914
 20
71.5989673491
 30
0.0
 10
42.3555518667
 20
71.5981449505
 30
0.0
  0
SPLINE
  5
79D
100
AcDbEntity
  8
0
100
AcDbSpline
 62
7
  6
BYLAYER
 70
0
 71
3
 72
19
 73
15
 74
0
 42
0.0000001
 43
0.0000001
 44
0.0000000001
 40
0.0
 40
0.0
 40
0.0
 40
0.0
 40
0.0051103621
 40
0.0123630138
 40
0.0332686615
 40
0.0625928567
 40
0.1000843154
 40
0.1453662487
 40
0.1980411483
 40
0.3235390936
 40
0.4720072554
 40
0.6380427578
 40
0.8160901033
 40
1.0
 40
1.0
 40
1.0
 40
1.0
 10
42.3555518667
 20
78.2768550498
 30
0.0
 10
42.3558078152
 20
78.276032575
 30
0.0
 10
42.3562577686
 20
78.2739928953
 30
0.0
 10
42.3571452895
 20
78.2684565303
 30
0.0
 10
42.358142916
 20
78.2588123263
 30
0.0
 10
42.3592632695
 20
78.2440701117
 30
0.0
 10
42.3603464293
 20
78.2252049442
 30
0.0
 10
42.3613931956
 20
78.2023983977
 30
0.0
 10
42.3627943077
 20
78.164759455
 30
0.0
 10
42.364291673
 20
78.1097215985
 30
0.0
 10
42.3656931483
 20
78.0355696392
 30
0.0
 10
42.3667289549
 20
77.9525534463
 30
0.0
 10
42.3673622474
 20
77.8635593006
 30
0.0
 10
42.3675036963
 20
77.8025493337
 30
0.0
 10
42.3675036963
 20
77.7715503196
 30
0.0
  0
LINE
  5
79E
100
AcDbEntity
  8
0
100
AcDbLine
 62
7
  6
BYLAYER
 10
42.3360805949
 20
78.3394156927
 11
42.3555518667
 21
78.2768550498
  0
LINE
  5
79F
100
AcDbEntity
  8
0
100
AcDbLine
 62
7
  6
BYLAYER
 10
42.3555518667
 20
71.5981449505
 11
42.3360805949
 21
71.5355843076
  0
LINE
  5
7A0
100
AcDbEntity
  8
0
100
AcDbLine
 62
7
  6
BYLAYER
 10
42.0059856453
 20
75.2973121239
 11
41.8803281722
 21
75.3038045674
  0
SPLINE
  5
7A1
100
AcDbEntity
  8
0
100
AcDbSpline
 62
7
  6
BYLAYER
 70
0
 71
3
 72
9
 73
5
 74
0
 42
0.0000001
 43
0.0000001
 44
0.0000000001
 40
0.0
 40
0.0
 40
0.0
 40
0.0
 40
0.4916623946
 40
1.0
 40
1.0
 40
1.0
 40
1.0
 10
43.2303493672
 20
76.0542263602
 30
0.0
 10
43.271757399
 20
75.9592635708
 30
0.0
 10
43.356466797
 20
75.7663305351
 30
0.0
 10
43.4432259852
 20
75.5742991455
 30
0.0
 10
43.4883436672
 20
75.477153342
 30
0.0
  0
SPLINE
  5
7A2
100
AcDbEntity
  8
0
100
AcDbSpline
 62
7
  6
BYLAYER
 70
0
 71
3
 72
9
 73
5
 74
0
 42
0.0000001
 43
0.0000001
 44
0.0000000001
 40
0.0
 40
0.0
 40
0.0
 40
0.0
 40
0.5083375839
 40
1.0
 40
1.0
 40
1.0
 40
1.0
 10
42.4466637344
 20
75.477153342
 30
0.0
 10
42.4917815815
 20
75.5742995008
 30
0.0
 10
42.5785410764
 20
75.7663316075
 30
0.0
 10
42.6632508004
 20
75.9592653516
 30
0.0
 10
42.7046589863
 20
76.054228497
 30
0.0
  0
LINE
  5
7A3
100
AcDbEntity
  8
0
100
AcDbLine
 62
7
  6
BYLAYER
 10
42.7132439745
 20
76.6201047205
 11
42.7216854533
 21
76.1144902386
  0
SPLINE
  5
7A4
100
AcDbEntity
  8
0
100
AcDbSpline
 62
7
  6
BYLAYER
 70
0
 71
3
 72
9
 73
5
 74
0
 42
0.0000001
 43
0.0000001
 44
0.0000000001
 40
0.0
 40
0.0
 40
0.0
 40
0.0
 40
0.255441138
 40
1.0
 40
1.0
 40
1.0
 40
1.0
 10
42.4466637344
 20
75.477153342
 30
0.0
 10
42.4093248651
 20
75.4613968891
 30
0.0
 10
42.2629046953
 20
75.4002961689
 30
0.0
 10
42.1157339938
 20
75.341011953
 30
0.0
 10
42.0059856458
 20
75.2973121217
 30
0.0
  0
SPLINE
  5
7A5
100
AcDbEntity
  8
0
100
AcDbSpline
 62
7
  6
BYLAYER
 70
0
 71
3
 72
13
 73
9
 74
0
 42
0.0000001
 43
0.0000001
 44
0.0000000001
 40
0.0
 40
0.0
 40
0.0
 40
0.0
 40
0.3044299356
 40
0.5867073931
 40
0.7127318465
 40
0.825150717
 40
0.9216147129
 40
1.0
 40
1.0
 40
1.0
 40
1.0
 10
45.5707718152
 20
74.3388857934
 30
0.0
 10
45.5152621242
 20
74.3388699699
 30
0.0
 10
45.4082773479
 20
74.3402433749
 30
0.0
 10
45.2784006054
 20
74.3455459761
 30
0.0
 10
45.183674542
 20
74.3521197357
 30
0.0
 10
45.1228592227
 20
74.3577470356
 30
0.0
 10
45.070863829
 20
74.3641408631
 30
0.0
 10
45.039388885
 20
74.3693481166
 30
0.0
 10
45.0253885613
 20
74.3722245474
 30
0.0
  0
SPLINE
  5
7A6
100
AcDbEntity
  8
0
100
AcDbSpline
 62
7
  6
BYLAYER
 70
0
 71
3
 72
13
 73
9
 74
0
 42
0.0000001
 43
0.0000001
 44
0.0000000001
 40
0.0
 40
0.0
 40
0.0
 40
0.0
 40
0.0783919834
 40
0.17487917
 40
0.2873152247
 40
0.4133426908
 40
0.6955944219
 40
1.0
 40
1.0
 40
1.0
 40
1.0
 10
45.0253577986
 20
75.5034247186
 30
0.0
 10
45.0393578379
 20
75.5063094631
 30
0.0
 10
45.0708361107
 20
75.5115327809
 30
0.0
 10
45.1228375088
 20
75.5179530506
 30
0.0
 10
45.1836586751
 20
75.5236111753
 30
0.0
 10
45.2783814499
 20
75.5302339593
 30
0.0
 10
45.4082482805
 20
75.5356087629
 30
0.0
 10
45.5152245411
 20
75.5370339924
 30
0.0
 10
45.5707304743
 20
75.5370498148
 30
0.0
  0
SPLINE
  5
7A7
100
AcDbEntity
  8
0
100
AcDbSpline
 62
7
  6
BYLAYER
 70
0
 71
3
 72
10
 73
6
 74
0
 42
0.0000001
 43
0.0000001
 44
0.0000000001
 40
0.0
 40
0.0
 40
0.0
 40
0.0
 40
0.2504396277
 40
0.6255346804
 40
1.0
 40
1.0
 40
1.0
 40
1.0
 10
44.0547038242
 20
74.5712688782
 30
0.0
 10
44.1357488093
 20
74.5547129722
 30
0.0
 10
44.3381622411
 20
74.5132803348
 30
0.0
 10
44.661732486
 20
74.4469743519
 30
0.0
 10
44.9042354844
 20
74.3971159934
 30
0.0
 10
45.0253885613
 20
74.3722245474
 30
0.0
  0
LINE
  5
7A8
100
AcDbEntity
  8
0
100
AcDbLine
 62
7
  6
BYLAYER
 10
43.9290258245
 20
74.5776894962
 11
44.0547038242
 21
74.5712688782
  0
LINE
  5
7A9
100
AcDbEntity
  8
0
100
AcDbLine
 62
7
  6
BYLAYER
 10
43.2133240684
 20
76.1145091062
 11
43.2217645245
 21
76.6200735801
  0
SPLINE
  5
7AA
100
AcDbEntity
  8
0
100
AcDbSpline
 62
7
  6
BYLAYER
 70
0
 71
3
 72
9
 73
5
 74
0
 42
0.0000001
 43
0.0000001
 44
0.0000000001
 40
0.0
 40
0.0
 40
0.0
 40
0.0
 40
0.4916623946
 40
1.0
 40
1.0
 40
1.0
 40
1.0
 10
42.7046580344
 20
73.8207736401
 30
0.0
 10
42.6632500026
 20
73.9157364296
 30
0.0
 10
42.5785406046
 20
74.1086694652
 30
0.0
 10
42.4917814164
 20
74.3007008549
 30
0.0
 10
42.4466637344
 20
74.3978466583
 30
0.0
  0
SPLINE
  5
7AB
100
AcDbEntity
  8
0
100
AcDbSpline
 62
7
  6
BYLAYER
 70
0
 71
3
 72
9
 73
5
 74
0
 42
0.0000001
 43
0.0000001
 44
0.0000000001
 40
0.0
 40
0.0
 40
0.0
 40
0.0
 40
0.5083375839
 40
1.0
 40
1.0
 40
1.0
 40
1.0
 10
43.4883436672
 20
74.3978466583
 30
0.0
 10
43.4432258202
 20
74.3007004995
 30
0.0
 10
43.3564663252
 20
74.1086683928
 30
0.0
 10
43.2717566013
 20
73.9157346487
 30
0.0
 10
43.2303484154
 20
73.8207715034
 30
0.0
  0
LINE
  5
7AC
100
AcDbEntity
  8
0
100
AcDbLine
 62
7
  6
BYLAYER
 10
42.7216833333
 20
73.7604908945
 11
42.7132428771
 21
73.2549264209
  0
LINE
  5
7AD
100
AcDbEntity
  8
0
100
AcDbLine
 62
7
  6
BYLAYER
 10
44.0546885331
 20
75.3038049515
 11
43.9290217323
 21
75.2973119727
  0
SPLINE
  5
7AE
100
AcDbEntity
  8
0
100
AcDbSpline
 62
7
  6
BYLAYER
 70
0
 71
3
 72
9
 73
5
 74
0
 42
0.0000001
 43
0.0000001
 44
0.0000000001
 40
0.0
 40
0.0
 40
0.0
 40
0.0
 40
0.2496674244
 40
1.0
 40
1.0
 40
1.0
 40
1.0
 10
45.0253577986
 20
75.5034247186
 30
0.0
 10
44.9445826938
 20
75.4867807999
 30
0.0
 10
44.6210497244
 20
75.4201269611
 30
0.0
 10
44.2974999795
 20
75.3535541195
 30
0.0
 10
44.0546885331
 20
75.3038049515
 30
0.0
  0
SPLINE
  5
7AF
100
AcDbEntity
  8
0
100
AcDbSpline
 62
7
  6
BYLAYER
 70
0
 71
3
 72
9
 73
5
 74
0
 42
0.0000001
 43
0.0000001
 44
0.0000000001
 40
0.0
 40
0.0
 40
0.0
 40
0.0
 40
0.2450603266
 40
1.0
 40
1.0
 40
1.0
 40
1.0
 10
43.9290217678
 20
75.297312084
 30
0.0
 10
43.8928998758
 20
75.311695175
 30
0.0
 10
43.7455855475
 20
75.3705996735
 30
0.0
 10
43.5986958921
 20
75.4305863283
 30
0.0
 10
43.4883436672
 20
75.477153342
 30
0.0
  0
LINE
  5
7B0
100
AcDbEntity
  8
0
100
AcDbLine
 62
7
  6
BYLAYER
 10
43.221763427
 20
73.2548952795
 11
43.2133219483
 21
73.7605097616
  0
SPLINE
  5
7B1
100
AcDbEntity
  8
0
100
AcDbSpline
 62
7
  6
BYLAYER
 70
0
 71
3
 72
9
 73
5
 74
0
 42
0.0000001
 43
0.0000001
 44
0.0000000001
 40
0.0
 40
0.0
 40
0.0
 40
0.0
 40
0.2554411797
 40
1.0
 40
1.0
 40
1.0
 40
1.0
 10
43.4883436672
 20
74.3978466583
 30
0.0
 10
43.5256828861
 20
74.4136032587
 30
0.0
 10
43.6721044052
 20
74.4747045355
 30
0.0
 10
43.8192764676
 20
74.5339892793
 30
0.0
 10
43.9290258238
 20
74.5776894984
 30
0.0
  0
LINE
  5
7B2
100
AcDbEntity
  8
0
100
AcDbLine
 62
7
  6
BYLAYER
 10
41.8803188685
 20
74.5711950489
 11
42.0059856693
 21
74.5776880276
  0
SPLINE
  5
7B3
100
AcDbEntity
  8
0
100
AcDbSpline
 62
7
  6
BYLAYER
 70
0
 71
3
 72
9
 73
5
 74
0
 42
0.0000001
 43
0.0000001
 44
0.0000000001
 40
0.0
 40
0.0
 40
0.0
 40
0.0
 40
0.2450603266
 40
1.0
 40
1.0
 40
1.0
 40
1.0
 10
42.0059856338
 20
74.5776879163
 30
0.0
 10
42.0421075258
 20
74.5633048254
 30
0.0
 10
42.1894218541
 20
74.5044003268
 30
0.0
 10
42.3363115095
 20
74.444413672
 30
0.0
 10
42.4466637344
 20
74.3978466583
 30
0.0
  0
SPLINE
  5
7B4
100
AcDbEntity
  8
0
100
AcDbSpline
 62
7
  6
BYLAYER
 70
0
 71
3
 72
9
 73
5
 74
0
 42
0.0000001
 43
0.0000001
 44
0.0000000001
 40
0.0
 40
0.0
 40
0.0
 40
0.0
 40
0.2496674244
 40
1.0
 40
1.0
 40
1.0
 40
1.0
 10
40.9096496031
 20
74.3715752817
 30
0.0
 10
40.9904247078
 20
74.3882192004
 30
0.0
 10
41.3139576772
 20
74.4548730393
 30
0.0
 10
41.6375074221
 20
74.5214458808
 30
0.0
 10
41.8803188685
 20
74.5711950489
 30
0.0
  0
SPLINE
  5
7B5
100
AcDbEntity
  8
0
100
AcDbSpline
 62
7
  6
BYLAYER
 70
0
 71
3
 72
13
 73
9
 74
0
 42
0.0000001
 43
0.0000001
 44
0.0000000001
 40
0.0
 40
0.0
 40
0.0
 40
0.0
 40
0.3044271915
 40
0.5867097251
 40
0.7127367167
 40
0.8251555356
 40
0.9216179296
 40
1.0
 40
1.0
 40
1.0
 40
1.0
 10
40.3642767154
 20
75.5370498148
 30
0.0
 10
40.4198009656
 20
75.5370339872
 30
0.0
 10
40.5268144932
 20
75.5356077345
 30
0.0
 10
40.6567243652
 20
75.5302291986
 30
0.0
 10
40.7514738552
 20
75.5236014088
 30
0.0
 10
40.8123026927
 20
75.5179386438
 30
0.0
 10
40.8643077107
 20
75.5115139881
 30
0.0
 10
40.8957873839
 20
75.506287668
 30
0.0
 10
40.9097892782
 20
75.503402541
 30
0.0
  0
SPLINE
  5
7B6
100
AcDbEntity
  8
0
100
AcDbSpline
 62
7
  6
BYLAYER
 70
0
 71
3
 72
13
 73
9
 74
0
 42
0.0000001
 43
0.0000001
 44
0.0000000001
 40
0.0
 40
0.0
 40
0.0
 40
0.0
 40
0.0783919834
 40
0.17487917
 40
0.2873152248
 40
0.4133426908
 40
0.6955944219
 40
1.0
 40
1.0
 40
1.0
 40
1.0
 10
40.9096496031
 20
74.3715752817
 30
0.0
 10
40.8956495637
 20
74.3686905372
 30
0.0
 10
40.8641712909
 20
74.3634672194
 30
0.0
 10
40.8121698928
 20
74.3570469497
 30
0.0
 10
40.7513487265
 20
74.3513888251
 30
0.0
 10
40.6566259517
 20
74.344766041
 30
0.0
 10
40.5267591211
 20
74.3393912374
 30
0.0
 10
40.4197828605
 20
74.337966008
 30
0.0
 10
40.3642769273
 20
74.3379501855
 30
0.0
  0
SPLINE
  5
7B7
100
AcDbEntity
  8
0
100
AcDbSpline
 62
7
  6
BYLAYER
 70
0
 71
3
 72
10
 73
6
 74
0
 42
0.0000001
 43
0.0000001
 44
0.0000000001
 40
0.0
 40
0.0
 40
0.0
 40
0.0
 40
0.2504359388
 40
0.6255301982
 40
1.0
 40
1.0
 40
1.0
 40
1.0
 10
41.8803281722
 20
75.3038045674
 30
0.0
 10
41.7992966249
 20
75.3204069618
 30
0.0
 10
41.5969151334
 20
75.3619553376
 30
0.0
 10
41.2733935522
 20
75.4284462288
 30
0.0
 10
41.0309256538
 20
75.4784420835
 30
0.0
 10
40.9097892782
 20
75.503402541
 30
0.0
  0
SPLINE
  5
7B8
100
AcDbEntity
  8
0
100
AcDbSpline
 62
7
  6
BYLAYER
 70
0
 71
3
 72
19
 73
15
 74
0
 42
0.0000001
 43
0.0000001
 44
0.0000000001
 40
0.0
 40
0.0
 40
0.0
 40
0.0
 40
0.1839076935
 40
0.3619547731
 40
0.5279945593
 40
0.6764665013
 40
0.8019639035
 40
0.8546384493
 40
0.8999199718
 40
0.9374112942
 40
0.966735378
 40
0.9876385929
 40
0.9948901117
 40
1.0
 40
1.0
 40
1.0
 40
1.0
 10
29.1675036963
 20
72.1034496834
 30
0.0
 10
29.1675036963
 20
72.07245104
 30
0.0
 10
29.1673622584
 20
72.0114414879
 30
0.0
 10
29.1667289598
 20
71.9224470345
 30
0.0
 10
29.1656931333
 20
71.8394295254
 30
0.0
 10
29.1642916142
 20
71.7652762976
 30
0.0
 10
29.1627942553
 20
71.7102379533
 30
0.0
 10
29.1613931024
 20
71.6725992319
 30
0.0
 10
29.160346269
 20
71.6497928394
 30
0.0
 10
29.1592630454
 20
71.6309277875
 30
0.0
 10
29.1581428552
 20
71.6161860133
 30
0.0
 10
29.1571452587
 20
71.6065424283
 30
0.0
 10
29.156257748
 20
71.6010067479
 30
0.0
 10
29.1558077914
 20
71.5989673491
 30
0.0
 10
29.1555518667
 20
71.5981449505
 30
0.0
  0
SPLINE
  5
7B9
100
AcDbEntity
  8
0
100
AcDbSpline
 62
7
  6
BYLAYER
 70
0
 71
3
 72
19
 73
15
 74
0
 42
0.0000001
 43
0.0000001
 44
0.0000000001
 40
0.0
 40
0.0
 40
0.0
 40
0.0
 40
0.0051103621
 40
0.0123630138
 40
0.0332686615
 40
0.0625928567
 40
0.1000843154
 40
0.1453662487
 40
0.1980411483
 40
0.3235390936
 40
0.4720072554
 40
0.6380427578
 40
0.8160901033
 40
1.0
 40
1.0
 40
1.0
 40
1.0
 10
29.1555518667
 20
78.2768550498
 30
0.0
 10
29.1558078152
 20
78.276032575
 30
0.0
 10
29.1562577686
 20
78.2739928953
 30
0.0
 10
29.1571452895
 20
78.2684565303
 30
0.0
 10
29.158142916
 20
78.2588123263
 30
0.0
 10
29.1592632695
 20
78.2440701117
 30
0.0
 10
29.1603464293
 20
78.2252049442
 30
0.0
 10
29.1613931956
 20
78.2023983977
 30
0.0
 10
29.1627943077
 20
78.164759455
 30
0.0
 10
29.164291673
 20
78.1097215985
 30
0.0
 10
29.1656931483
 20
78.0355696392
 30
0.0
 10
29.1667289549
 20
77.9525534463
 30
0.0
 10
29.1673622474
 20
77.8635593006
 30
0.0
 10
29.1675036963
 20
77.8025493337
 30
0.0
 10
29.1675036963
 20
77.7715503196
 30
0.0
  0
LINE
  5
7BA
100
AcDbEntity
  8
0
100
AcDbLine
 62
7
  6
BYLAYER
 10
29.1360805949
 20
78.3394156927
 11
29.1555518667
 21
78.2768550498
  0
LINE
  5
7BB
100
AcDbEntity
  8
0
100
AcDbLine
 62
7
  6
BYLAYER
 10
29.1555518667
 20
71.5981449505
 11
29.1360805949
 21
71.5355843076
  0
LINE
  5
7BC
100
AcDbEntity
  8
0
100
AcDbLine
 62
7
  6
BYLAYER
 10
28.8059856453
 20
75.2973121239
 11
28.6803281722
 21
75.3038045674
  0
SPLINE
  5
7BD
100
AcDbEntity
  8
0
100
AcDbSpline
 62
7
  6
BYLAYER
 70
0
 71
3
 72
9
 73
5
 74
0
 42
0.0000001
 43
0.0000001
 44
0.0000000001
 40
0.0
 40
0.0
 40
0.0
 40
0.0
 40
0.4916623946
 40
1.0
 40
1.0
 40
1.0
 40
1.0
 10
30.0303493672
 20
76.0542263602
 30
0.0
 10
30.071757399
 20
75.9592635708
 30
0.0
 10
30.156466797
 20
75.7663305351
 30
0.0
 10
30.2432259852
 20
75.5742991455
 30
0.0
 10
30.2883436672
 20
75.477153342
 30
0.0
  0
SPLINE
  5
7BE
100
AcDbEntity
  8
0
100
AcDbSpline
 62
7
  6
BYLAYER
 70
0
 71
3
 72
9
 73
5
 74
0
 42
0.0000001
 43
0.0000001
 44
0.0000000001
 40
0.0
 40
0.0
 40
0.0
 40
0.0
 40
0.5083375839
 40
1.0
 40
1.0
 40
1.0
 40
1.0
 10
29.2466637344
 20
75.477153342
 30
0.0
 10
29.2917815815
 20
75.5742995008
 30
0.0
 10
29.3785410764
 20
75.7663316075
 30
0.0
 10
29.4632508004
 20
75.9592653516
 30
0.0
 10
29.5046589863
 20
76.054228497
 30
0.0
  0
LINE
  5
7BF
100
AcDbEntity
  8
0
100
AcDbLine
 62
7
  6
BYLAYER
 10
29.5132439745
 20
76.6201047205
 11
29.5216854533
 21
76.1144902386
  0
SPLINE
  5
7C0
100
AcDbEntity
  8
0
100
AcDbSpline
 62
7
  6
BYLAYER
 70
0
 71
3
 72
9
 73
5
 74
0
 42
0.0000001
 43
0.0000001
 44
0.0000000001
 40
0.0
 40
0.0
 40
0.0
 40
0.0
 40
0.255441138
 40
1.0
 40
1.0
 40
1.0
 40
1.0
 10
29.2466637344
 20
75.477153342
 30
0.0
 10
29.2093248651
 20
75.4613968891
 30
0.0
 10
29.0629046953
 20
75.4002961689
 30
0.0
 10
28.9157339938
 20
75.341011953
 30
0.0
 10
28.8059856458
 20
75.2973121217
 30
0.0
  0
SPLINE
  5
7C1
100
AcDbEntity
  8
0
100
AcDbSpline
 62
7
  6
BYLAYER
 70
0
 71
3
 72
13
 73
9
 74
0
 42
0.0000001
 43
0.0000001
 44
0.0000000001
 40
0.0
 40
0.0
 40
0.0
 40
0.0
 40
0.3044299356
 40
0.5867073931
 40
0.7127318465
 40
0.825150717
 40
0.9216147129
 40
1.0
 40
1.0
 40
1.0
 40
1.0
 10
32.3707718152
 20
74.3388857934
 30
0.0
 10
32.3152621242
 20
74.3388699699
 30
0.0
 10
32.2082773479
 20
74.3402433749
 30
0.0
 10
32.0784006054
 20
74.3455459761
 30
0.0
 10
31.983674542
 20
74.3521197357
 30
0.0
 10
31.9228592227
 20
74.3577470356
 30
0.0
 10
31.870863829
 20
74.3641408631
 30
0.0
 10
31.839388885
 20
74.3693481166
 30
0.0
 10
31.8253885613
 20
74.3722245474
 30
0.0
  0
SPLINE
  5
7C2
100
AcDbEntity
  8
0
100
AcDbSpline
 62
7
  6
BYLAYER
 70
0
 71
3
 72
13
 73
9
 74
0
 42
0.0000001
 43
0.0000001
 44
0.0000000001
 40
0.0
 40
0.0
 40
0.0
 40
0.0
 40
0.0783919834
 40
0.17487917
 40
0.2873152247
 40
0.4133426908
 40
0.6955944219
 40
1.0
 40
1.0
 40
1.0
 40
1.0
 10
31.8253577986
 20
75.5034247186
 30
0.0
 10
31.8393578379
 20
75.5063094631
 30
0.0
 10
31.8708361107
 20
75.5115327809
 30
0.0
 10
31.9228375088
 20
75.5179530506
 30
0.0
 10
31.9836586751
 20
75.5236111753
 30
0.0
 10
32.0783814499
 20
75.5302339593
 30
0.0
 10
32.2082482805
 20
75.5356087629
 30
0.0
 10
32.3152245411
 20
75.5370339924
 30
0.0
 10
32.3707304743
 20
75.5370498148
 30
0.0
  0
SPLINE
  5
7C3
100
AcDbEntity
  8
0
100
AcDbSpline
 62
7
  6
BYLAYER
 70
0
 71
3
 72
10
 73
6
 74
0
 42
0.0000001
 43
0.0000001
 44
0.0000000001
 40
0.0
 40
0.0
 40
0.0
 40
0.0
 40
0.2504396277
 40
0.6255346804
 40
1.0
 40
1.0
 40
1.0
 40
1.0
 10
30.8547038242
 20
74.5712688782
 30
0.0
 10
30.9357488093
 20
74.5547129722
 30
0.0
 10
31.1381622411
 20
74.5132803348
 30
0.0
 10
31.461732486
 20
74.4469743519
 30
0.0
 10
31.7042354844
 20
74.3971159934
 30
0.0
 10
31.8253885613
 20
74.3722245474
 30
0.0
  0
LINE
  5
7C4
100
AcDbEntity
  8
0
100
AcDbLine
 62
7
  6
BYLAYER
 10
30.7290258245
 20
74.5776894962
 11
30.8547038242
 21
74.5712688782
  0
LINE
  5
7C5
100
AcDbEntity
  8
0
100
AcDbLine
 62
7
  6
BYLAYER
 10
30.0133240684
 20
76.1145091062
 11
30.0217645245
 21
76.6200735801
  0
SPLINE
  5
7C6
100
AcDbEntity
  8
0
100
AcDbSpline
 62
7
  6
BYLAYER
 70
0
 71
3
 72
9
 73
5
 74
0
 42
0.0000001
 43
0.0000001
 44
0.0000000001
 40
0.0
 40
0.0
 40
0.0
 40
0.0
 40
0.4916623946
 40
1.0
 40
1.0
 40
1.0
 40
1.0
 10
29.5046580344
 20
73.8207736401
 30
0.0
 10
29.4632500026
 20
73.9157364296
 30
0.0
 10
29.3785406046
 20
74.1086694652
 30
0.0
 10
29.2917814164
 20
74.3007008549
 30
0.0
 10
29.2466637344
 20
74.3978466583
 30
0.0
  0
SPLINE
  5
7C7
100
AcDbEntity
  8
0
100
AcDbSpline
 62
7
  6
BYLAYER
 70
0
 71
3
 72
9
 73
5
 74
0
 42
0.0000001
 43
0.0000001
 44
0.0000000001
 40
0.0
 40
0.0
 40
0.0
 40
0.0
 40
0.5083375839
 40
1.0
 40
1.0
 40
1.0
 40
1.0
 10
30.2883436672
 20
74.3978466583
 30
0.0
 10
30.2432258202
 20
74.3007004995
 30
0.0
 10
30.1564663252
 20
74.1086683928
 30
0.0
 10
30.0717566013
 20
73.9157346487
 30
0.0
 10
30.0303484154
 20
73.8207715034
 30
0.0
  0
LINE
  5
7C8
100
AcDbEntity
  8
0
100
AcDbLine
 62
7
  6
BYLAYER
 10
29.5216833333
 20
73.7604908945
 11
29.5132428771
 21
73.2549264209
  0
LINE
  5
7C9
100
AcDbEntity
  8
0
100
AcDbLine
 62
7
  6
BYLAYER
 10
30.8546885331
 20
75.3038049515
 11
30.7290217323
 21
75.2973119727
  0
SPLINE
  5
7CA
100
AcDbEntity
  8
0
100
AcDbSpline
 62
7
  6
BYLAYER
 70
0
 71
3
 72
9
 73
5
 74
0
 42
0.0000001
 43
0.0000001
 44
0.0000000001
 40
0.0
 40
0.0
 40
0.0
 40
0.0
 40
0.2496674244
 40
1.0
 40
1.0
 40
1.0
 40
1.0
 10
31.8253577986
 20
75.5034247186
 30
0.0
 10
31.7445826938
 20
75.4867807999
 30
0.0
 10
31.4210497244
 20
75.4201269611
 30
0.0
 10
31.0974999795
 20
75.3535541195
 30
0.0
 10
30.8546885331
 20
75.3038049515
 30
0.0
  0
SPLINE
  5
7CB
100
AcDbEntity
  8
0
100
AcDbSpline
 62
7
  6
BYLAYER
 70
0
 71
3
 72
9
 73
5
 74
0
 42
0.0000001
 43
0.0000001
 44
0.0000000001
 40
0.0
 40
0.0
 40
0.0
 40
0.0
 40
0.2450603266
 40
1.0
 40
1.0
 40
1.0
 40
1.0
 10
30.7290217678
 20
75.297312084
 30
0.0
 10
30.6928998758
 20
75.311695175
 30
0.0
 10
30.5455855475
 20
75.3705996735
 30
0.0
 10
30.3986958921
 20
75.4305863283
 30
0.0
 10
30.2883436672
 20
75.477153342
 30
0.0
  0
LINE
  5
7CC
100
AcDbEntity
  8
0
100
AcDbLine
 62
7
  6
BYLAYER
 10
30.021763427
 20
73.2548952795
 11
30.0133219483
 21
73.7605097616
  0
SPLINE
  5
7CD
100
AcDbEntity
  8
0
100
AcDbSpline
 62
7
  6
BYLAYER
 70
0
 71
3
 72
9
 73
5
 74
0
 42
0.0000001
 43
0.0000001
 44
0.0000000001
 40
0.0
 40
0.0
 40
0.0
 40
0.0
 40
0.2554411797
 40
1.0
 40
1.0
 40
1.0
 40
1.0
 10
30.2883436672
 20
74.3978466583
 30
0.0
 10
30.3256828861
 20
74.4136032587
 30
0.0
 10
30.4721044052
 20
74.4747045355
 30
0.0
 10
30.6192764676
 20
74.5339892793
 30
0.0
 10
30.7290258238
 20
74.5776894984
 30
0.0
  0
LINE
  5
7CE
100
AcDbEntity
  8
0
100
AcDbLine
 62
7
  6
BYLAYER
 10
28.6803188685
 20
74.5711950489
 11
28.8059856693
 21
74.5776880276
  0
SPLINE
  5
7CF
100
AcDbEntity
  8
0
100
AcDbSpline
 62
7
  6
BYLAYER
 70
0
 71
3
 72
9
 73
5
 74
0
 42
0.0000001
 43
0.0000001
 44
0.0000000001
 40
0.0
 40
0.0
 40
0.0
 40
0.0
 40
0.2450603266
 40
1.0
 40
1.0
 40
1.0
 40
1.0
 10
28.8059856338
 20
74.5776879163
 30
0.0
 10
28.8421075258
 20
74.5633048254
 30
0.0
 10
28.9894218541
 20
74.5044003268
 30
0.0
 10
29.1363115095
 20
74.444413672
 30
0.0
 10
29.2466637344
 20
74.3978466583
 30
0.0
  0
SPLINE
  5
7D0
100
AcDbEntity
  8
0
100
AcDbSpline
 62
7
  6
BYLAYER
 70
0
 71
3
 72
9
 73
5
 74
0
 42
0.0000001
 43
0.0000001
 44
0.0000000001
 40
0.0
 40
0.0
 40
0.0
 40
0.0
 40
0.2496674244
 40
1.0
 40
1.0
 40
1.0
 40
1.0
 10
27.7096496031
 20
74.3715752817
 30
0.0
 10
27.7904247078
 20
74.3882192004
 30
0.0
 10
28.1139576772
 20
74.4548730393
 30
0.0
 10
28.4375074221
 20
74.5214458808
 30
0.0
 10
28.6803188685
 20
74.5711950489
 30
0.0
  0
SPLINE
  5
7D1
100
AcDbEntity
  8
0
100
AcDbSpline
 62
7
  6
BYLAYER
 70
0
 71
3
 72
13
 73
9
 74
0
 42
0.0000001
 43
0.0000001
 44
0.0000000001
 40
0.0
 40
0.0
 40
0.0
 40
0.0
 40
0.3044271915
 40
0.5867097251
 40
0.7127367167
 40
0.8251555356
 40
0.9216179296
 40
1.0
 40
1.0
 40
1.0
 40
1.0
 10
27.1642767154
 20
75.5370498148
 30
0.0
 10
27.2198009656
 20
75.5370339872
 30
0.0
 10
27.3268144932
 20
75.5356077345
 30
0.0
 10
27.4567243652
 20
75.5302291986
 30
0.0
 10
27.5514738552
 20
75.5236014088
 30
0.0
 10
27.6123026927
 20
75.5179386438
 30
0.0
 10
27.6643077107
 20
75.5115139881
 30
0.0
 10
27.6957873839
 20
75.506287668
 30
0.0
 10
27.7097892782
 20
75.503402541
 30
0.0
  0
SPLINE
  5
7D2
100
AcDbEntity
  8
0
100
AcDbSpline
 62
7
  6
BYLAYER
 70
0
 71
3
 72
13
 73
9
 74
0
 42
0.0000001
 43
0.0000001
 44
0.0000000001
 40
0.0
 40
0.0
 40
0.0
 40
0.0
 40
0.0783919834
 40
0.17487917
 40
0.2873152248
 40
0.4133426908
 40
0.6955944219
 40
1.0
 40
1.0
 40
1.0
 40
1.0
 10
27.7096496031
 20
74.3715752817
 30
0.0
 10
27.6956495637
 20
74.3686905372
 30
0.0
 10
27.6641712909
 20
74.3634672194
 30
0.0
 10
27.6121698928
 20
74.3570469497
 30
0.0
 10
27.5513487265
 20
74.3513888251
 30
0.0
 10
27.4566259517
 20
74.344766041
 30
0.0
 10
27.3267591211
 20
74.3393912374
 30
0.0
 10
27.2197828605
 20
74.337966008
 30
0.0
 10
27.1642769273
 20
74.3379501855
 30
0.0
  0
SPLINE
  5
7D3
100
AcDbEntity
  8
0
100
AcDbSpline
 62
7
  6
BYLAYER
 70
0
 71
3
 72
10
 73
6
 74
0
 42
0.0000001
 43
0.0000001
 44
0.0000000001
 40
0.0
 40
0.0
 40
0.0
 40
0.0
 40
0.2504359388
 40
0.6255301982
 40
1.0
 40
1.0
 40
1.0
 40
1.0
 10
28.6803281722
 20
75.3038045674
 30
0.0
 10
28.5992966249
 20
75.3204069618
 30
0.0
 10
28.3969151334
 20
75.3619553376
 30
0.0
 10
28.0733935522
 20
75.4284462288
 30
0.0
 10
27.8309256538
 20
75.4784420835
 30
0.0
 10
27.7097892782
 20
75.503402541
 30
0.0
  0
SPLINE
  5
7D4
100
AcDbEntity
  8
0
100
AcDbSpline
 62
7
  6
BYLAYER
 70
0
 71
3
 72
19
 73
15
 74
0
 42
0.0000001
 43
0.0000001
 44
0.0000000001
 40
0.0
 40
0.0
 40
0.0
 40
0.0
 40
0.1839076935
 40
0.3619547731
 40
0.5279945593
 40
0.6764665013
 40
0.8019639035
 40
0.8546384493
 40
0.8999199718
 40
0.9374112942
 40
0.966735378
 40
0.9876385929
 40
0.9948901117
 40
1.0
 40
1.0
 40
1.0
 40
1.0
 10
15.9675036963
 20
72.1034496834
 30
0.0
 10
15.9675036963
 20
72.07245104
 30
0.0
 10
15.9673622584
 20
72.0114414879
 30
0.0
 10
15.9667289598
 20
71.9224470345
 30
0.0
 10
15.9656931333
 20
71.8394295254
 30
0.0
 10
15.9642916142
 20
71.7652762976
 30
0.0
 10
15.9627942553
 20
71.7102379533
 30
0.0
 10
15.9613931024
 20
71.6725992319
 30
0.0
 10
15.960346269
 20
71.6497928394
 30
0.0
 10
15.9592630454
 20
71.6309277875
 30
0.0
 10
15.9581428552
 20
71.6161860133
 30
0.0
 10
15.9571452587
 20
71.6065424283
 30
0.0
 10
15.956257748
 20
71.6010067479
 30
0.0
 10
15.9558077914
 20
71.5989673491
 30
0.0
 10
15.9555518667
 20
71.5981449505
 30
0.0
  0
SPLINE
  5
7D5
100
AcDbEntity
  8
0
100
AcDbSpline
 62
7
  6
BYLAYER
 70
0
 71
3
 72
19
 73
15
 74
0
 42
0.0000001
 43
0.0000001
 44
0.0000000001
 40
0.0
 40
0.0
 40
0.0
 40
0.0
 40
0.0051103621
 40
0.0123630138
 40
0.0332686615
 40
0.0625928567
 40
0.1000843154
 40
0.1453662487
 40
0.1980411483
 40
0.3235390936
 40
0.4720072554
 40
0.6380427578
 40
0.8160901033
 40
1.0
 40
1.0
 40
1.0
 40
1.0
 10
15.9555518667
 20
78.2768550498
 30
0.0
 10
15.9558078152
 20
78.276032575
 30
0.0
 10
15.9562577686
 20
78.2739928953
 30
0.0
 10
15.9571452895
 20
78.2684565303
 30
0.0
 10
15.958142916
 20
78.2588123263
 30
0.0
 10
15.9592632695
 20
78.2440701117
 30
0.0
 10
15.9603464293
 20
78.2252049442
 30
0.0
 10
15.9613931956
 20
78.2023983977
 30
0.0
 10
15.9627943077
 20
78.164759455
 30
0.0
 10
15.964291673
 20
78.1097215985
 30
0.0
 10
15.9656931483
 20
78.0355696392
 30
0.0
 10
15.9667289549
 20
77.9525534463
 30
0.0
 10
15.9673622474
 20
77.8635593006
 30
0.0
 10
15.9675036963
 20
77.8025493337
 30
0.0
 10
15.9675036963
 20
77.7715503196
 30
0.0
  0
LINE
  5
7D6
100
AcDbEntity
  8
0
100
AcDbLine
 62
7
  6
BYLAYER
 10
15.9360805949
 20
78.3394156927
 11
15.9555518667
 21
78.2768550498
  0
LINE
  5
7D7
100
AcDbEntity
  8
0
100
AcDbLine
 62
7
  6
BYLAYER
 10
15.9555518667
 20
71.5981449505
 11
15.9360805949
 21
71.5355843076
  0
LINE
  5
7D8
100
AcDbEntity
  8
0
100
AcDbLine
 62
7
  6
BYLAYER
 10
15.6059856453
 20
75.2973121239
 11
15.4803281722
 21
75.3038045674
  0
SPLINE
  5
7D9
100
AcDbEntity
  8
0
100
AcDbSpline
 62
7
  6
BYLAYER
 70
0
 71
3
 72
9
 73
5
 74
0
 42
0.0000001
 43
0.0000001
 44
0.0000000001
 40
0.0
 40
0.0
 40
0.0
 40
0.0
 40
0.4916623946
 40
1.0
 40
1.0
 40
1.0
 40
1.0
 10
16.8303493672
 20
76.0542263602
 30
0.0
 10
16.871757399
 20
75.9592635708
 30
0.0
 10
16.956466797
 20
75.7663305351
 30
0.0
 10
17.0432259852
 20
75.5742991455
 30
0.0
 10
17.0883436672
 20
75.477153342
 30
0.0
  0
SPLINE
  5
7DA
100
AcDbEntity
  8
0
100
AcDbSpline
 62
7
  6
BYLAYER
 70
0
 71
3
 72
9
 73
5
 74
0
 42
0.0000001
 43
0.0000001
 44
0.0000000001
 40
0.0
 40
0.0
 40
0.0
 40
0.0
 40
0.5083375839
 40
1.0
 40
1.0
 40
1.0
 40
1.0
 10
16.0466637344
 20
75.477153342
 30
0.0
 10
16.0917815815
 20
75.5742995008
 30
0.0
 10
16.1785410764
 20
75.7663316075
 30
0.0
 10
16.2632508004
 20
75.9592653516
 30
0.0
 10
16.3046589862
 20
76.054228497
 30
0.0
  0
LINE
  5
7DB
100
AcDbEntity
  8
0
100
AcDbLine
 62
7
  6
BYLAYER
 10
16.3132439745
 20
76.6201047205
 11
16.3216854533
 21
76.1144902386
  0
SPLINE
  5
7DC
100
AcDbEntity
  8
0
100
AcDbSpline
 62
7
  6
BYLAYER
 70
0
 71
3
 72
9
 73
5
 74
0
 42
0.0000001
 43
0.0000001
 44
0.0000000001
 40
0.0
 40
0.0
 40
0.0
 40
0.0
 40
0.255441138
 40
1.0
 40
1.0
 40
1.0
 40
1.0
 10
16.0466637344
 20
75.477153342
 30
0.0
 10
16.0093248651
 20
75.4613968891
 30
0.0
 10
15.8629046953
 20
75.4002961689
 30
0.0
 10
15.7157339938
 20
75.341011953
 30
0.0
 10
15.6059856458
 20
75.2973121217
 30
0.0
  0
SPLINE
  5
7DD
100
AcDbEntity
  8
0
100
AcDbSpline
 62
7
  6
BYLAYER
 70
0
 71
3
 72
13
 73
9
 74
0
 42
0.0000001
 43
0.0000001
 44
0.0000000001
 40
0.0
 40
0.0
 40
0.0
 40
0.0
 40
0.3044299356
 40
0.5867073931
 40
0.7127318465
 40
0.825150717
 40
0.9216147129
 40
1.0
 40
1.0
 40
1.0
 40
1.0
 10
19.1707718152
 20
74.3388857934
 30
0.0
 10
19.1152621242
 20
74.3388699699
 30
0.0
 10
19.0082773479
 20
74.3402433749
 30
0.0
 10
18.8784006054
 20
74.3455459761
 30
0.0
 10
18.783674542
 20
74.3521197357
 30
0.0
 10
18.7228592227
 20
74.3577470356
 30
0.0
 10
18.670863829
 20
74.3641408631
 30
0.0
 10
18.639388885
 20
74.3693481166
 30
0.0
 10
18.6253885613
 20
74.3722245474
 30
0.0
  0
SPLINE
  5
7DE
100
AcDbEntity
  8
0
100
AcDbSpline
 62
7
  6
BYLAYER
 70
0
 71
3
 72
13
 73
9
 74
0
 42
0.0000001
 43
0.0000001
 44
0.0000000001
 40
0.0
 40
0.0
 40
0.0
 40
0.0
 40
0.0783919834
 40
0.17487917
 40
0.2873152247
 40
0.4133426908
 40
0.6955944219
 40
1.0
 40
1.0
 40
1.0
 40
1.0
 10
18.6253577986
 20
75.5034247186
 30
0.0
 10
18.6393578379
 20
75.5063094631
 30
0.0
 10
18.6708361107
 20
75.5115327809
 30
0.0
 10
18.7228375088
 20
75.5179530506
 30
0.0
 10
18.7836586751
 20
75.5236111753
 30
0.0
 10
18.8783814499
 20
75.5302339593
 30
0.0
 10
19.0082482805
 20
75.5356087629
 30
0.0
 10
19.1152245411
 20
75.5370339924
 30
0.0
 10
19.1707304743
 20
75.5370498148
 30
0.0
  0
SPLINE
  5
7DF
100
AcDbEntity
  8
0
100
AcDbSpline
 62
7
  6
BYLAYER
 70
0
 71
3
 72
10
 73
6
 74
0
 42
0.0000001
 43
0.0000001
 44
0.0000000001
 40
0.0
 40
0.0
 40
0.0
 40
0.0
 40
0.2504396277
 40
0.6255346804
 40
1.0
 40
1.0
 40
1.0
 40
1.0
 10
17.6547038242
 20
74.5712688782
 30
0.0
 10
17.7357488093
 20
74.5547129722
 30
0.0
 10
17.9381622411
 20
74.5132803348
 30
0.0
 10
18.261732486
 20
74.4469743519
 30
0.0
 10
18.5042354844
 20
74.3971159934
 30
0.0
 10
18.6253885613
 20
74.3722245474
 30
0.0
  0
LINE
  5
7E0
100
AcDbEntity
  8
0
100
AcDbLine
 62
7
  6
BYLAYER
 10
17.5290258245
 20
74.5776894962
 11
17.6547038242
 21
74.5712688782
  0
LINE
  5
7E1
100
AcDbEntity
  8
0
100
AcDbLine
 62
7
  6
BYLAYER
 10
16.8133240684
 20
76.1145091062
 11
16.8217645245
 21
76.6200735801
  0
SPLINE
  5
7E2
100
AcDbEntity
  8
0
100
AcDbSpline
 62
7
  6
BYLAYER
 70
0
 71
3
 72
9
 73
5
 74
0
 42
0.0000001
 43
0.0000001
 44
0.0000000001
 40
0.0
 40
0.0
 40
0.0
 40
0.0
 40
0.4916623946
 40
1.0
 40
1.0
 40
1.0
 40
1.0
 10
16.3046580344
 20
73.8207736401
 30
0.0
 10
16.2632500026
 20
73.9157364296
 30
0.0
 10
16.1785406046
 20
74.1086694652
 30
0.0
 10
16.0917814164
 20
74.3007008549
 30
0.0
 10
16.0466637344
 20
74.3978466583
 30
0.0
  0
SPLINE
  5
7E3
100
AcDbEntity
  8
0
100
AcDbSpline
 62
7
  6
BYLAYER
 70
0
 71
3
 72
9
 73
5
 74
0
 42
0.0000001
 43
0.0000001
 44
0.0000000001
 40
0.0
 40
0.0
 40
0.0
 40
0.0
 40
0.5083375839
 40
1.0
 40
1.0
 40
1.0
 40
1.0
 10
17.0883436672
 20
74.3978466583
 30
0.0
 10
17.0432258202
 20
74.3007004995
 30
0.0
 10
16.9564663252
 20
74.1086683928
 30
0.0
 10
16.8717566013
 20
73.9157346487
 30
0.0
 10
16.8303484154
 20
73.8207715034
 30
0.0
  0
LINE
  5
7E4
100
AcDbEntity
  8
0
100
AcDbLine
 62
7
  6
BYLAYER
 10
16.3216833333
 20
73.7604908945
 11
16.3132428771
 21
73.2549264209
  0
LINE
  5
7E5
100
AcDbEntity
  8
0
100
AcDbLine
 62
7
  6
BYLAYER
 10
17.6546885331
 20
75.3038049515
 11
17.5290217323
 21
75.2973119727
  0
SPLINE
  5
7E6
100
AcDbEntity
  8
0
100
AcDbSpline
 62
7
  6
BYLAYER
 70
0
 71
3
 72
9
 73
5
 74
0
 42
0.0000001
 43
0.0000001
 44
0.0000000001
 40
0.0
 40
0.0
 40
0.0
 40
0.0
 40
0.2496674244
 40
1.0
 40
1.0
 40
1.0
 40
1.0
 10
18.6253577986
 20
75.5034247186
 30
0.0
 10
18.5445826938
 20
75.4867807999
 30
0.0
 10
18.2210497244
 20
75.4201269611
 30
0.0
 10
17.8974999795
 20
75.3535541195
 30
0.0
 10
17.6546885331
 20
75.3038049515
 30
0.0
  0
SPLINE
  5
7E7
100
AcDbEntity
  8
0
100
AcDbSpline
 62
7
  6
BYLAYER
 70
0
 71
3
 72
9
 73
5
 74
0
 42
0.0000001
 43
0.0000001
 44
0.0000000001
 40
0.0
 40
0.0
 40
0.0
 40
0.0
 40
0.2450603266
 40
1.0
 40
1.0
 40
1.0
 40
1.0
 10
17.5290217678
 20
75.297312084
 30
0.0
 10
17.4928998758
 20
75.311695175
 30
0.0
 10
17.3455855475
 20
75.3705996735
 30
0.0
 10
17.1986958921
 20
75.4305863283
 30
0.0
 10
17.0883436672
 20
75.477153342
 30
0.0
  0
LINE
  5
7E8
100
AcDbEntity
  8
0
100
AcDbLine
 62
7
  6
BYLAYER
 10
16.821763427
 20
73.2548952795
 11
16.8133219483
 21
73.7605097616
  0
SPLINE
  5
7E9
100
AcDbEntity
  8
0
100
AcDbSpline
 62
7
  6
BYLAYER
 70
0
 71
3
 72
9
 73
5
 74
0
 42
0.0000001
 43
0.0000001
 44
0.0000000001
 40
0.0
 40
0.0
 40
0.0
 40
0.0
 40
0.2554411797
 40
1.0
 40
1.0
 40
1.0
 40
1.0
 10
17.0883436672
 20
74.3978466583
 30
0.0
 10
17.1256828861
 20
74.4136032587
 30
0.0
 10
17.2721044052
 20
74.4747045355
 30
0.0
 10
17.4192764676
 20
74.5339892793
 30
0.0
 10
17.5290258238
 20
74.5776894984
 30
0.0
  0
LINE
  5
7EA
100
AcDbEntity
  8
0
100
AcDbLine
 62
7
  6
BYLAYER
 10
15.4803188685
 20
74.5711950489
 11
15.6059856693
 21
74.5776880276
  0
SPLINE
  5
7EB
100
AcDbEntity
  8
0
100
AcDbSpline
 62
7
  6
BYLAYER
 70
0
 71
3
 72
9
 73
5
 74
0
 42
0.0000001
 43
0.0000001
 44
0.0000000001
 40
0.0
 40
0.0
 40
0.0
 40
0.0
 40
0.2450603266
 40
1.0
 40
1.0
 40
1.0
 40
1.0
 10
15.6059856338
 20
74.5776879163
 30
0.0
 10
15.6421075258
 20
74.5633048254
 30
0.0
 10
15.7894218541
 20
74.5044003268
 30
0.0
 10
15.9363115095
 20
74.444413672
 30
0.0
 10
16.0466637344
 20
74.3978466583
 30
0.0
  0
SPLINE
  5
7EC
100
AcDbEntity
  8
0
100
AcDbSpline
 62
7
  6
BYLAYER
 70
0
 71
3
 72
9
 73
5
 74
0
 42
0.0000001
 43
0.0000001
 44
0.0000000001
 40
0.0
 40
0.0
 40
0.0
 40
0.0
 40
0.2496674244
 40
1.0
 40
1.0
 40
1.0
 40
1.0
 10
14.5096496031
 20
74.3715752817
 30
0.0
 10
14.5904247078
 20
74.3882192004
 30
0.0
 10
14.9139576772
 20
74.4548730393
 30
0.0
 10
15.2375074221
 20
74.5214458808
 30
0.0
 10
15.4803188685
 20
74.5711950489
 30
0.0
  0
SPLINE
  5
7ED
100
AcDbEntity
  8
0
100
AcDbSpline
 62
7
  6
BYLAYER
 70
0
 71
3
 72
13
 73
9
 74
0
 42
0.0000001
 43
0.0000001
 44
0.0000000001
 40
0.0
 40
0.0
 40
0.0
 40
0.0
 40
0.3044271915
 40
0.5867097251
 40
0.7127367167
 40
0.8251555356
 40
0.9216179296
 40
1.0
 40
1.0
 40
1.0
 40
1.0
 10
13.9642767154
 20
75.5370498148
 30
0.0
 10
14.0198009656
 20
75.5370339872
 30
0.0
 10
14.1268144932
 20
75.5356077345
 30
0.0
 10
14.2567243652
 20
75.5302291986
 30
0.0
 10
14.3514738552
 20
75.5236014088
 30
0.0
 10
14.4123026927
 20
75.5179386438
 30
0.0
 10
14.4643077107
 20
75.5115139881
 30
0.0
 10
14.4957873839
 20
75.506287668
 30
0.0
 10
14.5097892782
 20
75.503402541
 30
0.0
  0
SPLINE
  5
7EE
100
AcDbEntity
  8
0
100
AcDbSpline
 62
7
  6
BYLAYER
 70
0
 71
3
 72
13
 73
9
 74
0
 42
0.0000001
 43
0.0000001
 44
0.0000000001
 40
0.0
 40
0.0
 40
0.0
 40
0.0
 40
0.0783919834
 40
0.17487917
 40
0.2873152248
 40
0.4133426908
 40
0.6955944219
 40
1.0
 40
1.0
 40
1.0
 40
1.0
 10
14.5096496031
 20
74.3715752817
 30
0.0
 10
14.4956495637
 20
74.3686905372
 30
0.0
 10
14.4641712909
 20
74.3634672194
 30
0.0
 10
14.4121698928
 20
74.3570469497
 30
0.0
 10
14.3513487265
 20
74.3513888251
 30
0.0
 10
14.2566259517
 20
74.344766041
 30
0.0
 10
14.1267591211
 20
74.3393912374
 30
0.0
 10
14.0197828605
 20
74.337966008
 30
0.0
 10
13.9642769273
 20
74.3379501855
 30
0.0
  0
SPLINE
  5
7EF
100
AcDbEntity
  8
0
100
AcDbSpline
 62
7
  6
BYLAYER
 70
0
 71
3
 72
10
 73
6
 74
0
 42
0.0000001
 43
0.0000001
 44
0.0000000001
 40
0.0
 40
0.0
 40
0.0
 40
0.0
 40
0.2504359388
 40
0.6255301982
 40
1.0
 40
1.0
 40
1.0
 40
1.0
 10
15.4803281722
 20
75.3038045674
 30
0.0
 10
15.3992966249
 20
75.3204069618
 30
0.0
 10
15.1969151334
 20
75.3619553376
 30
0.0
 10
14.8733935522
 20
75.4284462288
 30
0.0
 10
14.6309256538
 20
75.4784420835
 30
0.0
 10
14.5097892782
 20
75.503402541
 30
0.0
  0
SPLINE
  5
7F0
100
AcDbEntity
  8
0
100
AcDbSpline
 62
7
  6
BYLAYER
 70
0
 71
3
 72
19
 73
15
 74
0
 42
0.0000001
 43
0.0000001
 44
0.0000000001
 40
0.0
 40
0.0
 40
0.0
 40
0.0
 40
0.1839076935
 40
0.3619547731
 40
0.5279945593
 40
0.6764665013
 40
0.8019639035
 40
0.8546384493
 40
0.8999199718
 40
0.9374112942
 40
0.966735378
 40
0.9876385929
 40
0.9948901117
 40
1.0
 40
1.0
 40
1.0
 40
1.0
 10
55.5675036963
 20
22.1034496834
 30
0.0
 10
55.5675036963
 20
22.07245104
 30
0.0
 10
55.5673622584
 20
22.0114414879
 30
0.0
 10
55.5667289598
 20
21.9224470345
 30
0.0
 10
55.5656931333
 20
21.8394295254
 30
0.0
 10
55.5642916142
 20
21.7652762976
 30
0.0
 10
55.5627942553
 20
21.7102379533
 30
0.0
 10
55.5613931024
 20
21.6725992319
 30
0.0
 10
55.560346269
 20
21.6497928394
 30
0.0
 10
55.5592630454
 20
21.6309277875
 30
0.0
 10
55.5581428552
 20
21.6161860133
 30
0.0
 10
55.5571452587
 20
21.6065424283
 30
0.0
 10
55.556257748
 20
21.6010067479
 30
0.0
 10
55.5558077914
 20
21.5989673491
 30
0.0
 10
55.5555518667
 20
21.5981449505
 30
0.0
  0
SPLINE
  5
7F1
100
AcDbEntity
  8
0
100
AcDbSpline
 62
7
  6
BYLAYER
 70
0
 71
3
 72
19
 73
15
 74
0
 42
0.0000001
 43
0.0000001
 44
0.0000000001
 40
0.0
 40
0.0
 40
0.0
 40
0.0
 40
0.0051103621
 40
0.0123630138
 40
0.0332686615
 40
0.0625928567
 40
0.1000843154
 40
0.1453662487
 40
0.1980411483
 40
0.3235390936
 40
0.4720072554
 40
0.6380427578
 40
0.8160901033
 40
1.0
 40
1.0
 40
1.0
 40
1.0
 10
55.5555518667
 20
28.2768550498
 30
0.0
 10
55.5558078152
 20
28.276032575
 30
0.0
 10
55.5562577686
 20
28.2739928953
 30
0.0
 10
55.5571452895
 20
28.2684565303
 30
0.0
 10
55.558142916
 20
28.2588123263
 30
0.0
 10
55.5592632695
 20
28.2440701117
 30
0.0
 10
55.5603464293
 20
28.2252049442
 30
0.0
 10
55.5613931956
 20
28.2023983977
 30
0.0
 10
55.5627943077
 20
28.164759455
 30
0.0
 10
55.564291673
 20
28.1097215985
 30
0.0
 10
55.5656931483
 20
28.0355696392
 30
0.0
 10
55.5667289549
 20
27.9525534463
 30
0.0
 10
55.5673622474
 20
27.8635593006
 30
0.0
 10
55.5675036963
 20
27.8025493337
 30
0.0
 10
55.5675036963
 20
27.7715503196
 30
0.0
  0
LINE
  5
7F2
100
AcDbEntity
  8
0
100
AcDbLine
 62
7
  6
BYLAYER
 10
55.5360805949
 20
28.3394156927
 11
55.5555518667
 21
28.2768550498
  0
LINE
  5
7F3
100
AcDbEntity
  8
0
100
AcDbLine
 62
7
  6
BYLAYER
 10
55.5555518667
 20
21.5981449505
 11
55.5360805949
 21
21.5355843076
  0
LINE
  5
7F4
100
AcDbEntity
  8
0
100
AcDbLine
 62
7
  6
BYLAYER
 10
55.2059856453
 20
25.2973121239
 11
55.0803281722
 21
25.3038045674
  0
SPLINE
  5
7F5
100
AcDbEntity
  8
0
100
AcDbSpline
 62
7
  6
BYLAYER
 70
0
 71
3
 72
9
 73
5
 74
0
 42
0.0000001
 43
0.0000001
 44
0.0000000001
 40
0.0
 40
0.0
 40
0.0
 40
0.0
 40
0.4916623946
 40
1.0
 40
1.0
 40
1.0
 40
1.0
 10
56.4303493672
 20
26.0542263602
 30
0.0
 10
56.471757399
 20
25.9592635708
 30
0.0
 10
56.556466797
 20
25.7663305351
 30
0.0
 10
56.6432259852
 20
25.5742991455
 30
0.0
 10
56.6883436672
 20
25.477153342
 30
0.0
  0
SPLINE
  5
7F6
100
AcDbEntity
  8
0
100
AcDbSpline
 62
7
  6
BYLAYER
 70
0
 71
3
 72
9
 73
5
 74
0
 42
0.0000001
 43
0.0000001
 44
0.0000000001
 40
0.0
 40
0.0
 40
0.0
 40
0.0
 40
0.5083375839
 40
1.0
 40
1.0
 40
1.0
 40
1.0
 10
55.6466637344
 20
25.477153342
 30
0.0
 10
55.6917815815
 20
25.5742995008
 30
0.0
 10
55.7785410764
 20
25.7663316075
 30
0.0
 10
55.8632508004
 20
25.9592653516
 30
0.0
 10
55.9046589863
 20
26.054228497
 30
0.0
  0
LINE
  5
7F7
100
AcDbEntity
  8
0
100
AcDbLine
 62
7
  6
BYLAYER
 10
55.9132439745
 20
26.6201047205
 11
55.9216854533
 21
26.1144902386
  0
SPLINE
  5
7F8
100
AcDbEntity
  8
0
100
AcDbSpline
 62
7
  6
BYLAYER
 70
0
 71
3
 72
9
 73
5
 74
0
 42
0.0000001
 43
0.0000001
 44
0.0000000001
 40
0.0
 40
0.0
 40
0.0
 40
0.0
 40
0.255441138
 40
1.0
 40
1.0
 40
1.0
 40
1.0
 10
55.6466637344
 20
25.477153342
 30
0.0
 10
55.6093248651
 20
25.4613968891
 30
0.0
 10
55.4629046953
 20
25.4002961689
 30
0.0
 10
55.3157339938
 20
25.341011953
 30
0.0
 10
55.2059856458
 20
25.2973121217
 30
0.0
  0
SPLINE
  5
7F9
100
AcDbEntity
  8
0
100
AcDbSpline
 62
7
  6
BYLAYER
 70
0
 71
3
 72
13
 73
9
 74
0
 42
0.0000001
 43
0.0000001
 44
0.0000000001
 40
0.0
 40
0.0
 40
0.0
 40
0.0
 40
0.3044299356
 40
0.5867073931
 40
0.7127318465
 40
0.825150717
 40
0.9216147129
 40
1.0
 40
1.0
 40
1.0
 40
1.0
 10
58.7707718152
 20
24.3388857934
 30
0.0
 10
58.7152621242
 20
24.3388699699
 30
0.0
 10
58.6082773479
 20
24.3402433749
 30
0.0
 10
58.4784006054
 20
24.3455459761
 30
0.0
 10
58.383674542
 20
24.3521197357
 30
0.0
 10
58.3228592227
 20
24.3577470356
 30
0.0
 10
58.270863829
 20
24.3641408631
 30
0.0
 10
58.239388885
 20
24.3693481166
 30
0.0
 10
58.2253885613
 20
24.3722245474
 30
0.0
  0
SPLINE
  5
7FA
100
AcDbEntity
  8
0
100
AcDbSpline
 62
7
  6
BYLAYER
 70
0
 71
3
 72
13
 73
9
 74
0
 42
0.0000001
 43
0.0000001
 44
0.0000000001
 40
0.0
 40
0.0
 40
0.0
 40
0.0
 40
0.0783919834
 40
0.17487917
 40
0.2873152247
 40
0.4133426908
 40
0.6955944219
 40
1.0
 40
1.0
 40
1.0
 40
1.0
 10
58.2253577986
 20
25.5034247186
 30
0.0
 10
58.2393578379
 20
25.5063094631
 30
0.0
 10
58.2708361107
 20
25.5115327809
 30
0.0
 10
58.3228375088
 20
25.5179530506
 30
0.0
 10
58.3836586751
 20
25.5236111753
 30
0.0
 10
58.4783814499
 20
25.5302339593
 30
0.0
 10
58.6082482805
 20
25.5356087629
 30
0.0
 10
58.7152245411
 20
25.5370339924
 30
0.0
 10
58.7707304743
 20
25.5370498148
 30
0.0
  0
SPLINE
  5
7FB
100
AcDbEntity
  8
0
100
AcDbSpline
 62
7
  6
BYLAYER
 70
0
 71
3
 72
10
 73
6
 74
0
 42
0.0000001
 43
0.0000001
 44
0.0000000001
 40
0.0
 40
0.0
 40
0.0
 40
0.0
 40
0.2504396277
 40
0.6255346804
 40
1.0
 40
1.0
 40
1.0
 40
1.0
 10
57.2547038242
 20
24.5712688782
 30
0.0
 10
57.3357488093
 20
24.5547129722
 30
0.0
 10
57.5381622411
 20
24.5132803348
 30
0.0
 10
57.861732486
 20
24.4469743519
 30
0.0
 10
58.1042354844
 20
24.3971159934
 30
0.0
 10
58.2253885613
 20
24.3722245474
 30
0.0
  0
LINE
  5
7FC
100
AcDbEntity
  8
0
100
AcDbLine
 62
7
  6
BYLAYER
 10
57.1290258245
 20
24.5776894962
 11
57.2547038242
 21
24.5712688782
  0
LINE
  5
7FD
100
AcDbEntity
  8
0
100
AcDbLine
 62
7
  6
BYLAYER
 10
56.4133240684
 20
26.1145091062
 11
56.4217645245
 21
26.6200735801
  0
SPLINE
  5
7FE
100
AcDbEntity
  8
0
100
AcDbSpline
 62
7
  6
BYLAYER
 70
0
 71
3
 72
9
 73
5
 74
0
 42
0.0000001
 43
0.0000001
 44
0.0000000001
 40
0.0
 40
0.0
 40
0.0
 40
0.0
 40
0.4916623946
 40
1.0
 40
1.0
 40
1.0
 40
1.0
 10
55.9046580344
 20
23.8207736401
 30
0.0
 10
55.8632500026
 20
23.9157364296
 30
0.0
 10
55.7785406046
 20
24.1086694652
 30
0.0
 10
55.6917814164
 20
24.3007008549
 30
0.0
 10
55.6466637344
 20
24.3978466583
 30
0.0
  0
SPLINE
  5
7FF
100
AcDbEntity
  8
0
100
AcDbSpline
 62
7
  6
BYLAYER
 70
0
 71
3
 72
9
 73
5
 74
0
 42
0.0000001
 43
0.0000001
 44
0.0000000001
 40
0.0
 40
0.0
 40
0.0
 40
0.0
 40
0.5083375839
 40
1.0
 40
1.0
 40
1.0
 40
1.0
 10
56.6883436672
 20
24.3978466583
 30
0.0
 10
56.6432258202
 20
24.3007004995
 30
0.0
 10
56.5564663252
 20
24.1086683928
 30
0.0
 10
56.4717566013
 20
23.9157346487
 30
0.0
 10
56.4303484154
 20
23.8207715034
 30
0.0
  0
LINE
  5
800
100
AcDbEntity
  8
0
100
AcDbLine
 62
7
  6
BYLAYER
 10
55.9216833333
 20
23.7604908945
 11
55.9132428771
 21
23.2549264209
  0
LINE
  5
801
100
AcDbEntity
  8
0
100
AcDbLine
 62
7
  6
BYLAYER
 10
57.2546885331
 20
25.3038049515
 11
57.1290217323
 21
25.2973119727
  0
SPLINE
  5
802
100
AcDbEntity
  8
0
100
AcDbSpline
 62
7
  6
BYLAYER
 70
0
 71
3
 72
9
 73
5
 74
0
 42
0.0000001
 43
0.0000001
 44
0.0000000001
 40
0.0
 40
0.0
 40
0.0
 40
0.0
 40
0.2496674244
 40
1.0
 40
1.0
 40
1.0
 40
1.0
 10
58.2253577986
 20
25.5034247186
 30
0.0
 10
58.1445826938
 20
25.4867807999
 30
0.0
 10
57.8210497244
 20
25.4201269611
 30
0.0
 10
57.4974999795
 20
25.3535541195
 30
0.0
 10
57.2546885331
 20
25.3038049515
 30
0.0
  0
SPLINE
  5
803
100
AcDbEntity
  8
0
100
AcDbSpline
 62
7
  6
BYLAYER
 70
0
 71
3
 72
9
 73
5
 74
0
 42
0.0000001
 43
0.0000001
 44
0.0000000001
 40
0.0
 40
0.0
 40
0.0
 40
0.0
 40
0.2450603266
 40
1.0
 40
1.0
 40
1.0
 40
1.0
 10
57.1290217678
 20
25.297312084
 30
0.0
 10
57.0928998758
 20
25.311695175
 30
0.0
 10
56.9455855475
 20
25.3705996735
 30
0.0
 10
56.7986958921
 20
25.4305863283
 30
0.0
 10
56.6883436672
 20
25.477153342
 30
0.0
  0
LINE
  5
804
100
AcDbEntity
  8
0
100
AcDbLine
 62
7
  6
BYLAYER
 10
56.421763427
 20
23.2548952795
 11
56.4133219483
 21
23.7605097616
  0
SPLINE
  5
805
100
AcDbEntity
  8
0
100
AcDbSpline
 62
7
  6
BYLAYER
 70
0
 71
3
 72
9
 73
5
 74
0
 42
0.0000001
 43
0.0000001
 44
0.0000000001
 40
0.0
 40
0.0
 40
0.0
 40
0.0
 40
0.2554411797
 40
1.0
 40
1.0
 40
1.0
 40
1.0
 10
56.6883436672
 20
24.3978466583
 30
0.0
 10
56.7256828861
 20
24.4136032587
 30
0.0
 10
56.8721044052
 20
24.4747045355
 30
0.0
 10
57.0192764676
 20
24.5339892793
 30
0.0
 10
57.1290258238
 20
24.5776894984
 30
0.0
  0
LINE
  5
806
100
AcDbEntity
  8
0
100
AcDbLine
 62
7
  6
BYLAYER
 10
55.0803188685
 20
24.5711950489
 11
55.2059856693
 21
24.5776880276
  0
SPLINE
  5
807
100
AcDbEntity
  8
0
100
AcDbSpline
 62
7
  6
BYLAYER
 70
0
 71
3
 72
9
 73
5
 74
0
 42
0.0000001
 43
0.0000001
 44
0.0000000001
 40
0.0
 40
0.0
 40
0.0
 40
0.0
 40
0.2450603266
 40
1.0
 40
1.0
 40
1.0
 40
1.0
 10
55.2059856338
 20
24.5776879163
 30
0.0
 10
55.2421075258
 20
24.5633048254
 30
0.0
 10
55.3894218541
 20
24.5044003268
 30
0.0
 10
55.5363115095
 20
24.444413672
 30
0.0
 10
55.6466637344
 20
24.3978466583
 30
0.0
  0
SPLINE
  5
808
100
AcDbEntity
  8
0
100
AcDbSpline
 62
7
  6
BYLAYER
 70
0
 71
3
 72
9
 73
5
 74
0
 42
0.0000001
 43
0.0000001
 44
0.0000000001
 40
0.0
 40
0.0
 40
0.0
 40
0.0
 40
0.2496674244
 40
1.0
 40
1.0
 40
1.0
 40
1.0
 10
54.1096496031
 20
24.3715752817
 30
0.0
 10
54.1904247078
 20
24.3882192004
 30
0.0
 10
54.5139576772
 20
24.4548730393
 30
0.0
 10
54.8375074221
 20
24.5214458808
 30
0.0
 10
55.0803188685
 20
24.5711950489
 30
0.0
  0
SPLINE
  5
809
100
AcDbEntity
  8
0
100
AcDbSpline
 62
7
  6
BYLAYER
 70
0
 71
3
 72
13
 73
9
 74
0
 42
0.0000001
 43
0.0000001
 44
0.0000000001
 40
0.0
 40
0.0
 40
0.0
 40
0.0
 40
0.3044271915
 40
0.5867097251
 40
0.7127367167
 40
0.8251555356
 40
0.9216179296
 40
1.0
 40
1.0
 40
1.0
 40
1.0
 10
53.5642767154
 20
25.5370498148
 30
0.0
 10
53.6198009656
 20
25.5370339872
 30
0.0
 10
53.7268144932
 20
25.5356077345
 30
0.0
 10
53.8567243652
 20
25.5302291986
 30
0.0
 10
53.9514738552
 20
25.5236014088
 30
0.0
 10
54.0123026927
 20
25.5179386438
 30
0.0
 10
54.0643077107
 20
25.5115139881
 30
0.0
 10
54.0957873839
 20
25.506287668
 30
0.0
 10
54.1097892782
 20
25.503402541
 30
0.0
  0
SPLINE
  5
80A
100
AcDbEntity
  8
0
100
AcDbSpline
 62
7
  6
BYLAYER
 70
0
 71
3
 72
13
 73
9
 74
0
 42
0.0000001
 43
0.0000001
 44
0.0000000001
 40
0.0
 40
0.0
 40
0.0
 40
0.0
 40
0.0783919834
 40
0.17487917
 40
0.2873152248
 40
0.4133426908
 40
0.6955944219
 40
1.0
 40
1.0
 40
1.0
 40
1.0
 10
54.1096496031
 20
24.3715752817
 30
0.0
 10
54.0956495637
 20
24.3686905372
 30
0.0
 10
54.0641712909
 20
24.3634672194
 30
0.0
 10
54.0121698928
 20
24.3570469497
 30
0.0
 10
53.9513487265
 20
24.3513888251
 30
0.0
 10
53.8566259517
 20
24.344766041
 30
0.0
 10
53.7267591211
 20
24.3393912374
 30
0.0
 10
53.6197828605
 20
24.337966008
 30
0.0
 10
53.5642769273
 20
24.3379501855
 30
0.0
  0
SPLINE
  5
80B
100
AcDbEntity
  8
0
100
AcDbSpline
 62
7
  6
BYLAYER
 70
0
 71
3
 72
10
 73
6
 74
0
 42
0.0000001
 43
0.0000001
 44
0.0000000001
 40
0.0
 40
0.0
 40
0.0
 40
0.0
 40
0.2504359388
 40
0.6255301982
 40
1.0
 40
1.0
 40
1.0
 40
1.0
 10
55.0803281722
 20
25.3038045674
 30
0.0
 10
54.9992966249
 20
25.3204069618
 30
0.0
 10
54.7969151334
 20
25.3619553376
 30
0.0
 10
54.4733935522
 20
25.4284462288
 30
0.0
 10
54.2309256538
 20
25.4784420835
 30
0.0
 10
54.1097892782
 20
25.503402541
 30
0.0
  0
SPLINE
  5
80C
100
AcDbEntity
  8
0
100
AcDbSpline
 62
7
  6
BYLAYER
 70
0
 71
3
 72
19
 73
15
 74
0
 42
0.0000001
 43
0.0000001
 44
0.0000000001
 40
0.0
 40
0.0
 40
0.0
 40
0.0
 40
0.1839076935
 40
0.3619547731
 40
0.5279945593
 40
0.6764665013
 40
0.8019639035
 40
0.8546384493
 40
0.8999199718
 40
0.9374112942
 40
0.966735378
 40
0.9876385929
 40
0.9948901117
 40
1.0
 40
1.0
 40
1.0
 40
1.0
 10
15.9675036963
 20
22.1034496834
 30
0.0
 10
15.9675036963
 20
22.07245104
 30
0.0
 10
15.9673622584
 20
22.0114414879
 30
0.0
 10
15.9667289598
 20
21.9224470345
 30
0.0
 10
15.9656931333
 20
21.8394295254
 30
0.0
 10
15.9642916142
 20
21.7652762976
 30
0.0
 10
15.9627942553
 20
21.7102379533
 30
0.0
 10
15.9613931024
 20
21.6725992319
 30
0.0
 10
15.960346269
 20
21.6497928394
 30
0.0
 10
15.9592630454
 20
21.6309277875
 30
0.0
 10
15.9581428552
 20
21.6161860133
 30
0.0
 10
15.9571452587
 20
21.6065424283
 30
0.0
 10
15.956257748
 20
21.6010067479
 30
0.0
 10
15.9558077914
 20
21.5989673491
 30
0.0
 10
15.9555518667
 20
21.5981449505
 30
0.0
  0
SPLINE
  5
80D
100
AcDbEntity
  8
0
100
AcDbSpline
 62
7
  6
BYLAYER
 70
0
 71
3
 72
19
 73
15
 74
0
 42
0.0000001
 43
0.0000001
 44
0.0000000001
 40
0.0
 40
0.0
 40
0.0
 40
0.0
 40
0.0051103621
 40
0.0123630138
 40
0.0332686615
 40
0.0625928567
 40
0.1000843154
 40
0.1453662487
 40
0.1980411483
 40
0.3235390936
 40
0.4720072554
 40
0.6380427578
 40
0.8160901033
 40
1.0
 40
1.0
 40
1.0
 40
1.0
 10
15.9555518667
 20
28.2768550498
 30
0.0
 10
15.9558078152
 20
28.276032575
 30
0.0
 10
15.9562577686
 20
28.2739928953
 30
0.0
 10
15.9571452895
 20
28.2684565303
 30
0.0
 10
15.958142916
 20
28.2588123263
 30
0.0
 10
15.9592632695
 20
28.2440701117
 30
0.0
 10
15.9603464293
 20
28.2252049442
 30
0.0
 10
15.9613931956
 20
28.2023983977
 30
0.0
 10
15.9627943077
 20
28.164759455
 30
0.0
 10
15.964291673
 20
28.1097215985
 30
0.0
 10
15.9656931483
 20
28.0355696392
 30
0.0
 10
15.9667289549
 20
27.9525534463
 30
0.0
 10
15.9673622474
 20
27.8635593006
 30
0.0
 10
15.9675036963
 20
27.8025493337
 30
0.0
 10
15.9675036963
 20
27.7715503196
 30
0.0
  0
LINE
  5
80E
100
AcDbEntity
  8
0
100
AcDbLine
 62
7
  6
BYLAYER
 10
15.9360805949
 20
28.3394156927
 11
15.9555518667
 21
28.2768550498
  0
LINE
  5
80F
100
AcDbEntity
  8
0
100
AcDbLine
 62
7
  6
BYLAYER
 10
15.9555518667
 20
21.5981449505
 11
15.9360805949
 21
21.5355843076
  0
LINE
  5
810
100
AcDbEntity
  8
0
100
AcDbLine
 62
7
  6
BYLAYER
 10
15.6059856453
 20
25.2973121239
 11
15.4803281722
 21
25.3038045674
  0
SPLINE
  5
811
100
AcDbEntity
  8
0
100
AcDbSpline
 62
7
  6
BYLAYER
 70
0
 71
3
 72
9
 73
5
 74
0
 42
0.0000001
 43
0.0000001
 44
0.0000000001
 40
0.0
 40
0.0
 40
0.0
 40
0.0
 40
0.4916623946
 40
1.0
 40
1.0
 40
1.0
 40
1.0
 10
16.8303493672
 20
26.0542263602
 30
0.0
 10
16.871757399
 20
25.9592635708
 30
0.0
 10
16.956466797
 20
25.7663305351
 30
0.0
 10
17.0432259852
 20
25.5742991455
 30
0.0
 10
17.0883436672
 20
25.477153342
 30
0.0
  0
SPLINE
  5
812
100
AcDbEntity
  8
0
100
AcDbSpline
 62
7
  6
BYLAYER
 70
0
 71
3
 72
9
 73
5
 74
0
 42
0.0000001
 43
0.0000001
 44
0.0000000001
 40
0.0
 40
0.0
 40
0.0
 40
0.0
 40
0.5083375839
 40
1.0
 40
1.0
 40
1.0
 40
1.0
 10
16.0466637344
 20
25.477153342
 30
0.0
 10
16.0917815815
 20
25.5742995008
 30
0.0
 10
16.1785410764
 20
25.7663316075
 30
0.0
 10
16.2632508004
 20
25.9592653516
 30
0.0
 10
16.3046589862
 20
26.054228497
 30
0.0
  0
LINE
  5
813
100
AcDbEntity
  8
0
100
AcDbLine
 62
7
  6
BYLAYER
 10
16.3132439745
 20
26.6201047205
 11
16.3216854533
 21
26.1144902386
  0
SPLINE
  5
814
100
AcDbEntity
  8
0
100
AcDbSpline
 62
7
  6
BYLAYER
 70
0
 71
3
 72
9
 73
5
 74
0
 42
0.0000001
 43
0.0000001
 44
0.0000000001
 40
0.0
 40
0.0
 40
0.0
 40
0.0
 40
0.255441138
 40
1.0
 40
1.0
 40
1.0
 40
1.0
 10
16.0466637344
 20
25.477153342
 30
0.0
 10
16.0093248651
 20
25.4613968891
 30
0.0
 10
15.8629046953
 20
25.4002961689
 30
0.0
 10
15.7157339938
 20
25.341011953
 30
0.0
 10
15.6059856458
 20
25.2973121217
 30
0.0
  0
SPLINE
  5
815
100
AcDbEntity
  8
0
100
AcDbSpline
 62
7
  6
BYLAYER
 70
0
 71
3
 72
13
 73
9
 74
0
 42
0.0000001
 43
0.0000001
 44
0.0000000001
 40
0.0
 40
0.0
 40
0.0
 40
0.0
 40
0.3044299356
 40
0.5867073931
 40
0.7127318465
 40
0.825150717
 40
0.9216147129
 40
1.0
 40
1.0
 40
1.0
 40
1.0
 10
19.1707718152
 20
24.3388857934
 30
0.0
 10
19.1152621242
 20
24.3388699699
 30
0.0
 10
19.0082773479
 20
24.3402433749
 30
0.0
 10
18.8784006054
 20
24.3455459761
 30
0.0
 10
18.783674542
 20
24.3521197357
 30
0.0
 10
18.7228592227
 20
24.3577470356
 30
0.0
 10
18.670863829
 20
24.3641408631
 30
0.0
 10
18.639388885
 20
24.3693481166
 30
0.0
 10
18.6253885613
 20
24.3722245474
 30
0.0
  0
SPLINE
  5
816
100
AcDbEntity
  8
0
100
AcDbSpline
 62
7
  6
BYLAYER
 70
0
 71
3
 72
13
 73
9
 74
0
 42
0.0000001
 43
0.0000001
 44
0.0000000001
 40
0.0
 40
0.0
 40
0.0
 40
0.0
 40
0.0783919834
 40
0.17487917
 40
0.2873152247
 40
0.4133426908
 40
0.6955944219
 40
1.0
 40
1.0
 40
1.0
 40
1.0
 10
18.6253577986
 20
25.5034247186
 30
0.0
 10
18.6393578379
 20
25.5063094631
 30
0.0
 10
18.6708361107
 20
25.5115327809
 30
0.0
 10
18.7228375088
 20
25.5179530506
 30
0.0
 10
18.7836586751
 20
25.5236111753
 30
0.0
 10
18.8783814499
 20
25.5302339593
 30
0.0
 10
19.0082482805
 20
25.5356087629
 30
0.0
 10
19.1152245411
 20
25.5370339924
 30
0.0
 10
19.1707304743
 20
25.5370498148
 30
0.0
  0
SPLINE
  5
817
100
AcDbEntity
  8
0
100
AcDbSpline
 62
7
  6
BYLAYER
 70
0
 71
3
 72
10
 73
6
 74
0
 42
0.0000001
 43
0.0000001
 44
0.0000000001
 40
0.0
 40
0.0
 40
0.0
 40
0.0
 40
0.2504396277
 40
0.6255346804
 40
1.0
 40
1.0
 40
1.0
 40
1.0
 10
17.6547038242
 20
24.5712688782
 30
0.0
 10
17.7357488093
 20
24.5547129722
 30
0.0
 10
17.9381622411
 20
24.5132803348
 30
0.0
 10
18.261732486
 20
24.4469743519
 30
0.0
 10
18.5042354844
 20
24.3971159934
 30
0.0
 10
18.6253885613
 20
24.3722245474
 30
0.0
  0
LINE
  5
818
100
AcDbEntity
  8
0
100
AcDbLine
 62
7
  6
BYLAYER
 10
17.5290258245
 20
24.5776894962
 11
17.6547038242
 21
24.5712688782
  0
LINE
  5
819
100
AcDbEntity
  8
0
100
AcDbLine
 62
7
  6
BYLAYER
 10
16.8133240684
 20
26.1145091062
 11
16.8217645245
 21
26.6200735801
  0
SPLINE
  5
81A
100
AcDbEntity
  8
0
100
AcDbSpline
 62
7
  6
BYLAYER
 70
0
 71
3
 72
9
 73
5
 74
0
 42
0.0000001
 43
0.0000001
 44
0.0000000001
 40
0.0
 40
0.0
 40
0.0
 40
0.0
 40
0.4916623946
 40
1.0
 40
1.0
 40
1.0
 40
1.0
 10
16.3046580344
 20
23.8207736401
 30
0.0
 10
16.2632500026
 20
23.9157364296
 30
0.0
 10
16.1785406046
 20
24.1086694652
 30
0.0
 10
16.0917814164
 20
24.3007008549
 30
0.0
 10
16.0466637344
 20
24.3978466583
 30
0.0
  0
SPLINE
  5
81B
100
AcDbEntity
  8
0
100
AcDbSpline
 62
7
  6
BYLAYER
 70
0
 71
3
 72
9
 73
5
 74
0
 42
0.0000001
 43
0.0000001
 44
0.0000000001
 40
0.0
 40
0.0
 40
0.0
 40
0.0
 40
0.5083375839
 40
1.0
 40
1.0
 40
1.0
 40
1.0
 10
17.0883436672
 20
24.3978466583
 30
0.0
 10
17.0432258202
 20
24.3007004995
 30
0.0
 10
16.9564663252
 20
24.1086683928
 30
0.0
 10
16.8717566013
 20
23.9157346487
 30
0.0
 10
16.8303484154
 20
23.8207715034
 30
0.0
  0
LINE
  5
81C
100
AcDbEntity
  8
0
100
AcDbLine
 62
7
  6
BYLAYER
 10
16.3216833333
 20
23.7604908945
 11
16.3132428771
 21
23.2549264209
  0
LINE
  5
81D
100
AcDbEntity
  8
0
100
AcDbLine
 62
7
  6
BYLAYER
 10
17.6546885331
 20
25.3038049515
 11
17.5290217323
 21
25.2973119727
  0
SPLINE
  5
81E
100
AcDbEntity
  8
0
100
AcDbSpline
 62
7
  6
BYLAYER
 70
0
 71
3
 72
9
 73
5
 74
0
 42
0.0000001
 43
0.0000001
 44
0.0000000001
 40
0.0
 40
0.0
 40
0.0
 40
0.0
 40
0.2496674244
 40
1.0
 40
1.0
 40
1.0
 40
1.0
 10
18.6253577986
 20
25.5034247186
 30
0.0
 10
18.5445826938
 20
25.4867807999
 30
0.0
 10
18.2210497244
 20
25.4201269611
 30
0.0
 10
17.8974999795
 20
25.3535541195
 30
0.0
 10
17.6546885331
 20
25.3038049515
 30
0.0
  0
SPLINE
  5
81F
100
AcDbEntity
  8
0
100
AcDbSpline
 62
7
  6
BYLAYER
 70
0
 71
3
 72
9
 73
5
 74
0
 42
0.0000001
 43
0.0000001
 44
0.0000000001
 40
0.0
 40
0.0
 40
0.0
 40
0.0
 40
0.2450603266
 40
1.0
 40
1.0
 40
1.0
 40
1.0
 10
17.5290217678
 20
25.297312084
 30
0.0
 10
17.4928998758
 20
25.311695175
 30
0.0
 10
17.3455855475
 20
25.3705996735
 30
0.0
 10
17.1986958921
 20
25.4305863283
 30
0.0
 10
17.0883436672
 20
25.477153342
 30
0.0
  0
LINE
  5
820
100
AcDbEntity
  8
0
100
AcDbLine
 62
7
  6
BYLAYER
 10
16.821763427
 20
23.2548952795
 11
16.8133219483
 21
23.7605097616
  0
SPLINE
  5
821
100
AcDbEntity
  8
0
100
AcDbSpline
 62
7
  6
BYLAYER
 70
0
 71
3
 72
9
 73
5
 74
0
 42
0.0000001
 43
0.0000001
 44
0.0000000001
 40
0.0
 40
0.0
 40
0.0
 40
0.0
 40
0.2554411797
 40
1.0
 40
1.0
 40
1.0
 40
1.0
 10
17.0883436672
 20
24.3978466583
 30
0.0
 10
17.1256828861
 20
24.4136032587
 30
0.0
 10
17.2721044052
 20
24.4747045355
 30
0.0
 10
17.4192764676
 20
24.5339892793
 30
0.0
 10
17.5290258238
 20
24.5776894984
 30
0.0
  0
LINE
  5
822
100
AcDbEntity
  8
0
100
AcDbLine
 62
7
  6
BYLAYER
 10
15.4803188685
 20
24.5711950489
 11
15.6059856693
 21
24.5776880276
  0
SPLINE
  5
823
100
AcDbEntity
  8
0
100
AcDbSpline
 62
7
  6
BYLAYER
 70
0
 71
3
 72
9
 73
5
 74
0
 42
0.0000001
 43
0.0000001
 44
0.0000000001
 40
0.0
 40
0.0
 40
0.0
 40
0.0
 40
0.2450603266
 40
1.0
 40
1.0
 40
1.0
 40
1.0
 10
15.6059856338
 20
24.5776879163
 30
0.0
 10
15.6421075258
 20
24.5633048254
 30
0.0
 10
15.7894218541
 20
24.5044003268
 30
0.0
 10
15.9363115095
 20
24.444413672
 30
0.0
 10
16.0466637344
 20
24.3978466583
 30
0.0
  0
SPLINE
  5
824
100
AcDbEntity
  8
0
100
AcDbSpline
 62
7
  6
BYLAYER
 70
0
 71
3
 72
9
 73
5
 74
0
 42
0.0000001
 43
0.0000001
 44
0.0000000001
 40
0.0
 40
0.0
 40
0.0
 40
0.0
 40
0.2496674244
 40
1.0
 40
1.0
 40
1.0
 40
1.0
 10
14.5096496031
 20
24.3715752817
 30
0.0
 10
14.5904247078
 20
24.3882192004
 30
0.0
 10
14.9139576772
 20
24.4548730393
 30
0.0
 10
15.2375074221
 20
24.5214458808
 30
0.0
 10
15.4803188685
 20
24.5711950489
 30
0.0
  0
SPLINE
  5
825
100
AcDbEntity
  8
0
100
AcDbSpline
 62
7
  6
BYLAYER
 70
0
 71
3
 72
13
 73
9
 74
0
 42
0.0000001
 43
0.0000001
 44
0.0000000001
 40
0.0
 40
0.0
 40
0.0
 40
0.0
 40
0.3044271915
 40
0.5867097251
 40
0.7127367167
 40
0.8251555356
 40
0.9216179296
 40
1.0
 40
1.0
 40
1.0
 40
1.0
 10
13.9642767154
 20
25.5370498148
 30
0.0
 10
14.0198009656
 20
25.5370339872
 30
0.0
 10
14.1268144932
 20
25.5356077345
 30
0.0
 10
14.2567243652
 20
25.5302291986
 30
0.0
 10
14.3514738552
 20
25.5236014088
 30
0.0
 10
14.4123026927
 20
25.5179386438
 30
0.0
 10
14.4643077107
 20
25.5115139881
 30
0.0
 10
14.4957873839
 20
25.506287668
 30
0.0
 10
14.5097892782
 20
25.503402541
 30
0.0
  0
SPLINE
  5
826
100
AcDbEntity
  8
0
100
AcDbSpline
 62
7
  6
BYLAYER
 70
0
 71
3
 72
13
 73
9
 74
0
 42
0.0000001
 43
0.0000001
 44
0.0000000001
 40
0.0
 40
0.0
 40
0.0
 40
0.0
 40
0.0783919834
 40
0.17487917
 40
0.2873152248
 40
0.4133426908
 40
0.6955944219
 40
1.0
 40
1.0
 40
1.0
 40
1.0
 10
14.5096496031
 20
24.3715752817
 30
0.0
 10
14.4956495637
 20
24.3686905372
 30
0.0
 10
14.4641712909
 20
24.3634672194
 30
0.0
 10
14.4121698928
 20
24.3570469497
 30
0.0
 10
14.3513487265
 20
24.3513888251
 30
0.0
 10
14.2566259517
 20
24.344766041
 30
0.0
 10
14.1267591211
 20
24.3393912374
 30
0.0
 10
14.0197828605
 20
24.337966008
 30
0.0
 10
13.9642769273
 20
24.3379501855
 30
0.0
  0
SPLINE
  5
827
100
AcDbEntity
  8
0
100
AcDbSpline
 62
7
  6
BYLAYER
 70
0
 71
3
 72
10
 73
6
 74
0
 42
0.0000001
 43
0.0000001
 44
0.0000000001
 40
0.0
 40
0.0
 40
0.0
 40
0.0
 40
0.2504359388
 40
0.6255301982
 40
1.0
 40
1.0
 40
1.0
 40
1.0
 10
15.4803281722
 20
25.3038045674
 30
0.0
 10
15.3992966249
 20
25.3204069618
 30
0.0
 10
15.1969151334
 20
25.3619553376
 30
0.0
 10
14.8733935522
 20
25.4284462288
 30
0.0
 10
14.6309256538
 20
25.4784420835
 30
0.0
 10
14.5097892782
 20
25.503402541
 30
0.0
  0
SPLINE
  5
828
100
AcDbEntity
  8
0
100
AcDbSpline
 62
7
  6
BYLAYER
 70
0
 71
3
 72
19
 73
15
 74
0
 42
0.0000001
 43
0.0000001
 44
0.0000000001
 40
0.0
 40
0.0
 40
0.0
 40
0.0
 40
0.1839076935
 40
0.3619547731
 40
0.5279945593
 40
0.6764665013
 40
0.8019639035
 40
0.8546384493
 40
0.8999199718
 40
0.9374112942
 40
0.966735378
 40
0.9876385929
 40
0.9948901117
 40
1.0
 40
1.0
 40
1.0
 40
1.0
 10
29.1675036963
 20
22.1034496834
 30
0.0
 10
29.1675036963
 20
22.07245104
 30
0.0
 10
29.1673622584
 20
22.0114414879
 30
0.0
 10
29.1667289598
 20
21.9224470345
 30
0.0
 10
29.1656931333
 20
21.8394295254
 30
0.0
 10
29.1642916142
 20
21.7652762976
 30
0.0
 10
29.1627942553
 20
21.7102379533
 30
0.0
 10
29.1613931024
 20
21.6725992319
 30
0.0
 10
29.160346269
 20
21.6497928394
 30
0.0
 10
29.1592630454
 20
21.6309277875
 30
0.0
 10
29.1581428552
 20
21.6161860133
 30
0.0
 10
29.1571452587
 20
21.6065424283
 30
0.0
 10
29.156257748
 20
21.6010067479
 30
0.0
 10
29.1558077914
 20
21.5989673491
 30
0.0
 10
29.1555518667
 20
21.5981449505
 30
0.0
  0
SPLINE
  5
829
100
AcDbEntity
  8
0
100
AcDbSpline
 62
7
  6
BYLAYER
 70
0
 71
3
 72
19
 73
15
 74
0
 42
0.0000001
 43
0.0000001
 44
0.0000000001
 40
0.0
 40
0.0
 40
0.0
 40
0.0
 40
0.0051103621
 40
0.0123630138
 40
0.0332686615
 40
0.0625928567
 40
0.1000843154
 40
0.1453662487
 40
0.1980411483
 40
0.3235390936
 40
0.4720072554
 40
0.6380427578
 40
0.8160901033
 40
1.0
 40
1.0
 40
1.0
 40
1.0
 10
29.1555518667
 20
28.2768550498
 30
0.0
 10
29.1558078152
 20
28.276032575
 30
0.0
 10
29.1562577686
 20
28.2739928953
 30
0.0
 10
29.1571452895
 20
28.2684565303
 30
0.0
 10
29.158142916
 20
28.2588123263
 30
0.0
 10
29.1592632695
 20
28.2440701117
 30
0.0
 10
29.1603464293
 20
28.2252049442
 30
0.0
 10
29.1613931956
 20
28.2023983977
 30
0.0
 10
29.1627943077
 20
28.164759455
 30
0.0
 10
29.164291673
 20
28.1097215985
 30
0.0
 10
29.1656931483
 20
28.0355696392
 30
0.0
 10
29.1667289549
 20
27.9525534463
 30
0.0
 10
29.1673622474
 20
27.8635593006
 30
0.0
 10
29.1675036963
 20
27.8025493337
 30
0.0
 10
29.1675036963
 20
27.7715503196
 30
0.0
  0
LINE
  5
82A
100
AcDbEntity
  8
0
100
AcDbLine
 62
7
  6
BYLAYER
 10
29.1360805949
 20
28.3394156927
 11
29.1555518667
 21
28.2768550498
  0
LINE
  5
82B
100
AcDbEntity
  8
0
100
AcDbLine
 62
7
  6
BYLAYER
 10
29.1555518667
 20
21.5981449505
 11
29.1360805949
 21
21.5355843076
  0
LINE
  5
82C
100
AcDbEntity
  8
0
100
AcDbLine
 62
7
  6
BYLAYER
 10
28.8059856453
 20
25.2973121239
 11
28.6803281722
 21
25.3038045674
  0
SPLINE
  5
82D
100
AcDbEntity
  8
0
100
AcDbSpline
 62
7
  6
BYLAYER
 70
0
 71
3
 72
9
 73
5
 74
0
 42
0.0000001
 43
0.0000001
 44
0.0000000001
 40
0.0
 40
0.0
 40
0.0
 40
0.0
 40
0.4916623946
 40
1.0
 40
1.0
 40
1.0
 40
1.0
 10
30.0303493672
 20
26.0542263602
 30
0.0
 10
30.071757399
 20
25.9592635708
 30
0.0
 10
30.156466797
 20
25.7663305351
 30
0.0
 10
30.2432259852
 20
25.5742991455
 30
0.0
 10
30.2883436672
 20
25.477153342
 30
0.0
  0
SPLINE
  5
82E
100
AcDbEntity
  8
0
100
AcDbSpline
 62
7
  6
BYLAYER
 70
0
 71
3
 72
9
 73
5
 74
0
 42
0.0000001
 43
0.0000001
 44
0.0000000001
 40
0.0
 40
0.0
 40
0.0
 40
0.0
 40
0.5083375839
 40
1.0
 40
1.0
 40
1.0
 40
1.0
 10
29.2466637344
 20
25.477153342
 30
0.0
 10
29.2917815815
 20
25.5742995008
 30
0.0
 10
29.3785410764
 20
25.7663316075
 30
0.0
 10
29.4632508004
 20
25.9592653516
 30
0.0
 10
29.5046589863
 20
26.054228497
 30
0.0
  0
LINE
  5
82F
100
AcDbEntity
  8
0
100
AcDbLine
 62
7
  6
BYLAYER
 10
29.5132439745
 20
26.6201047205
 11
29.5216854533
 21
26.1144902386
  0
SPLINE
  5
830
100
AcDbEntity
  8
0
100
AcDbSpline
 62
7
  6
BYLAYER
 70
0
 71
3
 72
9
 73
5
 74
0
 42
0.0000001
 43
0.0000001
 44
0.0000000001
 40
0.0
 40
0.0
 40
0.0
 40
0.0
 40
0.255441138
 40
1.0
 40
1.0
 40
1.0
 40
1.0
 10
29.2466637344
 20
25.477153342
 30
0.0
 10
29.2093248651
 20
25.4613968891
 30
0.0
 10
29.0629046953
 20
25.4002961689
 30
0.0
 10
28.9157339938
 20
25.341011953
 30
0.0
 10
28.8059856458
 20
25.2973121217
 30
0.0
  0
SPLINE
  5
831
100
AcDbEntity
  8
0
100
AcDbSpline
 62
7
  6
BYLAYER
 70
0
 71
3
 72
13
 73
9
 74
0
 42
0.0000001
 43
0.0000001
 44
0.0000000001
 40
0.0
 40
0.0
 40
0.0
 40
0.0
 40
0.3044299356
 40
0.5867073931
 40
0.7127318465
 40
0.825150717
 40
0.9216147129
 40
1.0
 40
1.0
 40
1.0
 40
1.0
 10
32.3707718152
 20
24.3388857934
 30
0.0
 10
32.3152621242
 20
24.3388699699
 30
0.0
 10
32.2082773479
 20
24.3402433749
 30
0.0
 10
32.0784006054
 20
24.3455459761
 30
0.0
 10
31.983674542
 20
24.3521197357
 30
0.0
 10
31.9228592227
 20
24.3577470356
 30
0.0
 10
31.870863829
 20
24.3641408631
 30
0.0
 10
31.839388885
 20
24.3693481166
 30
0.0
 10
31.8253885613
 20
24.3722245474
 30
0.0
  0
SPLINE
  5
832
100
AcDbEntity
  8
0
100
AcDbSpline
 62
7
  6
BYLAYER
 70
0
 71
3
 72
13
 73
9
 74
0
 42
0.0000001
 43
0.0000001
 44
0.0000000001
 40
0.0
 40
0.0
 40
0.0
 40
0.0
 40
0.0783919834
 40
0.17487917
 40
0.2873152247
 40
0.4133426908
 40
0.6955944219
 40
1.0
 40
1.0
 40
1.0
 40
1.0
 10
31.8253577986
 20
25.5034247186
 30
0.0
 10
31.8393578379
 20
25.5063094631
 30
0.0
 10
31.8708361107
 20
25.5115327809
 30
0.0
 10
31.9228375088
 20
25.5179530506
 30
0.0
 10
31.9836586751
 20
25.5236111753
 30
0.0
 10
32.0783814499
 20
25.5302339593
 30
0.0
 10
32.2082482805
 20
25.5356087629
 30
0.0
 10
32.3152245411
 20
25.5370339924
 30
0.0
 10
32.3707304743
 20
25.5370498148
 30
0.0
  0
SPLINE
  5
833
100
AcDbEntity
  8
0
100
AcDbSpline
 62
7
  6
BYLAYER
 70
0
 71
3
 72
10
 73
6
 74
0
 42
0.0000001
 43
0.0000001
 44
0.0000000001
 40
0.0
 40
0.0
 40
0.0
 40
0.0
 40
0.2504396277
 40
0.6255346804
 40
1.0
 40
1.0
 40
1.0
 40
1.0
 10
30.8547038242
 20
24.5712688782
 30
0.0
 10
30.9357488093
 20
24.5547129722
 30
0.0
 10
31.1381622411
 20
24.5132803348
 30
0.0
 10
31.461732486
 20
24.4469743519
 30
0.0
 10
31.7042354844
 20
24.3971159934
 30
0.0
 10
31.8253885613
 20
24.3722245474
 30
0.0
  0
LINE
  5
834
100
AcDbEntity
  8
0
100
AcDbLine
 62
7
  6
BYLAYER
 10
30.7290258245
 20
24.5776894962
 11
30.8547038242
 21
24.5712688782
  0
LINE
  5
835
100
AcDbEntity
  8
0
100
AcDbLine
 62
7
  6
BYLAYER
 10
30.0133240684
 20
26.1145091062
 11
30.0217645245
 21
26.6200735801
  0
SPLINE
  5
836
100
AcDbEntity
  8
0
100
AcDbSpline
 62
7
  6
BYLAYER
 70
0
 71
3
 72
9
 73
5
 74
0
 42
0.0000001
 43
0.0000001
 44
0.0000000001
 40
0.0
 40
0.0
 40
0.0
 40
0.0
 40
0.4916623946
 40
1.0
 40
1.0
 40
1.0
 40
1.0
 10
29.5046580344
 20
23.8207736401
 30
0.0
 10
29.4632500026
 20
23.9157364296
 30
0.0
 10
29.3785406046
 20
24.1086694652
 30
0.0
 10
29.2917814164
 20
24.3007008549
 30
0.0
 10
29.2466637344
 20
24.3978466583
 30
0.0
  0
SPLINE
  5
837
100
AcDbEntity
  8
0
100
AcDbSpline
 62
7
  6
BYLAYER
 70
0
 71
3
 72
9
 73
5
 74
0
 42
0.0000001
 43
0.0000001
 44
0.0000000001
 40
0.0
 40
0.0
 40
0.0
 40
0.0
 40
0.5083375839
 40
1.0
 40
1.0
 40
1.0
 40
1.0
 10
30.2883436672
 20
24.3978466583
 30
0.0
 10
30.2432258202
 20
24.3007004995
 30
0.0
 10
30.1564663252
 20
24.1086683928
 30
0.0
 10
30.0717566013
 20
23.9157346487
 30
0.0
 10
30.0303484154
 20
23.8207715034
 30
0.0
  0
LINE
  5
838
100
AcDbEntity
  8
0
100
AcDbLine
 62
7
  6
BYLAYER
 10
29.5216833333
 20
23.7604908945
 11
29.5132428771
 21
23.2549264209
  0
LINE
  5
839
100
AcDbEntity
  8
0
100
AcDbLine
 62
7
  6
BYLAYER
 10
30.8546885331
 20
25.3038049515
 11
30.7290217323
 21
25.2973119727
  0
SPLINE
  5
83A
100
AcDbEntity
  8
0
100
AcDbSpline
 62
7
  6
BYLAYER
 70
0
 71
3
 72
9
 73
5
 74
0
 42
0.0000001
 43
0.0000001
 44
0.0000000001
 40
0.0
 40
0.0
 40
0.0
 40
0.0
 40
0.2496674244
 40
1.0
 40
1.0
 40
1.0
 40
1.0
 10
31.8253577986
 20
25.5034247186
 30
0.0
 10
31.7445826938
 20
25.4867807999
 30
0.0
 10
31.4210497244
 20
25.4201269611
 30
0.0
 10
31.0974999795
 20
25.3535541195
 30
0.0
 10
30.8546885331
 20
25.3038049515
 30
0.0
  0
SPLINE
  5
83B
100
AcDbEntity
  8
0
100
AcDbSpline
 62
7
  6
BYLAYER
 70
0
 71
3
 72
9
 73
5
 74
0
 42
0.0000001
 43
0.0000001
 44
0.0000000001
 40
0.0
 40
0.0
 40
0.0
 40
0.0
 40
0.2450603266
 40
1.0
 40
1.0
 40
1.0
 40
1.0
 10
30.7290217678
 20
25.297312084
 30
0.0
 10
30.6928998758
 20
25.311695175
 30
0.0
 10
30.5455855475
 20
25.3705996735
 30
0.0
 10
30.3986958921
 20
25.4305863283
 30
0.0
 10
30.2883436672
 20
25.477153342
 30
0.0
  0
LINE
  5
83C
100
AcDbEntity
  8
0
100
AcDbLine
 62
7
  6
BYLAYER
 10
30.021763427
 20
23.2548952795
 11
30.0133219483
 21
23.7605097616
  0
SPLINE
  5
83D
100
AcDbEntity
  8
0
100
AcDbSpline
 62
7
  6
BYLAYER
 70
0
 71
3
 72
9
 73
5
 74
0
 42
0.0000001
 43
0.0000001
 44
0.0000000001
 40
0.0
 40
0.0
 40
0.0
 40
0.0
 40
0.2554411797
 40
1.0
 40
1.0
 40
1.0
 40
1.0
 10
30.2883436672
 20
24.3978466583
 30
0.0
 10
30.3256828861
 20
24.4136032587
 30
0.0
 10
30.4721044052
 20
24.4747045355
 30
0.0
 10
30.6192764676
 20
24.5339892793
 30
0.0
 10
30.7290258238
 20
24.5776894984
 30
0.0
  0
LINE
  5
83E
100
AcDbEntity
  8
0
100
AcDbLine
 62
7
  6
BYLAYER
 10
28.6803188685
 20
24.5711950489
 11
28.8059856693
 21
24.5776880276
  0
SPLINE
  5
83F
100
AcDbEntity
  8
0
100
AcDbSpline
 62
7
  6
BYLAYER
 70
0
 71
3
 72
9
 73
5
 74
0
 42
0.0000001
 43
0.0000001
 44
0.0000000001
 40
0.0
 40
0.0
 40
0.0
 40
0.0
 40
0.2450603266
 40
1.0
 40
1.0
 40
1.0
 40
1.0
 10
28.8059856338
 20
24.5776879163
 30
0.0
 10
28.8421075258
 20
24.5633048254
 30
0.0
 10
28.9894218541
 20
24.5044003268
 30
0.0
 10
29.1363115095
 20
24.444413672
 30
0.0
 10
29.2466637344
 20
24.3978466583
 30
0.0
  0
SPLINE
  5
840
100
AcDbEntity
  8
0
100
AcDbSpline
 62
7
  6
BYLAYER
 70
0
 71
3
 72
9
 73
5
 74
0
 42
0.0000001
 43
0.0000001
 44
0.0000000001
 40
0.0
 40
0.0
 40
0.0
 40
0.0
 40
0.2496674244
 40
1.0
 40
1.0
 40
1.0
 40
1.0
 10
27.7096496031
 20
24.3715752817
 30
0.0
 10
27.7904247078
 20
24.3882192004
 30
0.0
 10
28.1139576772
 20
24.4548730393
 30
0.0
 10
28.4375074221
 20
24.5214458808
 30
0.0
 10
28.6803188685
 20
24.5711950489
 30
0.0
  0
SPLINE
  5
841
100
AcDbEntity
  8
0
100
AcDbSpline
 62
7
  6
BYLAYER
 70
0
 71
3
 72
13
 73
9
 74
0
 42
0.0000001
 43
0.0000001
 44
0.0000000001
 40
0.0
 40
0.0
 40
0.0
 40
0.0
 40
0.3044271915
 40
0.5867097251
 40
0.7127367167
 40
0.8251555356
 40
0.9216179296
 40
1.0
 40
1.0
 40
1.0
 40
1.0
 10
27.1642767154
 20
25.5370498148
 30
0.0
 10
27.2198009656
 20
25.5370339872
 30
0.0
 10
27.3268144932
 20
25.5356077345
 30
0.0
 10
27.4567243652
 20
25.5302291986
 30
0.0
 10
27.5514738552
 20
25.5236014088
 30
0.0
 10
27.6123026927
 20
25.5179386438
 30
0.0
 10
27.6643077107
 20
25.5115139881
 30
0.0
 10
27.6957873839
 20
25.506287668
 30
0.0
 10
27.7097892782
 20
25.503402541
 30
0.0
  0
SPLINE
  5
842
100
AcDbEntity
  8
0
100
AcDbSpline
 62
7
  6
BYLAYER
 70
0
 71
3
 72
13
 73
9
 74
0
 42
0.0000001
 43
0.0000001
 44
0.0000000001
 40
0.0
 40
0.0
 40
0.0
 40
0.0
 40
0.0783919834
 40
0.17487917
 40
0.2873152248
 40
0.4133426908
 40
0.6955944219
 40
1.0
 40
1.0
 40
1.0
 40
1.0
 10
27.7096496031
 20
24.3715752817
 30
0.0
 10
27.6956495637
 20
24.3686905372
 30
0.0
 10
27.6641712909
 20
24.3634672194
 30
0.0
 10
27.6121698928
 20
24.3570469497
 30
0.0
 10
27.5513487265
 20
24.3513888251
 30
0.0
 10
27.4566259517
 20
24.344766041
 30
0.0
 10
27.3267591211
 20
24.3393912374
 30
0.0
 10
27.2197828605
 20
24.337966008
 30
0.0
 10
27.1642769273
 20
24.3379501855
 30
0.0
  0
SPLINE
  5
843
100
AcDbEntity
  8
0
100
AcDbSpline
 62
7
  6
BYLAYER
 70
0
 71
3
 72
10
 73
6
 74
0
 42
0.0000001
 43
0.0000001
 44
0.0000000001
 40
0.0
 40
0.0
 40
0.0
 40
0.0
 40
0.2504359388
 40
0.6255301982
 40
1.0
 40
1.0
 40
1.0
 40
1.0
 10
28.6803281722
 20
25.3038045674
 30
0.0
 10
28.5992966249
 20
25.3204069618
 30
0.0
 10
28.3969151334
 20
25.3619553376
 30
0.0
 10
28.0733935522
 20
25.4284462288
 30
0.0
 10
27.8309256538
 20
25.4784420835
 30
0.0
 10
27.7097892782
 20
25.503402541
 30
0.0
  0
SPLINE
  5
844
100
AcDbEntity
  8
0
100
AcDbSpline
 62
7
  6
BYLAYER
 70
0
 71
3
 72
14
 73
10
 74
0
 42
0.0000001
 43
0.0000001
 44
0.0000000001
 40
0.0
 40
0.0
 40
0.0
 40
0.0
 40
0.1249726565
 40
0.2499514196
 40
0.3749466537
 40
0.4999535184
 40
0.6249695481
 40
0.7499878842
 40
1.0
 40
1.0
 40
1.0
 40
1.0
 10
37.1261115853
 20
9.7894933314
 30
0.0
 10
37.155270769
 20
9.7122867667
 30
0.0
 10
37.224681039
 20
9.5618329955
 30
0.0
 10
37.3579263868
 20
9.3523618396
 30
0.0
 10
37.5159654621
 20
9.1609668914
 30
0.0
 10
37.6940612791
 20
8.9882551327
 30
0.0
 10
37.8874948963
 20
8.8331147161
 30
0.0
 10
38.1599146048
 20
8.6460744247
 30
0.0
 10
38.3745202795
 20
8.5220448485
 30
0.0
 10
38.5175037008
 20
8.4394933317
 30
0.0
  0
SPLINE
  5
845
100
AcDbEntity
  8
0
100
AcDbSpline
 62
7
  6
BYLAYER
 70
0
 71
3
 72
13
 73
9
 74
0
 42
0.0000001
 43
0.0000001
 44
0.0000000001
 40
0.0
 40
0.0
 40
0.0
 40
0.0
 40
0.1215418119
 40
0.2441829018
 40
0.3679369307
 40
0.4928781019
 40
0.7451596242
 40
1.0
 40
1.0
 40
1.0
 40
1.0
 10
37.1261115851
 20
9.7894933317
 30
0.0
 10
37.153920992
 20
9.7247427625
 30
0.0
 10
37.2200772232
 20
9.5988200269
 30
0.0
 10
37.3473573252
 20
9.4266590311
 30
0.0
 10
37.5004376769
 20
9.2740828191
 30
0.0
 10
37.7347056379
 20
9.1008507636
 30
0.0
 10
38.0741558502
 20
8.9494334148
 30
0.0
 10
38.3697474516
 20
8.9083677121
 30
0.0
 10
38.5175037008
 20
8.9083677121
 30
0.0
  0
SPLINE
  5
846
100
AcDbEntity
  8
0
100
AcDbSpline
 62
7
  6
BYLAYER
 70
0
 71
3
 72
14
 73
10
 74
0
 42
0.0000001
 43
0.0000001
 44
0.0000000001
 40
0.0
 40
0.0
 40
0.0
 40
0.0
 40
0.1249725696
 40
0.2499513059
 40
0.3749464559
 40
0.4999531855
 40
0.6249692024
 40
0.7499875864
 40
1.0
 40
1.0
 40
1.0
 40
1.0
 10
54.4588958163
 20
9.7894933313
 30
0.0
 10
54.4297366526
 20
9.7122868198
 30
0.0
 10
54.3603264083
 20
9.5618331206
 30
0.0
 10
54.2270811834
 20
9.3523620399
 30
0.0
 10
54.0690422323
 20
9.160967199
 30
0.0
 10
53.8909466186
 20
8.9882554548
 30
0.0
 10
53.6975131113
 20
8.8331149907
 30
0.0
 10
53.4250930519
 20
8.6460748187
 30
0.0
 10
53.2104872934
 20
8.5220449474
 30
0.0
 10
53.0675037008
 20
8.4394933317
 30
0.0
  0
SPLINE
  5
847
100
AcDbEntity
  8
0
100
AcDbSpline
 62
7
  6
BYLAYER
 70
0
 71
3
 72
13
 73
9
 74
0
 42
0.0000001
 43
0.0000001
 44
0.0000000001
 40
0.0
 40
0.0
 40
0.0
 40
0.0
 40
0.2548403758
 40
0.5071218981
 40
0.6320630693
 40
0.7558170982
 40
0.8784581881
 40
1.0
 40
1.0
 40
1.0
 40
1.0
 10
53.0675037008
 20
8.908367712
 30
0.0
 10
53.21525995
 20
8.908367712
 30
0.0
 10
53.5108515514
 20
8.9494334148
 30
0.0
 10
53.8503017637
 20
9.1008507636
 30
0.0
 10
54.0845697247
 20
9.2740828191
 30
0.0
 10
54.2376500764
 20
9.4266590311
 30
0.0
 10
54.3649301784
 20
9.5988200269
 30
0.0
 10
54.4310864096
 20
9.7247427625
 30
0.0
 10
54.4588958165
 20
9.7894933317
 30
0.0
  0
SPLINE
  5
848
100
AcDbEntity
  8
0
100
AcDbSpline
 62
7
  6
BYLAYER
 70
0
 71
3
 72
12
 73
8
 74
0
 42
0.0000001
 43
0.0000001
 44
0.0000000001
 40
0.0
 40
0.0
 40
0.0
 40
0.0
 40
0.1053276599
 40
0.284262947
 40
0.5055977321
 40
0.7483398243
 40
1.0
 40
1.0
 40
1.0
 40
1.0
 10
32.7175037008
 20
46.5875000002
 30
0.0
 10
32.7279971913
 20
46.5769278716
 30
0.0
 10
32.7564391337
 20
46.5485170043
 30
0.0
 10
32.8072342193
 20
46.4981923233
 30
0.0
 10
32.8710609943
 20
46.4334169978
 30
0.0
 10
32.9430437616
 20
46.3622520126
 30
0.0
 10
32.9923383463
 20
46.3126657422
 30
0.0
 10
33.0175044601
 20
46.2874996284
 30
0.0
  0
SPLINE
  5
849
100
AcDbEntity
  8
0
100
AcDbSpline
 62
7
  6
BYLAYER
 70
0
 71
3
 72
12
 73
8
 74
0
 42
0.0000001
 43
0.0000001
 44
0.0000000001
 40
0.0
 40
0.0
 40
0.0
 40
0.0
 40
0.1053276912
 40
0.2842629856
 40
0.505597801
 40
0.7483398501
 40
1.0
 40
1.0
 40
1.0
 40
1.0
 10
28.2175037008
 20
46.5875000002
 30
0.0
 10
28.2069315688
 20
46.5770064922
 30
0.0
 10
28.1785206758
 20
46.5485645283
 30
0.0
 10
28.1281959174
 20
46.4977694357
 30
0.0
 10
28.0634206569
 20
46.4339425072
 30
0.0
 10
27.992255472
 20
46.3619598468
 30
0.0
 10
27.9426688593
 20
46.3126655498
 30
0.0
 10
27.9175027306
 20
46.2874994212
 30
0.0
  0
SPLINE
  5
84A
100
AcDbEntity
  8
0
100
AcDbSpline
 62
7
  6
BYLAYER
 70
0
 71
3
 72
11
 73
7
 74
0
 42
0.0000001
 43
0.0000001
 44
0.0000000001
 40
0.0
 40
0.0
 40
0.0
 40
0.0
 40
0.2532157908
 40
0.5044773081
 40
0.7531355897
 40
1.0
 40
1.0
 40
1.0
 40
1.0
 10
52.7175037008
 20
11.2746863967
 30
0.0
 10
52.7814051422
 20
11.2746863967
 30
0.0
 10
52.9100210021
 20
11.298884607
 30
0.0
 10
53.0742915286
 20
11.4031343611
 30
0.0
 10
53.1868843153
 20
11.5600674429
 30
0.0
 10
53.2156425117
 20
11.6857751085
 30
0.0
 10
53.2173321632
 20
11.7480508005
 30
0.0
  0
SPLINE
  5
84B
100
AcDbEntity
  8
0
100
AcDbSpline
 62
7
  6
BYLAYER
 70
0
 71
3
 72
13
 73
9
 74
0
 42
0.0000001
 43
0.0000001
 44
0.0000000001
 40
0.0
 40
0.0
 40
0.0
 40
0.0
 40
0.2426234496
 40
0.3726488263
 40
0.5045908781
 40
0.6357587387
 40
0.7636852942
 40
1.0
 40
1.0
 40
1.0
 40
1.0
 10
20.2175037008
 20
12.450896193
 30
0.0
 10
20.1551181417
 20
12.4508967042
 30
0.0
 10
20.0580470987
 20
12.4686976616
 30
0.0
 10
19.9418301313
 20
12.5277276956
 30
0.0
 10
19.8615922355
 20
12.5904420923
 30
0.0
 10
19.7969009393
 20
12.6684163329
 30
0.0
 10
19.7361318397
 20
12.781083636
 30
0.0
 10
19.7175195738
 20
12.8760370036
 30
0.0
 10
19.7175073615
 20
12.9368003996
 30
0.0
  0
SPLINE
  5
84C
100
AcDbEntity
  8
0
100
AcDbSpline
 62
7
  6
BYLAYER
 70
0
 71
3
 72
17
 73
13
 74
0
 42
0.0000001
 43
0.0000001
 44
0.0000000001
 40
0.0
 40
0.0
 40
0.0
 40
0.0
 40
0.2371376269
 40
0.4210184516
 40
0.5655908349
 40
0.6822827307
 40
0.7787249381
 40
0.8605475818
 40
0.8975695725
 40
0.9327485372
 40
0.966689396
 40
1.0
 40
1.0
 40
1.0
 40
1.0
 10
17.1409468029
 20
14.2624699833
 30
0.0
 10
17.443474913
 20
14.2353832479
 30
0.0
 10
17.9785406663
 20
14.1542822046
 30
0.0
 10
18.6766195309
 20
13.9537323627
 30
0.0
 10
19.20088378
 20
13.7252264492
 30
0.0
 10
19.5920315423
 20
13.4832419119
 30
0.0
 10
19.877850186
 20
13.2333077022
 30
0.0
 10
20.0473516342
 20
13.0127534185
 30
0.0
 10
20.137488402
 20
12.8367474035
 30
0.0
 10
20.1837406494
 20
12.7084812825
 30
0.0
 10
20.211386123
 20
12.5798258679
 30
0.0
 10
20.2175098136
 20
12.4935632004
 30
0.0
 10
20.2175037008
 20
12.450897235
 30
0.0
  0
SPLINE
  5
84D
100
AcDbEntity
  8
0
100
AcDbSpline
 62
7
  6
BYLAYER
 70
0
 71
3
 72
11
 73
7
 74
0
 42
0.0000001
 43
0.0000001
 44
0.0000000001
 40
0.0
 40
0.0
 40
0.0
 40
0.0
 40
0.2467698347
 40
0.4953647524
 40
0.746697987
 40
1.0
 40
1.0
 40
1.0
 40
1.0
 10
19.7176782855
 20
11.7479332514
 30
0.0
 10
19.7193812116
 20
11.685691234
 30
0.0
 10
19.7481438621
 20
11.5600510658
 30
0.0
 10
19.8606944936
 20
11.4031561457
 30
0.0
 10
20.0249536463
 20
11.2988946943
 30
0.0
 10
20.1535901836
 20
11.2746863967
 30
0.0
 10
20.2175037008
 20
11.2746863967
 30
0.0
  0
SPLINE
  5
84E
100
AcDbEntity
  8
0
100
AcDbSpline
 62
7
  6
BYLAYER
 70
0
 71
3
 72
13
 73
9
 74
0
 42
0.0000001
 43
0.0000001
 44
0.0000000001
 40
0.0
 40
0.0
 40
0.0
 40
0.0
 40
0.2363160639
 40
0.3642428358
 40
0.495410572
 40
0.6273523208
 40
0.757377254
 40
1.0
 40
1.0
 40
1.0
 40
1.0
 10
53.217499962
 20
12.9367876295
 30
0.0
 10
53.2174860625
 20
12.8760248863
 30
0.0
 10
53.1988716945
 20
12.781073215
 30
0.0
 10
53.1381011009
 20
12.6684087121
 30
0.0
 10
53.0734095767
 20
12.5904369374
 30
0.0
 10
52.9931723737
 20
12.5277247971
 30
0.0
 10
52.87695715
 20
12.4686969603
 30
0.0
 10
52.7798880507
 20
12.4508967148
 30
0.0
 10
52.7175037008
 20
12.4508961933
 30
0.0
  0
SPLINE
  5
84F
100
AcDbEntity
  8
0
100
AcDbSpline
 62
7
  6
BYLAYER
 70
0
 71
3
 72
17
 73
13
 74
0
 42
0.0000001
 43
0.0000001
 44
0.0000000001
 40
0.0
 40
0.0
 40
0.0
 40
0.0
 40
0.2371374879
 40
0.4210187074
 40
0.5655901209
 40
0.6822826573
 40
0.7787251494
 40
0.860547689
 40
0.897569588
 40
0.9327485113
 40
0.9666893846
 40
1.0
 40
1.0
 40
1.0
 40
1.0
 10
55.794055564
 20
14.2624699682
 30
0.0
 10
55.4915279866
 20
14.2353832689
 30
0.0
 10
54.956463026
 20
14.1542803894
 30
0.0
 10
54.2583847581
 20
13.953733819
 30
0.0
 10
53.7341233424
 20
13.7252231425
 30
0.0
 10
53.342974615
 20
13.4832416733
 30
0.0
 10
53.0571546725
 20
13.2333077906
 30
0.0
 10
52.8876537984
 20
13.0127531756
 30
0.0
 10
52.7975185313
 20
12.8367469836
 30
0.0
 10
52.751267016
 20
12.7084809652
 30
0.0
 10
52.7236213574
 20
12.5798258036
 30
0.0
 10
52.7174974533
 20
12.4935631919
 30
0.0
 10
52.7175037008
 20
12.4508972619
 30
0.0
  0
SPLINE
  5
850
100
AcDbEntity
  8
0
100
AcDbSpline
 62
7
  6
BYLAYER
 70
0
 71
3
 72
11
 73
7
 74
0
 42
0.0000001
 43
0.0000001
 44
0.0000000001
 40
0.0
 40
0.0
 40
0.0
 40
0.0
 40
0.2496913041
 40
0.4994669012
 40
0.7496394244
 40
1.0
 40
1.0
 40
1.0
 40
1.0
 10
18.27077326
 20
83.44795466
 30
0.0
 10
18.2400136287
 20
83.6258326944
 30
0.0
 10
18.1481783775
 20
83.977150915
 30
0.0
 10
17.9238761024
 20
84.4732539072
 30
0.0
 10
17.619186956
 20
84.9250431865
 30
0.0
 10
17.3681123138
 20
85.1884170479
 30
0.0
 10
17.2326802812
 20
85.308499684
 30
0.0
  0
SPLINE
  5
851
100
AcDbEntity
  8
0
100
AcDbSpline
 62
7
  6
BYLAYER
 70
0
 71
3
 72
11
 73
7
 74
0
 42
0.0000001
 43
0.0000001
 44
0.0000000001
 40
0.0
 40
0.0
 40
0.0
 40
0.0
 40
0.2503609585
 40
0.5005329115
 40
0.7503081318
 40
1.0
 40
1.0
 40
1.0
 40
1.0
 10
12.9023271036
 20
85.3084997128
 30
0.0
 10
12.7667414166
 20
85.1882808365
 30
0.0
 10
12.5154041367
 20
84.9245815966
 30
0.0
 10
12.2104970197
 20
84.4721882375
 30
0.0
 10
11.986176618
 20
83.9754106029
 30
0.0
 10
11.8944724387
 20
83.6236279894
 30
0.0
 10
11.8638149552
 20
83.4455243649
 30
0.0
  0
SPLINE
  5
852
100
AcDbEntity
  8
0
100
AcDbSpline
 62
7
  6
BYLAYER
 70
0
 71
3
 72
9
 73
5
 74
0
 42
0.0000001
 43
0.0000001
 44
0.0000000001
 40
0.0
 40
0.0
 40
0.0
 40
0.0
 40
0.2493506565
 40
1.0
 40
1.0
 40
1.0
 40
1.0
 10
18.3102957889
 20
84.2478159114
 30
0.0
 10
18.3077585735
 20
84.2835036987
 30
0.0
 10
18.2948517794
 20
84.4264211695
 30
0.0
 10
18.2710950795
 20
84.5683436801
 30
0.0
 10
18.2474864965
 20
84.6734306771
 30
0.0
  0
SPLINE
  5
853
100
AcDbEntity
  8
0
100
AcDbSpline
 62
7
  6
BYLAYER
 70
0
 71
3
 72
20
 73
16
 74
0
 42
0.0000001
 43
0.0000001
 44
0.0000000001
 40
0.0
 40
0.0
 40
0.0
 40
0.0
 40
0.057766929
 40
0.1159007968
 40
0.174483589
 40
0.2336518618
 40
0.354088022
 40
0.415494486
 40
0.4776442551
 40
0.5406030799
 40
0.6044388905
 40
0.6690803068
 40
0.73441216
 40
0.8665923267
 40
1.0
 40
1.0
 40
1.0
 40
1.0
 10
18.2474864965
 20
84.6734306771
 30
0.0
 10
18.2292847766
 20
84.7544505373
 30
0.0
 10
18.1858324593
 20
84.915530891
 30
0.0
 10
18.100415644
 20
85.1516526096
 30
0.0
 10
17.9941167191
 20
85.3814371157
 30
0.0
 10
17.8228194847
 20
85.6783501315
 30
0.0
 10
17.6100676447
 20
85.9542028893
 30
0.0
 10
17.3650039371
 20
86.2054429421
 30
0.0
 10
17.1625504808
 20
86.3817433035
 30
0.0
 10
16.9427289272
 20
86.541867501
 30
0.0
 10
16.7064643788
 20
86.6836382822
 30
0.0
 10
16.4560183615
 20
86.8064315736
 30
0.0
 10
16.1048364232
 20
86.9440971325
 30
0.0
 10
15.6417792769
 20
87.0624694261
 30
0.0
 10
15.2592756366
 20
87.0945379587
 30
0.0
 10
15.0675037008
 20
87.0945379587
 30
0.0
  0
SPLINE
  5
854
100
AcDbEntity
  8
0
100
AcDbSpline
 62
7
  6
BYLAYER
 70
0
 71
3
 72
19
 73
15
 74
0
 42
0.0000001
 43
0.0000001
 44
0.0000000001
 40
0.0
 40
0.0
 40
0.0
 40
0.0
 40
0.1334940066
 40
0.2656911708
 40
0.395516659
 40
0.4593401678
 40
0.5223516903
 40
0.5845584946
 40
0.6459582174
 40
0.7065644718
 40
0.7664215981
 40
0.825612197
 40
0.8842155109
 40
1.0
 40
1.0
 40
1.0
 40
1.0
 10
15.0675037008
 20
87.0945379587
 30
0.0
 10
14.8750913997
 20
87.0945379587
 30
0.0
 10
14.4913189618
 20
87.062569162
 30
0.0
 10
13.9367313101
 20
86.9204283926
 30
0.0
 10
13.5049128213
 20
86.7296357098
 30
0.0
 10
13.1881447081
 20
86.5378145144
 30
0.0
 10
12.9676793065
 20
86.3771218671
 30
0.0
 10
12.7640024915
 20
86.2009651505
 30
0.0
 10
12.5780991028
 20
86.0109524342
 30
0.0
 10
12.4111436777
 20
85.8084470057
 30
0.0
 10
12.2641207524
 20
85.5949065108
 30
0.0
 10
12.1373109538
 20
85.372065841
 30
0.0
 10
11.996141369
 20
85.0661258502
 30
0.0
 10
11.920488399
 20
84.8246985782
 30
0.0
 10
11.8846494164
 20
84.6617056264
 30
0.0
  0
SPLINE
  5
855
100
AcDbEntity
  8
0
100
AcDbSpline
 62
7
  6
BYLAYER
 70
0
 71
3
 72
22
 73
18
 74
0
 42
0.0000001
 43
0.0000001
 44
0.0000000001
 40
0.0
 40
0.0
 40
0.0
 40
0.0
 40
0.204577632
 40
0.3966225422
 40
0.570075919
 40
0.7195059676
 40
0.7836783733
 40
0.8400653596
 40
0.8882723079
 40
0.9279458808
 40
0.9587610216
 40
0.9707948276
 40
0.9805869515
 40
0.9881693452
 40
0.9936315326
 40
0.9972533553
 40
1.0
 40
1.0
 40
1.0
 40
1.0
 10
9.463049344
 20
82.6504053439
 30
0.0
 10
9.4221370428
 20
82.6507304311
 30
0.0
 10
9.3428210989
 20
82.6517301499
 30
0.0
 10
9.2288390717
 20
82.6543533727
 30
0.0
 10
9.1259191829
 20
82.6579696544
 30
0.0
 10
9.048604514
 20
82.6618629101
 30
0.0
 10
8.9947303481
 20
82.6654989886
 30
0.0
 10
8.9610896809
 20
82.6682503267
 30
0.0
 10
8.9323791225
 20
82.6711301735
 30
0.0
 10
8.9088262654
 20
82.6741125476
 30
0.0
 10
8.8925368098
 20
82.6768112202
 30
0.0
 10
8.8822587852
 20
82.6791218802
 30
0.0
 10
8.8766003308
 20
82.6807122859
 30
0.0
 10
8.8722896927
 20
82.68229953
 30
0.0
 10
8.8693796618
 20
82.6838728651
 30
0.0
 10
8.8675300135
 20
82.6855531895
 30
0.0
 10
8.8674931082
 20
82.6869977438
 30
0.0
 10
8.8677154866
 20
82.6875000202
 30
0.0
  0
SPLINE
  5
856
100
AcDbEntity
  8
0
100
AcDbSpline
 62
7
  6
BYLAYER
 70
0
 71
3
 72
21
 73
17
 74
0
 42
0.0000001
 43
0.0000001
 44
0.0000000001
 40
0.0
 40
0.0
 40
0.0
 40
0.0
 40
0.1945643507
 40
0.3817975195
 40
0.5542298556
 40
0.6328668549
 40
0.7054282294
 40
0.7711865075
 40
0.8295427885
 40
0.8799329487
 40
0.9218739885
 40
0.9550088435
 40
0.9790199544
 40
0.9937947956
 40
0.9978212202
 40
1.0
 40
1.0
 40
1.0
 40
1.0
 10
63.3675036993
 20
82.3503974081
 30
0.0
 10
63.4325343672
 20
82.350410771
 30
0.0
 10
63.5601458112
 20
82.3508613439
 30
0.0
 10
63.7453808285
 20
82.352875951
 30
0.0
 10
63.8918533442
 20
82.3556819486
 30
0.0
 10
63.9999840045
 20
82.3586005156
 30
0.0
 10
64.0724600765
 20
82.3609855442
 30
0.0
 10
64.1381453223
 20
82.3636135993
 30
0.0
 10
64.1964009394
 20
82.3664522015
 30
0.0
 10
64.2466833087
 20
82.3694792609
 30
0.0
 10
64.2884830568
 20
82.3726384741
 30
0.0
 10
64.3214935356
 20
82.3759125675
 30
0.0
 10
64.3452136524
 20
82.3790786761
 30
0.0
 10
64.3594336331
 20
82.3821277612
 30
0.0
 10
64.3658189226
 20
82.3845866633
 30
0.0
 10
64.3675037008
 20
82.3863178387
 30
0.0
 10
64.3675037008
 20
82.3870460683
 30
0.0
  0
SPLINE
  5
857
100
AcDbEntity
  8
0
100
AcDbSpline
 62
7
  6
BYLAYER
 70
0
 71
3
 72
21
 73
17
 74
0
 42
0.0000001
 43
0.0000001
 44
0.0000000001
 40
0.0
 40
0.0
 40
0.0
 40
0.0
 40
0.0021779767
 40
0.0062040077
 40
0.0209785014
 40
0.0449894799
 40
0.0781243067
 40
0.1200653833
 40
0.1704556251
 40
0.2288120182
 40
0.2945704298
 40
0.3671319524
 40
0.4457691097
 40
0.6182017805
 40
0.8054352957
 40
1.0
 40
1.0
 40
1.0
 40
1.0
 10
8.5675037008
 20
82.3870489347
 30
0.0
 10
8.5675037008
 20
82.386320975
 30
0.0
 10
8.5691889288
 20
82.3845906043
 30
0.0
 10
8.5755738218
 20
82.3821332415
 30
0.0
 10
8.5897940199
 20
82.3790853366
 30
0.0
 10
8.6135139157
 20
82.3759205998
 30
0.0
 10
8.6465244618
 20
82.3726475377
 30
0.0
 10
8.6883241917
 20
82.369489175
 30
0.0
 10
8.7386065827
 20
82.3664626788
 30
0.0
 10
8.7968622061
 20
82.3636243724
 30
0.0
 10
8.862547457
 20
82.3609963323
 30
0.0
 10
8.9350235259
 20
82.3586110383
 30
0.0
 10
9.04315417
 20
82.3556917217
 30
0.0
 10
9.1896266476
 20
82.3528840613
 30
0.0
 10
9.3748616183
 20
82.3508665434
 30
0.0
 10
9.5024730384
 20
82.3504134571
 30
0.0
 10
9.5675036981
 20
82.3503986528
 30
0.0
  0
SPLINE
  5
858
100
AcDbEntity
  8
0
100
AcDbSpline
 62
7
  6
BYLAYER
 70
0
 71
3
 72
22
 73
18
 74
0
 42
0.0000001
 43
0.0000001
 44
0.0000000001
 40
0.0
 40
0.0
 40
0.0
 40
0.0
 40
0.0027466473
 40
0.0063684829
 40
0.0118306837
 40
0.0194130799
 40
0.0292051855
 40
0.0412389428
 40
0.0720539165
 40
0.1117275126
 40
0.1599345228
 40
0.2163213637
 40
0.2804936135
 40
0.4299239523
 40
0.6033771955
 40
0.7954213682
 40
1.0
 40
1.0
 40
1.0
 40
1.0
 10
64.0672919112
 20
82.6875000203
 30
0.0
 10
64.0675142863
 20
82.6869977499
 30
0.0
 10
64.0674773746
 20
82.6855532112
 30
0.0
 10
64.0656277439
 20
82.6838729108
 30
0.0
 10
64.062717749
 20
82.6822995909
 30
0.0
 10
64.0584071723
 20
82.6807123604
 30
0.0
 10
64.0527488109
 20
82.6791219639
 30
0.0
 10
64.0424709778
 20
82.6768113112
 30
0.0
 10
64.02618179
 20
82.6741126147
 30
0.0
 10
64.0026292695
 20
82.6711302473
 30
0.0
 10
63.9739191115
 20
82.6682504157
 30
0.0
 10
63.9402789446
 20
82.6654991106
 30
0.0
 10
63.8864054997
 20
82.6618631507
 30
0.0
 10
63.809091868
 20
82.6579700339
 30
0.0
 10
63.7061735077
 20
82.654353048
 30
0.0
 10
63.5921929791
 20
82.6517297406
 30
0.0
 10
63.5128780259
 20
82.6507318548
 30
0.0
 10
63.4719660727
 20
82.6504070114
 30
0.0
  0
SPLINE
  5
859
100
AcDbEntity
  8
0
100
AcDbSpline
 62
7
  6
BYLAYER
 70
0
 71
3
 72
21
 73
17
 74
0
 42
0.0000001
 43
0.0000001
 44
0.0000000001
 40
0.0
 40
0.0
 40
0.0
 40
0.0
 40
0.0021779767
 40
0.0062040077
 40
0.0209785013
 40
0.0449894799
 40
0.0781243067
 40
0.1200653833
 40
0.1704556251
 40
0.2288120182
 40
0.2945704298
 40
0.3671319524
 40
0.4457691097
 40
0.6182017805
 40
0.8054352957
 40
1.0
 40
1.0
 40
1.0
 40
1.0
 10
64.3675037008
 20
17.3879510656
 30
0.0
 10
64.3675037008
 20
17.3886790253
 30
0.0
 10
64.3658184728
 20
17.390409396
 30
0.0
 10
64.3594335798
 20
17.3928667588
 30
0.0
 10
64.3452133817
 20
17.3959146637
 30
0.0
 10
64.3214934859
 20
17.3990794005
 30
0.0
 10
64.2884829398
 20
17.4023524626
 30
0.0
 10
64.2466832099
 20
17.4055108253
 30
0.0
 10
64.1964008189
 20
17.4085373215
 30
0.0
 10
64.1381451955
 20
17.411375628
 30
0.0
 10
64.0724599446
 20
17.414003668
 30
0.0
 10
63.9999838757
 20
17.416388962
 30
0.0
 10
63.8918532316
 20
17.4193082786
 30
0.0
 10
63.745380754
 20
17.4221159391
 30
0.0
 10
63.5601457833
 20
17.4241334569
 30
0.0
 10
63.4325343632
 20
17.4245865432
 30
0.0
 10
63.3675037035
 20
17.4246013475
 30
0.0
  0
SPLINE
  5
85A
100
AcDbEntity
  8
0
100
AcDbSpline
 62
7
  6
BYLAYER
 70
0
 71
3
 72
21
 73
17
 74
0
 42
0.0000001
 43
0.0000001
 44
0.0000000001
 40
0.0
 40
0.0
 40
0.0
 40
0.0
 40
0.1945643507
 40
0.3817975195
 40
0.5542298556
 40
0.6328668549
 40
0.7054282294
 40
0.7711865075
 40
0.8295427885
 40
0.8799329487
 40
0.9218739885
 40
0.9550088435
 40
0.9790199544
 40
0.9937947956
 40
0.9978212202
 40
1.0
 40
1.0
 40
1.0
 40
1.0
 10
9.5675037023
 20
17.4246025922
 30
0.0
 10
9.5024730344
 20
17.4245892294
 30
0.0
 10
9.3748615904
 20
17.4241386565
 30
0.0
 10
9.1896265731
 20
17.4221240494
 30
0.0
 10
9.0431540575
 20
17.4193180517
 30
0.0
 10
8.9350233971
 20
17.4163994847
 30
0.0
 10
8.8625473251
 20
17.4140144561
 30
0.0
 10
8.7968620793
 20
17.411386401
 30
0.0
 10
8.7386064622
 20
17.4085477988
 30
0.0
 10
8.6883240929
 20
17.4055207394
 30
0.0
 10
8.6465243448
 20
17.4023615263
 30
0.0
 10
8.613513866
 20
17.3990874328
 30
0.0
 10
8.5897937492
 20
17.3959213242
 30
0.0
 10
8.5755737685
 20
17.3928722391
 30
0.0
 10
8.569188479
 20
17.390413337
 30
0.0
 10
8.5675037008
 20
17.3886821616
 30
0.0
 10
8.5675037008
 20
17.3879539321
 30
0.0
  0
SPLINE
  5
85B
100
AcDbEntity
  8
0
100
AcDbSpline
 62
7
  6
BYLAYER
 70
0
 71
3
 72
22
 73
18
 74
0
 42
0.0000001
 43
0.0000001
 44
0.0000000001
 40
0.0
 40
0.0
 40
0.0
 40
0.0
 40
0.0027466462
 40
0.0063684832
 40
0.0118306865
 40
0.0194130849
 40
0.0292051909
 40
0.0412389452
 40
0.0720539049
 40
0.1117275059
 40
0.159934524
 40
0.2163213498
 40
0.2804935846
 40
0.429923963
 40
0.6033771903
 40
0.795421262
 40
1.0
 40
1.0
 40
1.0
 40
1.0
 10
8.8677154904
 20
17.0874999801
 30
0.0
 10
8.8674931155
 20
17.08800225
 30
0.0
 10
8.8675300285
 20
17.0894467883
 30
0.0
 10
8.8693796603
 20
17.0911270864
 30
0.0
 10
8.8722896553
 20
17.0927004053
 30
0.0
 10
8.8766002311
 20
17.0942876349
 30
0.0
 10
8.8822585897
 20
17.0958780311
 30
0.0
 10
8.8925364143
 20
17.0981886841
 30
0.0
 10
8.9088255911
 20
17.1008873847
 30
0.0
 10
8.9323781002
 20
17.1038697533
 30
0.0
 10
8.9610882443
 20
17.1067495847
 30
0.0
 10
8.9947283913
 20
17.1095008867
 30
0.0
 10
9.0486018139
 20
17.1131368319
 30
0.0
 10
9.1259154119
 20
17.1170299312
 30
0.0
 10
9.2288337051
 20
17.1206470105
 30
0.0
 10
9.3428141797
 20
17.123270328
 30
0.0
 10
9.4221291001
 20
17.1242679633
 30
0.0
 10
9.4630410559
 20
17.1245927711
 30
0.0
  0
SPLINE
  5
85C
100
AcDbEntity
  8
0
100
AcDbSpline
 62
7
  6
BYLAYER
 70
0
 71
3
 72
22
 73
18
 74
0
 42
0.0000001
 43
0.0000001
 44
0.0000000001
 40
0.0
 40
0.0
 40
0.0
 40
0.0
 40
0.2045775112
 40
0.3966223759
 40
0.5700757557
 40
0.7195058375
 40
0.7836782668
 40
0.8400652779
 40
0.8882722501
 40
0.9279458449
 40
0.9587610045
 40
0.9707948179
 40
0.980586948
 40
0.9881693461
 40
0.9936315359
 40
0.9972533585
 40
1.0
 40
1.0
 40
1.0
 40
1.0
 10
63.4719563283
 20
17.1245946702
 30
0.0
 10
63.5128687233
 20
17.1242695876
 30
0.0
 10
63.5921848627
 20
17.1232698765
 30
0.0
 10
63.706167186
 20
17.1206466613
 30
0.0
 10
63.80908737
 20
17.1170303827
 30
0.0
 10
63.8864022741
 20
17.113137126
 30
0.0
 10
63.9402766122
 20
17.1095010447
 30
0.0
 10
63.9739173912
 20
17.1067497038
 30
0.0
 10
64.002628047
 20
17.1038698532
 30
0.0
 10
64.0261809856
 20
17.1008874748
 30
0.0
 10
64.0424704984
 20
17.0981887982
 30
0.0
 10
64.0527485601
 20
17.0958781344
 30
0.0
 10
64.0584070349
 20
17.0942877261
 30
0.0
 10
64.0627176891
 20
17.0927004794
 30
0.0
 10
64.0656277306
 20
17.0911271417
 30
0.0
 10
64.0674773868
 20
17.0894468155
 30
0.0
 10
64.0675142938
 20
17.0880022574
 30
0.0
 10
64.067291915
 20
17.0874999801
 30
0.0
  0
SPLINE
  5
85D
100
AcDbEntity
  8
0
100
AcDbSpline
 62
7
  6
BYLAYER
 70
0
 71
3
 72
17
 73
13
 74
0
 42
0.0000001
 43
0.0000001
 44
0.0000000001
 40
0.0
 40
0.0
 40
0.0
 40
0.0
 40
0.0215126132
 40
0.0485822254
 40
0.0821380835
 40
0.1224738131
 40
0.2230104411
 40
0.34752304
 40
0.4917865711
 40
0.6512476044
 40
0.8217965514
 40
1.0
 40
1.0
 40
1.0
 40
1.0
 10
12.4673797135
 20
90.8875000002
 30
0.0
 10
12.4762878307
 20
90.8875000002
 30
0.0
 10
12.4963555394
 20
90.8834170643
 30
0.0
 10
12.5274604577
 20
90.8694087172
 30
0.0
 10
12.5631604923
 20
90.8475002759
 30
0.0
 10
12.6216303127
 20
90.8050371309
 30
0.0
 10
12.7059373747
 20
90.7344288499
 30
0.0
 10
12.8210537013
 20
90.6337925875
 30
0.0
 10
12.9551634238
 20
90.5177570521
 30
0.0
 10
13.1064465245
 20
90.3924906271
 30
0.0
 10
13.2726962656
 20
90.2633965831
 30
0.0
 10
13.3900933928
 20
90.1792097314
 30
0.0
 10
13.4509665969
 20
90.1375000002
 30
0.0
  0
SPLINE
  5
85E
100
AcDbEntity
  8
0
100
AcDbSpline
 62
7
  6
BYLAYER
 70
0
 71
3
 72
9
 73
5
 74
0
 42
0.0000001
 43
0.0000001
 44
0.0000000001
 40
0.0
 40
0.0
 40
0.0
 40
0.0
 40
0.5065837053
 40
1.0
 40
1.0
 40
1.0
 40
1.0
 10
15.4675037008
 20
89.5301914538
 30
0.0
 10
15.8271236131
 20
89.5301914538
 30
0.0
 10
16.5408927994
 20
89.632419197
 30
0.0
 10
17.1950904009
 20
89.9395139755
 30
0.0
 10
17.4840408047
 20
90.1375000001
 30
0.0
  0
SPLINE
  5
85F
100
AcDbEntity
  8
0
100
AcDbSpline
 62
7
  6
BYLAYER
 70
0
 71
3
 72
9
 73
5
 74
0
 42
0.0000001
 43
0.0000001
 44
0.0000000001
 40
0.0
 40
0.0
 40
0.0
 40
0.0
 40
0.4934162947
 40
1.0
 40
1.0
 40
1.0
 40
1.0
 10
13.4509665969
 20
90.1375000001
 30
0.0
 10
13.7399170007
 20
89.9395139755
 30
0.0
 10
14.3941146022
 20
89.632419197
 30
0.0
 10
15.1078837885
 20
89.5301914538
 30
0.0
 10
15.4675037008
 20
89.5301914538
 30
0.0
  0
SPLINE
  5
860
100
AcDbEntity
  8
0
100
AcDbSpline
 62
7
  6
BYLAYER
 70
0
 71
3
 72
17
 73
13
 74
0
 42
0.0000001
 43
0.0000001
 44
0.0000000001
 40
0.0
 40
0.0
 40
0.0
 40
0.0
 40
0.17820344
 40
0.348752409
 40
0.508213447
 40
0.6524769931
 40
0.7769895882
 40
0.877526212
 40
0.9178619477
 40
0.9514177882
 40
0.9784873899
 40
1.0
 40
1.0
 40
1.0
 40
1.0
 10
17.4840408047
 20
90.1375000001
 30
0.0
 10
17.5449140059
 20
90.1792097294
 30
0.0
 10
17.6623111399
 20
90.2633965813
 30
0.0
 10
17.8285608814
 20
90.3924906371
 30
0.0
 10
17.9798440003
 20
90.5177570674
 30
0.0
 10
18.113953724
 20
90.6337926115
 30
0.0
 10
18.229070054
 20
90.734428875
 30
0.0
 10
18.3133771199
 20
90.8050371493
 30
0.0
 10
18.371846932
 20
90.8475002953
 30
0.0
 10
18.407546963
 20
90.8694087244
 30
0.0
 10
18.4386518682
 20
90.8834170698
 30
0.0
 10
18.4587195722
 20
90.8875000002
 30
0.0
 10
18.4676276881
 20
90.8875000002
 30
0.0
  0
SPLINE
  5
861
100
AcDbEntity
  8
0
100
AcDbSpline
 62
7
  6
BYLAYER
 70
0
 71
3
 72
17
 73
13
 74
0
 42
0.0000001
 43
0.0000001
 44
0.0000000001
 40
0.0
 40
0.0
 40
0.0
 40
0.0
 40
0.0215126132
 40
0.0485822254
 40
0.0821380835
 40
0.1224738131
 40
0.2230104411
 40
0.34752304
 40
0.4917865711
 40
0.6512476044
 40
0.8217965514
 40
1.0
 40
1.0
 40
1.0
 40
1.0
 10
54.4673797135
 20
90.8875000002
 30
0.0
 10
54.4762878307
 20
90.8875000002
 30
0.0
 10
54.4963555394
 20
90.8834170643
 30
0.0
 10
54.5274604577
 20
90.8694087172
 30
0.0
 10
54.5631604923
 20
90.8475002759
 30
0.0
 10
54.6216303127
 20
90.8050371309
 30
0.0
 10
54.7059373747
 20
90.7344288499
 30
0.0
 10
54.8210537013
 20
90.6337925875
 30
0.0
 10
54.9551634238
 20
90.5177570521
 30
0.0
 10
55.1064465245
 20
90.392490627
 30
0.0
 10
55.2726962657
 20
90.2633965831
 30
0.0
 10
55.3900933928
 20
90.1792097314
 30
0.0
 10
55.4509665969
 20
90.1375000001
 30
0.0
  0
SPLINE
  5
862
100
AcDbEntity
  8
0
100
AcDbSpline
 62
7
  6
BYLAYER
 70
0
 71
3
 72
9
 73
5
 74
0
 42
0.0000001
 43
0.0000001
 44
0.0000000001
 40
0.0
 40
0.0
 40
0.0
 40
0.0
 40
0.5065837053
 40
1.0
 40
1.0
 40
1.0
 40
1.0
 10
57.4675037008
 20
89.5301914538
 30
0.0
 10
57.8271236131
 20
89.5301914538
 30
0.0
 10
58.5408927994
 20
89.632419197
 30
0.0
 10
59.1950904009
 20
89.9395139755
 30
0.0
 10
59.4840408047
 20
90.1375000001
 30
0.0
  0
SPLINE
  5
863
100
AcDbEntity
  8
0
100
AcDbSpline
 62
7
  6
BYLAYER
 70
0
 71
3
 72
9
 73
5
 74
0
 42
0.0000001
 43
0.0000001
 44
0.0000000001
 40
0.0
 40
0.0
 40
0.0
 40
0.0
 40
0.4934162947
 40
1.0
 40
1.0
 40
1.0
 40
1.0
 10
55.450966597
 20
90.1375000001
 30
0.0
 10
55.7399170007
 20
89.9395139755
 30
0.0
 10
56.3941146023
 20
89.632419197
 30
0.0
 10
57.1078837885
 20
89.5301914538
 30
0.0
 10
57.4675037008
 20
89.5301914538
 30
0.0
  0
SPLINE
  5
864
100
AcDbEntity
  8
0
100
AcDbSpline
 62
7
  6
BYLAYER
 70
0
 71
3
 72
17
 73
13
 74
0
 42
0.0000001
 43
0.0000001
 44
0.0000000001
 40
0.0
 40
0.0
 40
0.0
 40
0.0
 40
0.17820344
 40
0.348752409
 40
0.508213447
 40
0.6524769931
 40
0.7769895882
 40
0.877526212
 40
0.9178619477
 40
0.9514177882
 40
0.9784873899
 40
1.0
 40
1.0
 40
1.0
 40
1.0
 10
59.4840408047
 20
90.1375000001
 30
0.0
 10
59.5449140059
 20
90.1792097294
 30
0.0
 10
59.6623111399
 20
90.2633965813
 30
0.0
 10
59.8285608814
 20
90.3924906371
 30
0.0
 10
59.9798440003
 20
90.5177570674
 30
0.0
 10
60.113953724
 20
90.6337926115
 30
0.0
 10
60.229070054
 20
90.734428875
 30
0.0
 10
60.3133771199
 20
90.8050371493
 30
0.0
 10
60.371846932
 20
90.8475002953
 30
0.0
 10
60.407546963
 20
90.8694087244
 30
0.0
 10
60.4386518682
 20
90.8834170698
 30
0.0
 10
60.4587195722
 20
90.8875000002
 30
0.0
 10
60.4676276881
 20
90.8875000002
 30
0.0
  0
SPLINE
  5
865
100
AcDbEntity
  8
0
100
AcDbSpline
 62
7
  6
BYLAYER
 70
0
 71
3
 72
14
 73
10
 74
0
 42
0.0000001
 43
0.0000001
 44
0.0000000001
 40
0.0
 40
0.0
 40
0.0
 40
0.0
 40
0.1105697923
 40
0.223974831
 40
0.3412492728
 40
0.4636794566
 40
0.5916774778
 40
0.7248246133
 40
1.0
 40
1.0
 40
1.0
 40
1.0
 10
8.4675037008
 20
89.8875000002
 30
0.0
 10
8.4675037008
 20
89.9399784609
 30
0.0
 10
8.480558352
 20
90.0466661528
 30
0.0
 10
8.5373133659
 20
90.1998066998
 30
0.0
 10
8.6299220418
 20
90.3411107224
 30
0.0
 10
8.7546200625
 20
90.4648371007
 30
0.0
 10
8.9068160445
 20
90.5667115241
 30
0.0
 10
9.140936589
 20
90.6689972117
 30
0.0
 10
9.3369003892
 20
90.7001116397
 30
0.0
 10
9.4675036981
 20
90.7001154551
 30
0.0
  0
SPLINE
  5
866
100
AcDbEntity
  8
0
100
AcDbSpline
 62
7
  6
BYLAYER
 70
0
 71
3
 72
9
 73
5
 74
0
 42
0.0000001
 43
0.0000001
 44
0.0000000001
 40
0.0
 40
0.0
 40
0.0
 40
0.0
 40
0.7493409884
 40
1.0
 40
1.0
 40
1.0
 40
1.0
 10
8.4675037008
 20
85.8874999994
 30
0.0
 10
8.4675037008
 20
86.00363511
 30
0.0
 10
8.490477824
 20
86.1600132571
 30
0.0
 10
8.5428782605
 20
86.3059961862
 30
0.0
 10
8.5578417129
 20
86.3418466146
 30
0.0
  0
SPLINE
  5
867
100
AcDbEntity
  8
0
100
AcDbSpline
 62
7
  6
BYLAYER
 70
0
 71
3
 72
12
 73
8
 74
0
 42
0.0000001
 43
0.0000001
 44
0.0000000001
 40
0.0
 40
0.0
 40
0.0
 40
0.0
 40
0.2497632062
 40
0.4996411942
 40
0.6248957126
 40
0.7502013555
 40
1.0
 40
1.0
 40
1.0
 40
1.0
 10
8.5578417129
 20
86.3418466146
 30
0.0
 10
8.5946071457
 20
86.4299316685
 30
0.0
 10
8.6907807724
 20
86.5976750471
 30
0.0
 10
8.8623036156
 20
86.7684693222
 30
0.0
 10
9.0242238757
 20
86.8714834194
 30
0.0
 10
9.1991947009
 20
86.9497418902
 30
0.0
 10
9.3429082926
 20
86.9778766291
 30
0.0
 10
9.4383271493
 20
86.980792298
 30
0.0
  0
SPLINE
  5
868
100
AcDbEntity
  8
0
100
AcDbSpline
 62
7
  6
BYLAYER
 70
0
 71
3
 72
11
 73
7
 74
0
 42
0.0000001
 43
0.0000001
 44
0.0000000001
 40
0.0
 40
0.0
 40
0.0
 40
0.0
 40
0.2498998172
 40
0.4998353488
 40
0.7498161178
 40
1.0
 40
1.0
 40
1.0
 40
1.0
 10
9.4675035286
 20
12.8534257975
 30
0.0
 10
9.3352736029
 20
12.8534218888
 30
0.0
 10
9.067657427
 20
12.9093686314
 30
0.0
 10
8.7353678965
 20
13.1445747
 30
0.0
 10
8.5175971822
 20
13.4877726085
 30
0.0
 10
8.4675037008
 20
13.7551197667
 30
0.0
 10
8.4675037008
 20
13.8875000002
 30
0.0
  0
SPLINE
  5
869
100
AcDbEntity
  8
0
100
AcDbSpline
 62
7
  6
BYLAYER
 70
0
 71
3
 72
11
 73
7
 74
0
 42
0.0000001
 43
0.0000001
 44
0.0000000001
 40
0.0
 40
0.0
 40
0.0
 40
0.0
 40
0.2463158552
 40
0.4947352083
 40
0.7462981767
 40
1.0
 40
1.0
 40
1.0
 40
1.0
 10
8.4675037008
 20
12.3875000002
 30
0.0
 10
8.4675037008
 20
12.2615302228
 30
0.0
 10
8.5202986646
 20
12.0056062499
 30
0.0
 10
8.7444545444
 20
11.6845596136
 30
0.0
 10
9.0766691533
 20
11.4711610452
 30
0.0
 10
9.3377564517
 20
11.4215741955
 30
0.0
 10
9.4675035286
 20
11.4215741739
 30
0.0
  0
SPLINE
  5
86A
100
AcDbEntity
  8
0
100
AcDbSpline
 62
7
  6
BYLAYER
 70
0
 71
3
 72
23
 73
19
 74
0
 42
0.0000001
 43
0.0000001
 44
0.0000000001
 40
0.0
 40
0.0
 40
0.0
 40
0.0
 40
0.194858748
 40
0.3825950298
 40
0.5553884699
 40
0.6341517134
 40
0.706827518
 40
0.7727313535
 40
0.8311828243
 40
0.8816079754
 40
0.9235710353
 40
0.9566466341
 40
0.9697344865
 40
0.9804908233
 40
0.9888990062
 40
0.9949448493
 40
0.9986230246
 40
1.0
 40
1.0
 40
1.0
 40
1.0
 10
9.4674769762
 20
40.3875001693
 30
0.0
 10
9.4025002509
 20
40.3875066774
 30
0.0
 10
9.2749217769
 20
40.387667705
 30
0.0
 10
9.0897255693
 20
40.3883788188
 30
0.0
 10
8.9432440496
 20
40.389381627
 30
0.0
 10
8.835131855
 20
40.3904233903
 30
0.0
 10
8.7626627154
 20
40.391275743
 30
0.0
 10
8.6969679
 20
40.3922137064
 30
0.0
 10
8.6386961191
 20
40.3932307082
 30
0.0
 10
8.5884063516
 20
40.3943136244
 30
0.0
 10
8.5465930688
 20
40.3954469149
 30
0.0
 10
8.5172049225
 20
40.3964675685
 30
0.0
 10
8.498273829
 20
40.3973445192
 30
0.0
 10
8.4874739885
 20
40.397941319
 30
0.0
 10
8.4792496568
 20
40.3985691395
 30
0.0
 10
8.472863814
 20
40.3991105673
 30
0.0
 10
8.4698629234
 20
40.3997616686
 30
0.0
 10
8.4675037008
 20
40.4001317916
 30
0.0
 10
8.4675037008
 20
40.4005909517
 30
0.0
  0
SPLINE
  5
86B
100
AcDbEntity
  8
0
100
AcDbSpline
 62
7
  6
BYLAYER
 70
0
 71
3
 72
23
 73
19
 74
0
 42
0.0000001
 43
0.0000001
 44
0.0000000001
 40
0.0
 40
0.0
 40
0.0
 40
0.0
 40
0.1948626018
 40
0.3826019198
 40
0.5553977134
 40
0.6341619054
 40
0.7068385256
 40
0.7727430192
 40
0.8311949403
 40
0.8816203677
 40
0.9235837527
 40
0.9566601731
 40
0.9697488034
 40
0.980506049
 40
0.9889150245
 40
0.9949609987
 40
0.998637041
 40
1.0
 40
1.0
 40
1.0
 40
1.0
 10
63.4675543718
 20
40.3874997544
 30
0.0
 10
63.532529946
 20
40.3874933477
 30
0.0
 10
63.6601059669
 20
40.3876575412
 30
0.0
 10
63.8452982314
 20
40.3883843227
 30
0.0
 10
63.9917764091
 20
40.389380797
 30
0.0
 10
64.0998859239
 20
40.39042303
 30
0.0
 10
64.1723531272
 20
40.39127737
 30
0.0
 10
64.238046122
 20
40.3922158572
 30
0.0
 10
64.2963162182
 20
40.3932280312
 30
0.0
 10
64.3466047558
 20
40.3943016395
 30
0.0
 10
64.3884167425
 20
40.3954318196
 30
0.0
 10
64.417804874
 20
40.3964615183
 30
0.0
 10
64.4367340561
 20
40.3973612322
 30
0.0
 10
64.4475357483
 20
40.3979696485
 30
0.0
 10
64.4557536911
 20
40.3986164048
 30
0.0
 10
64.4621518913
 20
40.3991423151
 30
0.0
 10
64.4651251664
 20
40.3998189761
 30
0.0
 10
64.4675037008
 20
40.4001360116
 30
0.0
 10
64.4675037008
 20
40.4005904808
 30
0.0
  0
SPLINE
  5
86C
100
AcDbEntity
  8
0
100
AcDbSpline
 62
7
  6
BYLAYER
 70
0
 71
3
 72
23
 73
19
 74
0
 42
0.0000001
 43
0.0000001
 44
0.0000000001
 40
0.0
 40
0.0
 40
0.0
 40
0.0
 40
0.194858898
 40
0.3825952473
 40
0.5553886827
 40
0.6341519077
 40
0.7068276872
 40
0.772731494
 40
0.8311829351
 40
0.8816080567
 40
0.9235710891
 40
0.9566466651
 40
0.9697345082
 40
0.9804908372
 40
0.988899014
 40
0.9949448526
 40
0.9986230252
 40
1.0
 40
1.0
 40
1.0
 40
1.0
 10
63.4675331372
 20
59.3874998368
 30
0.0
 10
63.5325097363
 20
59.387493323
 30
0.0
 10
63.6600879371
 20
59.387332289
 30
0.0
 10
63.8452837136
 20
59.3866211716
 30
0.0
 10
63.9917648509
 20
59.3856183609
 30
0.0
 10
64.0998767363
 20
59.3845765969
 30
0.0
 10
64.1723456554
 20
59.3837242444
 30
0.0
 10
64.2380402649
 20
59.3827862816
 30
0.0
 10
64.2963118584
 20
59.3817692809
 30
0.0
 10
64.3466014606
 20
59.3806863662
 30
0.0
 10
64.3884146034
 20
59.3795530773
 30
0.0
 10
64.4178026502
 20
59.3785324252
 30
0.0
 10
64.4367336791
 20
59.377655476
 30
0.0
 10
64.4475334824
 20
59.3770586771
 30
0.0
 10
64.4557577859
 20
59.3764308578
 30
0.0
 10
64.4621436061
 20
59.3758894303
 30
0.0
 10
64.4651444872
 20
59.3752383312
 30
0.0
 10
64.4675037008
 20
59.3748682076
 30
0.0
 10
64.4675037008
 20
59.374409049
 30
0.0
  0
SPLINE
  5
86D
100
AcDbEntity
  8
0
100
AcDbSpline
 62
7
  6
BYLAYER
 70
0
 71
3
 72
11
 73
7
 74
0
 42
0.0000001
 43
0.0000001
 44
0.0000000001
 40
0.0
 40
0.0
 40
0.0
 40
0.0
 40
0.2501619808
 40
0.5001579494
 40
0.7501101179
 40
1.0
 40
1.0
 40
1.0
 40
1.0
 10
64.4675037008
 20
13.8875011508
 30
0.0
 10
64.4675037008
 20
13.7551326258
 30
0.0
 10
64.4174164598
 20
13.4877909035
 30
0.0
 10
64.1996487274
 20
13.1445780106
 30
0.0
 10
63.8673467064
 20
12.9093857675
 30
0.0
 10
63.5997287772
 20
12.853392971
 30
0.0
 10
63.4675042321
 20
12.8534257964
 30
0.0
  0
SPLINE
  5
86E
100
AcDbEntity
  8
0
100
AcDbSpline
 62
7
  6
BYLAYER
 70
0
 71
3
 72
12
 73
8
 74
0
 42
0.0000001
 43
0.0000001
 44
0.0000000001
 40
0.0
 40
0.0
 40
0.0
 40
0.0
 40
0.2498591236
 40
0.375165491
 40
0.5004186151
 40
0.7502491876
 40
1.0
 40
1.0
 40
1.0
 40
1.0
 10
63.4968047285
 20
86.980734833
 30
0.0
 10
63.5916040983
 20
86.9776834159
 30
0.0
 10
63.7343823833
 20
86.9501146597
 30
0.0
 10
63.9083973557
 20
86.8727633369
 30
0.0
 10
64.069501854
 20
86.7709166837
 30
0.0
 10
64.2406218581
 20
86.6021071389
 30
0.0
 10
64.3371189366
 20
86.4360936379
 30
0.0
 10
64.3742170216
 20
86.3488459106
 30
0.0
  0
SPLINE
  5
86F
100
AcDbEntity
  8
0
100
AcDbSpline
 62
7
  6
BYLAYER
 70
0
 71
3
 72
9
 73
5
 74
0
 42
0.0000001
 43
0.0000001
 44
0.0000000001
 40
0.0
 40
0.0
 40
0.0
 40
0.0
 40
0.2506685287
 40
1.0
 40
1.0
 40
1.0
 40
1.0
 10
64.3742170216
 20
86.3488459106
 30
0.0
 10
64.3896649154
 20
86.3125153663
 30
0.0
 10
64.4437616034
 20
86.1644704145
 30
0.0
 10
64.4675037008
 20
86.0055141144
 30
0.0
 10
64.4675037008
 20
85.887499999
 30
0.0
  0
SPLINE
  5
870
100
AcDbEntity
  8
0
100
AcDbSpline
 62
7
  6
BYLAYER
 70
0
 71
3
 72
14
 73
10
 74
0
 42
0.0000001
 43
0.0000001
 44
0.0000000001
 40
0.0
 40
0.0
 40
0.0
 40
0.0
 40
0.2751971332
 40
0.4083374436
 40
0.536323086
 40
0.6587423629
 40
0.7760108727
 40
0.8894177115
 40
1.0
 40
1.0
 40
1.0
 40
1.0
 10
63.4675076405
 20
90.7001155485
 30
0.0
 10
63.5981207073
 20
90.7001594773
 30
0.0
 10
63.7940888196
 20
90.6689693897
 30
0.0
 10
64.028208494
 20
90.5666970622
 30
0.0
 10
64.1803946062
 20
90.4648320727
 30
0.0
 10
64.3050806316
 20
90.3411155071
 30
0.0
 10
64.3976911721
 20
90.1998220901
 30
0.0
 10
64.4544470018
 20
90.046678038
 30
0.0
 10
64.4675037008
 20
89.9399841685
 30
0.0
 10
64.4675037008
 20
89.8875000002
 30
0.0
  0
SPLINE
  5
871
100
AcDbEntity
  8
0
100
AcDbSpline
 62
7
  6
BYLAYER
 70
0
 71
3
 72
11
 73
7
 74
0
 42
0.0000001
 43
0.0000001
 44
0.0000000001
 40
0.0
 40
0.0
 40
0.0
 40
0.0
 40
0.2537018243
 40
0.5052647937
 40
0.7536841472
 40
1.0
 40
1.0
 40
1.0
 40
1.0
 10
63.4675042321
 20
11.4215741739
 30
0.0
 10
63.5972512797
 20
11.4215742405
 30
0.0
 10
63.8583385009
 20
11.471161158
 30
0.0
 10
64.1905529836
 20
11.6845597503
 30
0.0
 10
64.4147087625
 20
12.0056063414
 30
0.0
 10
64.4675037008
 20
12.2615302529
 30
0.0
 10
64.4675037008
 20
12.3875000002
 30
0.0
  0
SPLINE
  5
872
100
AcDbEntity
  8
0
100
AcDbSpline
 62
7
  6
BYLAYER
 70
0
 71
3
 72
23
 73
19
 74
0
 42
0.0000001
 43
0.0000001
 44
0.0000000001
 40
0.0
 40
0.0
 40
0.0
 40
0.0
 40
0.1948626018
 40
0.382601918
 40
0.555397713
 40
0.6341619055
 40
0.7068385262
 40
0.7727430199
 40
0.8311949408
 40
0.8816203682
 40
0.9235837532
 40
0.9566601736
 40
0.9697488038
 40
0.9805060494
 40
0.9889150249
 40
0.994960999
 40
0.9986370412
 40
1.0
 40
1.0
 40
1.0
 40
1.0
 10
9.467452997
 20
59.3875002565
 30
0.0
 10
9.402477425
 20
59.3875066605
 30
0.0
 10
9.2749014089
 20
59.3873424635
 30
0.0
 10
9.0897091508
 20
59.3866156787
 30
0.0
 10
8.9432309778
 20
59.385619202
 30
0.0
 10
8.8351214658
 20
59.3845769678
 30
0.0
 10
8.7626542646
 20
59.3837226272
 30
0.0
 10
8.6969612718
 20
59.3827841397
 30
0.0
 10
8.6386911776
 20
59.3817719655
 30
0.0
 10
8.5884026417
 20
59.3806983574
 30
0.0
 10
8.5465906564
 20
59.3795681777
 30
0.0
 10
8.5172025259
 20
59.3785384794
 30
0.0
 10
8.4982733444
 20
59.377638766
 30
0.0
 10
8.4874716526
 20
59.37703035
 30
0.0
 10
8.4792537102
 20
59.376383594
 30
0.0
 10
8.47285551
 20
59.3758576844
 30
0.0
 10
8.4698822354
 20
59.3751810233
 30
0.0
 10
8.4675037008
 20
59.3748639887
 30
0.0
 10
8.4675037008
 20
59.3744095196
 30
0.0
  0
SPLINE
  5
873
100
AcDbEntity
  8
0
100
AcDbSpline
 62
7
  6
BYLAYER
 70
0
 71
3
 72
18
 73
14
 74
0
 42
0.0000001
 43
0.0000001
 44
0.0000000001
 40
0.0
 40
0.0
 40
0.0
 40
0.0
 40
0.0912351252
 40
0.1823669639
 40
0.2733247577
 40
0.3640927844
 40
0.4547156523
 40
0.5452843477
 40
0.6359072156
 40
0.7266752423
 40
0.8176330361
 40
0.9087648748
 40
1.0
 40
1.0
 40
1.0
 40
1.0
 10
15.0675037008
 20
83.5619916862
 30
0.0
 10
14.9014946969
 20
83.5619916862
 30
0.0
 10
14.5677525389
 20
83.5145096149
 30
0.0
 10
14.1089205011
 20
83.3065137218
 30
0.0
 10
13.7271727455
 20
82.9784748299
 30
0.0
 10
13.4540245375
 20
82.5568480559
 30
0.0
 10
13.3116095635
 20
82.0757683774
 30
0.0
 10
13.3116095635
 20
81.5743034643
 30
0.0
 10
13.4540245375
 20
81.0932237858
 30
0.0
 10
13.7271727455
 20
80.6715970119
 30
0.0
 10
14.1089205011
 20
80.3435581199
 30
0.0
 10
14.5677525389
 20
80.1355622268
 30
0.0
 10
14.9014946969
 20
80.0880801555
 30
0.0
 10
15.0675037008
 20
80.0880801555
 30
0.0
  0
SPLINE
  5
874
100
AcDbEntity
  8
0
100
AcDbSpline
 62
7
  6
BYLAYER
 70
0
 71
3
 72
18
 73
14
 74
0
 42
0.0000001
 43
0.0000001
 44
0.0000000001
 40
0.0
 40
0.0
 40
0.0
 40
0.0
 40
0.0912351252
 40
0.1823669639
 40
0.2733247577
 40
0.3640927844
 40
0.4547156523
 40
0.5452843477
 40
0.6359072156
 40
0.7266752423
 40
0.8176330361
 40
0.9087648748
 40
1.0
 40
1.0
 40
1.0
 40
1.0
 10
15.0675037008
 20
79.8321545343
 30
0.0
 10
14.9014946969
 20
79.8321545343
 30
0.0
 10
14.5677525389
 20
79.8796366057
 30
0.0
 10
14.1089205011
 20
80.0876324987
 30
0.0
 10
13.7271727455
 20
80.4156713907
 30
0.0
 10
13.4540245375
 20
80.8372981647
 30
0.0
 10
13.3116095635
 20
81.3183778432
 30
0.0
 10
13.3116095635
 20
81.8198427563
 30
0.0
 10
13.4540245375
 20
82.3009224347
 30
0.0
 10
13.7271727455
 20
82.7225492087
 30
0.0
 10
14.1089205011
 20
83.0505881007
 30
0.0
 10
14.5677525389
 20
83.2585839937
 30
0.0
 10
14.9014946969
 20
83.3060660651
 30
0.0
 10
15.0675037008
 20
83.3060660651
 30
0.0
  0
SPLINE
  5
875
100
AcDbEntity
  8
0
100
AcDbSpline
 62
7
  6
BYLAYER
 70
0
 71
3
 72
18
 73
14
 74
0
 42
0.0000001
 43
0.0000001
 44
0.0000000001
 40
0.0
 40
0.0
 40
0.0
 40
0.0
 40
0.0912351252
 40
0.1823669639
 40
0.2733247577
 40
0.3640927844
 40
0.4547156523
 40
0.5452843477
 40
0.6359072156
 40
0.7266752423
 40
0.8176330361
 40
0.9087648748
 40
1.0
 40
1.0
 40
1.0
 40
1.0
 10
15.0675037008
 20
80.0880801555
 30
0.0
 10
15.2335127047
 20
80.0880801555
 30
0.0
 10
15.5672548627
 20
80.1355622268
 30
0.0
 10
16.0260869005
 20
80.3435581199
 30
0.0
 10
16.4078346561
 20
80.6715970119
 30
0.0
 10
16.6809828641
 20
81.0932237858
 30
0.0
 10
16.8233978381
 20
81.5743034643
 30
0.0
 10
16.8233978381
 20
82.0757683774
 30
0.0
 10
16.6809828641
 20
82.5568480559
 30
0.0
 10
16.4078346561
 20
82.9784748299
 30
0.0
 10
16.0260869005
 20
83.3065137218
 30
0.0
 10
15.5672548627
 20
83.5145096149
 30
0.0
 10
15.2335127047
 20
83.5619916862
 30
0.0
 10
15.0675037008
 20
83.5619916862
 30
0.0
  0
SPLINE
  5
876
100
AcDbEntity
  8
0
100
AcDbSpline
 62
7
  6
BYLAYER
 70
0
 71
3
 72
18
 73
14
 74
0
 42
0.0000001
 43
0.0000001
 44
0.0000000001
 40
0.0
 40
0.0
 40
0.0
 40
0.0
 40
0.0912351252
 40
0.1823669639
 40
0.2733247577
 40
0.3640927844
 40
0.4547156523
 40
0.5452843477
 40
0.6359072156
 40
0.7266752423
 40
0.8176330361
 40
0.9087648748
 40
1.0
 40
1.0
 40
1.0
 40
1.0
 10
15.0675037008
 20
83.3060660651
 30
0.0
 10
15.2335127047
 20
83.3060660651
 30
0.0
 10
15.5672548627
 20
83.2585839937
 30
0.0
 10
16.0260869005
 20
83.0505881007
 30
0.0
 10
16.4078346561
 20
82.7225492087
 30
0.0
 10
16.6809828641
 20
82.3009224347
 30
0.0
 10
16.8233978381
 20
81.8198427563
 30
0.0
 10
16.8233978381
 20
81.3183778432
 30
0.0
 10
16.6809828641
 20
80.8372981647
 30
0.0
 10
16.4078346561
 20
80.4156713907
 30
0.0
 10
16.0260869005
 20
80.0876324987
 30
0.0
 10
15.5672548627
 20
79.8796366057
 30
0.0
 10
15.2335127047
 20
79.8321545343
 30
0.0
 10
15.0675037008
 20
79.8321545343
 30
0.0
  0
SPLINE
  5
877
100
AcDbEntity
  8
0
100
AcDbSpline
 62
7
  6
BYLAYER
 70
0
 71
3
 72
23
 73
19
 74
0
 42
0.0000001
 43
0.0000001
 44
0.0000000001
 40
0.0
 40
0.0
 40
0.0
 40
0.0
 40
0.0627291088
 40
0.125423425
 40
0.1880534022
 40
0.2505992167
 40
0.3130538063
 40
0.3754239964
 40
0.4377295128
 40
0.5
 40
0.5622704872
 40
0.6245760036
 40
0.6869461937
 40
0.7494007833
 40
0.8119465978
 40
0.874576575
 40
0.9372708912
 40
1.0
 40
1.0
 40
1.0
 40
1.0
 10
57.6675037008
 20
83.5867871987
 30
0.0
 10
57.5531585292
 20
83.5867871987
 30
0.0
 10
57.3239068383
 20
83.5644085116
 30
0.0
 10
56.9936796979
 20
83.4649789278
 30
0.0
 10
56.689178455
 20
83.3034950371
 30
0.0
 10
56.4222717431
 20
83.0861405817
 30
0.0
 10
56.2031814888
 20
82.8212485326
 30
0.0
 10
56.0403589248
 20
82.5189876061
 30
0.0
 10
55.9400805084
 20
82.1909753892
 30
0.0
 10
55.9062184711
 20
81.8498314333
 30
0.0
 10
55.9400805084
 20
81.5086874775
 30
0.0
 10
56.0403589248
 20
81.1806752606
 30
0.0
 10
56.2031814888
 20
80.8784143341
 30
0.0
 10
56.4222717431
 20
80.613522285
 30
0.0
 10
56.689178455
 20
80.3961678296
 30
0.0
 10
56.9936796979
 20
80.2346839389
 30
0.0
 10
57.3239068383
 20
80.135254355
 30
0.0
 10
57.5531585292
 20
80.112875668
 30
0.0
 10
57.6675037008
 20
80.112875668
 30
0.0
  0
SPLINE
  5
878
100
AcDbEntity
  8
0
100
AcDbSpline
 62
7
  6
BYLAYER
 70
0
 71
3
 72
23
 73
19
 74
0
 42
0.0000001
 43
0.0000001
 44
0.0000000001
 40
0.0
 40
0.0
 40
0.0
 40
0.0
 40
0.0627291088
 40
0.125423425
 40
0.1880534022
 40
0.2505992167
 40
0.3130538063
 40
0.3754239964
 40
0.4377295128
 40
0.5
 40
0.5622704872
 40
0.6245760036
 40
0.6869461937
 40
0.7494007833
 40
0.8119465978
 40
0.874576575
 40
0.9372708912
 40
1.0
 40
1.0
 40
1.0
 40
1.0
 10
57.6675037008
 20
79.8569500468
 30
0.0
 10
57.5531585292
 20
79.8569500468
 30
0.0
 10
57.3239068383
 20
79.8793287339
 30
0.0
 10
56.9936796979
 20
79.9787583177
 30
0.0
 10
56.689178455
 20
80.1402422084
 30
0.0
 10
56.4222717431
 20
80.3575966638
 30
0.0
 10
56.2031814888
 20
80.6224887129
 30
0.0
 10
56.0403589248
 20
80.9247496394
 30
0.0
 10
55.9400805084
 20
81.2527618563
 30
0.0
 10
55.9062184711
 20
81.5939058122
 30
0.0
 10
55.9400805084
 20
81.935049768
 30
0.0
 10
56.0403589248
 20
82.2630619849
 30
0.0
 10
56.2031814888
 20
82.5653229114
 30
0.0
 10
56.4222717431
 20
82.8302149605
 30
0.0
 10
56.689178455
 20
83.047569416
 30
0.0
 10
56.9936796979
 20
83.2090533066
 30
0.0
 10
57.3239068383
 20
83.3084828905
 30
0.0
 10
57.5531585292
 20
83.3308615776
 30
0.0
 10
57.6675037008
 20
83.3308615776
 30
0.0
  0
SPLINE
  5
879
100
AcDbEntity
  8
0
100
AcDbSpline
 62
7
  6
BYLAYER
 70
0
 71
3
 72
23
 73
19
 74
0
 42
0.0000001
 43
0.0000001
 44
0.0000000001
 40
0.0
 40
0.0
 40
0.0
 40
0.0
 40
0.0627291088
 40
0.125423425
 40
0.1880534022
 40
0.2505992167
 40
0.3130538063
 40
0.3754239964
 40
0.4377295128
 40
0.5
 40
0.5622704872
 40
0.6245760036
 40
0.6869461937
 40
0.7494007833
 40
0.8119465978
 40
0.874576575
 40
0.9372708912
 40
1.0
 40
1.0
 40
1.0
 40
1.0
 10
57.6675037008
 20
80.112875668
 30
0.0
 10
57.7818488724
 20
80.112875668
 30
0.0
 10
58.0111005633
 20
80.135254355
 30
0.0
 10
58.3413277037
 20
80.2346839389
 30
0.0
 10
58.6458289466
 20
80.3961678296
 30
0.0
 10
58.9127356585
 20
80.613522285
 30
0.0
 10
59.1318259128
 20
80.8784143341
 30
0.0
 10
59.2946484768
 20
81.1806752606
 30
0.0
 10
59.3949268932
 20
81.5086874775
 30
0.0
 10
59.4287889305
 20
81.8498314333
 30
0.0
 10
59.3949268932
 20
82.1909753892
 30
0.0
 10
59.2946484768
 20
82.5189876061
 30
0.0
 10
59.1318259128
 20
82.8212485326
 30
0.0
 10
58.9127356585
 20
83.0861405817
 30
0.0
 10
58.6458289466
 20
83.3034950371
 30
0.0
 10
58.3413277037
 20
83.4649789278
 30
0.0
 10
58.0111005633
 20
83.5644085116
 30
0.0
 10
57.7818488724
 20
83.5867871987
 30
0.0
 10
57.6675037008
 20
83.5867871987
 30
0.0
  0
SPLINE
  5
87A
100
AcDbEntity
  8
0
100
AcDbSpline
 62
7
  6
BYLAYER
 70
0
 71
3
 72
23
 73
19
 74
0
 42
0.0000001
 43
0.0000001
 44
0.0000000001
 40
0.0
 40
0.0
 40
0.0
 40
0.0
 40
0.0627291088
 40
0.125423425
 40
0.1880534022
 40
0.2505992167
 40
0.3130538063
 40
0.3754239964
 40
0.4377295128
 40
0.5
 40
0.5622704872
 40
0.6245760036
 40
0.6869461937
 40
0.7494007833
 40
0.8119465978
 40
0.874576575
 40
0.9372708912
 40
1.0
 40
1.0
 40
1.0
 40
1.0
 10
57.6675037008
 20
83.3308615776
 30
0.0
 10
57.7818488724
 20
83.3308615776
 30
0.0
 10
58.0111005633
 20
83.3084828905
 30
0.0
 10
58.3413277037
 20
83.2090533066
 30
0.0
 10
58.6458289466
 20
83.047569416
 30
0.0
 10
58.9127356585
 20
82.8302149605
 30
0.0
 10
59.1318259128
 20
82.5653229114
 30
0.0
 10
59.2946484768
 20
82.2630619849
 30
0.0
 10
59.3949268932
 20
81.935049768
 30
0.0
 10
59.4287889305
 20
81.5939058122
 30
0.0
 10
59.3949268932
 20
81.2527618563
 30
0.0
 10
59.2946484768
 20
80.9247496394
 30
0.0
 10
59.1318259128
 20
80.6224887129
 30
0.0
 10
58.9127356585
 20
80.3575966638
 30
0.0
 10
58.6458289466
 20
80.1402422084
 30
0.0
 10
58.3413277037
 20
79.9787583177
 30
0.0
 10
58.0111005633
 20
79.8793287339
 30
0.0
 10
57.7818488724
 20
79.8569500468
 30
0.0
 10
57.6675037008
 20
79.8569500468
 30
0.0
  0
ELLIPSE
  5
87B
100
AcDbEntity
  8
0
100
AcDbEllipse
 62
7
  6
BYLAYER
 10
38.5175037008
 20
10.3870755612
 30
0.0
 11
-0.0
 21
1.599575561
 31
0.0
 40
0.9377487607
 41
1.5707963268
 42
1.953670414
  0
ELLIPSE
  5
87C
100
AcDbEntity
  8
0
100
AcDbEllipse
 62
7
  6
BYLAYER
 10
53.0675037008
 20
10.3870755611
 30
0.0
 11
0.0
 21
1.599575561
 31
0.0
 40
0.9377487607
 41
-1.9536704141
 42
-1.5707963268
  0
ELLIPSE
  5
87D
100
AcDbEntity
  8
0
100
AcDbEllipse
 62
7
  6
BYLAYER
 10
57.8675037008
 20
83.0133323311
 30
0.0
 11
2.5347183418
 21
2.1381112395
 31
0.0
 40
0.9513697905
 41
0.8945273394
 42
1.6236402529
  0
ELLIPSE
  5
87E
100
AcDbEntity
  8
0
100
AcDbEllipse
 62
7
  6
BYLAYER
 10
57.8675037008
 20
82.9028123854
 30
0.0
 11
3.25
 21
-0.0
 31
0.0
 40
0.9925471094
 41
2.2999092403
 42
2.9732488025
  0
ELLIPSE
  5
87F
100
AcDbEntity
  8
0
100
AcDbEllipse
 62
7
  6
BYLAYER
 10
57.8675037008
 20
82.9028123854
 30
0.0
 11
3.25
 21
0.0
 31
0.0
 40
0.9925471094
 41
0.1691097053
 42
0.8416834133
  0
ELLIPSE
  5
880
100
AcDbEntity
  8
0
100
AcDbEllipse
 62
7
  6
BYLAYER
 10
57.8675037008
 20
83.0133323311
 30
0.0
 11
2.5347183418
 21
-2.1381112395
 31
0.0
 40
0.9513697905
 41
1.5179524007
 42
2.2470653142
  0
ELLIPSE
  5
881
100
AcDbEntity
  8
0
100
AcDbEllipse
 62
7
  6
BYLAYER
 10
15.0675037008
 20
83.0133323311
 30
0.0
 11
2.5347183418
 21
-2.1381112395
 31
0.0
 40
0.9513697905
 41
1.5179523874
 42
2.2470653142
  0
ELLIPSE
  5
882
100
AcDbEntity
  8
0
100
AcDbEllipse
 62
7
  6
BYLAYER
 10
15.0675037008
 20
83.0133323311
 30
0.0
 11
2.5347183418
 21
2.1381112395
 31
0.0
 40
0.9513697905
 41
0.8945273394
 42
1.6236402736
  0
ELLIPSE
  5
883
100
AcDbEntity
  8
0
100
AcDbEllipse
 62
7
  6
BYLAYER
 10
57.8675037008
 20
84.0448086343
 30
0.0
 11
3.25
 21
-0.0
 31
0.0
 40
0.9383782537
 41
6.3498010615
 42
9.3581622064
  0
ELLIPSE
  5
884
100
AcDbEntity
  8
0
100
AcDbEllipse
 62
7
  6
BYLAYER
 10
20.7675037008
 20
89.4688924142
 30
0.0
 11
-0.0
 21
1.5186075859
 31
0.0
 40
0.9877469426
 41
0.0
 42
1.5707963268
  0
ELLIPSE
  5
885
100
AcDbEntity
  8
0
100
AcDbEllipse
 62
7
  6
BYLAYER
 10
52.1675037008
 20
89.4688924142
 30
0.0
 11
0.0
 21
1.5186075859
 31
0.0
 40
0.9877469426
 41
-1.5707963268
 42
0.0
  0
ELLIPSE
  5
886
100
AcDbEntity
  8
0
100
AcDbEllipse
 62
7
  6
BYLAYER
 10
20.7675037008
 20
87.8888924142
 30
0.0
 11
0.0
 21
-1.5186075859
 31
0.0
 40
0.9877469426
 41
3.1415926536
 42
4.7123889804
  0
ENDSEC
  0
SECTION
  2
OBJECTS
  0
DICTIONARY
  5
C
100
AcDbDictionary
280
0
281
1
  3
ACAD_GROUP
350
D
  3
ACAD_MLINESTYLE
350
17
  3
ACAD_LAYOUT
350
1A
  3
ACAD_PLOTSETTINGS
350
19
  3
ACAD_PLOTSTYLENAME
350
E
  0
DICTIONARY
  5
D
102
{ACAD_REACTORS
330
C
102
}
100
AcDbDictionary
280
0
281
1
  0
ACDBDICTIONARYWDFLT
  5
E
102
{ACAD_REACTORS
330
C
102
}
100
AcDbDictionary
281
1
  3
Normal
350
F
100
AcDbDictionaryWithDefault
340
F
  0
DICTIONARY
  5
17
102
{ACAD_REACTORS
330
C
102
}
100
AcDbDictionary
280
0
281
1
  3
Standard
350
18
  0
DICTIONARY
  5
19
102
{ACAD_REACTORS
330
C
102
}
100
AcDbDictionary
281
1
  0
DICTIONARY
  5
1A
102
{ACAD_REACTORS
330
C
102
}
100
AcDbDictionary
281
1
  3
Model
350
887
  3
Layout1
350
888
  0
ACDBPLACEHOLDER
  5
F
102
{ACAD_REACTORS
330
E
102
}
  0
MLINESTYLE
  5
18
102
{ACAD_REACTORS
330
17
102
}
100
AcDbMlineStyle
  2
STANDARD
 70
0
  3

 62
256
 51
90.0
 52
90.0
 71
2
 49
0.5
 62
256
  6
BYLAYER
 49
-0.5
 62
256
  6
BYLAYER
  0
LAYOUT
  5
887
102
{ACAD_REACTORS
330
1A
102
}
100
AcDbPlotSettings
  1

  2
none_device
  4

  6

 40
0.0
 41
0.0
 42
0.0
 43
0.0
 44
210.0
 45
297.0
 46
0.0
 47
0.0
 48
0.0
 49
0.0
140
0.0
141
0.0
142
1.0
143
1.0
 70
1024
 72
1
 73
0
 74
0
  7

 75
0
147
1.0
148
0.0
149
0.0
100
AcDbLayout
  1
Model
 70
0
 71
0
 10
0.0
 20
0.0
 11
210.0
 21
297.0
 12
0.0
 22
0.0
 32
0.0
 14
0.0
 24
0.0
 34
0.0
 15
0.0
 25
0.0
 35
0.0
146
0.0
 13
0.0
 23
0.0
 33
0.0
 16
1.0
 26
0.0
 36
0.0
 17
0.0
 27
1.0
 37
0.0
 76
0
330
210
345
0
346
0
  0
LAYOUT
  5
888
102
{ACAD_REACTORS
330
1A
102
}
100
AcDbPlotSettings
  1

  2
none_device
  4

  6

 40
0.0
 41
0.0
 42
0.0
 43
0.0
 44
210.0
 45
297.0
 46
0.0
 47
0.0
 48
0.0
 49
0.0
140
0.0
141
0.0
142
1.0
143
1.0
 70
0
 72
1
 73
0
 74
0
  7

 75
0
147
1.0
148
0.0
149
0.0
100
AcDbLayout
  1
Layout1
 70
0
 71
1
 10
0.0
 20
0.0
 11
210.0
 21
297.0
 12
0.0
 22
0.0
 32
0.0
 14
0.0
 24
0.0
 34
0.0
 15
0.0
 25
0.0
 35
0.0
146
0.0
 13
0.0
 23
0.0
 33
0.0
 16
1.0
 26
0.0
 36
0.0
 17
0.0
 27
1.0
 37
0.0
 76
0
330
211
345
0
346
0
  0
ENDSEC
  0
EOF
