999
DXF file: C:\updateCreo8 with 3dPdf\CAD\LRE480_3D-CAD\drw0001_4.dxf
999
Pro/ENGINEER 2021284 by Parametric Technology Corporation
  0
SECTION
  2
HEADER
  9
$ACADVER
  1
AC1024
  9
$DWGCODEPAGE
  3
ANSI_1252
  9
$EXTMAX
 10
224.2072136054
 20
317.0930592419
 30
0.0
  9
$EXTMIN
 10
0.0
 20
0.0
 30
0.0
  9
$LIMMIN
 10
0.0
 20
0.0
  9
$LIMMAX
 10
224.2072136054
 20
317.0930592419
  9
$VIEWCTR
 10
112.1036068027
 20
158.5465296209
  9
$VIEWSIZE
 40
317.0930592419
  9
$CLAYER
  8
0
  9
$LTSCALE
 40
20.6697697876
  9
$CELTYPE
  6
BYLAYER
  9
$DIMSCALE
 40
1.0
  9
$DIMASZ
 40
2.6691334953
  9
$DIMEXO
 40
1.0
  9
$DIMDLI
 40
14.2809318533
  9
$DIMEXE
 40
1.0
  9
$DIMCEN
 40
3.3823259652
  9
$DIMLFAC
 40
1.0
  9
$DIMBLK
  1
_FILLED
  9
$DIMALT
 70
0
  9
$DIMALTF
 40
0.0393700787
  9
$DIMTXT
 40
3.7367868934
  9
$DIMTOL
 70
1
  9
$DIMLIM
 70
0
  9
$DIMTFAC
 40
1.0
  9
$DIMTP
 40
0.01
  9
$DIMTM
 40
0.01
  9
$DIMGAP
 40
0.625
  9
$DIMDSEP
 70
46
  9
$AUNITS
 70
0
  9
$PDMODE
 70
3
  9
$PDSIZE
 40
0.3125
  9
$HANDSEED
  5
4BF
  9
$TILEMODE
 70
1
  9
$MEASUREMENT
 70
1
  9
$INSUNITS
 70
4
  0
ENDSEC
  0
SECTION
  2
CLASSES
  0
CLASS
  1
ACDBDICTIONARYWDFLT
  2
AcDbDictionaryWithDefault
  3
AutoCAD 2000
 90
0
 91
1
280
0
281
0
  0
CLASS
  1
ACDBPLACEHOLDER
  2
AcDbPlaceHolder
  3
AutoCAD 2000
 90
0
 91
1
280
0
281
0
  0
CLASS
  1
LAYOUT
  2
AcDbLayout
  3
AutoCAD 2000
 90
0
 91
0
280
0
281
0
  0
ENDSEC
  0
SECTION
  2
TABLES
  0
TABLE
  2
VPORT
  5
8
100
AcDbSymbolTable
 70
2
  0
VPORT
  5
1F4
100
AcDbSymbolTableRecord
100
AcDbViewportTableRecord
  2
*ACTIVE
 70
0
 10
0.0
 20
0.0
 11
1.0
 21
1.0
 12
112.1036068027
 22
158.5465296209
 13
0.0
 23
0.0
 14
1.0
 24
1.0
 15
0.0
 25
0.0
 16
0.0
 26
0.0
 36
1.0
 17
0.0
 27
0.0
 37
0.0
 40
317.0930592419
 41
0.7070707071
 42
50.0
 43
0.0
 44
0.0
 50
0.0
 51
0.0
 71
0
 72
100
 73
1
 74
1
 75
0
 76
0
 77
0
 78
0
  0
ENDTAB
  0
TABLE
  2
LTYPE
  5
5
100
AcDbSymbolTable
 70
6
  0
LTYPE
  5
14
100
AcDbSymbolTableRecord
100
AcDbLinetypeTableRecord
  2
BYBLOCK
 70
0
  3

 72
65
 73
0
 40
0.0
  0
LTYPE
  5
15
100
AcDbSymbolTableRecord
100
AcDbLinetypeTableRecord
  2
BYLAYER
 70
0
  3

 72
65
 73
0
 40
0.0
  0
LTYPE
  5
16
100
AcDbSymbolTableRecord
100
AcDbLinetypeTableRecord
  2
CONTINUOUS
 70
64
  3
Solid line
 72
65
 73
0
 40
0.0
  0
LTYPE
  5
1F5
100
AcDbSymbolTableRecord
100
AcDbLinetypeTableRecord
  2
CENTER
 70
64
  3
____ _ ____ _ ____ _ ____ _ ____ _ ____ _ ____
 72
65
 73
4
 40
0.6
 49
0.375
 74
0
 49
-0.075
 74
0
 49
0.075
 74
0
 49
-0.075
 74
0
  0
LTYPE
  5
1F6
100
AcDbSymbolTableRecord
100
AcDbLinetypeTableRecord
  2
HIDDEN
 70
64
  3
- - - - - - - - - - - - - - - - - - - -
 72
65
 73
2
 40
0.2
 49
0.1
 74
0
 49
-0.1
 74
0
  0
LTYPE
  5
1F7
100
AcDbSymbolTableRecord
100
AcDbLinetypeTableRecord
  2
PHANTOM
 70
64
  3
_____ _ _ _____ _ _ _____ _ _ _____
 72
65
 73
6
 40
0.8
 49
0.45
 74
0
 49
-0.05
 74
0
 49
0.1
 74
0
 49
-0.05
 74
0
 49
0.1
 74
0
 49
-0.05
 74
0
  0
LTYPE
  5
1F8
100
AcDbSymbolTableRecord
100
AcDbLinetypeTableRecord
  2
DOT
 70
64
  3
. . . . . . . . . . . . . . . . . . . .
 72
65
 73
2
 40
0.2
 49
0.1
 74
0
 49
-0.1
 74
0
  0
LTYPE
  5
1F9
100
AcDbSymbolTableRecord
100
AcDbLinetypeTableRecord
  2
DASHED
 70
64
  3
- - - - - - - - - - - - - - - - - - - -
 72
65
 73
2
 40
0.2
 49
0.1
 74
0
 49
-0.1
 74
0
  0
ENDTAB
  0
TABLE
  2
LAYER
  5
2
100
AcDbSymbolTable
 70
36
  0
LAYER
  5
10
100
AcDbSymbolTableRecord
100
AcDbLayerTableRecord
  2
0
 70
0
 62
7
  6
CONTINUOUS
370
-3
390
F
  0
LAYER
  5
1FA
100
AcDbSymbolTableRecord
100
AcDbLayerTableRecord
  2
DEFAULT_1
 70
0
 62
7
  6
CENTER
370
-3
390
F
  0
LAYER
  5
1FB
100
AcDbSymbolTableRecord
100
AcDbLayerTableRecord
  2
DEFAULT_2
 70
0
 62
8
  6
HIDDEN
370
-3
390
F
  0
LAYER
  5
1FC
100
AcDbSymbolTableRecord
100
AcDbLayerTableRecord
  2
DEFAULT_3
 70
0
 62
7
  6
PHANTOM
370
-3
390
F
  0
LAYER
  5
1FD
100
AcDbSymbolTableRecord
100
AcDbLayerTableRecord
  2
00_COMPONENTS
 70
0
 62
7
  6
CONTINUOUS
370
-3
390
F
  0
LAYER
  5
1FE
100
AcDbSymbolTableRecord
100
AcDbLayerTableRecord
  2
00_COMPONENTS_1
 70
0
 62
7
  6
CONTINUOUS
370
-3
390
F
  0
LAYER
  5
1FF
100
AcDbSymbolTableRecord
100
AcDbLayerTableRecord
  2
00_COMPONENTS_2
 70
0
 62
7
  6
CONTINUOUS
370
-3
390
F
  0
LAYER
  5
200
100
AcDbSymbolTableRecord
100
AcDbLayerTableRecord
  2
00_COMPONENTS_3
 70
0
 62
7
  6
CONTINUOUS
370
-3
390
F
  0
LAYER
  5
201
100
AcDbSymbolTableRecord
100
AcDbLayerTableRecord
  2
00_COMPONENTS_4
 70
0
 62
7
  6
CONTINUOUS
370
-3
390
F
  0
LAYER
  5
202
100
AcDbSymbolTableRecord
100
AcDbLayerTableRecord
  2
00_COMPONENTS_5
 70
0
 62
7
  6
CONTINUOUS
370
-3
390
F
  0
LAYER
  5
203
100
AcDbSymbolTableRecord
100
AcDbLayerTableRecord
  2
00_COMPONENTS_59
 70
0
 62
7
  6
CONTINUOUS
370
-3
390
F
  0
LAYER
  5
204
100
AcDbSymbolTableRecord
100
AcDbLayerTableRecord
  2
00_COMPONENTS_59_1
 70
0
 62
7
  6
CONTINUOUS
370
-3
390
F
  0
LAYER
  5
205
100
AcDbSymbolTableRecord
100
AcDbLayerTableRecord
  2
00_COMPONENTS_59_2
 70
0
 62
7
  6
CONTINUOUS
370
-3
390
F
  0
LAYER
  5
206
100
AcDbSymbolTableRecord
100
AcDbLayerTableRecord
  2
00_COMPONENTS_59_3
 70
0
 62
7
  6
CONTINUOUS
370
-3
390
F
  0
LAYER
  5
207
100
AcDbSymbolTableRecord
100
AcDbLayerTableRecord
  2
00_COMPONENTS_59_4
 70
0
 62
7
  6
CONTINUOUS
370
-3
390
F
  0
LAYER
  5
208
100
AcDbSymbolTableRecord
100
AcDbLayerTableRecord
  2
00_COMPONENTS_59_5
 70
0
 62
7
  6
CONTINUOUS
370
-3
390
F
  0
LAYER
  5
209
100
AcDbSymbolTableRecord
100
AcDbLayerTableRecord
  2
00_COMPONENTS_6
 70
0
 62
7
  6
CONTINUOUS
370
-3
390
F
  0
LAYER
  5
20A
100
AcDbSymbolTableRecord
100
AcDbLayerTableRecord
  2
00_COMPONENTS_7
 70
0
 62
7
  6
CONTINUOUS
370
-3
390
F
  0
LAYER
  5
20B
100
AcDbSymbolTableRecord
100
AcDbLayerTableRecord
  2
00_COMPONENTS_74
 70
0
 62
7
  6
CONTINUOUS
370
-3
390
F
  0
LAYER
  5
20C
100
AcDbSymbolTableRecord
100
AcDbLayerTableRecord
  2
00_COMPONENTS_77
 70
0
 62
7
  6
CONTINUOUS
370
-3
390
F
  0
LAYER
  5
20D
100
AcDbSymbolTableRecord
100
AcDbLayerTableRecord
  2
00_COMPONENTS_7_1
 70
0
 62
7
  6
CONTINUOUS
370
-3
390
F
  0
LAYER
  5
20E
100
AcDbSymbolTableRecord
100
AcDbLayerTableRecord
  2
00_COMPONENTS_8
 70
0
 62
7
  6
CONTINUOUS
370
-3
390
F
  0
LAYER
  5
20F
100
AcDbSymbolTableRecord
100
AcDbLayerTableRecord
  2
00_COMPONENTS_81
 70
0
 62
7
  6
CONTINUOUS
370
-3
390
F
  0
LAYER
  5
210
100
AcDbSymbolTableRecord
100
AcDbLayerTableRecord
  2
00_COMPONENTS_86
 70
0
 62
7
  6
CONTINUOUS
370
-3
390
F
  0
LAYER
  5
211
100
AcDbSymbolTableRecord
100
AcDbLayerTableRecord
  2
00_COMPONENTS_88
 70
0
 62
7
  6
CONTINUOUS
370
-3
390
F
  0
LAYER
  5
212
100
AcDbSymbolTableRecord
100
AcDbLayerTableRecord
  2
00_COMPONENTS_9
 70
0
 62
7
  6
CONTINUOUS
370
-3
390
F
  0
LAYER
  5
213
100
AcDbSymbolTableRecord
100
AcDbLayerTableRecord
  2
01_1_DEFAULT_DATUMS
 70
0
 62
7
  6
CONTINUOUS
370
-3
390
F
  0
LAYER
  5
214
100
AcDbSymbolTableRecord
100
AcDbLayerTableRecord
  2
01_PLANES
 70
0
 62
7
  6
CONTINUOUS
370
-3
390
F
  0
LAYER
  5
215
100
AcDbSymbolTableRecord
100
AcDbLayerTableRecord
  2
02_COORD_SYS
 70
0
 62
7
  6
CONTINUOUS
370
-3
390
F
  0
LAYER
  5
216
100
AcDbSymbolTableRecord
100
AcDbLayerTableRecord
  2
03_AXES
 70
0
 62
7
  6
CONTINUOUS
370
-3
390
F
  0
LAYER
  5
217
100
AcDbSymbolTableRecord
100
AcDbLayerTableRecord
  2
04_POINTS
 70
0
 62
7
  6
CONTINUOUS
370
-3
390
F
  0
LAYER
  5
218
100
AcDbSymbolTableRecord
100
AcDbLayerTableRecord
  2
05_CURVES
 70
0
 62
7
  6
CONTINUOUS
370
-3
390
F
  0
LAYER
  5
219
100
AcDbSymbolTableRecord
100
AcDbLayerTableRecord
  2
06_SURFS
 70
0
 62
7
  6
CONTINUOUS
370
-3
390
F
  0
LAYER
  5
21A
100
AcDbSymbolTableRecord
100
AcDbLayerTableRecord
  2
07_COSMETICS
 70
0
 62
7
  6
CONTINUOUS
370
-3
390
F
  0
LAYER
  5
21B
100
AcDbSymbolTableRecord
100
AcDbLayerTableRecord
  2
10_NOTES
 70
0
 62
7
  6
CONTINUOUS
370
-3
390
F
  0
LAYER
  5
21C
100
AcDbSymbolTableRecord
100
AcDbLayerTableRecord
  2
11_NOTES_PUB
 70
0
 62
7
  6
CONTINUOUS
370
-3
390
F
  0
LAYER
  5
21D
100
AcDbSymbolTableRecord
100
AcDbLayerTableRecord
  2
13_REF_GTOL
 70
0
 62
7
  6
CONTINUOUS
370
-3
390
F
  0
LAYER
  5
21E
100
AcDbSymbolTableRecord
100
AcDbLayerTableRecord
  2
16_MISC
 70
0
 62
7
  6
CONTINUOUS
370
-3
390
F
  0
LAYER
  5
21F
100
AcDbSymbolTableRecord
100
AcDbLayerTableRecord
  2
17_NO_PRINT
 70
0
 62
7
  6
CONTINUOUS
370
-3
390
F
  0
LAYER
  5
220
100
AcDbSymbolTableRecord
100
AcDbLayerTableRecord
  2
18_DATUM_CAMS_JOINTS
 70
0
 62
7
  6
CONTINUOUS
370
-3
390
F
  0
LAYER
  5
221
100
AcDbSymbolTableRecord
100
AcDbLayerTableRecord
  2
19_DATUM_FUNCTIONAL
 70
0
 62
7
  6
CONTINUOUS
370
-3
390
F
  0
LAYER
  5
222
100
AcDbSymbolTableRecord
100
AcDbLayerTableRecord
  2
20_DATUM_KINEMATIC_SCHEME
 70
0
 62
7
  6
CONTINUOUS
370
-3
390
F
  0
ENDTAB
  0
TABLE
  2
STYLE
  5
3
100
AcDbSymbolTable
 70
1
  0
STYLE
  5
11
100
AcDbSymbolTableRecord
100
AcDbTextStyleTableRecord
  2
STANDARD
 70
0
 40
0.0
 41
0.8
 50
0.0
 71
0
 42
0.2
  3
txt
  4

  0
STYLE
  5
223
100
AcDbSymbolTableRecord
100
AcDbTextStyleTableRecord
  2
TEXTSTYLE_1
 70
0
 40
0.0
 41
0.8
 50
0.0
 71
0
 42
0.2
  3
gdt
  4

  0
ENDTAB
  0
TABLE
  2
VIEW
  5
6
100
AcDbSymbolTable
 70
0
  0
ENDTAB
  0
TABLE
  2
UCS
  5
7
100
AcDbSymbolTable
 70
0
  0
ENDTAB
  0
TABLE
  2
APPID
  5
9
100
AcDbSymbolTable
 70
1
  0
APPID
  5
224
100
AcDbSymbolTableRecord
100
AcDbRegAppTableRecord
  2
ACAD
 70
0
  0
ENDTAB
  0
TABLE
  2
BLOCK_RECORD
  5
1
100
AcDbSymbolTable
 70
0
  0
BLOCK_RECORD
  5
225
100
AcDbSymbolTableRecord
100
AcDbBlockTableRecord
  2
*Model_Space
  0
BLOCK_RECORD
  5
226
100
AcDbSymbolTableRecord
100
AcDbBlockTableRecord
  2
*Paper_Space
  0
BLOCK_RECORD
  5
227
100
AcDbSymbolTableRecord
100
AcDbBlockTableRecord
  2
_FILLED
  0
ENDTAB
  0
TABLE
  2
DIMSTYLE
  5
A
100
AcDbSymbolTable
 70
1
100
AcDbDimStyleTable
 71
0
  0
DIMSTYLE
105
228
100
AcDbSymbolTableRecord
100
AcDbDimStyleTableRecord
  2
STANDARD
 70
0
  3

  4

 40
1.0
 41
2.6691334953
 42
1.0
 43
0.38
 44
1.0
 45
0.0
 46
0.0
 47
0.01
 48
0.01
140
3.7367868934
141
0.09
142
0.0
143
25.4
144
1.0
145
0.0
146
1.0
147
0.625
 71
1
 72
0
 73
0
 74
0
 75
0
 76
0
 77
1
 78
8
 79
2
170
0
171
1
172
0
173
0
174
0
175
0
176
0
177
0
178
0
270
2
179
2
271
2
272
2
273
2
274
2
275
0
280
0
281
0
282
0
283
1
284
8
285
0
286
0
287
3
288
0
340
11
278
46
341
227
342
227
343
227
344
227
  0
ENDTAB
  0
ENDSEC
  0
SECTION
  2
BLOCKS
  0
BLOCK
  5
20
100
AcDbEntity
  8
0
100
AcDbBlockBegin
  2
*Model_Space
 70
0
 10
0.0
 20
0.0
 30
0.0
  3
*Model_Space
  1

  0
ENDBLK
  5
21
100
AcDbEntity
  8
0
100
AcDbBlockEnd
  0
BLOCK
  5
1C
100
AcDbEntity
  8
0
100
AcDbBlockBegin
  2
*Paper_Space
 70
0
 10
0.0
 20
0.0
 30
0.0
  3
*Paper_Space
  1

  0
ENDBLK
  5
1D
100
AcDbEntity
  8
0
100
AcDbBlockEnd
  0
BLOCK
  5
229
100
AcDbEntity
  8
0
100
AcDbBlockBegin
  2
_FILLED
 70
64
 10
0.0
 20
0.0
  3
_FILLED
  1

  0
SOLID
  5
22A
100
AcDbEntity
  8
0
  6
BYBLOCK
 62
0
100
AcDbTrace
 10
0.0
 20
0.0
 11
-1.0
 21
0.25
 12
-1.0
 22
-0.25
 13
-1.0
 23
-0.25
  0
ENDBLK
  5
22B
100
AcDbEntity
  8
0
  6
BYBLOCK
 62
0
100
AcDbBlockEnd
  0
ENDSEC
  0
SECTION
  2
ENTITIES
  0
LINE
  5
22C
100
AcDbEntity
  8
00_COMPONENTS_7
100
AcDbLine
 62
7
  6
CONTINUOUS
 10
24.9709363011
 20
106.076232622
 11
24.9709363011
 21
199.076232622
  0
LWPOLYLINE
  5
22D
100
AcDbEntity
  8
00_COMPONENTS_59_1
100
AcDbPolyline
 62
7
  6
CONTINUOUS
 90
27
 70
0
 10
46.2761275523
 20
175.7667950557
 10
46.2955350009
 20
175.0533548427
 10
46.3431943551
 20
174.3766931793
 10
46.4197941297
 20
173.7298628239
 10
46.5250867407
 20
173.1179205972
 10
46.6574771546
 20
172.5474687143
 10
46.8171943457
 20
172.0135012205
 10
47.0048645025
 20
171.5129232592
 10
47.2175724012
 20
171.0511416692
 10
47.4556423924
 20
170.6243027481
 10
47.7195413571
 20
170.2288688648
 10
48.0050760614
 20
169.8687921722
 10
48.3051673439
 20
169.5477749233
 10
48.6234479323
 20
169.2576595137
 10
48.9735539784
 20
168.9868110816
 10
49.3584466932
 20
168.7359094043
 10
49.774490893
 20
168.5094074856
 10
50.2302570468
 20
168.3047520622
 10
50.7283288475
 20
168.12277261
 10
51.2673857426
 20
167.9653076114
 10
51.8529630463
 20
167.8313630579
 10
52.4977644108
 20
167.7194690866
 10
53.2007583589
 20
167.6309808082
 10
53.9459898975
 20
167.5669934039
 10
54.7320069503
 20
167.525297373
 10
55.5771855305
 20
167.502978663
 10
56.3496134524
 20
167.4978447322
  0
LINE
  5
22E
100
AcDbEntity
  8
00_COMPONENTS_7
100
AcDbLine
 62
7
  6
CONTINUOUS
 10
41.0144977994
 20
199.076232622
 11
41.0144977994
 21
183.076232622
  0
LINE
  5
22F
100
AcDbEntity
  8
00_COMPONENTS_7
100
AcDbLine
 62
7
  6
CONTINUOUS
 10
41.0144977994
 20
122.076232622
 11
41.0144977994
 21
106.076232622
  0
LINE
  5
230
100
AcDbEntity
  8
00_COMPONENTS_7
100
AcDbLine
 62
7
  6
CONTINUOUS
 10
44.5644977994
 20
184.076232622
 11
44.5644977994
 21
183.076232622
  0
LINE
  5
231
100
AcDbEntity
  8
00_COMPONENTS_7
100
AcDbLine
 62
7
  6
CONTINUOUS
 10
44.5644977994
 20
122.076232622
 11
44.5644977994
 21
121.076232622
  0
LINE
  5
232
100
AcDbEntity
  8
00_COMPONENTS_59_1
100
AcDbLine
 62
7
  6
CONTINUOUS
 10
46.2761275523
 20
175.7667950557
 11
46.275704829
 21
175.9260363822
  0
LINE
  5
233
100
AcDbEntity
  8
00_COMPONENTS_7
100
AcDbLine
 62
7
  6
CONTINUOUS
 10
179.5144977994
 20
87.076232622
 11
161.5144977994
 21
87.076232622
  0
LINE
  5
234
100
AcDbEntity
  8
00_COMPONENTS_7
100
AcDbLine
 62
7
  6
CONTINUOUS
 10
124.0144977994
 20
87.076232622
 11
106.0144977994
 21
87.076232622
  0
LINE
  5
235
100
AcDbEntity
  8
00_COMPONENTS_7
100
AcDbLine
 62
7
  6
CONTINUOUS
 10
68.5144977994
 20
87.076232622
 11
50.5144977994
 21
87.076232622
  0
LWPOLYLINE
  5
236
100
AcDbEntity
  8
00_COMPONENTS_5
100
AcDbPolyline
 62
7
  6
CONTINUOUS
 90
28
 70
0
 10
50.2325686034
 20
146.0078278043
 10
50.2408312842
 20
145.5914287941
 10
50.2803887173
 20
145.011982577
 10
50.3539244536
 20
144.4645741983
 10
50.4629178732
 20
143.9457963217
 10
50.6088358331
 20
143.4545665325
 10
50.7895814412
 20
142.9989225531
 10
51.000495841
 20
142.584452278
 10
51.2410831118
 20
142.2039520441
 10
51.5150751438
 20
141.849034304
 10
51.8195997632
 20
141.5235832145
 10
52.1538220176
 20
141.2278091488
 10
52.5283958935
 20
140.9530595463
 10
52.9463187986
 20
140.700211718
 10
53.4004482592
 20
140.4757479822
 10
53.8885884358
 20
140.280512839
 10
54.4007358788
 20
140.1159472196
 10
54.9404631888
 20
139.977273804
 10
55.5294693785
 20
139.8579001886
 10
56.1847772092
 20
139.7546981181
 10
56.895829637
 20
139.6695406727
 10
57.6467182579
 20
139.6028264854
 10
58.4303605099
 20
139.5523725201
 10
59.2669983068
 20
139.5149401795
 10
60.1725102654
 20
139.4886854048
 10
61.1468242573
 20
139.4726933961
 10
62.1776054657
 20
139.4657174444
 10
62.8270602137
 20
139.4657791713
  0
LWPOLYLINE
  5
237
100
AcDbEntity
  8
00_COMPONENTS_59_4
100
AcDbPolyline
 62
7
  6
CONTINUOUS
 90
26
 70
0
 10
53.9810233467
 20
157.9480923706
 10
53.9876909668
 20
157.5855170597
 10
54.0134632984
 20
157.1618378024
 10
54.0596615294
 20
156.7724949916
 10
54.1282695513
 20
156.4107111072
 10
54.22297785
 20
156.0650873775
 10
54.3460900973
 20
155.7371527191
 10
54.4946247183
 20
155.4369664686
 10
54.6640800112
 20
155.1674115491
 10
54.856461913
 20
154.9210099314
 10
55.0749630168
 20
154.6938119396
 10
55.3228494666
 20
154.4854361701
 10
55.5987032365
 20
154.2984451914
 10
55.9009557682
 20
154.1343473685
 10
56.2308783893
 20
153.9928561214
 10
56.5889052624
 20
153.8731550285
 10
56.9747118499
 20
153.7739763156
 10
57.3923551112
 20
153.6927050098
 10
57.8442118769
 20
153.6270097392
 10
58.329120727
 20
153.5751339384
 10
58.8562551334
 20
153.5343976714
 10
59.4286816302
 20
153.5032058914
 10
60.0288495108
 20
153.4807378227
 10
60.6498664983
 20
153.4652491881
 10
61.3031836093
 20
153.4549603133
 10
61.926427087
 20
153.4491846867
  0
LINE
  5
238
100
AcDbEntity
  8
00_COMPONENTS_5
100
AcDbLine
 62
7
  6
CONTINUOUS
 10
53.2324890664
 20
146.0326463004
 11
53.2325195444
 21
146.0093842737
  0
LINE
  5
239
100
AcDbEntity
  8
00_COMPONENTS_5
100
AcDbLine
 62
7
  6
CONTINUOUS
 10
50.232547304
 20
146.0357014374
 11
50.2325686034
 21
146.0078278043
  0
LINE
  5
23A
100
AcDbEntity
  8
00_COMPONENTS_7
100
AcDbLine
 62
7
  6
CONTINUOUS
 10
50.5144977994
 20
87.076232622
 11
50.5144977994
 21
121.076232622
  0
LINE
  5
23B
100
AcDbEntity
  8
00_COMPONENTS_7
100
AcDbLine
 62
7
  6
CONTINUOUS
 10
50.5144977994
 20
187.5223719876
 11
50.5144977994
 21
194.6661826154
  0
LINE
  5
23C
100
AcDbEntity
  8
00_COMPONENTS_59_1
100
AcDbLine
 62
7
  6
CONTINUOUS
 10
49.275679346
 20
175.8939543509
 11
49.2756936613
 21
175.9195030234
  0
LWPOLYLINE
  5
23D
100
AcDbEntity
  8
00_COMPONENTS_59_1
100
AcDbPolyline
 62
7
  6
CONTINUOUS
 90
40
 70
0
 10
49.2756936613
 20
175.9195030234
 10
49.2821316089
 20
176.356635919
 10
49.3243625542
 20
177.187840045
 10
49.4046568254
 20
178.0352679487
 10
49.5183737252
 20
178.8657719989
 10
49.6557693649
 20
179.6373098967
 10
49.8112065301
 20
180.3487361311
 10
49.9895378029
 20
181.032159198
 10
50.1920558139
 20
181.6890528483
 10
50.4124988217
 20
182.2987445662
 10
50.6516620627
 20
182.8644386651
 10
50.9071258378
 20
183.3804534886
 10
51.1765479792
 20
183.8429852487
 10
51.4629782396
 20
184.2565150663
 10
51.7640023788
 20
184.6194215955
 10
52.0742131164
 20
184.9287278747
 10
52.3938779894
 20
185.1876618038
 10
52.7275286292
 20
185.4033063425
 10
53.0772157674
 20
185.5799182108
 10
53.4433955512
 20
185.7204879453
 10
53.8263360403
 20
185.8268082029
 10
54.2350217507
 20
185.9027090071
 10
54.6810596262
 20
185.9498398459
 10
55.1595563667
 20
185.9665819214
 10
55.6679999575
 20
185.9524302807
 10
56.2166029726
 20
185.9075668523
 10
56.792084913
 20
185.8345527246
 10
57.3894013853
 20
185.7362217235
 10
58.0293339855
 20
185.610427178
 10
58.7105415252
 20
185.458141729
 10
59.4221346653
 20
185.2832963881
 10
60.1726142527
 20
185.0856344196
 10
60.9633630277
 20
184.8659163813
 10
61.7895668556
 20
184.6273397128
 10
62.6530531286
 20
184.3716280386
 10
63.5368117405
 20
184.1063019649
 10
64.4561794055
 20
183.8297685702
 10
65.4606013552
 20
183.5308354463
 10
66.5884490645
 20
183.2041434352
 10
67.4437767033
 20
182.968370318
  0
LWPOLYLINE
  5
23E
100
AcDbEntity
  8
00_COMPONENTS_5
100
AcDbPolyline
 62
7
  6
CONTINUOUS
 90
15
 70
0
 10
53.2324890664
 20
146.0326463004
 10
53.2416308404
 20
146.4691560202
 10
53.2700478612
 20
146.9610079832
 10
53.3177676542
 20
147.4947906503
 10
53.3837320108
 20
148.0638829002
 10
53.4667054407
 20
148.6660240848
 10
53.5662231678
 20
149.3035677015
 10
53.6817622698
 20
149.9761846478
 10
53.8124261822
 20
150.6814903782
 10
53.9578325231
 20
151.4201530733
 10
54.1181327838
 20
152.1960058979
 10
54.2919578177
 20
153.0053069283
 10
54.4779365216
 20
153.8442433688
 10
54.6766474355
 20
154.7172637349
 10
54.7545818381
 20
155.051497337
  0
LWPOLYLINE
  5
23F
100
AcDbEntity
  8
00_COMPONENTS_59_4
100
AcDbPolyline
 62
7
  6
CONTINUOUS
 90
13
 70
0
 10
55.0451779129
 20
167.517027438
 10
55.0322477882
 20
167.4445941686
 10
54.83979114
 20
166.2359800623
 10
54.6791731223
 20
165.1297851579
 10
54.5373914033
 20
164.074612637
 10
54.4126068319
 20
163.0787897133
 10
54.3044260212
 20
162.1553437003
 10
54.2122790085
 20
161.3093555993
 10
54.1358025649
 20
160.5424086596
 10
54.0745094896
 20
159.8498825594
 10
54.0275084704
 20
159.2140749998
 10
53.9952595636
 20
158.6135893252
 10
53.9810644705
 20
158.0056085545
  0
LINE
  5
240
100
AcDbEntity
  8
00_COMPONENTS_7
100
AcDbLine
 62
7
  6
CONTINUOUS
 10
50.5144977994
 20
194.6661826154
 11
71.2144977994
 21
204.076232622
  0
LINE
  5
241
100
AcDbEntity
  8
00_COMPONENTS_59_4
100
AcDbLine
 62
7
  6
CONTINUOUS
 10
56.9810241231
 20
157.9495380284
 11
56.981514156
 21
157.8753532981
  0
LWPOLYLINE
  5
242
100
AcDbEntity
  8
00_COMPONENTS_59_4
100
AcDbPolyline
 62
7
  6
CONTINUOUS
 90
19
 70
0
 10
56.9810241231
 20
157.9495380284
 10
56.9811642705
 20
158.0275576174
 10
56.9869437081
 20
158.3304934505
 10
57.0008481967
 20
158.669121159
 10
57.0226079974
 20
159.0420868191
 10
57.0521647846
 20
159.4516806662
 10
57.0891633043
 20
159.8963008668
 10
57.1329295004
 20
160.3706295723
 10
57.183317557
 20
160.8759927386
 10
57.2407110299
 20
161.4166101501
 10
57.3049381625
 20
161.9904814705
 10
57.3758621879
 20
162.5946673488
 10
57.4539650192
 20
163.2307734951
 10
57.5398963266
 20
163.8996724104
 10
57.6350147248
 20
164.605220105
 10
57.7397983661
 20
165.3427240573
 10
57.8547814648
 20
166.1056055868
 10
57.9816262845
 20
166.8935900208
 10
58.08693966
 20
167.4997965398
  0
LWPOLYLINE
  5
243
100
AcDbEntity
  8
00_COMPONENTS_59_4
100
AcDbPolyline
 62
7
  6
CONTINUOUS
 90
40
 70
0
 10
58.7197367606
 20
170.5005099689
 10
58.9665563514
 20
171.4123137978
 10
59.2493422057
 20
172.3201663988
 10
59.5603125673
 20
173.1808392819
 10
59.8953163989
 20
173.9766415109
 10
60.2503235347
 20
174.7029961784
 10
60.6222794909
 20
175.3617470666
 10
61.0109936087
 20
175.9587406659
 10
61.4218720775
 20
176.5086335683
 10
61.8574109248
 20
177.0160926815
 10
62.3105652318
 20
177.475709661
 10
62.7745455838
 20
177.8830980434
 10
63.2570607229
 20
178.2492999321
 10
63.7714996461
 20
178.5867108314
 10
64.3037480374
 20
178.8862813447
 10
64.8512223771
 20
179.1475980633
 10
65.4469207942
 20
179.3861619306
 10
66.0902549536
 20
179.6004201776
 10
66.760879538
 20
179.7821393552
 10
67.4668879957
 20
179.9322283428
 10
68.2070302409
 20
180.0517851079
 10
68.9784252412
 20
180.1432379849
 10
69.7951886313
 20
180.2105229289
 10
70.6552642695
 20
180.2549338608
 10
71.5621690506
 20
180.2797513957
 10
72.5420898882
 20
180.288064469
 10
73.613573574
 20
180.2819719066
 10
74.7653748341
 20
180.2652644101
 10
75.9764831214
 20
180.2427329747
 10
77.2541364427
 20
180.2189077186
 10
78.5811920425
 20
180.1976550841
 10
79.8996231817
 20
180.1823761557
 10
81.2038275164
 20
180.1738549824
 10
82.4974253412
 20
180.1720082129
 10
83.7410076022
 20
180.1759639157
 10
84.9169563926
 20
180.1842210983
 10
86.0433719222
 20
180.1954892854
 10
87.1350116104
 20
180.2088194436
 10
88.1942215242
 20
180.2233330436
 10
91.1906217853
 20
180.2673571975
  0
LWPOLYLINE
  5
244
100
AcDbEntity
  8
00_COMPONENTS_5
100
AcDbPolyline
 62
7
  6
CONTINUOUS
 90
4
 70
0
 10
57.8455658914
 20
166.0444627684
 10
57.8929782071
 20
166.1744323995
 10
58.1904369558
 20
166.9306007791
 10
58.4347675652
 20
167.5001870757
  0
LWPOLYLINE
  5
245
100
AcDbEntity
  8
00_COMPONENTS_5
100
AcDbPolyline
 62
7
  6
CONTINUOUS
 90
24
 70
0
 10
54.9313475802
 20
166.8109480161
 10
54.8698580082
 20
166.646529588
 10
54.5459442141
 20
165.7135770863
 10
54.2324216322
 20
164.7518141199
 10
53.9264036895
 20
163.7596482587
 10
53.626269549
 20
162.7365462987
 10
53.329464076
 20
161.6786202905
 10
53.0355919333
 20
160.5891522147
 10
52.746146426
 20
159.4777615214
 10
52.4619724927
 20
158.3512794146
 10
52.1856153555
 20
157.2229685692
 10
51.9193231697
 20
156.1043781415
 10
51.6638795656
 20
155.0002101463
 10
51.4227928018
 20
153.9259350543
 10
51.1987938184
 20
152.8904558083
 10
50.9924751615
 20
151.8902657448
 10
50.8066051039
 20
150.930328733
 10
50.6441995439
 20
150.0182978915
 10
50.5063707109
 20
149.1535708117
 10
50.3936752672
 20
148.3296899269
 10
50.3090165393
 20
147.5509279163
 10
50.2552425583
 20
146.8255676164
 10
50.2330777084
 20
146.1489240042
 10
50.232547304
 20
146.0357014374
  0
LINE
  5
246
100
AcDbEntity
  8
00_COMPONENTS_1
100
AcDbLine
 62
7
  6
CONTINUOUS
 10
64.0842696344
 20
143.606232622
 11
64.0842696344
 21
161.556232622
  0
LINE
  5
247
100
AcDbEntity
  8
00_COMPONENTS_1
100
AcDbLine
 62
7
  6
CONTINUOUS
 10
64.0909363011
 20
175.076232622
 11
64.0909363011
 21
161.556232622
  0
LINE
  5
248
100
AcDbEntity
  8
00_COMPONENTS_1
100
AcDbLine
 62
7
  6
CONTINUOUS
 10
64.0909363011
 20
143.606232622
 11
64.0909363011
 21
130.076232622
  0
LINE
  5
249
100
AcDbEntity
  8
00_COMPONENTS_7
100
AcDbLine
 62
7
  6
CONTINUOUS
 10
68.5144977994
 20
121.076232622
 11
68.5144977994
 21
87.076232622
  0
LWPOLYLINE
  5
24A
100
AcDbEntity
  8
00_COMPONENTS_5
100
AcDbPolyline
 62
7
  6
CONTINUOUS
 90
10
 70
0
 10
60.1193764331
 20
170.5020837045
 10
60.3774067493
 20
170.8480743159
 10
60.8100677831
 20
171.3575583087
 10
61.2603341771
 20
171.8219912445
 10
61.7322552669
 20
172.2472491258
 10
62.2281288592
 20
172.6365570373
 10
62.7494704222
 20
172.9918129428
 10
63.3022396465
 20
173.3172321265
 10
63.896763479
 20
173.6185206707
 10
64.0909363011
 20
173.70299401
  0
LINE
  5
24B
100
AcDbEntity
  8
00_COMPONENTS_7
100
AcDbLine
 62
7
  6
CONTINUOUS
 10
205.0580592977
 20
106.076232622
 11
189.0144977994
 21
106.076232622
  0
LINE
  5
24C
100
AcDbEntity
  8
00_COMPONENTS_7
100
AcDbLine
 62
7
  6
CONTINUOUS
 10
41.0144977994
 20
106.076232622
 11
24.9709363011
 21
106.076232622
  0
LINE
  5
24D
100
AcDbEntity
  8
00_COMPONENTS_7
100
AcDbLine
 62
7
  6
CONTINUOUS
 10
71.2144977994
 20
204.076232622
 11
71.2144977994
 21
228.076232622
  0
LINE
  5
24E
100
AcDbEntity
  8
00_COMPONENTS_1
100
AcDbLine
 62
7
  6
CONTINUOUS
 10
72.0609363011
 20
161.556232622
 11
72.0609363011
 21
143.606232622
  0
LINE
  5
24F
100
AcDbEntity
  8
00_COMPONENTS_7
100
AcDbLine
 62
7
  6
CONTINUOUS
 10
74.5644977994
 20
122.076232622
 11
74.5644977994
 21
121.076232622
  0
LINE
  5
250
100
AcDbEntity
  8
00_COMPONENTS_1
100
AcDbLine
 62
7
  6
CONTINUOUS
 10
77.1109363011
 20
136.086232622
 11
77.1109363011
 21
138.026232622
  0
LINE
  5
251
100
AcDbEntity
  8
00_COMPONENTS_1
100
AcDbLine
 62
7
  6
CONTINUOUS
 10
77.1109363011
 20
139.2301166496
 11
77.1109363011
 21
141.0701166496
  0
LINE
  5
252
100
AcDbEntity
  8
00_COMPONENTS_1
100
AcDbLine
 62
7
  6
CONTINUOUS
 10
77.1109363011
 20
150.086232622
 11
77.1109363011
 21
152.026232622
  0
LINE
  5
253
100
AcDbEntity
  8
00_COMPONENTS_1
100
AcDbLine
 62
7
  6
CONTINUOUS
 10
77.1109363011
 20
153.2301166496
 11
77.1109363011
 21
155.0701166496
  0
LINE
  5
254
100
AcDbEntity
  8
00_COMPONENTS_1
100
AcDbLine
 62
7
  6
CONTINUOUS
 10
77.1109363011
 20
164.086232622
 11
77.1109363011
 21
166.026232622
  0
LINE
  5
255
100
AcDbEntity
  8
00_COMPONENTS_1
100
AcDbLine
 62
7
  6
CONTINUOUS
 10
77.1109363011
 20
167.2301166496
 11
77.1109363011
 21
169.0701166496
  0
LINE
  5
256
100
AcDbEntity
  8
00_COMPONENTS_1
100
AcDbLine
 62
7
  6
CONTINUOUS
 10
77.8609363011
 20
169.0701166496
 11
77.8609363011
 21
167.2301166496
  0
LINE
  5
257
100
AcDbEntity
  8
00_COMPONENTS_1
100
AcDbLine
 62
7
  6
CONTINUOUS
 10
77.8609363011
 20
166.026232622
 11
77.8609363011
 21
164.086232622
  0
LINE
  5
258
100
AcDbEntity
  8
00_COMPONENTS_1
100
AcDbLine
 62
7
  6
CONTINUOUS
 10
77.8609363011
 20
155.0701166496
 11
77.8609363011
 21
153.2301166496
  0
LINE
  5
259
100
AcDbEntity
  8
00_COMPONENTS_1
100
AcDbLine
 62
7
  6
CONTINUOUS
 10
77.8609363011
 20
152.026232622
 11
77.8609363011
 21
150.086232622
  0
LINE
  5
25A
100
AcDbEntity
  8
00_COMPONENTS_1
100
AcDbLine
 62
7
  6
CONTINUOUS
 10
77.8609363011
 20
141.0701166496
 11
77.8609363011
 21
139.2301166496
  0
LINE
  5
25B
100
AcDbEntity
  8
00_COMPONENTS_1
100
AcDbLine
 62
7
  6
CONTINUOUS
 10
77.8609363011
 20
138.026232622
 11
77.8609363011
 21
136.086232622
  0
LINE
  5
25C
100
AcDbEntity
  8
00_COMPONENTS_1
100
AcDbLine
 62
7
  6
CONTINUOUS
 10
74.1133178574
 20
166.1867539334
 11
74.1263588518
 21
167.0657411387
  0
LINE
  5
25D
100
AcDbEntity
  8
00_COMPONENTS_1
100
AcDbLine
 62
7
  6
CONTINUOUS
 10
74.1133178574
 20
152.1867539334
 11
74.1263588518
 21
153.0657411387
  0
LINE
  5
25E
100
AcDbEntity
  8
00_COMPONENTS_1
100
AcDbLine
 62
7
  6
CONTINUOUS
 10
74.1133178574
 20
138.1867539334
 11
74.1263588518
 21
139.0657411387
  0
LINE
  5
25F
100
AcDbEntity
  8
00_COMPONENTS_7
100
AcDbLine
 62
7
  6
CONTINUOUS
 10
89.2144977994
 20
192.4862826287
 11
72.5459356617
 21
184.9088911671
  0
LINE
  5
260
100
AcDbEntity
  8
00_COMPONENTS_1
100
AcDbLine
 62
7
  6
CONTINUOUS
 10
80.8444646302
 20
139.1364537798
 11
80.8596082663
 21
138.1157446299
  0
LINE
  5
261
100
AcDbEntity
  8
00_COMPONENTS_1
100
AcDbLine
 62
7
  6
CONTINUOUS
 10
80.8444646302
 20
153.1364537798
 11
80.8596082663
 21
152.1157446299
  0
LINE
  5
262
100
AcDbEntity
  8
00_COMPONENTS_1
100
AcDbLine
 62
7
  6
CONTINUOUS
 10
80.8444646302
 20
167.1364537798
 11
80.8596082663
 21
166.1157446299
  0
LWPOLYLINE
  5
263
100
AcDbEntity
  8
00_COMPONENTS_59_1
100
AcDbPolyline
 62
7
  6
CONTINUOUS
 90
61
 70
0
 10
84.1458771978
 20
183.1794362783
 10
85.1738252542
 20
183.4853421727
 10
86.6604324988
 20
183.9248784731
 10
88.3146047443
 20
184.3857114785
 10
90.0179289382
 20
184.8075107061
 10
91.7198495668
 20
185.161951295
 10
93.4611562022
 20
185.4502826702
 10
95.1927167266
 20
185.6658692288
 10
96.8359090251
 20
185.8117044538
 10
98.3896110687
 20
185.9055911139
 10
99.9183079902
 20
185.9645074119
 10
101.4098691813
 20
185.9982919803
 10
102.8226977846
 20
186.0147986196
 10
104.1822745321
 20
186.0212166161
 10
105.4612335664
 20
186.0222263539
 10
106.6487767077
 20
186.0210121651
 10
107.7996711976
 20
186.0192652059
 10
108.9259075261
 20
186.0183970662
 10
110.0069675376
 20
186.0191030022
 10
111.0438874808
 20
186.0213754199
 10
112.0473042714
 20
186.025040408
 10
113.0079490127
 20
186.0291389612
 10
113.9014704616
 20
186.0322612329
 10
114.724990575
 20
186.0327434071
 10
115.495793162
 20
186.0281242008
 10
116.2225790594
 20
186.0161535447
 10
116.9068064838
 20
185.9946808826
 10
117.5511568784
 20
185.9612949609
 10
118.1644716129
 20
185.9132862181
 10
118.7472128697
 20
185.8484180049
 10
119.2962433181
 20
185.7651398064
 10
119.8152786616
 20
185.6612651376
 10
120.3028463684
 20
185.5362480402
 10
120.7548036137
 20
185.3927219058
 10
121.1714879552
 20
185.2320457895
 10
121.5502770901
 20
185.0558745286
 10
121.8900064235
 20
184.8675761812
 10
122.1944777537
 20
184.6699452529
 10
122.4678957719
 20
184.4654490639
 10
122.7145098215
 20
184.2554152888
 10
122.9365293372
 20
184.0406641212
 10
123.1318970915
 20
183.8244116374
 10
123.3022709152
 20
183.6060451961
 10
123.4545026259
 20
183.3774889524
 10
123.5908044907
 20
183.1355604465
 10
123.7103660702
 20
182.8826102618
 10
123.8151262159
 20
182.6179499726
 10
123.906856632
 20
182.3424088208
 10
123.9862515397
 20
182.0595905229
 10
124.0545332896
 20
181.7739786485
 10
124.1139224266
 20
181.4888550918
 10
124.1665726323
 20
181.2051892782
 10
124.2134499476
 20
180.9252008951
 10
124.2554858691
 20
180.650857788
 10
124.2935488858
 20
180.3832024119
 10
124.3282415079
 20
180.1224764016
 10
124.3601310648
 20
179.8688761303
 10
124.3896170605
 20
179.6232015092
 10
124.4169024251
 20
179.3864247534
 10
124.4422421004
 20
179.1590056559
 10
124.4658993883
 20
178.9409389882
  0
LWPOLYLINE
  5
264
100
AcDbEntity
  8
00_COMPONENTS_4
100
AcDbPolyline
 62
7
  6
CONTINUOUS
 90
32
 70
0
 10
143.2167004692
 20
126.9555970957
 10
142.7777689501
 20
126.9125549022
 10
142.3418965653
 20
126.8689424954
 10
141.9107712937
 20
126.8245255391
 10
141.4849680699
 20
126.7789836093
 10
141.0649076606
 20
126.732111816
 10
140.6515403647
 20
126.6838718411
 10
140.2461821556
 20
126.6342876864
 10
139.849256685
 20
126.583290875
 10
139.4615057863
 20
126.5308618528
 10
139.0845980996
 20
126.4771312537
 10
138.7197526704
 20
126.4222372482
 10
138.3659503889
 20
126.3661528183
 10
138.0214974466
 20
126.30875985
 10
137.6862526499
 20
126.2501670619
 10
137.3599997179
 20
126.1904684555
 10
137.041115002
 20
126.1294798082
 10
136.729499587
 20
126.0672772603
 10
136.4250786271
 20
126.003949155
 10
136.1264059209
 20
125.9393291946
 10
135.8335036346
 20
125.8735634272
 10
135.5462146954
 20
125.8067624988
 10
135.263000076
 20
125.7387011416
 10
134.9838665053
 20
125.6695038232
 10
134.7088632373
 20
125.5993156077
 10
134.4367288061
 20
125.5279480671
 10
134.1672872373
 20
125.4555145269
 10
133.9012905616
 20
125.3824098961
 10
133.6390797566
 20
125.308943517
 10
133.3807305268
 20
125.2353697381
 10
133.1268820345
 20
125.1621245299
 10
132.8787159729
 20
125.0898291999
  0
LINE
  5
265
100
AcDbEntity
  8
00_COMPONENTS_7
100
AcDbLine
 62
7
  6
CONTINUOUS
 10
185.5644977994
 20
121.076232622
 11
168.9627762953
 21
121.076232622
  0
LINE
  5
266
100
AcDbEntity
  8
00_COMPONENTS_7
100
AcDbLine
 62
7
  6
CONTINUOUS
 10
165.8446912597
 20
121.076232622
 11
160.4606164342
 21
121.076232622
  0
LINE
  5
267
100
AcDbEntity
  8
00_COMPONENTS_7
100
AcDbLine
 62
7
  6
CONTINUOUS
 10
114.2299593337
 20
121.076232622
 11
108.2958372596
 21
121.076232622
  0
LINE
  5
268
100
AcDbEntity
  8
00_COMPONENTS_7
100
AcDbLine
 62
7
  6
CONTINUOUS
 10
105.0516488881
 20
121.076232622
 11
100.0644977994
 21
121.076232622
  0
LINE
  5
269
100
AcDbEntity
  8
00_COMPONENTS_7
100
AcDbLine
 62
7
  6
CONTINUOUS
 10
74.5644977994
 20
121.076232622
 11
44.5644977994
 21
121.076232622
  0
LINE
  5
26A
100
AcDbEntity
  8
00_COMPONENTS_7
100
AcDbLine
 62
7
  6
CONTINUOUS
 10
189.0144977994
 20
122.076232622
 11
169.1820109456
 21
122.076232622
  0
LINE
  5
26B
100
AcDbEntity
  8
00_COMPONENTS_7
100
AcDbLine
 62
7
  6
CONTINUOUS
 10
166.1174949331
 20
122.076232622
 11
161.4191490402
 21
122.076232622
  0
LINE
  5
26C
100
AcDbEntity
  8
00_COMPONENTS_7
100
AcDbLine
 62
7
  6
CONTINUOUS
 10
155.5311118497
 20
122.076232622
 11
133.7234936328
 21
122.076232622
  0
LINE
  5
26D
100
AcDbEntity
  8
00_COMPONENTS_7
100
AcDbLine
 62
7
  6
CONTINUOUS
 10
124.1792357463
 20
122.076232622
 11
117.0610412187
 21
122.076232622
  0
LINE
  5
26E
100
AcDbEntity
  8
00_COMPONENTS_7
100
AcDbLine
 62
7
  6
CONTINUOUS
 10
113.9861875614
 20
122.076232622
 11
107.881481083
 21
122.076232622
  0
LINE
  5
26F
100
AcDbEntity
  8
00_COMPONENTS_7
100
AcDbLine
 62
7
  6
CONTINUOUS
 10
104.710180282
 20
122.076232622
 11
41.0144977994
 21
122.076232622
  0
LWPOLYLINE
  5
270
100
AcDbEntity
  8
00_COMPONENTS
100
AcDbPolyline
 62
7
  6
CONTINUOUS
 90
105
 70
0
 10
103.0781900677
 20
126.4920078669
 10
103.088696929
 20
126.4806124774
 10
103.1148911177
 20
126.450182422
 10
103.1538134175
 20
126.4012701774
 10
103.196242634
 20
126.3438601546
 10
103.2410400438
 20
126.279011974
 10
103.2945293973
 20
126.1962311472
 10
103.3583721911
 20
126.0899806922
 10
103.4288802389
 20
125.9632382263
 10
103.5050206254
 20
125.8149742915
 10
103.5851310571
 20
125.6454250049
 10
103.6686036924
 20
125.4530496273
 10
103.7550235855
 20
125.2360369861
 10
103.8428198296
 20
124.9960437255
 10
103.9315740266
 20
124.7331630917
 10
104.022143582
 20
124.4444400984
 10
104.1144302062
 20
124.1311640657
 10
104.208453607
 20
123.7970136171
 10
104.3064634762
 20
123.4423019852
 10
104.4067870181
 20
123.0831511998
 10
104.5112995329
 20
122.722162595
 10
104.6274215914
 20
122.3377923218
 10
104.7532940833
 20
121.9399710061
 10
104.8890740103
 20
121.5330294657
 10
105.0456301615
 20
121.0919478112
 10
105.2355256463
 20
120.5961214294
 10
105.4543933376
 20
120.0757768162
 10
105.6904081262
 20
119.5724872942
 10
105.9505238858
 20
119.0808316606
 10
106.2439420757
 20
118.596450073
 10
106.5530439011
 20
118.1555235421
 10
106.8561577924
 20
117.7817843061
 10
107.1601479743
 20
117.4553067326
 10
107.4879345162
 20
117.1486917802
 10
107.8438818833
 20
116.8599820183
 10
108.2210754822
 20
116.5954347067
 10
108.6341961839
 20
116.346184353
 10
109.0931632844
 20
116.1093761555
 10
109.6019871634
 20
115.8873693694
 10
110.1701982668
 20
115.680069605
 10
110.8021006505
 20
115.4907889237
 10
111.4936815599
 20
115.3240538725
 10
112.2383547617
 20
115.1823775992
 10
113.04143523
 20
115.0644003348
 10
113.9216505098
 20
114.9673158185
 10
114.9032108775
 20
114.8891665753
 10
116.002125886
 20
114.8292253737
 10
117.2002179746
 20
114.7872580352
 10
118.4844250012
 20
114.7606012455
 10
119.8958954339
 20
114.7455670257
 10
121.4612391712
 20
114.7399491255
 10
123.1516961406
 20
114.7422218418
 10
124.9491263635
 20
114.7512863623
 10
126.8886056743
 20
114.7674429917
 10
129.0112801341
 20
114.7924400544
 10
131.3454793709
 20
114.8287970294
 10
133.8719381381
 20
114.8779171954
 10
136.5190287048
 20
114.9373374202
 10
139.1843030899
 20
114.9996987958
 10
141.7830550572
 20
115.0548850464
 10
144.2342541531
 20
115.0932804299
 10
146.4648257449
 20
115.1095354617
 10
148.5041993752
 20
115.1041427045
 10
150.4211807749
 20
115.0792661528
 10
152.2529900478
 20
115.0379859537
 10
153.9350297143
 20
114.9880066968
 10
155.4183341779
 20
114.9390516389
 10
156.7713220688
 20
114.8960789981
 10
158.0612220673
 20
114.8637989108
 10
159.2320505543
 20
114.850513445
 10
160.2377368517
 20
114.8604305
 10
161.1179376456
 20
114.8941856956
 10
161.9101624611
 20
114.9530279746
 10
162.61707592
 20
115.0370322973
 10
163.2424521441
 20
115.1446034863
 10
163.8183665215
 20
115.2780723566
 10
164.3424969252
 20
115.4350991644
 10
164.811460936
 20
115.6112059708
 10
165.2502091309
 20
115.8116018337
 10
165.6599294418
 20
116.0352549701
 10
166.0363489765
 20
116.2778718029
 10
166.3930161861
 20
116.5464852284
 10
166.7276613466
 20
116.839361617
 10
167.0399319005
 20
117.1558201208
 10
167.3417478019
 20
117.5093453531
 10
167.6305121912
 20
117.9016553875
 10
167.9008387028
 20
118.3299267139
 10
168.1565807419
 20
118.8044426922
 10
168.3929368178
 20
119.3207036965
 10
168.6093432684
 20
119.8811437846
 10
168.8122806242
 20
120.5102448791
 10
169.0005733149
 20
121.2183805634
 10
169.1692410737
 20
122.0016986619
 10
169.3163219775
 20
122.8601663343
 10
169.4449816876
 20
123.8298332811
 10
169.547689935
 20
124.8579349346
 10
169.6215757675
 20
125.8357977419
 10
169.6750947907
 20
126.7402747162
 10
169.7170447001
 20
127.6281994022
 10
169.749974838
 20
128.5053393884
 10
169.7743201128
 20
129.3335843395
 10
169.7911495626
 20
130.1007513692
 10
169.8015951652
 20
130.8489526651
 10
169.804843133
 20
131.5817363729
 10
169.8043102844
 20
131.7260454027
  0
LINE
  5
271
100
AcDbEntity
  8
00_COMPONENTS_1
100
AcDbLine
 62
7
  6
CONTINUOUS
 10
86.2809363011
 20
137.976232622
 11
86.2586519873
 21
139.1760256914
  0
LINE
  5
272
100
AcDbEntity
  8
00_COMPONENTS_1
100
AcDbLine
 62
7
  6
CONTINUOUS
 10
86.2809363011
 20
151.9760256914
 11
86.2586519873
 21
153.1758187608
  0
LINE
  5
273
100
AcDbEntity
  8
00_COMPONENTS_1
100
AcDbLine
 62
7
  6
CONTINUOUS
 10
86.2809363011
 20
165.9758187608
 11
86.2586519873
 21
167.1756118302
  0
LINE
  5
274
100
AcDbEntity
  8
00_COMPONENTS_7
100
AcDbLine
 62
7
  6
CONTINUOUS
 10
89.2144977994
 20
228.076232622
 11
89.2144977994
 21
192.4862826287
  0
LINE
  5
275
100
AcDbEntity
  8
00_COMPONENTS_1
100
AcDbLine
 62
7
  6
CONTINUOUS
 10
89.2986519873
 20
139.1760256914
 11
89.2986519873
 21
140.9760256914
  0
LINE
  5
276
100
AcDbEntity
  8
00_COMPONENTS_1
100
AcDbLine
 62
7
  6
CONTINUOUS
 10
89.2986519873
 20
153.1758187608
 11
89.2986519873
 21
154.9758187608
  0
LINE
  5
277
100
AcDbEntity
  8
00_COMPONENTS_1
100
AcDbLine
 62
7
  6
CONTINUOUS
 10
89.2986519873
 20
167.1756118302
 11
89.2986519873
 21
168.9756118302
  0
LINE
  5
278
100
AcDbEntity
  8
00_COMPONENTS_1
100
AcDbLine
 62
7
  6
CONTINUOUS
 10
89.3209363011
 20
136.176232622
 11
89.3209363011
 21
137.976232622
  0
LINE
  5
279
100
AcDbEntity
  8
00_COMPONENTS_1
100
AcDbLine
 62
7
  6
CONTINUOUS
 10
89.3209363011
 20
150.1760256914
 11
89.3209363011
 21
151.9760256914
  0
LINE
  5
27A
100
AcDbEntity
  8
00_COMPONENTS_1
100
AcDbLine
 62
7
  6
CONTINUOUS
 10
89.3209363011
 20
164.1758187608
 11
89.3209363011
 21
165.9758187608
  0
LINE
  5
27B
100
AcDbEntity
  8
00_COMPONENTS_1
100
AcDbLine
 62
7
  6
CONTINUOUS
 10
90.0609363011
 20
165.9758187608
 11
90.0609363011
 21
164.1758187608
  0
LINE
  5
27C
100
AcDbEntity
  8
00_COMPONENTS_1
100
AcDbLine
 62
7
  6
CONTINUOUS
 10
90.0609363011
 20
151.9760256914
 11
90.0609363011
 21
150.1760256914
  0
LINE
  5
27D
100
AcDbEntity
  8
00_COMPONENTS_1
100
AcDbLine
 62
7
  6
CONTINUOUS
 10
90.0609363011
 20
137.976232622
 11
90.0609363011
 21
136.176232622
  0
LINE
  5
27E
100
AcDbEntity
  8
00_COMPONENTS_1
100
AcDbLine
 62
7
  6
CONTINUOUS
 10
90.0832206149
 20
168.9756118302
 11
90.0832206149
 21
167.1756118302
  0
LINE
  5
27F
100
AcDbEntity
  8
00_COMPONENTS_1
100
AcDbLine
 62
7
  6
CONTINUOUS
 10
90.0832206149
 20
154.9758187608
 11
90.0832206149
 21
153.1758187608
  0
LINE
  5
280
100
AcDbEntity
  8
00_COMPONENTS_1
100
AcDbLine
 62
7
  6
CONTINUOUS
 10
90.0832206149
 20
140.9760256914
 11
90.0832206149
 21
139.1760256914
  0
LINE
  5
281
100
AcDbEntity
  8
00_COMPONENTS_1
100
AcDbLine
 62
7
  6
CONTINUOUS
 10
93.1232206149
 20
167.1756118302
 11
93.1009363011
 21
165.9758187608
  0
LINE
  5
282
100
AcDbEntity
  8
00_COMPONENTS_4
100
AcDbLine
 62
7
  6
CONTINUOUS
 10
126.2579671258
 20
129.2755444526
 11
126.2529423149
 21
129.2754631028
  0
LINE
  5
283
100
AcDbEntity
  8
00_COMPONENTS
100
AcDbLine
 62
7
  6
CONTINUOUS
 10
149.4209363011
 20
134.9617958725
 11
160.2045026028
 21
135.0059409803
  0
LINE
  5
284
100
AcDbEntity
  8
00_COMPONENTS
100
AcDbLine
 62
7
  6
CONTINUOUS
 10
160.5747729613
 20
135.4074576136
 11
165.5977292929
 21
135.428025841
  0
LINE
  5
285
100
AcDbEntity
  8
00_COMPONENTS_1
100
AcDbLine
 62
7
  6
CONTINUOUS
 10
150.4209363011
 20
130.076232622
 11
149.4209363011
 21
130.076232622
  0
LINE
  5
286
100
AcDbEntity
  8
00_COMPONENTS_1
100
AcDbLine
 62
7
  6
CONTINUOUS
 10
98.1709363011
 20
130.076232622
 11
64.0909363011
 21
130.076232622
  0
LINE
  5
287
100
AcDbEntity
  8
00_COMPONENTS_2
100
AcDbLine
 62
7
  6
CONTINUOUS
 10
98.1709363011
 20
130.076232622
 11
149.4209363011
 21
130.076232622
  0
LINE
  5
288
100
AcDbEntity
  8
00_COMPONENTS_1
100
AcDbLine
 62
7
  6
CONTINUOUS
 10
98.1709363011
 20
131.576232622
 11
98.0909363011
 21
131.576232622
  0
LINE
  5
289
100
AcDbEntity
  8
00_COMPONENTS_1
100
AcDbLine
 62
7
  6
CONTINUOUS
 10
149.4209363011
 20
131.576232622
 11
150.4209363011
 21
131.576232622
  0
LINE
  5
28A
100
AcDbEntity
  8
00_COMPONENTS_2
100
AcDbLine
 62
7
  6
CONTINUOUS
 10
98.0909363011
 20
132.776232622
 11
98.1709363011
 21
132.776232622
  0
LINE
  5
28B
100
AcDbEntity
  8
00_COMPONENTS_2
100
AcDbLine
 62
7
  6
CONTINUOUS
 10
128.0409363011
 20
133.786232622
 11
126.8109363011
 21
133.786232622
  0
LINE
  5
28C
100
AcDbEntity
  8
00_COMPONENTS_2
100
AcDbLine
 62
7
  6
CONTINUOUS
 10
98.0909363011
 20
134.346232622
 11
98.1709363011
 21
134.346232622
  0
LINE
  5
28D
100
AcDbEntity
  8
00_COMPONENTS_2
100
AcDbLine
 62
7
  6
CONTINUOUS
 10
124.4296425615
 20
134.831232622
 11
124.85734507
 21
134.831232622
  0
LINE
  5
28E
100
AcDbEntity
  8
00_COMPONENTS_2
100
AcDbLine
 62
7
  6
CONTINUOUS
 10
129.9845275322
 20
134.831232622
 11
130.2515636274
 21
134.831232622
  0
LINE
  5
28F
100
AcDbEntity
  8
00_COMPONENTS_2
100
AcDbLine
 62
7
  6
CONTINUOUS
 10
100.9109363011
 20
135.426232622
 11
99.9109363011
 21
135.426232622
  0
LINE
  5
290
100
AcDbEntity
  8
00_COMPONENTS_2
100
AcDbLine
 62
7
  6
CONTINUOUS
 10
129.8709363011
 20
135.676232622
 11
128.0409363011
 21
135.676232622
  0
LINE
  5
291
100
AcDbEntity
  8
00_COMPONENTS_2
100
AcDbLine
 62
7
  6
CONTINUOUS
 10
126.8109363011
 20
135.676232622
 11
124.9809363011
 21
135.676232622
  0
LINE
  5
292
100
AcDbEntity
  8
00_COMPONENTS
100
AcDbLine
 62
7
  6
CONTINUOUS
 10
105.1382305943
 20
128.672613254
 11
105.0996017109
 21
128.7073967894
  0
LINE
  5
293
100
AcDbEntity
  8
00_COMPONENTS_1
100
AcDbLine
 62
7
  6
CONTINUOUS
 10
98.0909363011
 20
130.076232622
 11
98.0909363011
 21
175.076232622
  0
LINE
  5
294
100
AcDbEntity
  8
00_COMPONENTS_2
100
AcDbLine
 62
7
  6
CONTINUOUS
 10
98.1709363011
 20
130.076232622
 11
98.1709363011
 21
175.076232622
  0
LINE
  5
295
100
AcDbEntity
  8
00_COMPONENTS_2
100
AcDbLine
 62
7
  6
CONTINUOUS
 10
99.9109363011
 20
135.426232622
 11
99.9109363011
 21
130.076232622
  0
LINE
  5
296
100
AcDbEntity
  8
00_COMPONENTS_2
100
AcDbLine
 62
7
  6
CONTINUOUS
 10
100.0409363011
 20
172.976232622
 11
100.0409363011
 21
170.1836315959
  0
LINE
  5
297
100
AcDbEntity
  8
00_COMPONENTS_2
100
AcDbLine
 62
7
  6
CONTINUOUS
 10
100.0409363011
 20
163.296232622
 11
100.0409363011
 21
159.496232622
  0
LINE
  5
298
100
AcDbEntity
  8
00_COMPONENTS_7
100
AcDbLine
 62
7
  6
CONTINUOUS
 10
100.0644977994
 20
184.076232622
 11
100.0644977994
 21
183.3513036452
  0
LINE
  5
299
100
AcDbEntity
  8
00_COMPONENTS_7
100
AcDbLine
 62
7
  6
CONTINUOUS
 10
100.0644977994
 20
122.076232622
 11
100.0644977994
 21
121.076232622
  0
LINE
  5
29A
100
AcDbEntity
  8
00_COMPONENTS_1
100
AcDbLine
 62
7
  6
CONTINUOUS
 10
93.1232206149
 20
153.1758187608
 11
93.1009363011
 21
151.9760256914
  0
LINE
  5
29B
100
AcDbEntity
  8
00_COMPONENTS_1
100
AcDbLine
 62
7
  6
CONTINUOUS
 10
93.1232206149
 20
139.1760256914
 11
93.1009363011
 21
137.976232622
  0
LINE
  5
29C
100
AcDbEntity
  8
00_COMPONENTS
100
AcDbLine
 62
7
  6
CONTINUOUS
 10
166.6308202612
 20
136.9321961737
 11
149.4209363011
 21
136.8617227027
  0
LINE
  5
29D
100
AcDbEntity
  8
00_COMPONENTS
100
AcDbLine
 62
7
  6
CONTINUOUS
 10
165.5846642364
 20
138.4279972767
 11
160.5624585015
 21
138.4074377455
  0
LINE
  5
29E
100
AcDbEntity
  8
00_COMPONENTS
100
AcDbLine
 62
7
  6
CONTINUOUS
 10
160.1889444817
 20
138.80590912
 11
149.4209363011
 21
138.7618161596
  0
LINE
  5
29F
100
AcDbEntity
  8
00_COMPONENTS_5
100
AcDbLine
 62
7
  6
CONTINUOUS
 10
63.1778096472
 20
139.0658137583
 11
64.0909363011
 21
139.0682828017
  0
LINE
  5
2A0
100
AcDbEntity
  8
00_COMPONENTS_5
100
AcDbLine
 62
7
  6
CONTINUOUS
 10
62.6021425559
 20
140.9643598943
 11
64.0909363011
 21
140.9683705619
  0
LINE
  5
2A1
100
AcDbEntity
  8
00_COMPONENTS_5
100
AcDbLine
 62
7
  6
CONTINUOUS
 10
64.0909363011
 20
142.8682782159
 11
63.1675728474
 21
142.8657999685
  0
LWPOLYLINE
  5
2A2
100
AcDbEntity
  8
00_COMPONENTS_5
100
AcDbPolyline
 62
7
  6
CONTINUOUS
 90
31
 70
0
 10
62.8195444205
 20
142.4654641978
 10
62.4850559134
 20
142.4651412057
 10
61.7466047441
 20
142.4676859114
 10
61.0379144114
 20
142.4742434743
 10
60.36330499
 20
142.4853604927
 10
59.7234464699
 20
142.501516578
 10
59.1153957973
 20
142.5232411723
 10
58.5397254774
 20
142.5509951993
 10
58.000199068
 20
142.5850143632
 10
57.4974019822
 20
142.62543991
 10
57.0273861727
 20
142.6726785703
 10
56.588690843
 20
142.7273499373
 10
56.1855795136
 20
142.7888165372
 10
55.8206640189
 20
142.8561974581
 10
55.4889902346
 20
142.930318285
 10
55.1847411089
 20
143.0122293672
 10
54.9092743757
 20
143.1012912812
 10
54.6635704542
 20
143.197028826
 10
54.4421946329
 20
143.3014898583
 10
54.2462477628
 20
143.4138997023
 10
54.0755000354
 20
143.5328872175
 10
53.923218995
 20
143.6623973854
 10
53.7916350971
 20
143.8013829826
 10
53.6773533878
 20
143.9537077181
 10
53.570142205
 20
144.1370265287
 10
53.4696023701
 20
144.3648064754
 10
53.3831532482
 20
144.6356349951
 10
53.3157276352
 20
144.942148997
 10
53.2685805478
 20
145.2788248252
 10
53.241103546
 20
145.6459774421
 10
53.2325195444
 20
146.0093842737
  0
LINE
  5
2A3
100
AcDbEntity
  8
00_COMPONENTS_2
100
AcDbLine
 62
7
  6
CONTINUOUS
 10
86.1905766096
 20
136.646232622
 11
86.6556036732
 21
136.646232622
  0
LINE
  5
2A4
100
AcDbEntity
  8
00_COMPONENTS_2
100
AcDbLine
 62
7
  6
CONTINUOUS
 10
92.7264542721
 20
136.646232622
 11
93.1906427436
 21
136.646232622
  0
LINE
  5
2A5
100
AcDbEntity
  8
00_COMPONENTS_2
100
AcDbLine
 62
7
  6
CONTINUOUS
 10
98.0909363011
 20
136.646232622
 11
98.1709363011
 21
136.646232622
  0
LINE
  5
2A6
100
AcDbEntity
  8
00_COMPONENTS_2
100
AcDbLine
 62
7
  6
CONTINUOUS
 10
124.9809363011
 20
136.676232622
 11
126.8109363011
 21
136.676232622
  0
LINE
  5
2A7
100
AcDbEntity
  8
00_COMPONENTS_2
100
AcDbLine
 62
7
  6
CONTINUOUS
 10
128.0409363011
 20
136.676232622
 11
129.8709363011
 21
136.676232622
  0
LINE
  5
2A8
100
AcDbEntity
  8
00_COMPONENTS_2
100
AcDbLine
 62
7
  6
CONTINUOUS
 10
100.9109363011
 20
136.926232622
 11
98.1709363011
 21
136.926232622
  0
LINE
  5
2A9
100
AcDbEntity
  8
00_COMPONENTS_2
100
AcDbLine
 62
7
  6
CONTINUOUS
 10
138.6109363011
 20
137.176232622
 11
137.8609363011
 21
137.176232622
  0
LINE
  5
2AA
100
AcDbEntity
  8
00_COMPONENTS_2
100
AcDbLine
 62
7
  6
CONTINUOUS
 10
124.4475015428
 20
137.521232622
 11
124.85734507
 21
137.521232622
  0
LINE
  5
2AB
100
AcDbEntity
  8
00_COMPONENTS_2
100
AcDbLine
 62
7
  6
CONTINUOUS
 10
129.9845275322
 20
137.521232622
 11
130.2344945368
 21
137.521232622
  0
LINE
  5
2AC
100
AcDbEntity
  8
00_COMPONENTS_2
100
AcDbLine
 62
7
  6
CONTINUOUS
 10
141.8816056311
 20
137.821232622
 11
141.3429263228
 21
137.821232622
  0
LINE
  5
2AD
100
AcDbEntity
  8
00_COMPONENTS_2
100
AcDbLine
 62
7
  6
CONTINUOUS
 10
135.0989462794
 20
137.821232622
 11
134.5570619856
 21
137.821232622
  0
LINE
  5
2AE
100
AcDbEntity
  8
00_COMPONENTS_1
100
AcDbLine
 62
7
  6
CONTINUOUS
 10
93.1009363011
 20
137.976232622
 11
90.0609363011
 21
137.976232622
  0
LINE
  5
2AF
100
AcDbEntity
  8
00_COMPONENTS_1
100
AcDbLine
 62
7
  6
CONTINUOUS
 10
89.3209363011
 20
137.976232622
 11
86.2809363011
 21
137.976232622
  0
LINE
  5
2B0
100
AcDbEntity
  8
00_COMPONENTS_1
100
AcDbLine
 62
7
  6
CONTINUOUS
 10
80.846156115
 20
138.026232622
 11
77.8609363011
 21
138.026232622
  0
LINE
  5
2B1
100
AcDbEntity
  8
00_COMPONENTS_1
100
AcDbLine
 62
7
  6
CONTINUOUS
 10
77.1109363011
 20
138.026232622
 11
74.1357164871
 21
138.026232622
  0
LINE
  5
2B2
100
AcDbEntity
  8
00_COMPONENTS_1
100
AcDbLine
 62
7
  6
CONTINUOUS
 10
98.1709363011
 20
138.126232622
 11
98.0909363011
 21
138.126232622
  0
LINE
  5
2B3
100
AcDbEntity
  8
00_COMPONENTS_2
100
AcDbLine
 62
7
  6
CONTINUOUS
 10
126.8109363011
 20
138.566232622
 11
128.0409363011
 21
138.566232622
  0
LINE
  5
2B4
100
AcDbEntity
  8
00_COMPONENTS_2
100
AcDbLine
 62
7
  6
CONTINUOUS
 10
141.6309363011
 20
138.976232622
 11
138.6109363011
 21
138.976232622
  0
LINE
  5
2B5
100
AcDbEntity
  8
00_COMPONENTS_2
100
AcDbLine
 62
7
  6
CONTINUOUS
 10
137.8609363011
 20
138.976232622
 11
134.8109363011
 21
138.976232622
  0
LINE
  5
2B6
100
AcDbEntity
  8
00_COMPONENTS_1
100
AcDbLine
 62
7
  6
CONTINUOUS
 10
86.2586519873
 20
139.1760256914
 11
89.2986519873
 21
139.1760256914
  0
LINE
  5
2B7
100
AcDbEntity
  8
00_COMPONENTS_1
100
AcDbLine
 62
7
  6
CONTINUOUS
 10
90.0832206149
 20
139.1760256914
 11
93.1232206149
 21
139.1760256914
  0
LINE
  5
2B8
100
AcDbEntity
  8
00_COMPONENTS_1
100
AcDbLine
 62
7
  6
CONTINUOUS
 10
74.1544058159
 20
139.2301166496
 11
77.1109363011
 21
139.2301166496
  0
LINE
  5
2B9
100
AcDbEntity
  8
00_COMPONENTS_1
100
AcDbLine
 62
7
  6
CONTINUOUS
 10
77.8609363011
 20
139.2301166496
 11
80.8274667863
 21
139.2301166496
  0
LINE
  5
2BA
100
AcDbEntity
  8
00_COMPONENTS_1
100
AcDbLine
 62
7
  6
CONTINUOUS
 10
98.1709363011
 20
139.816232622
 11
98.0909363011
 21
139.816232622
  0
LINE
  5
2BB
100
AcDbEntity
  8
00_COMPONENTS_2
100
AcDbLine
 62
7
  6
CONTINUOUS
 10
134.8109363011
 20
140.176232622
 11
137.8609363011
 21
140.176232622
  0
LINE
  5
2BC
100
AcDbEntity
  8
00_COMPONENTS_2
100
AcDbLine
 62
7
  6
CONTINUOUS
 10
138.6109363011
 20
140.176232622
 11
141.6309363011
 21
140.176232622
  0
LINE
  5
2BD
100
AcDbEntity
  8
00_COMPONENTS_2
100
AcDbLine
 62
7
  6
CONTINUOUS
 10
141.7352899337
 20
141.331232622
 11
141.3429263228
 21
141.331232622
  0
LINE
  5
2BE
100
AcDbEntity
  8
00_COMPONENTS_2
100
AcDbLine
 62
7
  6
CONTINUOUS
 10
135.0989462794
 20
141.331232622
 11
134.7036966163
 21
141.331232622
  0
LINE
  5
2BF
100
AcDbEntity
  8
00_COMPONENTS_2
100
AcDbLine
 62
7
  6
CONTINUOUS
 10
137.8609363011
 20
141.976232622
 11
138.6109363011
 21
141.976232622
  0
LWPOLYLINE
  5
2C0
100
AcDbEntity
  8
00_COMPONENTS
100
AcDbPolyline
 62
7
  6
CONTINUOUS
 90
27
 70
0
 10
165.5977292929
 20
135.428025841
 10
165.7011741362
 20
135.4262121206
 10
165.825755687
 20
135.4175541584
 10
165.940324691
 20
135.4020431313
 10
166.0410385712
 20
135.3807740782
 10
166.1259842387
 20
135.3552284937
 10
166.1961152065
 20
135.3261532244
 10
166.2539404035
 20
135.2934609795
 10
166.3017401778
 20
135.2575305099
 10
166.3443858357
 20
135.2156369697
 10
166.3850748947
 20
135.1638447193
 10
166.4260535043
 20
135.0987191573
 10
166.4681387487
 20
135.0167004594
 10
166.5098427788
 20
134.9174414591
 10
166.5499528252
 20
134.8012862418
 10
166.5889044878
 20
134.6642715874
 10
166.6262115239
 20
134.5038104801
 10
166.6604632318
 20
134.3216458253
 10
166.6912711673
 20
134.1165266882
 10
166.7186155722
 20
133.8860086431
 10
166.7420010398
 20
133.6330730787
 10
166.760949872
 20
133.3640981469
 10
166.7757328606
 20
133.0829387235
 10
166.7870165293
 20
132.7891694928
 10
166.79529817
 20
132.4823831903
 10
166.8008397437
 20
132.1661284056
 10
166.8039303259
 20
131.8426689975
  0
LINE
  5
2C1
100
AcDbEntity
  8
00_COMPONENTS_2
100
AcDbLine
 62
7
  6
CONTINUOUS
 10
116.7229181031
 20
137.5832255239
 11
117.7083260016
 21
137.4130160247
  0
LINE
  5
2C2
100
AcDbEntity
  8
00_COMPONENTS_2
100
AcDbLine
 62
7
  6
CONTINUOUS
 10
115.4150157545
 20
138.8239476711
 11
116.4203329356
 21
138.6502992417
  0
LINE
  5
2C3
100
AcDbEntity
  8
00_COMPONENTS_2
100
AcDbLine
 62
7
  6
CONTINUOUS
 10
118.3513301674
 20
138.3167581039
 11
119.3566473485
 21
138.1431096745
  0
LINE
  5
2C4
100
AcDbEntity
  8
00_COMPONENTS_2
100
AcDbLine
 62
7
  6
CONTINUOUS
 10
119.5268568476
 20
139.1285175729
 11
118.5215396666
 21
139.3021660023
  0
LINE
  5
2C5
100
AcDbEntity
  8
00_COMPONENTS_2
100
AcDbLine
 62
7
  6
CONTINUOUS
 10
116.5905424348
 20
139.6357071402
 11
115.5852252537
 21
139.8093555696
  0
LINE
  5
2C6
100
AcDbEntity
  8
00_COMPONENTS_2
100
AcDbLine
 62
7
  6
CONTINUOUS
 10
118.3040592487
 20
140.8619436694
 11
117.3186513502
 21
141.0321531686
  0
LINE
  5
2C7
100
AcDbEntity
  8
00_COMPONENTS_2
100
AcDbLine
 62
7
  6
CONTINUOUS
 10
98.1709363011
 20
141.3940896825
 11
98.0909363011
 21
141.4155256179
  0
LWPOLYLINE
  5
2C8
100
AcDbEntity
  8
00_COMPONENTS_4
100
AcDbPolyline
 62
7
  6
CONTINUOUS
 90
7
 70
0
 10
127.0985023208
 20
129.0605124352
 10
126.9566858123
 20
129.131489108
 10
126.8079269303
 20
129.1893551348
 10
126.6532561786
 20
129.2330891686
 10
126.4962967099
 20
129.2616882367
 10
126.3420531194
 20
129.274672448
 10
126.2579194767
 20
129.2755437602
  0
LWPOLYLINE
  5
2C9
100
AcDbEntity
  8
00_COMPONENTS_5
100
AcDbPolyline
 62
7
  6
CONTINUOUS
 90
41
 70
0
 10
105.6140622362
 20
177.6314771542
 10
105.6062123138
 20
177.7571553335
 10
105.5897661005
 20
177.8749764407
 10
105.5670836797
 20
177.9824248311
 10
105.5398922081
 20
178.0804097184
 10
105.5083743058
 20
178.1729433296
 10
105.4733358078
 20
178.26015815
 10
105.4356853942
 20
178.3419867718
 10
105.3944109523
 20
178.4219426674
 10
105.3493167998
 20
178.5007920846
 10
105.3010636382
 20
178.5777257432
 10
105.2492886765
 20
178.6535869446
 10
105.1939706409
 20
178.7284850799
 10
105.13525271
 20
178.8022559854
 10
105.0728510472
 20
178.8752200357
 10
105.006849204
 20
178.9472387581
 10
104.937137924
 20
179.0184050064
 10
104.8630643652
 20
179.089262016
 10
104.7843810567
 20
179.1598378265
 10
104.7012412414
 20
179.2298115103
 10
104.6135889776
 20
179.2991052982
 10
104.521395065
 20
179.3676293501
 10
104.4246734609
 20
179.4352503631
 10
104.323485822
 20
179.501797773
 10
104.2178407716
 20
179.5671402804
 10
104.1075783449
 20
179.6312531273
 10
103.9925165128
 20
179.6941100901
 10
103.872535417
 20
179.7556400224
 10
103.7474088801
 20
179.8157892097
 10
103.6167513626
 20
179.8745112205
 10
103.4809606359
 20
179.9314235639
 10
103.3390569404
 20
179.9867399274
 10
103.188533494
 20
180.0410185318
 10
103.0289475153
 20
180.0937262487
 10
102.8599339966
 20
180.1442935216
 10
102.6789599983
 20
180.1927164545
 10
102.4844306233
 20
180.2384267042
 10
102.2772231399
 20
180.2801415378
 10
102.0586372598
 20
180.3166766259
 10
101.829580799
 20
180.3471134077
 10
101.7299230666
 20
180.3569175294
  0
LINE
  5
2CA
100
AcDbEntity
  8
00_COMPONENTS_5
100
AcDbLine
 62
7
  6
CONTINUOUS
 10
105.6144303237
 20
177.6030293287
 11
105.6140622362
 21
177.6314771542
  0
LINE
  5
2CB
100
AcDbEntity
  8
00_COMPONENTS_5
100
AcDbLine
 62
7
  6
CONTINUOUS
 10
105.6144869455
 20
177.5802739064
 11
105.614424968
 21
177.6030290353
  0
LINE
  5
2CC
100
AcDbEntity
  8
00_COMPONENTS_2
100
AcDbLine
 62
7
  6
CONTINUOUS
 10
100.9109363011
 20
135.426232622
 11
100.9109363011
 21
157.726232622
  0
LINE
  5
2CD
100
AcDbEntity
  8
00_COMPONENTS_2
100
AcDbLine
 62
7
  6
CONTINUOUS
 10
101.3409363011
 20
157.726232622
 11
101.3409363011
 21
173.476232622
  0
LINE
  5
2CE
100
AcDbEntity
  8
00_COMPONENTS_2
100
AcDbLine
 62
7
  6
CONTINUOUS
 10
102.8909363011
 20
165.526232622
 11
102.8909363011
 21
169.526232622
  0
LINE
  5
2CF
100
AcDbEntity
  8
00_COMPONENTS_2
100
AcDbLine
 62
7
  6
CONTINUOUS
 10
102.9909363011
 20
165.626232622
 11
102.9909363011
 21
169.426232622
  0
LINE
  5
2D0
100
AcDbEntity
  8
00_COMPONENTS_2
100
AcDbLine
 62
7
  6
CONTINUOUS
 10
104.8409363011
 20
147.876232622
 11
104.8409363011
 21
154.976232622
  0
LINE
  5
2D1
100
AcDbEntity
  8
00_COMPONENTS_7
100
AcDbLine
 62
7
  6
CONTINUOUS
 10
106.0144977994
 20
87.076232622
 11
106.0144977994
 21
118.9752220329
  0
LINE
  5
2D2
100
AcDbEntity
  8
00_COMPONENTS_7
100
AcDbLine
 62
7
  6
CONTINUOUS
 10
106.0144977994
 20
184.076232622
 11
106.0144977994
 21
186.0216606757
  0
LINE
  5
2D3
100
AcDbEntity
  8
00_COMPONENTS_7
100
AcDbLine
 62
7
  6
CONTINUOUS
 10
106.0144977994
 20
189.021703938
 11
106.0144977994
 21
228.076232622
  0
LINE
  5
2D4
100
AcDbEntity
  8
00_COMPONENTS_2
100
AcDbLine
 62
7
  6
CONTINUOUS
 10
106.2509363011
 20
173.476232622
 11
106.2509363011
 21
172.3988779381
  0
LINE
  5
2D5
100
AcDbEntity
  8
00_COMPONENTS_2
100
AcDbLine
 62
7
  6
CONTINUOUS
 10
106.2509363011
 20
171.7535873059
 11
106.2509363011
 21
170.326232622
  0
LINE
  5
2D6
100
AcDbEntity
  8
00_COMPONENTS_2
100
AcDbLine
 62
7
  6
CONTINUOUS
 10
106.2509363011
 20
157.726232622
 11
106.2509363011
 21
164.326232622
  0
LINE
  5
2D7
100
AcDbEntity
  8
00_COMPONENTS_2
100
AcDbLine
 62
7
  6
CONTINUOUS
 10
106.2909363011
 20
169.426232622
 11
106.2909363011
 21
165.626232622
  0
LINE
  5
2D8
100
AcDbEntity
  8
00_COMPONENTS_2
100
AcDbLine
 62
7
  6
CONTINUOUS
 10
106.3909363011
 20
169.526232622
 11
106.3909363011
 21
167.526232622
  0
LINE
  5
2D9
100
AcDbEntity
  8
00_COMPONENTS_2
100
AcDbLine
 62
7
  6
CONTINUOUS
 10
106.9109363011
 20
149.426232622
 11
106.9109363011
 21
153.426232622
  0
LINE
  5
2DA
100
AcDbEntity
  8
00_COMPONENTS_2
100
AcDbLine
 62
7
  6
CONTINUOUS
 10
107.1209363011
 20
147.626232622
 11
107.1209363011
 21
144.026232622
  0
LINE
  5
2DB
100
AcDbEntity
  8
00_COMPONENTS_2
100
AcDbLine
 62
7
  6
CONTINUOUS
 10
107.6634303269
 20
173.476232622
 11
107.6634303269
 21
172.3988779381
  0
LINE
  5
2DC
100
AcDbEntity
  8
00_COMPONENTS_2
100
AcDbLine
 62
7
  6
CONTINUOUS
 10
107.6634303269
 20
171.7535873059
 11
107.6634303269
 21
170.326232622
  0
LINE
  5
2DD
100
AcDbEntity
  8
00_COMPONENTS_2
100
AcDbLine
 62
7
  6
CONTINUOUS
 10
107.6909363011
 20
165.026232622
 11
107.6909363011
 21
165.526232622
  0
LINE
  5
2DE
100
AcDbEntity
  8
00_COMPONENTS_1
100
AcDbLine
 62
7
  6
CONTINUOUS
 10
72.0609363011
 20
143.606232622
 11
64.0842696344
 21
143.606232622
  0
LINE
  5
2DF
100
AcDbEntity
  8
00_COMPONENTS_2
100
AcDbLine
 62
7
  6
CONTINUOUS
 10
108.4209363011
 20
144.026232622
 11
107.1209363011
 21
144.026232622
  0
LINE
  5
2E0
100
AcDbEntity
  8
00_COMPONENTS_2
100
AcDbLine
 62
7
  6
CONTINUOUS
 10
128.0409363011
 20
144.776232622
 11
126.8109363011
 21
144.776232622
  0
LINE
  5
2E1
100
AcDbEntity
  8
00_COMPONENTS_2
100
AcDbLine
 62
7
  6
CONTINUOUS
 10
124.4296425615
 20
145.831232622
 11
124.85734507
 21
145.831232622
  0
LINE
  5
2E2
100
AcDbEntity
  8
00_COMPONENTS_2
100
AcDbLine
 62
7
  6
CONTINUOUS
 10
129.9845275322
 20
145.831232622
 11
130.2515636274
 21
145.831232622
  0
LINE
  5
2E3
100
AcDbEntity
  8
00_COMPONENTS_2
100
AcDbLine
 62
7
  6
CONTINUOUS
 10
129.8709363011
 20
146.666232622
 11
128.0409363011
 21
146.666232622
  0
LINE
  5
2E4
100
AcDbEntity
  8
00_COMPONENTS_2
100
AcDbLine
 62
7
  6
CONTINUOUS
 10
126.8109363011
 20
146.666232622
 11
124.9809363011
 21
146.666232622
  0
LINE
  5
2E5
100
AcDbEntity
  8
00_COMPONENTS_2
100
AcDbLine
 62
7
  6
CONTINUOUS
 10
107.1209363011
 20
147.626232622
 11
108.4209363011
 21
147.626232622
  0
LINE
  5
2E6
100
AcDbEntity
  8
00_COMPONENTS_2
100
AcDbLine
 62
7
  6
CONTINUOUS
 10
124.9809363011
 20
147.666232622
 11
126.8109363011
 21
147.666232622
  0
LINE
  5
2E7
100
AcDbEntity
  8
00_COMPONENTS_2
100
AcDbLine
 62
7
  6
CONTINUOUS
 10
128.0409363011
 20
147.666232622
 11
129.8709363011
 21
147.666232622
  0
LINE
  5
2E8
100
AcDbEntity
  8
00_COMPONENTS_2
100
AcDbLine
 62
7
  6
CONTINUOUS
 10
121.3809363011
 20
147.876232622
 11
104.8409363011
 21
147.876232622
  0
LINE
  5
2E9
100
AcDbEntity
  8
00_COMPONENTS_2
100
AcDbLine
 62
7
  6
CONTINUOUS
 10
98.0909363011
 20
148.346232622
 11
98.1709363011
 21
148.346232622
  0
LINE
  5
2EA
100
AcDbEntity
  8
00_COMPONENTS_2
100
AcDbLine
 62
7
  6
CONTINUOUS
 10
124.4475015428
 20
148.521232622
 11
124.85734507
 21
148.521232622
  0
LINE
  5
2EB
100
AcDbEntity
  8
00_COMPONENTS_2
100
AcDbLine
 62
7
  6
CONTINUOUS
 10
129.9845275322
 20
148.521232622
 11
130.2344945368
 21
148.521232622
  0
LINE
  5
2EC
100
AcDbEntity
  8
00_COMPONENTS_2
100
AcDbLine
 62
7
  6
CONTINUOUS
 10
117.5909363011
 20
149.426232622
 11
114.5909363011
 21
149.426232622
  0
LINE
  5
2ED
100
AcDbEntity
  8
00_COMPONENTS_2
100
AcDbLine
 62
7
  6
CONTINUOUS
 10
110.9109363011
 20
149.426232622
 11
106.9109363011
 21
149.426232622
  0
LINE
  5
2EE
100
AcDbEntity
  8
00_COMPONENTS_2
100
AcDbLine
 62
7
  6
CONTINUOUS
 10
126.8109363011
 20
149.556232622
 11
128.0409363011
 21
149.556232622
  0
LINE
  5
2EF
100
AcDbEntity
  8
00_COMPONENTS_2
100
AcDbLine
 62
7
  6
CONTINUOUS
 10
119.2909363011
 20
149.926232622
 11
117.5909363011
 21
149.926232622
  0
LINE
  5
2F0
100
AcDbEntity
  8
00_COMPONENTS_2
100
AcDbLine
 62
7
  6
CONTINUOUS
 10
114.5909363011
 20
149.926232622
 11
111.6109363011
 21
149.926232622
  0
LINE
  5
2F1
100
AcDbEntity
  8
00_COMPONENTS_2
100
AcDbLine
 62
7
  6
CONTINUOUS
 10
86.1905566451
 20
150.646232622
 11
86.6556036732
 21
150.646232622
  0
LINE
  5
2F2
100
AcDbEntity
  8
00_COMPONENTS_2
100
AcDbLine
 62
7
  6
CONTINUOUS
 10
92.7264542721
 20
150.646232622
 11
93.1907993011
 21
150.646232622
  0
LINE
  5
2F3
100
AcDbEntity
  8
00_COMPONENTS_2
100
AcDbLine
 62
7
  6
CONTINUOUS
 10
98.0909363011
 20
150.646232622
 11
98.1709363011
 21
150.646232622
  0
LINE
  5
2F4
100
AcDbEntity
  8
00_COMPONENTS_3
100
AcDbLine
 62
7
  6
CONTINUOUS
 10
149.4209363011
 20
148.6036227942
 11
160.3388576984
 21
148.5224546576
  0
LINE
  5
2F5
100
AcDbEntity
  8
00_COMPONENTS_3
100
AcDbLine
 62
7
  6
CONTINUOUS
 10
161.964056442
 20
150.4104275933
 11
149.4209866283
 21
150.503562569
  0
LWPOLYLINE
  5
2F6
100
AcDbEntity
  8
00_COMPONENTS_3
100
AcDbPolyline
 62
7
  6
CONTINUOUS
 90
16
 70
0
 10
161.0096316093
 20
148.9173172819
 10
161.1407848267
 20
148.9143576752
 10
161.3694018425
 20
148.9067344982
 10
161.5838961287
 20
148.8962868976
 10
161.7840436502
 20
148.8829381637
 10
161.9680513451
 20
148.8667507351
 10
162.1325907074
 20
148.848128281
 10
162.2774600153
 20
148.827370614
 10
162.402534714
 20
148.8048999483
 10
162.5054813756
 20
148.7819107794
 10
162.5857824101
 20
148.7598941328
 10
162.6473532134
 20
148.7394558801
 10
162.692838083
 20
148.7212723161
 10
162.7214077478
 20
148.7074551576
 10
162.7341683255
 20
148.7001154663
 10
162.7360614654
 20
148.6988975115
  0
LWPOLYLINE
  5
2F7
100
AcDbEntity
  8
00_COMPONENTS_4
100
AcDbPolyline
 62
7
  6
CONTINUOUS
 90
16
 70
0
 10
125.318513807
 20
126.7070153455
 10
125.3199756976
 20
126.7046854692
 10
125.3288018844
 20
126.6899525498
 10
125.3430684708
 20
126.6646027971
 10
125.3611931175
 20
126.6304813982
 10
125.3827586491
 20
126.587702584
 10
125.4075689467
 20
126.5360675706
 10
125.4346224773
 20
126.4772328132
 10
125.4636336771
 20
126.4115808003
 10
125.4946030219
 20
126.3389207499
 10
125.5270807727
 20
126.2601848101
 10
125.5609310332
 20
126.1756569981
 10
125.5960990619
 20
126.0854966515
 10
125.6322932931
 20
125.9906105854
 10
125.6694013344
 20
125.8915011055
 10
125.7074321777
 20
125.7883547939
  0
LINE
  5
2F8
100
AcDbEntity
  8
00_COMPONENTS_3
100
AcDbLine
 62
7
  6
CONTINUOUS
 10
116.6032176103
 20
126.1550023916
 11
116.5912071973
 21
126.4422169083
  0
LINE
  5
2F9
100
AcDbEntity
  8
00_COMPONENTS_3
100
AcDbLine
 62
7
  6
CONTINUOUS
 10
116.5912071973
 20
126.4422169083
 11
116.5817123445
 21
126.6986117291
  0
LINE
  5
2FA
100
AcDbEntity
  8
00_COMPONENTS_3
100
AcDbLine
 62
7
  6
CONTINUOUS
 10
116.5817123445
 20
126.6986117291
 11
116.5742576392
 21
126.9280776115
  0
LINE
  5
2FB
100
AcDbEntity
  8
00_COMPONENTS_3
100
AcDbLine
 62
7
  6
CONTINUOUS
 10
116.5742576392
 20
126.9280776115
 11
116.5686837121
 21
127.1280258182
  0
LWPOLYLINE
  5
2FC
100
AcDbEntity
  8
00_COMPONENTS_3
100
AcDbPolyline
 62
7
  6
CONTINUOUS
 90
6
 70
0
 10
116.5686837121
 20
127.1280258182
 10
116.5647997576
 20
127.2986315565
 10
116.5634719402
 20
127.3718168084
 10
116.5625500597
 20
127.4355713858
 10
116.562016285
 20
127.4889007481
 10
116.5618328013
 20
127.5314901815
  0
LWPOLYLINE
  5
2FD
100
AcDbEntity
  8
00_COMPONENTS_3
100
AcDbPolyline
 62
7
  6
CONTINUOUS
 90
106
 70
0
 10
113.5619535552
 20
127.5743271814
 10
113.5619944992
 20
127.4853904261
 10
113.5635075338
 20
127.3473242001
 10
113.5666493102
 20
127.1798401704
 10
113.571421967
 20
126.9854882335
 10
113.5778037542
 20
126.7680434712
 10
113.5857853076
 20
126.5313661964
 10
113.5958867288
 20
126.2660609901
 10
113.608761493
 20
125.9651745709
 10
113.6247037369
 20
125.6338361432
 10
113.6440378032
 20
125.2772373019
 10
113.6676450414
 20
124.8927778792
 10
113.6967457538
 20
124.4778873413
 10
113.7329690039
 20
124.0311973209
 10
113.7776951015
 20
123.560820408
 10
113.8328284203
 20
123.0736456301
 10
113.9031683951
 20
122.5616907131
 10
113.9936822219
 20
122.0324072773
 10
114.1021063491
 20
121.5330868101
 10
114.2193763452
 20
121.1069469165
 10
114.3450228173
 20
120.7422916282
 10
114.4853224187
 20
120.4129119729
 10
114.6425741581
 20
120.112453835
 10
114.8134900741
 20
119.8430827141
 10
114.999322212
 20
119.5992258506
 10
115.197824138
 20
119.3814212863
 10
115.4088019171
 20
119.1871543014
 10
115.6382995301
 20
119.0105939417
 10
115.8858873187
 20
118.8530083515
 10
116.1506458967
 20
118.7156720984
 10
116.4410640727
 20
118.5958430293
 10
116.7623355799
 20
118.4947240148
 10
117.1131439187
 20
118.4157660439
 10
117.4960187531
 20
118.3604797053
 10
117.9259647677
 20
118.3294195258
 10
118.4051189801
 20
118.3252889664
 10
118.9117736073
 20
118.3471935532
 10
119.4312493632
 20
118.3901047776
 10
119.9748259422
 20
118.4508272144
 10
120.5497390712
 20
118.5269888025
 10
121.1511118341
 20
118.6146993093
 10
121.7813592515
 20
118.7107607183
 10
122.458373342
 20
118.8144959905
 10
123.1735648774
 20
118.9204317706
 10
123.9132776591
 20
119.0220741712
 10
124.6879185097
 20
119.1156043611
 10
125.5052475271
 20
119.1964901873
 10
126.3576835541
 20
119.2590774876
 10
127.2412329708
 20
119.2998334942
 10
128.1792941969
 20
119.3174194969
 10
129.180676312
 20
119.310138615
 10
130.2186655185
 20
119.2790383664
 10
131.2883098694
 20
119.2277710267
 10
132.4111888855
 20
119.1594169784
 10
133.5927586072
 20
119.0780601096
 10
134.8465025649
 20
118.9875526307
 10
136.166077668
 20
118.8934842266
 10
137.5200248942
 20
118.8027086363
 10
138.900793404
 20
118.7193687062
 10
140.3019357501
 20
118.6463492872
 10
141.6771212511
 20
118.5870637645
 10
142.9550717113
 20
118.5431547787
 10
144.1475134403
 20
118.5123137812
 10
145.3222937374
 20
118.491825873
 10
146.4873648202
 20
118.4816692983
 10
147.6120409888
 20
118.4823296457
 10
148.71004567
 20
118.4942824473
 10
149.7815666574
 20
118.5185418101
 10
150.8072853485
 20
118.555535442
 10
151.77207684
 20
118.6050829084
 10
152.6760751254
 20
118.667610432
 10
153.5285917088
 20
118.7445046717
 10
154.331176613
 20
118.8362184547
 10
155.088659167
 20
118.9439846668
 10
155.8040795655
 20
119.0694967215
 10
156.4743671351
 20
119.2129925338
 10
157.0997438698
 20
119.3745909179
 10
157.6829886116
 20
119.5550065845
 10
158.2246529108
 20
119.7541343841
 10
158.7253090311
 20
119.9705991976
 10
159.1879665275
 20
120.2038143814
 10
159.6164739186
 20
120.4542290848
 10
160.0097974617
 20
120.7190609676
 10
160.3719105231
 20
120.9981866663
 10
160.7122219703
 20
121.29760225
 10
161.0310141467
 20
121.6175881886
 10
161.3284197929
 20
121.9578391819
 10
161.6109022583
 20
122.3264531831
 10
161.8795893481
 20
122.7275916106
 10
162.1321050069
 20
123.1605097137
 10
162.368538392
 20
123.6278619605
 10
162.5899803622
 20
124.1351572653
 10
162.7947411085
 20
124.6814114163
 10
162.9799028657
 20
125.2572652549
 10
163.1459207405
 20
125.859196335
 10
163.2946183669
 20
126.4878486928
 10
163.4268863747
 20
127.1378728276
 10
163.5446750415
 20
127.8069025966
 10
163.6500951708
 20
128.4939422639
 10
163.7447825587
 20
129.1966729242
 10
163.8307628721
 20
129.9155195103
 10
163.910099412
 20
130.6519625077
 10
163.9844477977
 20
131.4063238598
 10
164.0551615266
 20
132.176564942
 10
164.1242501091
 20
132.9681489475
 10
164.2652776802
 20
134.6316692847
  0
LINE
  5
2FE
100
AcDbEntity
  8
00_COMPONENTS_2
100
AcDbLine
 62
7
  6
CONTINUOUS
 10
108.4209363011
 20
144.026232622
 11
108.4209363011
 21
147.626232622
  0
LINE
  5
2FF
100
AcDbEntity
  8
00_COMPONENTS_2
100
AcDbLine
 62
7
  6
CONTINUOUS
 10
109.5409363011
 20
167.226232622
 11
109.5409363011
 21
165.826232622
  0
LINE
  5
300
100
AcDbEntity
  8
00_COMPONENTS_2
100
AcDbLine
 62
7
  6
CONTINUOUS
 10
110.0409363011
 20
167.526232622
 11
110.0409363011
 21
165.026232622
  0
LINE
  5
301
100
AcDbEntity
  8
00_COMPONENTS_2
100
AcDbLine
 62
7
  6
CONTINUOUS
 10
110.9109363011
 20
153.426232622
 11
110.9109363011
 21
149.426232622
  0
LINE
  5
302
100
AcDbEntity
  8
00_COMPONENTS_2
100
AcDbLine
 62
7
  6
CONTINUOUS
 10
111.6109363011
 20
149.926232622
 11
111.6109363011
 21
152.926232622
  0
LINE
  5
303
100
AcDbEntity
  8
00_COMPONENTS_2
100
AcDbLine
 62
7
  6
CONTINUOUS
 10
111.7909363011
 20
168.126232622
 11
111.7909363011
 21
169.526232622
  0
LINE
  5
304
100
AcDbEntity
  8
00_COMPONENTS_2
100
AcDbLine
 62
7
  6
CONTINUOUS
 10
112.2409363011
 20
168.326232622
 11
112.2409363011
 21
169.326232622
  0
LINE
  5
305
100
AcDbEntity
  8
00_COMPONENTS_2
100
AcDbLine
 62
7
  6
CONTINUOUS
 10
114.5909363011
 20
149.426232622
 11
114.5909363011
 21
153.426232622
  0
LINE
  5
306
100
AcDbEntity
  8
00_COMPONENTS_2
100
AcDbLine
 62
7
  6
CONTINUOUS
 10
115.1409363011
 20
165.526232622
 11
115.1409363011
 21
168.126232622
  0
LINE
  5
307
100
AcDbEntity
  8
00_COMPONENTS_2
100
AcDbLine
 62
7
  6
CONTINUOUS
 10
115.2409363011
 20
165.526232622
 11
115.2409363011
 21
169.326232622
  0
LINE
  5
308
100
AcDbEntity
  8
00_COMPONENTS_3
100
AcDbLine
 62
7
  6
CONTINUOUS
 10
113.5626614862
 20
127.6695207143
 11
113.561953582
 21
127.5743317531
  0
LINE
  5
309
100
AcDbEntity
  8
00_COMPONENTS_59_4
100
AcDbLine
 62
7
  6
CONTINUOUS
 10
61.9472072403
 20
156.4491308152
 11
61.9329855609
 21
156.4489483135
  0
LINE
  5
30A
100
AcDbEntity
  8
00_COMPONENTS_59_4
100
AcDbLine
 62
7
  6
CONTINUOUS
 10
63.4399589908
 20
154.9450023854
 11
64.0842696344
 21
154.9466387983
  0
LINE
  5
30B
100
AcDbEntity
  8
00_COMPONENTS_2
100
AcDbLine
 62
7
  6
CONTINUOUS
 10
138.6109363011
 20
151.186232622
 11
137.8509363011
 21
151.186232622
  0
LINE
  5
30C
100
AcDbEntity
  8
00_COMPONENTS_2
100
AcDbLine
 62
7
  6
CONTINUOUS
 10
141.8816056311
 20
151.821232622
 11
141.3429263228
 21
151.821232622
  0
LINE
  5
30D
100
AcDbEntity
  8
00_COMPONENTS_2
100
AcDbLine
 62
7
  6
CONTINUOUS
 10
135.0989462794
 20
151.821232622
 11
134.5570619856
 21
151.821232622
  0
LINE
  5
30E
100
AcDbEntity
  8
00_COMPONENTS_1
100
AcDbLine
 62
7
  6
CONTINUOUS
 10
93.1009363011
 20
151.9760256914
 11
90.0609363011
 21
151.9760256914
  0
LINE
  5
30F
100
AcDbEntity
  8
00_COMPONENTS_1
100
AcDbLine
 62
7
  6
CONTINUOUS
 10
89.3209363011
 20
151.9760256914
 11
86.2809363011
 21
151.9760256914
  0
LINE
  5
310
100
AcDbEntity
  8
00_COMPONENTS_1
100
AcDbLine
 62
7
  6
CONTINUOUS
 10
80.846156115
 20
152.026232622
 11
77.8609363011
 21
152.026232622
  0
LINE
  5
311
100
AcDbEntity
  8
00_COMPONENTS_1
100
AcDbLine
 62
7
  6
CONTINUOUS
 10
77.1109363011
 20
152.026232622
 11
74.1357164871
 21
152.026232622
  0
LINE
  5
312
100
AcDbEntity
  8
00_COMPONENTS_2
100
AcDbLine
 62
7
  6
CONTINUOUS
 10
111.6109363011
 20
152.926232622
 11
114.5909363011
 21
152.926232622
  0
LINE
  5
313
100
AcDbEntity
  8
00_COMPONENTS_2
100
AcDbLine
 62
7
  6
CONTINUOUS
 10
117.5909363011
 20
152.926232622
 11
119.2909363011
 21
152.926232622
  0
LINE
  5
314
100
AcDbEntity
  8
00_COMPONENTS_2
100
AcDbLine
 62
7
  6
CONTINUOUS
 10
141.6309363011
 20
152.976232622
 11
138.6109363011
 21
152.976232622
  0
LINE
  5
315
100
AcDbEntity
  8
00_COMPONENTS_2
100
AcDbLine
 62
7
  6
CONTINUOUS
 10
137.8509363011
 20
152.976232622
 11
134.8109363011
 21
152.976232622
  0
LINE
  5
316
100
AcDbEntity
  8
00_COMPONENTS_1
100
AcDbLine
 62
7
  6
CONTINUOUS
 10
86.2586519873
 20
153.1758187608
 11
89.2986519873
 21
153.1758187608
  0
LINE
  5
317
100
AcDbEntity
  8
00_COMPONENTS_1
100
AcDbLine
 62
7
  6
CONTINUOUS
 10
90.0832206149
 20
153.1758187608
 11
93.1232206149
 21
153.1758187608
  0
LINE
  5
318
100
AcDbEntity
  8
00_COMPONENTS_1
100
AcDbLine
 62
7
  6
CONTINUOUS
 10
74.1544058159
 20
153.2301166496
 11
77.1109363011
 21
153.2301166496
  0
LINE
  5
319
100
AcDbEntity
  8
00_COMPONENTS_1
100
AcDbLine
 62
7
  6
CONTINUOUS
 10
77.8609363011
 20
153.2301166496
 11
80.8274667863
 21
153.2301166496
  0
LINE
  5
31A
100
AcDbEntity
  8
00_COMPONENTS_2
100
AcDbLine
 62
7
  6
CONTINUOUS
 10
106.9109363011
 20
153.426232622
 11
110.9109363011
 21
153.426232622
  0
LINE
  5
31B
100
AcDbEntity
  8
00_COMPONENTS_2
100
AcDbLine
 62
7
  6
CONTINUOUS
 10
114.5909363011
 20
153.426232622
 11
117.5909363011
 21
153.426232622
  0
LINE
  5
31C
100
AcDbEntity
  8
00_COMPONENTS_59_4
100
AcDbLine
 62
7
  6
CONTINUOUS
 10
63.0884480537
 20
153.4454046615
 11
63.7024165453
 21
153.4457909163
  0
LINE
  5
31D
100
AcDbEntity
  8
00_COMPONENTS_2
100
AcDbLine
 62
7
  6
CONTINUOUS
 10
134.8109363011
 20
154.176232622
 11
137.8509363011
 21
154.176232622
  0
LINE
  5
31E
100
AcDbEntity
  8
00_COMPONENTS_2
100
AcDbLine
 62
7
  6
CONTINUOUS
 10
138.6109363011
 20
154.176232622
 11
141.6309363011
 21
154.176232622
  0
LINE
  5
31F
100
AcDbEntity
  8
00_COMPONENTS_2
100
AcDbLine
 62
7
  6
CONTINUOUS
 10
104.8409363011
 20
154.976232622
 11
121.3809363011
 21
154.976232622
  0
LINE
  5
320
100
AcDbEntity
  8
00_COMPONENTS_2
100
AcDbLine
 62
7
  6
CONTINUOUS
 10
141.7352899337
 20
155.331232622
 11
141.3429263228
 21
155.331232622
  0
LINE
  5
321
100
AcDbEntity
  8
00_COMPONENTS_2
100
AcDbLine
 62
7
  6
CONTINUOUS
 10
135.0989462794
 20
155.331232622
 11
134.7036966163
 21
155.331232622
  0
LINE
  5
322
100
AcDbEntity
  8
00_COMPONENTS_2
100
AcDbLine
 62
7
  6
CONTINUOUS
 10
128.0409363011
 20
155.766232622
 11
126.8109363011
 21
155.766232622
  0
LINE
  5
323
100
AcDbEntity
  8
00_COMPONENTS_2
100
AcDbLine
 62
7
  6
CONTINUOUS
 10
137.8509363011
 20
155.966232622
 11
138.6109363011
 21
155.966232622
  0
LINE
  5
324
100
AcDbEntity
  8
00_COMPONENTS_59_4
100
AcDbLine
 62
7
  6
CONTINUOUS
 10
63.6949583874
 20
156.4457843065
 11
63.0799380006
 21
156.4454105664
  0
LINE
  5
325
100
AcDbEntity
  8
00_COMPONENTS_2
100
AcDbLine
 62
7
  6
CONTINUOUS
 10
124.4296425615
 20
156.831232622
 11
124.85734507
 21
156.831232622
  0
LINE
  5
326
100
AcDbEntity
  8
00_COMPONENTS_2
100
AcDbLine
 62
7
  6
CONTINUOUS
 10
129.9845275322
 20
156.831232622
 11
130.2515636274
 21
156.831232622
  0
LINE
  5
327
100
AcDbEntity
  8
00_COMPONENTS_2
100
AcDbLine
 62
7
  6
CONTINUOUS
 10
129.8709363011
 20
157.656232622
 11
128.0409363011
 21
157.656232622
  0
LINE
  5
328
100
AcDbEntity
  8
00_COMPONENTS_2
100
AcDbLine
 62
7
  6
CONTINUOUS
 10
126.8109363011
 20
157.656232622
 11
124.9809363011
 21
157.656232622
  0
LINE
  5
329
100
AcDbEntity
  8
00_COMPONENTS_2
100
AcDbLine
 62
7
  6
CONTINUOUS
 10
98.1709363011
 20
157.726232622
 11
123.3909363011
 21
157.726232622
  0
LINE
  5
32A
100
AcDbEntity
  8
00_COMPONENTS_59_4
100
AcDbLine
 62
7
  6
CONTINUOUS
 10
62.5579728466
 20
153.4462465773
 11
63.0884480537
 21
153.4454046615
  0
LINE
  5
32B
100
AcDbEntity
  8
00_COMPONENTS_59_4
100
AcDbLine
 62
7
  6
CONTINUOUS
 10
63.0799380006
 20
156.4454105664
 11
62.5570134989
 21
156.4462653632
  0
LINE
  5
32C
100
AcDbEntity
  8
00_COMPONENTS_59_4
100
AcDbLine
 62
7
  6
CONTINUOUS
 10
62.5570134989
 20
156.4462653632
 11
62.0667304891
 21
156.448375248
  0
LINE
  5
32D
100
AcDbEntity
  8
00_COMPONENTS_59_4
100
AcDbLine
 62
7
  6
CONTINUOUS
 10
61.9265407265
 20
153.4491889764
 11
62.5579728466
 21
153.4462465773
  0
LINE
  5
32E
100
AcDbEntity
  8
00_COMPONENTS_3
100
AcDbLine
 62
7
  6
CONTINUOUS
 10
160.367099412
 20
152.322349702
 11
149.4209363011
 21
152.4036807563
  0
LWPOLYLINE
  5
32F
100
AcDbEntity
  8
00_COMPONENTS_59_4
100
AcDbPolyline
 62
7
  6
CONTINUOUS
 90
30
 70
0
 10
62.0667304891
 20
156.448375248
 10
61.4567961239
 20
156.4534152178
 10
60.9457494859
 20
156.4603988463
 10
60.471347783
 20
156.4699203263
 10
60.0291093865
 20
156.4823251413
 10
59.6181080571
 20
156.4978824645
 10
59.2418484025
 20
156.516634566
 10
58.8986840878
 20
156.5386994082
 10
58.5861072299
 20
156.5643020876
 10
58.3061377648
 20
156.5931642251
 10
58.0589348285
 20
156.6249032736
 10
57.8422569215
 20
156.6592848012
 10
57.6555994477
 20
156.6957396969
 10
57.5007164057
 20
156.7328980932
 10
57.3745162645
 20
156.7699578898
 10
57.2731715587
 20
156.8062594578
 10
57.2002125089
 20
156.8384360252
 10
57.154913206
 20
156.8632332861
 10
57.1295387856
 20
156.8805344953
 10
57.1218091752
 20
156.8869670996
 10
57.1220307954
 20
156.885806743
 10
57.1153411662
 20
156.8957542483
 10
57.0994723951
 20
156.9284037634
 10
57.0785521837
 20
156.9847810442
 10
57.0554304494
 20
157.0674397528
 10
57.0331621114
 20
157.1755102451
 10
57.0136836642
 20
157.3092268757
 10
56.9978851903
 20
157.4725826451
 10
56.9869132822
 20
157.6625827294
 10
56.981514156
 20
157.8753532981
  0
LWPOLYLINE
  5
330
100
AcDbEntity
  8
00_COMPONENTS_4
100
AcDbPolyline
 62
7
  6
CONTINUOUS
 90
21
 70
0
 10
125.9978040493
 20
124.9777449399
 10
126.0433161013
 20
124.8520112233
 10
126.089966797
 20
124.7248292234
 10
126.1380107179
 20
124.5959878947
 10
126.1874311748
 20
124.4660220887
 10
126.2383517288
 20
124.3351256958
 10
126.291375728
 20
124.2025646082
 10
126.3468068445
 20
124.0685715302
 10
126.4048788786
 20
123.9335741281
 10
126.4662369077
 20
123.7971055573
 10
126.5311788164
 20
123.659684506
 10
126.6000335533
 20
123.5219232243
 10
126.6735984869
 20
123.3837012646
 10
126.7522341183
 20
123.2459023067
 10
126.8363579888
 20
123.1088695436
 10
126.9269998575
 20
122.9719421133
 10
127.0246024665
 20
122.8356355886
 10
127.1295412527
 20
122.7006885558
 10
127.2429441845
 20
122.5670001753
 10
127.3655427087
 20
122.4351781643
 10
127.4976330871
 20
122.3063837208
  0
LINE
  5
331
100
AcDbEntity
  8
00_COMPONENTS_4
100
AcDbLine
 62
7
  6
CONTINUOUS
 10
125.7074321777
 20
125.7883547939
 11
125.7859128067
 21
125.5717478577
  0
LINE
  5
332
100
AcDbEntity
  8
00_COMPONENTS_4
100
AcDbLine
 62
7
  6
CONTINUOUS
 10
125.7859128067
 20
125.5717478577
 11
125.9978040493
 21
124.9777449399
  0
LINE
  5
333
100
AcDbEntity
  8
00_COMPONENTS_2
100
AcDbLine
 62
7
  6
CONTINUOUS
 10
117.5909363011
 20
153.426232622
 11
117.5909363011
 21
149.426232622
  0
LINE
  5
334
100
AcDbEntity
  8
00_COMPONENTS_2
100
AcDbLine
 62
7
  6
CONTINUOUS
 10
119.2909363011
 20
152.926232622
 11
119.2909363011
 21
149.926232622
  0
LINE
  5
335
100
AcDbEntity
  8
00_COMPONENTS_2
100
AcDbLine
 62
7
  6
CONTINUOUS
 10
120.0409363011
 20
169.526232622
 11
120.0409363011
 21
165.526232622
  0
LINE
  5
336
100
AcDbEntity
  8
00_COMPONENTS_2
100
AcDbLine
 62
7
  6
CONTINUOUS
 10
121.3809363011
 20
154.976232622
 11
121.3809363011
 21
147.876232622
  0
LINE
  5
337
100
AcDbEntity
  8
00_COMPONENTS_2
100
AcDbLine
 62
7
  6
CONTINUOUS
 10
123.3909363011
 20
130.076232622
 11
123.3909363011
 21
175.076232622
  0
LINE
  5
338
100
AcDbEntity
  8
00_COMPONENTS_3
100
AcDbLine
 62
7
  6
CONTINUOUS
 10
116.5618328013
 20
127.5314901815
 11
116.5618953154
 21
127.5559139107
  0
LINE
  5
339
100
AcDbEntity
  8
00_COMPONENTS_3
100
AcDbLine
 62
7
  6
CONTINUOUS
 10
116.5625675039
 20
127.6472246921
 11
116.5618953154
 21
127.5559139107
  0
LINE
  5
33A
100
AcDbEntity
  8
00_COMPONENTS_2
100
AcDbLine
 62
7
  6
CONTINUOUS
 10
115.5852252537
 20
139.8093555696
 11
115.4150157545
 21
138.8239476711
  0
LINE
  5
33B
100
AcDbEntity
  8
00_COMPONENTS_2
100
AcDbLine
 62
7
  6
CONTINUOUS
 10
117.3186513502
 20
141.0321531686
 11
117.1450029208
 21
140.0268359875
  0
LINE
  5
33C
100
AcDbEntity
  8
00_COMPONENTS_2
100
AcDbLine
 62
7
  6
CONTINUOUS
 10
116.8114617829
 20
138.0958387557
 11
116.7229181031
 21
137.5832255239
  0
LINE
  5
33D
100
AcDbEntity
  8
00_COMPONENTS_2
100
AcDbLine
 62
7
  6
CONTINUOUS
 10
117.7083260016
 20
137.4130160247
 11
117.7968696814
 21
137.9256292565
  0
LINE
  5
33E
100
AcDbEntity
  8
00_COMPONENTS_2
100
AcDbLine
 62
7
  6
CONTINUOUS
 10
118.1304108193
 20
139.8566264884
 11
118.3040592487
 21
140.8619436694
  0
LINE
  5
33F
100
AcDbEntity
  8
00_COMPONENTS_2
100
AcDbLine
 62
7
  6
CONTINUOUS
 10
119.3566473485
 20
138.1431096745
 11
119.5268568476
 21
139.1285175729
  0
LINE
  5
340
100
AcDbEntity
  8
00_COMPONENTS_4
100
AcDbLine
 62
7
  6
CONTINUOUS
 10
149.4209363011
 20
163.3947546093
 11
159.7653938439
 21
163.5795490693
  0
LINE
  5
341
100
AcDbEntity
  8
00_COMPONENTS_4
100
AcDbLine
 62
7
  6
CONTINUOUS
 10
149.4209503229
 20
165.295150813
 11
160.7910247152
 21
165.4982800644
  0
LINE
  5
342
100
AcDbEntity
  8
00_COMPONENTS_2
100
AcDbLine
 62
7
  6
CONTINUOUS
 10
124.9809363011
 20
158.656232622
 11
126.8109363011
 21
158.656232622
  0
LINE
  5
343
100
AcDbEntity
  8
00_COMPONENTS_2
100
AcDbLine
 62
7
  6
CONTINUOUS
 10
128.0409363011
 20
158.656232622
 11
129.8709363011
 21
158.656232622
  0
LINE
  5
344
100
AcDbEntity
  8
00_COMPONENTS_2
100
AcDbLine
 62
7
  6
CONTINUOUS
 10
101.3409363011
 20
159.496232622
 11
100.0409363011
 21
159.496232622
  0
LINE
  5
345
100
AcDbEntity
  8
00_COMPONENTS_2
100
AcDbLine
 62
7
  6
CONTINUOUS
 10
124.4475015428
 20
159.521232622
 11
124.85734507
 21
159.521232622
  0
LINE
  5
346
100
AcDbEntity
  8
00_COMPONENTS_2
100
AcDbLine
 62
7
  6
CONTINUOUS
 10
129.9845275322
 20
159.521232622
 11
130.2344945368
 21
159.521232622
  0
LINE
  5
347
100
AcDbEntity
  8
00_COMPONENTS_2
100
AcDbLine
 62
7
  6
CONTINUOUS
 10
126.8109363011
 20
160.546232622
 11
128.0409363011
 21
160.546232622
  0
LINE
  5
348
100
AcDbEntity
  8
00_COMPONENTS_2
100
AcDbLine
 62
7
  6
CONTINUOUS
 10
100.0409363011
 20
161.1212780803
 11
101.3409363011
 21
161.1212780803
  0
LINE
  5
349
100
AcDbEntity
  8
00_COMPONENTS_1
100
AcDbLine
 62
7
  6
CONTINUOUS
 10
64.0842696344
 20
161.556232622
 11
72.0609363011
 21
161.556232622
  0
LINE
  5
34A
100
AcDbEntity
  8
00_COMPONENTS_2
100
AcDbLine
 62
7
  6
CONTINUOUS
 10
101.3409363011
 20
161.621234116
 11
100.0409363011
 21
161.621234116
  0
LINE
  5
34B
100
AcDbEntity
  8
00_COMPONENTS_2
100
AcDbLine
 62
7
  6
CONTINUOUS
 10
98.0909363011
 20
161.876232622
 11
98.1709363011
 21
161.876232622
  0
LINE
  5
34C
100
AcDbEntity
  8
00_COMPONENTS_2
100
AcDbLine
 62
7
  6
CONTINUOUS
 10
98.0909363011
 20
162.346232622
 11
98.1709363011
 21
162.346232622
  0
LINE
  5
34D
100
AcDbEntity
  8
00_COMPONENTS_2
100
AcDbLine
 62
7
  6
CONTINUOUS
 10
123.3909363011
 20
163.296232622
 11
106.2509363011
 21
163.296232622
  0
LINE
  5
34E
100
AcDbEntity
  8
00_COMPONENTS_2
100
AcDbLine
 62
7
  6
CONTINUOUS
 10
100.0409363011
 20
163.296232622
 11
101.3409363011
 21
163.296232622
  0
LINE
  5
34F
100
AcDbEntity
  8
00_COMPONENTS_2
100
AcDbLine
 62
7
  6
CONTINUOUS
 10
101.3409363011
 20
164.326232622
 11
123.3909363011
 21
164.326232622
  0
LINE
  5
350
100
AcDbEntity
  8
00_COMPONENTS_2
100
AcDbLine
 62
7
  6
CONTINUOUS
 10
86.190500016
 20
164.646232622
 11
86.6556036732
 21
164.646232622
  0
LINE
  5
351
100
AcDbEntity
  8
00_COMPONENTS_2
100
AcDbLine
 62
7
  6
CONTINUOUS
 10
92.7264542721
 20
164.646232622
 11
93.1907706122
 21
164.646232622
  0
LINE
  5
352
100
AcDbEntity
  8
00_COMPONENTS_2
100
AcDbLine
 62
7
  6
CONTINUOUS
 10
98.0909363011
 20
164.646232622
 11
98.1709363011
 21
164.646232622
  0
LINE
  5
353
100
AcDbEntity
  8
00_COMPONENTS_2
100
AcDbLine
 62
7
  6
CONTINUOUS
 10
110.0409363011
 20
165.026232622
 11
107.6909363011
 21
165.026232622
  0
LINE
  5
354
100
AcDbEntity
  8
00_COMPONENTS_2
100
AcDbLine
 62
7
  6
CONTINUOUS
 10
138.6009363011
 20
165.186232622
 11
137.8409363011
 21
165.186232622
  0
LINE
  5
355
100
AcDbEntity
  8
00_COMPONENTS_1
100
AcDbLine
 62
7
  6
CONTINUOUS
 10
98.1709363011
 20
165.326232622
 11
98.0909363011
 21
165.326232622
  0
LINE
  5
356
100
AcDbEntity
  8
00_COMPONENTS_2
100
AcDbLine
 62
7
  6
CONTINUOUS
 10
120.0409363011
 20
165.526232622
 11
115.1409363011
 21
165.526232622
  0
LINE
  5
357
100
AcDbEntity
  8
00_COMPONENTS_2
100
AcDbLine
 62
7
  6
CONTINUOUS
 10
107.6909363011
 20
165.526232622
 11
102.8909363011
 21
165.526232622
  0
LINE
  5
358
100
AcDbEntity
  8
00_COMPONENTS_2
100
AcDbLine
 62
7
  6
CONTINUOUS
 10
106.2909363011
 20
165.626232622
 11
102.9909363011
 21
165.626232622
  0
LINE
  5
359
100
AcDbEntity
  8
00_COMPONENTS_2
100
AcDbLine
 62
7
  6
CONTINUOUS
 10
141.8816056311
 20
165.821232622
 11
141.3421283404
 21
165.821232622
  0
LINE
  5
35A
100
AcDbEntity
  8
00_COMPONENTS_2
100
AcDbLine
 62
7
  6
CONTINUOUS
 10
135.09976432
 20
165.821232622
 11
134.5570619856
 21
165.821232622
  0
LINE
  5
35B
100
AcDbEntity
  8
00_COMPONENTS_2
100
AcDbLine
 62
7
  6
CONTINUOUS
 10
109.5409363011
 20
165.826232622
 11
106.2876029678
 21
165.826232622
  0
LINE
  5
35C
100
AcDbEntity
  8
00_COMPONENTS_1
100
AcDbLine
 62
7
  6
CONTINUOUS
 10
93.1009363011
 20
165.9758187608
 11
90.0609363011
 21
165.9758187608
  0
LINE
  5
35D
100
AcDbEntity
  8
00_COMPONENTS_1
100
AcDbLine
 62
7
  6
CONTINUOUS
 10
89.3209363011
 20
165.9758187608
 11
86.2809363011
 21
165.9758187608
  0
LINE
  5
35E
100
AcDbEntity
  8
00_COMPONENTS_1
100
AcDbLine
 62
7
  6
CONTINUOUS
 10
80.846156115
 20
166.026232622
 11
77.8609363011
 21
166.026232622
  0
LINE
  5
35F
100
AcDbEntity
  8
00_COMPONENTS_1
100
AcDbLine
 62
7
  6
CONTINUOUS
 10
77.1109363011
 20
166.026232622
 11
74.1357164871
 21
166.026232622
  0
LWPOLYLINE
  5
360
100
AcDbEntity
  8
00_COMPONENTS_4
100
AcDbPolyline
 62
7
  6
CONTINUOUS
 90
22
 70
0
 10
160.404232725
 20
163.9862935041
 10
160.5769313543
 20
163.9837800888
 10
160.7937410614
 20
163.9744886201
 10
160.9739234512
 20
163.9610520552
 10
161.1261630463
 20
163.9443724266
 10
161.2693139136
 20
163.9228488145
 10
161.4062444483
 20
163.8953173863
 10
161.5282045014
 20
163.8631020982
 10
161.6332145495
 20
163.8274836538
 10
161.7216676583
 20
163.7893654341
 10
161.795548509
 20
163.7489008478
 10
161.8578843972
 20
163.7057990451
 10
161.9119353352
 20
163.658941924
 10
161.9636318013
 20
163.6020325846
 10
162.0174855803
 20
163.5253736364
 10
162.0728857598
 20
163.4230638861
 10
162.1272061591
 20
163.2921847925
 10
162.1764831909
 20
163.1332144211
 10
162.216399927
 20
162.9540293239
 10
162.246274066
 20
162.7564328364
 10
162.2664470504
 20
162.5308322021
 10
162.2741978102
 20
162.3328167425
  0
LINE
  5
361
100
AcDbEntity
  8
00_COMPONENTS_5
100
AcDbLine
 62
7
  6
CONTINUOUS
 10
102.8009463323
 20
176.908499011
 11
102.8077964045
 21
176.9028686995
  0
LWPOLYLINE
  5
362
100
AcDbEntity
  8
00_COMPONENTS_4
100
AcDbPolyline
 62
7
  6
CONTINUOUS
 90
21
 70
0
 10
128.8031517402
 20
126.042024162
 10
128.6564078491
 20
126.4537135323
 10
128.5848999555
 20
126.6531713896
 10
128.5145584661
 20
126.846616725
 10
128.4455511784
 20
127.0324337841
 10
128.3776480891
 20
127.2101070132
 10
128.3105815044
 20
127.3792025834
 10
128.2443851302
 20
127.5389234778
 10
128.179066873
 20
127.6889838574
 10
128.1139442136
 20
127.8305895191
 10
128.0477182557
 20
127.9658430687
 10
127.9794584406
 20
128.0955549427
 10
127.9085891337
 20
128.2198464827
 10
127.8336859519
 20
128.3402219473
 10
127.7530569061
 20
128.4578993747
 10
127.6658308469
 20
128.572290782
 10
127.5712995173
 20
128.6823478012
 10
127.4679095354
 20
128.7876560894
 10
127.3544106886
 20
128.8870742463
 10
127.2312323293
 20
128.9785040572
 10
127.0985023208
 20
129.0605124352
  0
LWPOLYLINE
  5
363
100
AcDbEntity
  8
00_COMPONENTS_59_4
100
AcDbPolyline
 62
7
  6
CONTINUOUS
 90
7
 70
0
 10
113.5239427455
 20
177.6008169519
 10
113.5748125371
 20
177.4571293162
 10
113.6166342304
 20
177.3342548591
 10
113.6472725386
 20
177.2411405464
 10
113.6670278484
 20
177.179395575
 10
113.6774500628
 20
177.1460683451
 10
113.6794276796
 20
177.1396392121
  0
LWPOLYLINE
  5
364
100
AcDbEntity
  8
00_COMPONENTS_59_4
100
AcDbPolyline
 62
7
  6
CONTINUOUS
 90
85
 70
0
 10
116.5500989478
 20
178.0110721337
 10
116.5434384265
 20
178.0328140319
 10
116.5278954173
 20
178.0825569811
 10
116.5033792252
 20
178.1592874396
 10
116.4707523112
 20
178.2588778311
 10
116.4299197593
 20
178.380104139
 10
116.3781802993
 20
178.5288691632
 10
116.3136087834
 20
178.7075139907
 10
116.2358094299
 20
178.9131327363
 10
116.1427978832
 20
179.1458343904
 10
116.0320955434
 20
179.405330905
 10
115.9017761935
 20
179.6874639749
 10
115.7521518164
 20
179.9827382294
 10
115.5829163483
 20
180.2831183439
 10
115.3909142346
 20
180.5853195429
 10
115.1728347977
 20
180.883612333
 10
114.9307803379
 20
181.1687643526
 10
114.665369901
 20
181.4372165328
 10
114.3685644274
 20
181.6922678177
 10
114.0412959304
 20
181.9312000142
 10
113.6880396944
 20
182.1506498323
 10
113.3024246003
 20
182.3536824904
 10
112.8805325303
 20
182.539985715
 10
112.4259383058
 20
182.7056525492
 10
111.9412436954
 20
182.8488340391
 10
111.4154583448
 20
182.9721247738
 10
110.8431565501
 20
183.075867358
 10
110.2347954757
 20
183.1586701765
 10
109.5888198423
 20
183.2228962226
 10
108.8942801168
 20
183.2715815325
 10
108.1542232202
 20
183.3066242051
 10
107.3746313024
 20
183.3304156345
 10
106.5536223506
 20
183.3455413443
 10
105.6888216906
 20
183.3543466726
 10
104.77824651
 20
183.3586881914
 10
103.8259685488
 20
183.359995265
 10
102.8343224179
 20
183.3592976995
 10
101.800099753
 20
183.3571965213
 10
100.7150338391
 20
183.3539188656
 10
99.576057634
 20
183.3493400664
 10
98.396167766
 20
183.3432539647
 10
97.1735785289
 20
183.3352174277
 10
95.8857668645
 20
183.3246453617
 10
94.5538425072
 20
183.311251329
 10
93.1881326419
 20
183.2950706901
 10
91.7473853632
 20
183.2756741698
 10
90.2246472131
 20
183.2535066214
 10
88.6436027957
 20
183.2300538929
 10
86.9984313357
 20
183.2071928478
 10
85.2455130442
 20
183.1872091263
 10
83.4275603817
 20
183.1743588088
 10
81.6659812945
 20
183.1723382851
 10
79.9932020614
 20
183.1815504924
 10
78.3745268176
 20
183.2008661767
 10
76.831936146
 20
183.2271461212
 10
75.3718673139
 20
183.254926953
 10
73.9969240188
 20
183.2776987261
 10
72.7256065317
 20
183.288003748
 10
71.5697876583
 20
183.2804498374
 10
70.5035314157
 20
183.2513750626
 10
69.4888876043
 20
183.196463113
 10
68.5187641594
 20
183.1115789656
 10
67.5963456833
 20
182.9947613334
 10
66.7041094892
 20
182.8404244614
 10
65.8448523636
 20
182.64563497
 10
65.0276372242
 20
182.4118846486
 10
64.2499830265
 20
182.1414905061
 10
63.5367576717
 20
181.8465122664
 10
62.8818609998
 20
181.5281499094
 10
62.240749489
 20
181.1665879691
 10
61.6155051716
 20
180.7612297858
 10
61.0228584322
 20
180.3224024488
 10
60.4507937987
 20
179.8396949504
 10
59.8984920939
 20
179.3087477886
 10
59.3726753949
 20
178.7356613532
 10
58.8739408782
 20
178.1194412359
 10
58.3990672441
 20
177.4536368171
 10
57.9475047297
 20
176.7337626417
 10
57.5216268183
 20
175.9579021926
 10
57.1245579102
 20
175.1298756926
 10
56.7545939981
 20
174.2426126668
 10
56.4070900139
 20
173.2793892193
 10
56.0886775178
 20
172.258941509
 10
55.7980302588
 20
171.1850354665
 10
55.6378934541
 20
170.5034874854
  0
LWPOLYLINE
  5
365
100
AcDbEntity
  8
00_COMPONENTS_59_1
100
AcDbPolyline
 62
7
  6
CONTINUOUS
 90
125
 70
0
 10
127.4684901138
 20
179.0745759617
 10
127.4456774826
 20
179.2890085807
 10
127.4212209057
 20
179.5137838767
 10
127.395040297
 20
179.7480387954
 10
127.3668452753
 20
179.9919242786
 10
127.336363242
 20
180.2451958371
 10
127.3034399309
 20
180.5066529615
 10
127.2676671481
 20
180.7758069131
 10
127.2285092321
 20
181.0527495056
 10
127.1855620199
 20
181.3368061881
 10
127.1380453867
 20
181.6274196376
 10
127.0848996259
 20
181.9243768657
 10
127.0252065745
 20
182.227342618
 10
126.9577220567
 20
182.5358421357
 10
126.8804021761
 20
182.849279598
 10
126.7914875098
 20
183.1665824576
 10
126.6897022974
 20
183.4856475932
 10
126.5738904273
 20
183.8043959267
 10
126.4429762223
 20
184.1210715599
 10
126.296532226
 20
184.4330096751
 10
126.1333949135
 20
184.7397378333
 10
125.9516240405
 20
185.042388856
 10
125.7515121214
 20
185.3382333257
 10
125.5336973139
 20
185.6253594969
 10
125.2966697878
 20
185.9056595259
 10
125.0408582745
 20
186.1781368089
 10
124.766319112
 20
186.4428867309
 10
124.4696034461
 20
186.702829416
 10
124.1476415079
 20
186.9580936663
 10
123.7990645338
 20
187.2067090996
 10
123.4219874663
 20
187.4466966984
 10
123.0137939813
 20
187.6762010102
 10
122.5741087834
 20
187.8921351937
 10
122.1052445501
 20
188.0908267167
 10
121.6121348324
 20
188.2699608222
 10
121.0959415218
 20
188.4295023348
 10
120.5551769466
 20
188.5693456738
 10
119.9924313816
 20
188.687731528
 10
119.4105255169
 20
188.7848676873
 10
118.8070325658
 20
188.8628153978
 10
118.1829188423
 20
188.9231092066
 10
117.5369520265
 20
188.9676832501
 10
116.8610464444
 20
188.9988131736
 10
116.1527039565
 20
189.0185127965
 10
115.4100053655
 20
189.0291823556
 10
114.6212906131
 20
189.0329237836
 10
113.7660627856
 20
189.0319070701
 10
112.8446185416
 20
189.0285504133
 10
111.8769430509
 20
189.0244478247
 10
110.8590286126
 20
189.0209436797
 10
109.7814511895
 20
189.0189296137
 10
108.664995596
 20
189.0185436806
 10
107.5342107303
 20
189.0197310617
 10
106.3708146699
 20
189.0214761022
 10
105.1296749498
 20
189.0222697107
 10
103.8137744799
 20
189.0202630518
 10
102.4387630085
 20
189.0118189228
 10
100.9740568224
 20
188.9911010592
 10
99.446424134
 20
188.9509710588
 10
97.8769086546
 20
188.8833009588
 10
96.2398276787
 20
188.7746789337
 10
94.5297136634
 20
188.6113820361
 10
92.8083615011
 20
188.3865246276
 10
91.1457990312
 20
188.1066014975
 10
89.5600163686
 20
187.7797872611
 10
88.0458782012
 20
187.4158490781
 10
86.6235682962
 20
187.0339884344
 10
85.2740766178
 20
186.6451107706
 10
84.0020761373
 20
186.2661334278
 10
82.8428602332
 20
185.9219943307
 10
81.787800093
 20
185.6207310731
 10
80.8023504411
 20
185.3592836763
 10
79.8728707592
 20
185.1387820733
 10
78.9879695772
 20
184.9595926832
 10
78.1292251086
 20
184.8206022965
 10
77.2815623839
 20
184.7215390224
 10
76.4597314688
 20
184.665176819
 10
75.6527498728
 20
184.6484133533
 10
74.8146730792
 20
184.6699335198
 10
73.9290888193
 20
184.7327441221
 10
73.0152636045
 20
184.8369206823
 10
72.0781563507
 20
184.9806241724
 10
71.1185010445
 20
185.1615488645
 10
70.1131353118
 20
185.3820226163
 10
69.0265037418
 20
185.6495099718
 10
67.79963539
 20
185.9795875496
 10
66.4832335225
 20
186.3571331422
 10
65.2153637845
 20
186.7342102342
 10
64.0455650453
 20
187.0861613321
 10
62.9287656262
 20
187.4194173664
 10
61.8664223667
 20
187.728029338
 10
60.874514229
 20
188.0034703365
 10
59.944055638
 20
188.2457746243
 10
59.0404637535
 20
188.4610255066
 10
58.1657942647
 20
188.6431682853
 10
57.3366922136
 20
188.7857847387
 10
56.5465127
 20
188.8889947481
 10
55.8051942878
 20
188.9495507115
 10
55.1166312843
 20
188.9661619775
 10
54.4620111975
 20
188.9415462153
 10
53.8337652988
 20
188.8756561005
 10
53.2345764533
 20
188.768604632
 10
52.6637798153
 20
188.620319385
 10
52.1194274732
 20
188.4306453564
 10
51.6011192306
 20
188.2006282982
 10
51.1114897871
 20
187.9329812153
 10
50.6590565249
 20
187.6351387485
 10
50.235755112
 20
187.3049315676
 10
49.8223424938
 20
186.926161312
 10
49.414436257
 20
186.4894968983
 10
49.0241416218
 20
186.0031222506
 10
48.6588944731
 20
185.473876838
 10
48.3230360287
 20
184.9083210081
 10
48.0143765271
 20
184.3069930419
 10
47.7301680629
 20
183.6685709901
 10
47.472301094
 20
183.0017093899
 10
47.2393553214
 20
182.3071408192
 10
47.0267004256
 20
181.57173595
 10
46.8387204628
 20
180.8105502876
 10
46.6753786328
 20
180.0252903982
 10
46.5327059367
 20
179.1878125383
 10
46.4169340529
 20
178.3124868717
 10
46.333294703
 20
177.4183833299
 10
46.2848203718
 20
176.4923367323
 10
46.275704829
 20
175.9260363822
  0
LINE
  5
366
100
AcDbEntity
  8
00_COMPONENTS_59_1
100
AcDbLine
 62
7
  6
CONTINUOUS
 10
124.4658993883
 20
178.9409389882
 11
124.50853208
 21
178.5359221031
  0
LINE
  5
367
100
AcDbEntity
  8
00_COMPONENTS_59_1
100
AcDbLine
 62
7
  6
CONTINUOUS
 10
127.5093633463
 20
178.6811262165
 11
127.4684901138
 21
179.0745759617
  0
LINE
  5
368
100
AcDbEntity
  8
00_COMPONENTS_59_1
100
AcDbLine
 62
7
  6
CONTINUOUS
 10
127.6062067621
 20
177.7337266556
 11
127.582699635
 21
177.9605809002
  0
LINE
  5
369
100
AcDbEntity
  8
00_COMPONENTS_59_1
100
AcDbLine
 62
7
  6
CONTINUOUS
 10
124.575684623
 20
177.8787923633
 11
124.6229175364
 21
177.4175243396
  0
LWPOLYLINE
  5
36A
100
AcDbEntity
  8
00_COMPONENTS_59_1
100
AcDbPolyline
 62
7
  6
CONTINUOUS
 90
3
 70
0
 10
124.50853208
 20
178.5359221031
 10
124.5612682814
 20
178.0207501657
 10
124.575684623
 20
177.8787923633
  0
LINE
  5
36B
100
AcDbEntity
  8
00_COMPONENTS_59_1
100
AcDbLine
 62
7
  6
CONTINUOUS
 10
127.582699635
 20
177.9605809002
 11
127.5093633463
 21
178.6811262165
  0
LINE
  5
36C
100
AcDbEntity
  8
00_COMPONENTS_59_1
100
AcDbLine
 62
7
  6
CONTINUOUS
 10
127.5808042887
 20
177.9258557675
 11
127.61449685
 21
177.577920315
  0
LINE
  5
36D
100
AcDbEntity
  8
00_COMPONENTS_59_1
100
AcDbLine
 62
7
  6
CONTINUOUS
 10
127.6062067621
 20
177.7337266556
 11
127.6144968527
 21
177.5779178881
  0
LINE
  5
36E
100
AcDbEntity
  8
00_COMPONENTS_7
100
AcDbLine
 62
7
  6
CONTINUOUS
 10
124.0144977994
 20
228.076232622
 11
124.0144977994
 21
187.0530557069
  0
LINE
  5
36F
100
AcDbEntity
  8
00_COMPONENTS_7
100
AcDbLine
 62
7
  6
CONTINUOUS
 10
124.0144977994
 20
119.0342954979
 11
124.0144977994
 21
117.7463159972
  0
LINE
  5
370
100
AcDbEntity
  8
00_COMPONENTS_7
100
AcDbLine
 62
7
  6
CONTINUOUS
 10
124.0144977994
 20
114.7465729889
 11
124.0144977994
 21
87.076232622
  0
LINE
  5
371
100
AcDbEntity
  8
00_COMPONENTS_2
100
AcDbLine
 62
7
  6
CONTINUOUS
 10
124.9809363011
 20
135.676232622
 11
124.9809363011
 21
136.676232622
  0
LINE
  5
372
100
AcDbEntity
  8
00_COMPONENTS_2
100
AcDbLine
 62
7
  6
CONTINUOUS
 10
124.9809363011
 20
146.666232622
 11
124.9809363011
 21
147.666232622
  0
LINE
  5
373
100
AcDbEntity
  8
00_COMPONENTS_2
100
AcDbLine
 62
7
  6
CONTINUOUS
 10
124.9809363011
 20
157.656232622
 11
124.9809363011
 21
158.656232622
  0
LINE
  5
374
100
AcDbEntity
  8
00_COMPONENTS_2
100
AcDbLine
 62
7
  6
CONTINUOUS
 10
124.9809363011
 20
168.646232622
 11
124.9809363011
 21
169.646232622
  0
LINE
  5
375
100
AcDbEntity
  8
00_COMPONENTS_2
100
AcDbLine
 62
7
  6
CONTINUOUS
 10
126.8109363011
 20
133.786232622
 11
126.8109363011
 21
135.676232622
  0
LINE
  5
376
100
AcDbEntity
  8
00_COMPONENTS_2
100
AcDbLine
 62
7
  6
CONTINUOUS
 10
126.8109363011
 20
136.676232622
 11
126.8109363011
 21
138.566232622
  0
LINE
  5
377
100
AcDbEntity
  8
00_COMPONENTS_2
100
AcDbLine
 62
7
  6
CONTINUOUS
 10
126.8109363011
 20
144.776232622
 11
126.8109363011
 21
146.666232622
  0
LINE
  5
378
100
AcDbEntity
  8
00_COMPONENTS_2
100
AcDbLine
 62
7
  6
CONTINUOUS
 10
126.8109363011
 20
147.666232622
 11
126.8109363011
 21
149.556232622
  0
LINE
  5
379
100
AcDbEntity
  8
00_COMPONENTS_2
100
AcDbLine
 62
7
  6
CONTINUOUS
 10
126.8109363011
 20
155.766232622
 11
126.8109363011
 21
157.656232622
  0
LINE
  5
37A
100
AcDbEntity
  8
00_COMPONENTS_2
100
AcDbLine
 62
7
  6
CONTINUOUS
 10
126.8109363011
 20
158.656232622
 11
126.8109363011
 21
160.546232622
  0
LINE
  5
37B
100
AcDbEntity
  8
00_COMPONENTS_2
100
AcDbLine
 62
7
  6
CONTINUOUS
 10
126.8109363011
 20
166.756232622
 11
126.8109363011
 21
168.646232622
  0
LINE
  5
37C
100
AcDbEntity
  8
00_COMPONENTS_2
100
AcDbLine
 62
7
  6
CONTINUOUS
 10
126.8109363011
 20
169.646232622
 11
126.8109363011
 21
171.536232622
  0
LINE
  5
37D
100
AcDbEntity
  8
00_COMPONENTS_2
100
AcDbLine
 62
7
  6
CONTINUOUS
 10
128.0409363011
 20
171.536232622
 11
128.0409363011
 21
169.646232622
  0
LINE
  5
37E
100
AcDbEntity
  8
00_COMPONENTS_2
100
AcDbLine
 62
7
  6
CONTINUOUS
 10
128.0409363011
 20
168.646232622
 11
128.0409363011
 21
166.756232622
  0
LINE
  5
37F
100
AcDbEntity
  8
00_COMPONENTS_2
100
AcDbLine
 62
7
  6
CONTINUOUS
 10
128.0409363011
 20
160.546232622
 11
128.0409363011
 21
158.656232622
  0
LINE
  5
380
100
AcDbEntity
  8
00_COMPONENTS_2
100
AcDbLine
 62
7
  6
CONTINUOUS
 10
128.0409363011
 20
157.656232622
 11
128.0409363011
 21
155.766232622
  0
LINE
  5
381
100
AcDbEntity
  8
00_COMPONENTS_2
100
AcDbLine
 62
7
  6
CONTINUOUS
 10
128.0409363011
 20
149.556232622
 11
128.0409363011
 21
147.666232622
  0
LINE
  5
382
100
AcDbEntity
  8
00_COMPONENTS_2
100
AcDbLine
 62
7
  6
CONTINUOUS
 10
128.0409363011
 20
146.666232622
 11
128.0409363011
 21
144.776232622
  0
LINE
  5
383
100
AcDbEntity
  8
00_COMPONENTS_2
100
AcDbLine
 62
7
  6
CONTINUOUS
 10
128.0409363011
 20
138.566232622
 11
128.0409363011
 21
136.676232622
  0
LINE
  5
384
100
AcDbEntity
  8
00_COMPONENTS_2
100
AcDbLine
 62
7
  6
CONTINUOUS
 10
128.0409363011
 20
135.676232622
 11
128.0409363011
 21
133.786232622
  0
LINE
  5
385
100
AcDbEntity
  8
00_COMPONENTS_2
100
AcDbLine
 62
7
  6
CONTINUOUS
 10
129.8709363011
 20
169.646232622
 11
129.8709363011
 21
168.646232622
  0
LINE
  5
386
100
AcDbEntity
  8
00_COMPONENTS_2
100
AcDbLine
 62
7
  6
CONTINUOUS
 10
129.8709363011
 20
158.656232622
 11
129.8709363011
 21
157.656232622
  0
LINE
  5
387
100
AcDbEntity
  8
00_COMPONENTS_2
100
AcDbLine
 62
7
  6
CONTINUOUS
 10
129.8709363011
 20
147.666232622
 11
129.8709363011
 21
146.666232622
  0
LINE
  5
388
100
AcDbEntity
  8
00_COMPONENTS_2
100
AcDbLine
 62
7
  6
CONTINUOUS
 10
129.8709363011
 20
136.676232622
 11
129.8709363011
 21
135.676232622
  0
LINE
  5
389
100
AcDbEntity
  8
00_COMPONENTS_7
100
AcDbLine
 62
7
  6
CONTINUOUS
 10
130.0644977994
 20
184.076232622
 11
130.0644977994
 21
183.076232622
  0
LINE
  5
38A
100
AcDbEntity
  8
00_COMPONENTS_4
100
AcDbLine
 62
7
  6
CONTINUOUS
 10
159.6975167142
 20
167.3789427633
 11
149.4209363011
 21
167.1953371106
  0
LINE
  5
38B
100
AcDbEntity
  8
00_COMPONENTS_59_1
100
AcDbLine
 62
7
  6
CONTINUOUS
 10
61.8912247863
 20
167.1040704776
 11
64.0909363011
 21
167.1065452034
  0
LINE
  5
38C
100
AcDbEntity
  8
00_COMPONENTS_59_1
100
AcDbLine
 62
7
  6
CONTINUOUS
 10
56.3494068814
 20
167.4978444344
 11
61.720270644
 21
167.5038782643
  0
LINE
  5
38D
100
AcDbEntity
  8
00_COMPONENTS_59_1
100
AcDbLine
 62
7
  6
CONTINUOUS
 10
64.0909363011
 20
169.0064471873
 11
61.6105945419
 21
169.0036604949
  0
LINE
  5
38E
100
AcDbEntity
  8
00_COMPONENTS_59_1
100
AcDbLine
 62
7
  6
CONTINUOUS
 10
61.6068763608
 20
169.0037521441
 11
55.6610956626
 21
168.997069365
  0
LINE
  5
38F
100
AcDbEntity
  8
00_COMPONENTS_59_1
100
AcDbLine
 62
7
  6
CONTINUOUS
 10
61.7168854706
 20
170.5038771481
 11
56.3460363492
 21
170.4978425409
  0
LINE
  5
390
100
AcDbEntity
  8
00_COMPONENTS_59_1
100
AcDbLine
 62
7
  6
CONTINUOUS
 10
64.0909363011
 20
170.9065409576
 11
61.8869554456
 21
170.9040680792
  0
LINE
  5
391
100
AcDbEntity
  8
00_COMPONENTS_2
100
AcDbLine
 62
7
  6
CONTINUOUS
 10
128.0409363011
 20
166.756232622
 11
126.8109363011
 21
166.756232622
  0
LINE
  5
392
100
AcDbEntity
  8
00_COMPONENTS_2
100
AcDbLine
 62
7
  6
CONTINUOUS
 10
141.6309363011
 20
166.976232622
 11
138.6009363011
 21
166.976232622
  0
LINE
  5
393
100
AcDbEntity
  8
00_COMPONENTS_2
100
AcDbLine
 62
7
  6
CONTINUOUS
 10
137.8409363011
 20
166.976232622
 11
134.8209363011
 21
166.976232622
  0
LINE
  5
394
100
AcDbEntity
  8
00_COMPONENTS_1
100
AcDbLine
 62
7
  6
CONTINUOUS
 10
98.1709363011
 20
167.016232622
 11
98.0909363011
 21
167.016232622
  0
LINE
  5
395
100
AcDbEntity
  8
00_COMPONENTS_1
100
AcDbLine
 62
7
  6
CONTINUOUS
 10
86.2586519873
 20
167.1756118302
 11
89.2986519873
 21
167.1756118302
  0
LINE
  5
396
100
AcDbEntity
  8
00_COMPONENTS_1
100
AcDbLine
 62
7
  6
CONTINUOUS
 10
90.0832206149
 20
167.1756118302
 11
93.1232206149
 21
167.1756118302
  0
LINE
  5
397
100
AcDbEntity
  8
00_COMPONENTS_2
100
AcDbLine
 62
7
  6
CONTINUOUS
 10
109.5409363011
 20
167.226232622
 11
106.2876029678
 21
167.226232622
  0
LINE
  5
398
100
AcDbEntity
  8
00_COMPONENTS_1
100
AcDbLine
 62
7
  6
CONTINUOUS
 10
74.1544058159
 20
167.2301166496
 11
77.1109363011
 21
167.2301166496
  0
LINE
  5
399
100
AcDbEntity
  8
00_COMPONENTS_1
100
AcDbLine
 62
7
  6
CONTINUOUS
 10
77.8609363011
 20
167.2301166496
 11
80.8274667863
 21
167.2301166496
  0
LINE
  5
39A
100
AcDbEntity
  8
00_COMPONENTS_2
100
AcDbLine
 62
7
  6
CONTINUOUS
 10
106.3909363011
 20
167.526232622
 11
110.0409363011
 21
167.526232622
  0
LINE
  5
39B
100
AcDbEntity
  8
00_COMPONENTS_2
100
AcDbLine
 62
7
  6
CONTINUOUS
 10
124.4296425615
 20
167.831232622
 11
124.85734507
 21
167.831232622
  0
LINE
  5
39C
100
AcDbEntity
  8
00_COMPONENTS_2
100
AcDbLine
 62
7
  6
CONTINUOUS
 10
129.9845275322
 20
167.831232622
 11
130.2515636274
 21
167.831232622
  0
LINE
  5
39D
100
AcDbEntity
  8
00_COMPONENTS_2
100
AcDbLine
 62
7
  6
CONTINUOUS
 10
115.1409363011
 20
168.126232622
 11
111.7909363011
 21
168.126232622
  0
LINE
  5
39E
100
AcDbEntity
  8
00_COMPONENTS_2
100
AcDbLine
 62
7
  6
CONTINUOUS
 10
134.8209363011
 20
168.176232622
 11
137.8409363011
 21
168.176232622
  0
LINE
  5
39F
100
AcDbEntity
  8
00_COMPONENTS_2
100
AcDbLine
 62
7
  6
CONTINUOUS
 10
138.6009363011
 20
168.176232622
 11
141.6309363011
 21
168.176232622
  0
LINE
  5
3A0
100
AcDbEntity
  8
00_COMPONENTS_2
100
AcDbLine
 62
7
  6
CONTINUOUS
 10
115.2409363011
 20
168.326232622
 11
112.2409363011
 21
168.326232622
  0
LINE
  5
3A1
100
AcDbEntity
  8
00_COMPONENTS_2
100
AcDbLine
 62
7
  6
CONTINUOUS
 10
129.8709363011
 20
168.646232622
 11
128.0409363011
 21
168.646232622
  0
LINE
  5
3A2
100
AcDbEntity
  8
00_COMPONENTS_2
100
AcDbLine
 62
7
  6
CONTINUOUS
 10
126.8109363011
 20
168.646232622
 11
124.9809363011
 21
168.646232622
  0
LINE
  5
3A3
100
AcDbEntity
  8
00_COMPONENTS_2
100
AcDbLine
 62
7
  6
CONTINUOUS
 10
112.2409363011
 20
169.326232622
 11
120.0409363011
 21
169.326232622
  0
LINE
  5
3A4
100
AcDbEntity
  8
00_COMPONENTS_2
100
AcDbLine
 62
7
  6
CONTINUOUS
 10
141.7352899337
 20
169.331232622
 11
141.3421082822
 21
169.331232622
  0
LINE
  5
3A5
100
AcDbEntity
  8
00_COMPONENTS_2
100
AcDbLine
 62
7
  6
CONTINUOUS
 10
135.0997442618
 20
169.331232622
 11
134.7036966163
 21
169.331232622
  0
LINE
  5
3A6
100
AcDbEntity
  8
00_COMPONENTS_2
100
AcDbLine
 62
7
  6
CONTINUOUS
 10
102.9909363011
 20
169.426232622
 11
106.2909363011
 21
169.426232622
  0
LINE
  5
3A7
100
AcDbEntity
  8
00_COMPONENTS_2
100
AcDbLine
 62
7
  6
CONTINUOUS
 10
102.8909363011
 20
169.526232622
 11
106.3909363011
 21
169.526232622
  0
LINE
  5
3A8
100
AcDbEntity
  8
00_COMPONENTS_2
100
AcDbLine
 62
7
  6
CONTINUOUS
 10
111.7909363011
 20
169.526232622
 11
120.0409363011
 21
169.526232622
  0
LINE
  5
3A9
100
AcDbEntity
  8
00_COMPONENTS_2
100
AcDbLine
 62
7
  6
CONTINUOUS
 10
124.9809363011
 20
169.646232622
 11
126.8109363011
 21
169.646232622
  0
LINE
  5
3AA
100
AcDbEntity
  8
00_COMPONENTS_2
100
AcDbLine
 62
7
  6
CONTINUOUS
 10
128.0409363011
 20
169.646232622
 11
129.8709363011
 21
169.646232622
  0
LINE
  5
3AB
100
AcDbEntity
  8
00_COMPONENTS_2
100
AcDbLine
 62
7
  6
CONTINUOUS
 10
137.8409363011
 20
169.966232622
 11
138.6009363011
 21
169.966232622
  0
LINE
  5
3AC
100
AcDbEntity
  8
00_COMPONENTS_2
100
AcDbLine
 62
7
  6
CONTINUOUS
 10
101.3409363011
 20
170.1836315959
 11
100.0409363011
 21
170.1836315959
  0
LINE
  5
3AD
100
AcDbEntity
  8
00_COMPONENTS_2
100
AcDbLine
 62
7
  6
CONTINUOUS
 10
101.3409363011
 20
170.326232622
 11
123.3909363011
 21
170.326232622
  0
LINE
  5
3AE
100
AcDbEntity
  8
00_COMPONENTS_2
100
AcDbLine
 62
7
  6
CONTINUOUS
 10
124.4475015428
 20
170.521232622
 11
124.85734507
 21
170.521232622
  0
LINE
  5
3AF
100
AcDbEntity
  8
00_COMPONENTS_2
100
AcDbLine
 62
7
  6
CONTINUOUS
 10
129.9845275322
 20
170.521232622
 11
130.2344945368
 21
170.521232622
  0
LINE
  5
3B0
100
AcDbEntity
  8
00_COMPONENTS_2
100
AcDbLine
 62
7
  6
CONTINUOUS
 10
126.8109363011
 20
171.536232622
 11
128.0409363011
 21
171.536232622
  0
LINE
  5
3B1
100
AcDbEntity
  8
00_COMPONENTS_2
100
AcDbLine
 62
7
  6
CONTINUOUS
 10
107.6634303269
 20
171.7535873059
 11
106.2509363011
 21
171.7535873059
  0
LINE
  5
3B2
100
AcDbEntity
  8
00_COMPONENTS_2
100
AcDbLine
 62
7
  6
CONTINUOUS
 10
106.2509363011
 20
172.3988779381
 11
107.6634303269
 21
172.3988779381
  0
LINE
  5
3B3
100
AcDbEntity
  8
00_COMPONENTS_2
100
AcDbLine
 62
7
  6
CONTINUOUS
 10
100.0409363011
 20
172.976232622
 11
101.3409363011
 21
172.976232622
  0
LINE
  5
3B4
100
AcDbEntity
  8
00_COMPONENTS_2
100
AcDbLine
 62
7
  6
CONTINUOUS
 10
123.3909363011
 20
173.476232622
 11
98.1709363011
 21
173.476232622
  0
LINE
  5
3B5
100
AcDbEntity
  8
00_COMPONENTS_1
100
AcDbLine
 62
7
  6
CONTINUOUS
 10
98.1709363011
 20
173.566232622
 11
98.0909363011
 21
173.566232622
  0
LINE
  5
3B6
100
AcDbEntity
  8
00_COMPONENTS_1
100
AcDbLine
 62
7
  6
CONTINUOUS
 10
150.4209363011
 20
173.576232622
 11
149.4209363011
 21
173.576232622
  0
LINE
  5
3B7
100
AcDbEntity
  8
00_COMPONENTS_2
100
AcDbLine
 62
7
  6
CONTINUOUS
 10
123.3909363011
 20
173.826232622
 11
98.1709363011
 21
173.826232622
  0
LWPOLYLINE
  5
3B8
100
AcDbEntity
  8
00_COMPONENTS_59_1
100
AcDbPolyline
 62
7
  6
CONTINUOUS
 90
28
 70
0
 10
56.345921372
 20
170.4978423919
 10
55.8216990581
 20
170.500135422
 10
55.2118918442
 20
170.5112564782
 10
54.6463902387
 20
170.5318231884
 10
54.1202522439
 20
170.5622598705
 10
53.6315321136
 20
170.6027804489
 10
53.1830896577
 20
170.6529996311
 10
52.775545796
 20
170.7122395991
 10
52.4037340178
 20
170.7805848361
 10
52.0628230212
 20
170.8583649483
 10
51.7562208276
 20
170.9439119035
 10
51.4798607682
 20
171.0373268327
 10
51.2221316574
 20
171.1428091791
 10
50.9871950616
 20
171.2597292369
 10
50.7743442349
 20
171.3888260668
 10
50.5703349039
 20
171.5402868629
 10
50.3706073891
 20
171.7242405295
 10
50.1848082453
 20
171.9394161673
 10
50.0175623182
 20
172.1841845785
 10
49.8656546955
 20
172.4634444886
 10
49.7265156889
 20
172.7861071958
 10
49.602853321
 20
173.1529547127
 10
49.4962280906
 20
173.5665791638
 10
49.4082225262
 20
174.0306291874
 10
49.341057226
 20
174.5444723336
 10
49.2967444642
 20
175.106535895
 10
49.2767017327
 20
175.7176938182
 10
49.2756793448
 20
175.8939543509
  0
LINE
  5
3B9
100
AcDbEntity
  8
00_COMPONENTS_2
100
AcDbLine
 62
7
  6
CONTINUOUS
 10
132.9909363011
 20
175.076232622
 11
132.9909363011
 21
130.076232622
  0
LINE
  5
3BA
100
AcDbEntity
  8
00_COMPONENTS_2
100
AcDbLine
 62
7
  6
CONTINUOUS
 10
134.8109363011
 20
138.976232622
 11
134.8109363011
 21
140.176232622
  0
LINE
  5
3BB
100
AcDbEntity
  8
00_COMPONENTS_2
100
AcDbLine
 62
7
  6
CONTINUOUS
 10
134.8109363011
 20
152.976232622
 11
134.8109363011
 21
154.176232622
  0
LINE
  5
3BC
100
AcDbEntity
  8
00_COMPONENTS_2
100
AcDbLine
 62
7
  6
CONTINUOUS
 10
134.8209363011
 20
166.976232622
 11
134.8209363011
 21
168.176232622
  0
LINE
  5
3BD
100
AcDbEntity
  8
00_COMPONENTS_2
100
AcDbLine
 62
7
  6
CONTINUOUS
 10
137.8409363011
 20
165.186232622
 11
137.8409363011
 21
166.976232622
  0
LINE
  5
3BE
100
AcDbEntity
  8
00_COMPONENTS_2
100
AcDbLine
 62
7
  6
CONTINUOUS
 10
137.8409363011
 20
168.176232622
 11
137.8409363011
 21
169.966232622
  0
LINE
  5
3BF
100
AcDbEntity
  8
00_COMPONENTS_2
100
AcDbLine
 62
7
  6
CONTINUOUS
 10
137.8509363011
 20
151.186232622
 11
137.8509363011
 21
152.976232622
  0
LINE
  5
3C0
100
AcDbEntity
  8
00_COMPONENTS_2
100
AcDbLine
 62
7
  6
CONTINUOUS
 10
137.8509363011
 20
154.176232622
 11
137.8509363011
 21
155.966232622
  0
LINE
  5
3C1
100
AcDbEntity
  8
00_COMPONENTS_2
100
AcDbLine
 62
7
  6
CONTINUOUS
 10
137.8609363011
 20
137.176232622
 11
137.8609363011
 21
138.976232622
  0
LINE
  5
3C2
100
AcDbEntity
  8
00_COMPONENTS_2
100
AcDbLine
 62
7
  6
CONTINUOUS
 10
137.8609363011
 20
140.176232622
 11
137.8609363011
 21
141.976232622
  0
LINE
  5
3C3
100
AcDbEntity
  8
00_COMPONENTS_2
100
AcDbLine
 62
7
  6
CONTINUOUS
 10
138.6009363011
 20
169.966232622
 11
138.6009363011
 21
168.176232622
  0
LINE
  5
3C4
100
AcDbEntity
  8
00_COMPONENTS_2
100
AcDbLine
 62
7
  6
CONTINUOUS
 10
138.6009363011
 20
166.976232622
 11
138.6009363011
 21
165.186232622
  0
LINE
  5
3C5
100
AcDbEntity
  8
00_COMPONENTS_2
100
AcDbLine
 62
7
  6
CONTINUOUS
 10
138.6109363011
 20
155.966232622
 11
138.6109363011
 21
154.176232622
  0
LINE
  5
3C6
100
AcDbEntity
  8
00_COMPONENTS_2
100
AcDbLine
 62
7
  6
CONTINUOUS
 10
138.6109363011
 20
152.976232622
 11
138.6109363011
 21
151.186232622
  0
LINE
  5
3C7
100
AcDbEntity
  8
00_COMPONENTS_2
100
AcDbLine
 62
7
  6
CONTINUOUS
 10
138.6109363011
 20
141.976232622
 11
138.6109363011
 21
140.176232622
  0
LINE
  5
3C8
100
AcDbEntity
  8
00_COMPONENTS_2
100
AcDbLine
 62
7
  6
CONTINUOUS
 10
138.6109363011
 20
138.976232622
 11
138.6109363011
 21
137.176232622
  0
LWPOLYLINE
  5
3C9
100
AcDbEntity
  8
00_COMPONENTS_5
100
AcDbPolyline
 62
7
  6
CONTINUOUS
 90
11
 70
0
 10
94.3445420905
 20
175.9060665581
 10
94.9065274598
 20
176.0364335577
 10
95.4483959072
 20
176.1698927743
 10
95.9621212292
 20
176.3025689093
 10
96.4540743292
 20
176.4338541322
 10
96.9304845051
 20
176.5634040207
 10
97.3873554246
 20
176.6885329337
 10
97.8175499973
 20
176.8055835906
 10
98.2287198296
 20
176.9152378518
 10
98.6223916584
 20
177.0165100699
 10
98.9861277124
 20
177.1050831536
  0
LINE
  5
3CA
100
AcDbEntity
  8
00_COMPONENTS_5
100
AcDbLine
 62
7
  6
CONTINUOUS
 10
98.9861277124
 20
177.1050831536
 11
99.3199627113
 21
177.1806074216
  0
LWPOLYLINE
  5
3CB
100
AcDbEntity
  8
00_COMPONENTS_5
100
AcDbPolyline
 62
7
  6
CONTINUOUS
 90
3
 70
0
 10
99.3199627113
 20
177.1806074216
 10
99.6308813262
 20
177.2444816202
 10
99.9175146669
 20
177.296281554
  0
LWPOLYLINE
  5
3CC
100
AcDbEntity
  8
00_COMPONENTS_5
100
AcDbPolyline
 62
7
  6
CONTINUOUS
 90
3
 70
0
 10
99.9175146669
 20
177.296281554
 10
100.1755199251
 20
177.3355620088
 10
100.4083052112
 20
177.3635885643
  0
LINE
  5
3CD
100
AcDbEntity
  8
00_COMPONENTS_5
100
AcDbLine
 62
7
  6
CONTINUOUS
 10
69.3608808736
 20
175.076232622
 11
70.2662859537
 21
175.1873518662
  0
LWPOLYLINE
  5
3CE
100
AcDbEntity
  8
00_COMPONENTS_5
100
AcDbPolyline
 62
7
  6
CONTINUOUS
 90
3
 70
0
 10
70.2662859537
 20
175.1873518662
 10
71.2419466082
 20
175.2821294377
 10
72.2589086832
 20
175.3570996716
  0
LWPOLYLINE
  5
3CF
100
AcDbEntity
  8
00_COMPONENTS_5
100
AcDbPolyline
 62
7
  6
CONTINUOUS
 90
8
 70
0
 10
100.4083052112
 20
177.3635885643
 10
100.6259369264
 20
177.3822746329
 10
100.8290764522
 20
177.3923483108
 10
101.0150417063
 20
177.3946889863
 10
101.1883889134
 20
177.3902806441
 10
101.3508067813
 20
177.3800140208
 10
101.5006686615
 20
177.3650057866
 10
101.6378340766
 20
177.3461870441
  0
LINE
  5
3D0
100
AcDbEntity
  8
00_COMPONENTS_5
100
AcDbLine
 62
7
  6
CONTINUOUS
 10
72.2589086832
 20
175.3570996716
 11
73.2989013914
 21
175.4119195286
  0
LINE
  5
3D1
100
AcDbEntity
  8
00_COMPONENTS_5
100
AcDbLine
 62
7
  6
CONTINUOUS
 10
73.2989013914
 20
175.4119195286
 11
74.3779884608
 21
175.4478838612
  0
LWPOLYLINE
  5
3D2
100
AcDbEntity
  8
00_COMPONENTS_5
100
AcDbPolyline
 62
7
  6
CONTINUOUS
 90
3
 70
0
 10
74.3779884608
 20
175.4478838612
 10
75.5029389606
 20
175.4644453068
 10
76.6426573362
 20
175.4618463734
  0
LWPOLYLINE
  5
3D3
100
AcDbEntity
  8
00_COMPONENTS_59_4
100
AcDbPolyline
 62
7
  6
CONTINUOUS
 90
8
 70
0
 10
91.1906217853
 20
180.2673571975
 10
92.1370728793
 20
180.2807504886
 10
93.0612647768
 20
180.2930845134
 10
93.9582006274
 20
180.3041382758
 10
94.8270301866
 20
180.3138808196
 10
95.6785629295
 20
180.3224347501
 10
96.5091464997
 20
180.3297894793
 10
97.3146625306
 20
180.336023071
  0
LINE
  5
3D4
100
AcDbEntity
  8
00_COMPONENTS_59_4
100
AcDbLine
 62
7
  6
CONTINUOUS
 10
97.3146625306
 20
180.336023071
 11
98.3817238961
 21
180.3429101334
  0
LINE
  5
3D5
100
AcDbEntity
  8
00_COMPONENTS_59_4
100
AcDbLine
 62
7
  6
CONTINUOUS
 10
98.3817238961
 20
180.3429101334
 11
99.255751848
 21
180.3476161985
  0
LINE
  5
3D6
100
AcDbEntity
  8
00_COMPONENTS_59_4
100
AcDbLine
 62
7
  6
CONTINUOUS
 10
99.255751848
 20
180.3476161985
 11
100.1471760646
 21
180.3516139901
  0
LINE
  5
3D7
100
AcDbEntity
  8
00_COMPONENTS_59_4
100
AcDbLine
 62
7
  6
CONTINUOUS
 10
101.2045852576
 20
180.3553929724
 11
102.4272031197
 21
180.3585181911
  0
LINE
  5
3D8
100
AcDbEntity
  8
00_COMPONENTS_59_4
100
AcDbLine
 62
7
  6
CONTINUOUS
 10
102.4272031197
 20
180.3585181911
 11
103.1609406627
 21
180.3595664925
  0
LWPOLYLINE
  5
3D9
100
AcDbEntity
  8
00_COMPONENTS_59_4
100
AcDbPolyline
 62
7
  6
CONTINUOUS
 90
36
 70
0
 10
103.1609406627
 20
180.3595664925
 10
103.7186263554
 20
180.3598976116
 10
104.3352185541
 20
180.3594920368
 10
104.9319911119
 20
180.358057379
 10
105.5125218593
 20
180.3552957157
 10
106.0773434914
 20
180.3507909197
 10
106.6223522675
 20
180.3440907147
 10
107.1472710121
 20
180.3346568302
 10
107.6561953525
 20
180.3217388314
 10
108.1460019767
 20
180.3046305045
 10
108.6136499135
 20
180.2826766646
 10
109.0612618562
 20
180.254907274
 10
109.4890777467
 20
180.2203053678
 10
109.893616109
 20
180.1782409672
 10
110.2720448187
 20
180.1283355483
 10
110.6259727063
 20
180.069840292
 10
110.9538100563
 20
180.0025832873
 10
111.2507232395
 20
179.927839703
 10
111.5217044192
 20
179.844830535
 10
111.7697466174
 20
179.7531984722
 10
111.9898196213
 20
179.6559758994
 10
112.181396287
 20
179.5560981421
 10
112.3473175706
 20
179.4551456556
 10
112.4892322921
 20
179.3543186948
 10
112.6051538
 20
179.2576017328
 10
112.7027256113
 20
179.161778695
 10
112.7972561112
 20
179.0526822166
 10
112.8928108433
 20
178.9239981137
 10
112.985733342
 20
178.780810592
 10
113.0762912886
 20
178.6242631241
 10
113.1641120361
 20
178.4564345463
 10
113.2478210668
 20
178.2817267116
 10
113.3260595522
 20
178.105181282
 10
113.398672332
 20
177.9298166957
 10
113.4651872212
 20
177.7593797174
 10
113.5239427455
 20
177.6008169519
  0
LINE
  5
3DA
100
AcDbEntity
  8
00_COMPONENTS_2
100
AcDbLine
 62
7
  6
CONTINUOUS
 10
98.1709363011
 20
174.076232622
 11
123.3909363011
 21
174.076232622
  0
LINE
  5
3DB
100
AcDbEntity
  8
00_COMPONENTS_1
100
AcDbLine
 62
7
  6
CONTINUOUS
 10
64.0909363011
 20
175.076232622
 11
98.1709363011
 21
175.076232622
  0
LINE
  5
3DC
100
AcDbEntity
  8
00_COMPONENTS_2
100
AcDbLine
 62
7
  6
CONTINUOUS
 10
98.1709363011
 20
175.076232622
 11
149.4209363011
 21
175.076232622
  0
LINE
  5
3DD
100
AcDbEntity
  8
00_COMPONENTS_1
100
AcDbLine
 62
7
  6
CONTINUOUS
 10
149.4209363011
 20
175.076232622
 11
150.4209363011
 21
175.076232622
  0
LINE
  5
3DE
100
AcDbEntity
  8
00_COMPONENTS_5
100
AcDbLine
 62
7
  6
CONTINUOUS
 10
76.6426573362
 20
175.4618463734
 11
77.7678149976
 21
175.443054317
  0
LWPOLYLINE
  5
3DF
100
AcDbEntity
  8
00_COMPONENTS_5
100
AcDbPolyline
 62
7
  6
CONTINUOUS
 90
3
 70
0
 10
77.7678149976
 20
175.443054317
 10
78.8913620595
 20
175.4119575229
 10
80.0080754287
 20
175.3721154201
  0
LWPOLYLINE
  5
3E0
100
AcDbEntity
  8
00_COMPONENTS_5
100
AcDbPolyline
 62
7
  6
CONTINUOUS
 90
16
 70
0
 10
83.0893571522
 20
175.2435201201
 10
84.0513088308
 20
175.2068742829
 10
84.9750549601
 20
175.1776966095
 10
85.8570258767
 20
175.1578872985
 10
86.7001287781
 20
175.1488373575
 10
87.5192144027
 20
175.1515416048
 10
88.3167353236
 20
175.1673343532
 10
89.084160853
 20
175.1968163486
 10
89.8212407917
 20
175.2401557048
 10
90.5366731535
 20
175.2980231083
 10
91.2311585961
 20
175.3704102527
 10
91.8967618896
 20
175.4558958167
 10
92.5368709216
 20
175.5535400079
 10
93.1637243982
 20
175.663225349
 10
93.7682281254
 20
175.7818629988
 10
94.3445420905
 20
175.9060665581
  0
LWPOLYLINE
  5
3E1
100
AcDbEntity
  8
00_COMPONENTS_5
100
AcDbPolyline
 62
7
  6
CONTINUOUS
 90
3
 70
0
 10
80.0080754287
 20
175.3721154201
 10
81.076481839
 20
175.3286461452
 10
82.0928078912
 20
175.2852264652
  0
LINE
  5
3E2
100
AcDbEntity
  8
00_COMPONENTS_5
100
AcDbLine
 62
7
  6
CONTINUOUS
 10
82.0928078912
 20
175.2852264652
 11
83.0893571522
 21
175.2435201201
  0
LINE
  5
3E3
100
AcDbEntity
  8
00_COMPONENTS_5
100
AcDbLine
 62
7
  6
CONTINUOUS
 10
101.6378340766
 20
177.3461870441
 11
101.7630607334
 21
177.3243126581
  0
LWPOLYLINE
  5
3E4
100
AcDbEntity
  8
00_COMPONENTS_5
100
AcDbPolyline
 62
7
  6
CONTINUOUS
 90
18
 70
0
 10
101.7631569473
 20
177.3242958516
 10
101.8779290262
 20
177.3000391878
 10
101.9829176153
 20
177.2741283224
 10
102.0796077821
 20
177.2469696771
 10
102.1692505078
 20
177.2188480963
 10
102.2519680941
 20
177.1902857676
 10
102.3283732232
 20
177.1615721657
 10
102.3990088688
 20
177.1328964369
 10
102.4634149903
 20
177.1047511197
 10
102.52186728
 20
177.0773446436
 10
102.5748452137
 20
177.0507721954
 10
102.622081267
 20
177.0254749536
 10
102.6638277256
 20
177.0016213316
 10
102.7005607113
 20
176.9792423206
 10
102.7323878621
 20
176.9585867102
 10
102.7596647265
 20
176.9397447627
 10
102.782559316
 20
176.9229073073
 10
102.8009463323
 20
176.908499011
  0
LINE
  5
3E5
100
AcDbEntity
  8
00_COMPONENTS_7
100
AcDbLine
 62
7
  6
CONTINUOUS
 10
140.8144977994
 20
192.4862826287
 11
140.8144977994
 21
228.076232622
  0
LINE
  5
3E6
100
AcDbEntity
  8
00_COMPONENTS_2
100
AcDbLine
 62
7
  6
CONTINUOUS
 10
141.6309363011
 20
168.176232622
 11
141.6309363011
 21
166.976232622
  0
LINE
  5
3E7
100
AcDbEntity
  8
00_COMPONENTS_2
100
AcDbLine
 62
7
  6
CONTINUOUS
 10
141.6309363011
 20
154.176232622
 11
141.6309363011
 21
152.976232622
  0
LINE
  5
3E8
100
AcDbEntity
  8
00_COMPONENTS_2
100
AcDbLine
 62
7
  6
CONTINUOUS
 10
141.6309363011
 20
140.176232622
 11
141.6309363011
 21
138.976232622
  0
LWPOLYLINE
  5
3E9
100
AcDbEntity
  8
00_COMPONENTS_5
100
AcDbPolyline
 62
7
  6
CONTINUOUS
 90
49
 70
0
 10
99.9146246634
 20
180.3265440675
 10
99.5899648619
 20
180.2816490046
 10
99.2444972558
 20
180.2241000378
 10
98.8804898939
 20
180.1538835975
 10
98.4928068644
 20
180.07010125
 10
98.0732950878
 20
179.971166715
 10
97.6254316151
 20
179.8582329465
 10
97.1606228056
 20
179.7355304978
 10
96.6723514714
 20
179.6031548432
 10
96.1510431064
 20
179.4604300762
 10
95.6071251294
 20
179.3126865806
 10
95.0453957777
 20
179.1637478607
 10
94.4525926028
 20
179.0134776533
 10
93.8159058626
 20
178.8623338374
 10
93.1530963394
 20
178.7181516471
 10
92.4736581131
 20
178.586648674
 10
91.7551267002
 20
178.4669525965
 10
90.9957115624
 20
178.3632236328
 10
90.2101601607
 20
178.2803241459
 10
89.3948390388
 20
178.2181369838
 10
88.5359560823
 20
178.175703812
 10
87.6352455021
 20
178.1528075978
 10
86.7052602884
 20
178.1483801625
 10
85.7409466831
 20
178.1600323466
 10
84.7203750122
 20
178.1859633255
 10
83.6450061201
 20
178.2235382084
 10
82.5182944624
 20
178.2695073582
 10
81.3522663734
 20
178.3194000574
 10
80.1559235368
 20
178.3684381272
 10
78.8974356393
 20
178.4131384368
 10
77.5743135232
 20
178.4478157599
 10
76.2428106562
 20
178.4647498758
 10
74.9290300562
 20
178.4587725733
 10
73.6194478303
 20
178.4265915386
 10
72.3302007105
 20
178.3667323894
 10
71.1162391345
 20
178.2818309886
 10
69.9848618229
 20
178.1740597442
 10
68.8857413594
 20
178.038859628
 10
67.8120130702
 20
177.8730156237
 10
66.7936510991
 20
177.6790688708
 10
65.8256405539
 20
177.4553016622
 10
64.9058437718
 20
177.2003358433
 10
64.0384766028
 20
176.9149413475
 10
63.225799616
 20
176.600935774
 10
62.473317169
 20
176.2626564408
 10
61.7740703356
 20
175.8996049048
 10
61.1116709724
 20
175.5048724062
 10
60.4850927503
 20
175.0783271507
 10
60.4444952333
 20
175.0468830735
  0
LINE
  5
3EA
100
AcDbEntity
  8
00_COMPONENTS_5
100
AcDbLine
 62
7
  6
CONTINUOUS
 10
100.1471760646
 20
180.3516139901
 11
99.9146246634
 21
180.3265440675
  0
LINE
  5
3EB
100
AcDbEntity
  8
00_COMPONENTS_7
100
AcDbLine
 62
7
  6
CONTINUOUS
 10
41.0144977994
 20
183.076232622
 11
47.5011182878
 21
183.076232622
  0
LINE
  5
3EC
100
AcDbEntity
  8
00_COMPONENTS_7
100
AcDbLine
 62
7
  6
CONTINUOUS
 10
50.7565150268
 20
183.076232622
 11
67.0524784463
 21
183.076232622
  0
LINE
  5
3ED
100
AcDbEntity
  8
00_COMPONENTS_7
100
AcDbLine
 62
7
  6
CONTINUOUS
 10
110.8404729169
 20
183.076232622
 11
123.6188468833
 21
183.076232622
  0
LINE
  5
3EE
100
AcDbEntity
  8
00_COMPONENTS_7
100
AcDbLine
 62
7
  6
CONTINUOUS
 10
126.8168053575
 20
183.076232622
 11
189.0144977994
 21
183.076232622
  0
LINE
  5
3EF
100
AcDbEntity
  8
00_COMPONENTS_7
100
AcDbLine
 62
7
  6
CONTINUOUS
 10
185.5644977994
 20
184.076232622
 11
155.5644977994
 21
184.076232622
  0
LINE
  5
3F0
100
AcDbEntity
  8
00_COMPONENTS_7
100
AcDbLine
 62
7
  6
CONTINUOUS
 10
130.0644977994
 20
184.076232622
 11
126.4615127098
 21
184.076232622
  0
LINE
  5
3F1
100
AcDbEntity
  8
00_COMPONENTS_7
100
AcDbLine
 62
7
  6
CONTINUOUS
 10
122.8997570047
 20
184.076232622
 11
100.0644977994
 21
184.076232622
  0
LINE
  5
3F2
100
AcDbEntity
  8
00_COMPONENTS_7
100
AcDbLine
 62
7
  6
CONTINUOUS
 10
63.6367807934
 20
184.076232622
 11
51.3381061136
 21
184.076232622
  0
LINE
  5
3F3
100
AcDbEntity
  8
00_COMPONENTS_7
100
AcDbLine
 62
7
  6
CONTINUOUS
 10
47.9116481449
 20
184.076232622
 11
44.5644977994
 21
184.076232622
  0
LINE
  5
3F4
100
AcDbEntity
  8
00_COMPONENTS_2
100
AcDbLine
 62
7
  6
CONTINUOUS
 10
149.4209363011
 20
175.076232622
 11
149.4209363011
 21
130.076232622
  0
LINE
  5
3F5
100
AcDbEntity
  8
00_COMPONENTS_1
100
AcDbLine
 62
7
  6
CONTINUOUS
 10
150.4209363011
 20
175.076232622
 11
150.4209363011
 21
167.2132037294
  0
LINE
  5
3F6
100
AcDbEntity
  8
00_COMPONENTS_1
100
AcDbLine
 62
7
  6
CONTINUOUS
 10
150.4209363011
 20
163.4126189617
 11
150.4209363011
 21
152.3962439144
  0
LINE
  5
3F7
100
AcDbEntity
  8
00_COMPONENTS_1
100
AcDbLine
 62
7
  6
CONTINUOUS
 10
150.4209363011
 20
148.596194802
 11
150.4209363011
 21
138.7659132289
  0
LINE
  5
3F8
100
AcDbEntity
  8
00_COMPONENTS_1
100
AcDbLine
 62
7
  6
CONTINUOUS
 10
150.4209363011
 20
134.9658873568
 11
150.4209363011
 21
130.076232622
  0
LWPOLYLINE
  5
3F9
100
AcDbEntity
  8
00_COMPONENTS_4
100
AcDbPolyline
 62
7
  6
CONTINUOUS
 90
33
 70
0
 10
132.8787159729
 20
125.0898291999
 10
132.1715122521
 20
124.8826807721
 10
131.9513926872
 20
124.8189153906
 10
131.7393697677
 20
124.7584445096
 10
131.5366636793
 20
124.701947957
 10
131.3453525962
 20
124.6502782769
 10
131.163260113
 20
124.6030328221
 10
130.985963722
 20
124.5593117005
 10
130.8153853192
 20
124.5198987854
 10
130.6514044625
 20
124.4851087137
 10
130.4891622815
 20
124.4545078387
 10
130.328803298
 20
124.4291063645
 10
130.1756258882
 20
124.4106482727
 10
130.0351200395
 20
124.4002045152
 10
129.9109979812
 20
124.3982015876
 10
129.8084144742
 20
124.4036618675
 10
129.7313016112
 20
124.4139917209
 10
129.6789023544
 20
124.4261162261
 10
129.6430023437
 20
124.4379736413
 10
129.611944864
 20
124.4516015367
 10
129.5819352611
 20
124.4693187088
 10
129.549619974
 20
124.4941738633
 10
129.5073520317
 20
124.5344748069
 10
129.4538621308
 20
124.5962122811
 10
129.3921437407
 20
124.6809819109
 10
129.3247604217
 20
124.7896483391
 10
129.2537694264
 20
124.9217880083
 10
129.1805865937
 20
125.0750380894
 10
129.1058589174
 20
125.2466128918
 10
129.0299457925
 20
125.433463251
 10
128.9537487943
 20
125.631105425
 10
128.8780517454
 20
125.8350559516
 10
128.8031517402
 20
126.042024162
  0
LINE
  5
3FA
100
AcDbEntity
  8
00_COMPONENTS_7
100
AcDbLine
 62
7
  6
CONTINUOUS
 10
155.5644977994
 20
184.076232622
 11
155.5644977994
 21
183.076232622
  0
LINE
  5
3FB
100
AcDbEntity
  8
00_COMPONENTS_7
100
AcDbLine
 62
7
  6
CONTINUOUS
 10
158.8144977994
 20
228.076232622
 11
158.8144977994
 21
204.076232622
  0
LINE
  5
3FC
100
AcDbEntity
  8
00_COMPONENTS_7
100
AcDbLine
 62
7
  6
CONTINUOUS
 10
161.5144977994
 20
87.076232622
 11
161.5144977994
 21
114.9236400913
  0
LINE
  5
3FD
100
AcDbEntity
  8
00_COMPONENTS_7
100
AcDbLine
 62
7
  6
CONTINUOUS
 10
161.5144977994
 20
117.9301610848
 11
161.5144977994
 21
121.076232622
  0
LWPOLYLINE
  5
3FE
100
AcDbEntity
  8
00_COMPONENTS_4
100
AcDbPolyline
 62
7
  6
CONTINUOUS
 90
15
 70
0
 10
158.6809408385
 20
148.5347937257
 10
158.6002170498
 20
148.0431660397
 10
158.4847058094
 20
147.246124209
 10
158.3840891358
 20
146.4577676398
 10
158.2967177248
 20
145.6861242452
 10
158.2204296212
 20
144.9331170261
 10
158.1526744582
 20
144.1921941744
 10
158.0921177424
 20
143.4671628392
 10
158.0371060816
 20
142.7603965175
 10
157.9852596142
 20
142.0635800265
 10
157.9350146715
 20
141.3782328747
 10
157.8849993623
 20
140.7088570038
 10
157.8336085168
 20
140.0508856681
 10
157.7797638962
 20
139.4031925482
 10
157.7250953326
 20
138.7957826371
  0
LWPOLYLINE
  5
3FF
100
AcDbEntity
  8
00_COMPONENTS_4
100
AcDbPolyline
 62
7
  6
CONTINUOUS
 90
36
 70
0
 10
157.1957618689
 20
134.9936560042
 10
157.1156496474
 20
134.6183513358
 10
156.9824868881
 20
134.0777247042
 10
156.8341647562
 20
133.5583805922
 10
156.6699037155
 20
133.0634019832
 10
156.4887446962
 20
132.5926241757
 10
156.2901945308
 20
132.1467401188
 10
156.0744578062
 20
131.7271975165
 10
155.8409443789
 20
131.3333356399
 10
155.5884658686
 20
130.9633007247
 10
155.3159528567
 20
130.6156187193
 10
155.0178112288
 20
130.2857121559
 10
154.690110111
 20
129.9721922566
 10
154.3336638432
 20
129.6766379573
 10
153.9445767775
 20
129.3968710361
 10
153.5211996767
 20
129.1334486884
 10
153.0728746608
 20
128.8921155458
 10
152.6026752009
 20
128.6727819393
 10
152.1089857669
 20
128.4728422476
 10
151.5983539873
 20
128.2928029287
 10
151.0770339983
 20
128.1319865546
 10
150.5480285936
 20
127.9884190778
 10
150.0143725407
 20
127.8604944283
 10
149.4812226048
 20
127.7472587223
 10
148.9524908144
 20
127.6471433892
 10
148.4281327354
 20
127.5578435842
 10
147.912551308
 20
127.4782415537
 10
147.4083471143
 20
127.4071390091
 10
146.9110736087
 20
127.3426446479
 10
146.4230248217
 20
127.2838621986
 10
145.94647926
 20
127.2299458469
 10
145.4759554972
 20
127.1793894519
 10
145.0124317382
 20
127.1315929833
 10
144.5576137294
 20
127.0861135022
 10
144.1064726719
 20
127.0419170403
 10
143.2167004692
 20
126.9555970957
  0
LWPOLYLINE
  5
400
100
AcDbEntity
  8
00_COMPONENTS_4
100
AcDbPolyline
 62
7
  6
CONTINUOUS
 90
53
 70
0
 10
133.3517704585
 20
122.1021196303
 10
133.7090131335
 20
122.2069715661
 10
134.1152887561
 20
122.325037427
 10
134.5351785455
 20
122.4445976277
 10
134.9695303918
 20
122.5646578613
 10
135.4157852311
 20
122.6833097536
 10
135.8733531729
 20
122.7993390093
 10
136.343801643
 20
122.9123559467
 10
136.8271233598
 20
123.0216623318
 10
137.3242661806
 20
123.1268303718
 10
137.8358191669
 20
123.2274579611
 10
138.360559569
 20
123.3230798325
 10
138.8977298308
 20
123.4134532659
 10
139.4482850767
 20
123.4986558263
 10
140.0128903376
 20
123.5788234737
 10
140.588459829
 20
123.6541639348
 10
141.1731855732
 20
123.725195126
 10
141.7684877075
 20
123.7927086288
 10
142.3713407425
 20
123.8569140538
 10
142.980463544
 20
123.9186082892
 10
143.6005552964
 20
123.9794869895
 10
144.2275688098
 20
124.0403468983
 10
144.8616096532
 20
124.1024014498
 10
145.5139898751
 20
124.1680690962
 10
146.1811032299
 20
124.2385898157
 10
146.8612642049
 20
124.3156322511
 10
147.5678126927
 20
124.4030917659
 10
148.3045388696
 20
124.504706392
 10
149.0583999377
 20
124.6222205944
 10
149.8164931313
 20
124.7571954742
 10
150.5765639106
 20
124.9132564583
 10
151.3303785803
 20
125.0929171848
 10
152.0589996123
 20
125.2944954469
 10
152.7583165902
 20
125.5188067485
 10
153.4292331591
 20
125.7681598809
 10
154.0644953076
 20
126.0409956287
 10
154.6635047509
 20
126.3372749708
 10
155.2287484466
 20
126.6583660505
 10
155.7589177523
 20
127.0029779375
 10
156.2537965411
 20
127.3697299044
 10
156.7148341549
 20
127.7584348716
 10
157.1436891278
 20
128.1694528443
 10
157.541081621
 20
128.6021970317
 10
157.909651579
 20
129.05801062
 10
158.2537020073
 20
129.5414757613
 10
158.5742649022
 20
130.0547608713
 10
158.8706080876
 20
130.5975868368
 10
159.1432249838
 20
131.1715610928
 10
159.3928978241
 20
131.7787546058
 10
159.6192954768
 20
132.4181109918
 10
159.821661362
 20
133.0859342305
 10
160.0007517695
 20
133.7799727019
 10
160.158657409
 20
134.4986159825
  0
LINE
  5
401
100
AcDbEntity
  8
00_COMPONENTS_7
100
AcDbLine
 62
7
  6
CONTINUOUS
 10
24.9709363011
 20
199.076232622
 11
41.0144977994
 21
199.076232622
  0
LINE
  5
402
100
AcDbEntity
  8
00_COMPONENTS_7
100
AcDbLine
 62
7
  6
CONTINUOUS
 10
189.0144977994
 20
199.076232622
 11
205.0580592977
 21
199.076232622
  0
LINE
  5
403
100
AcDbEntity
  8
00_COMPONENTS_7
100
AcDbLine
 62
7
  6
CONTINUOUS
 10
159.3147220293
 20
184.076232622
 11
140.8144977994
 21
192.4862826287
  0
LWPOLYLINE
  5
404
100
AcDbEntity
  8
00_COMPONENTS_3
100
AcDbPolyline
 62
7
  6
CONTINUOUS
 90
3
 70
0
 10
162.724739024
 20
148.7055390579
 10
162.7358632687
 20
148.6784324165
 10
162.7510994907
 20
148.6320876749
  0
LWPOLYLINE
  5
405
100
AcDbEntity
  8
00_COMPONENTS_3
100
AcDbPolyline
 62
7
  6
CONTINUOUS
 90
7
 70
0
 10
162.7510994907
 20
148.6320876749
 10
162.7685406958
 20
148.5636829324
 10
162.7856459342
 20
148.4739196891
 10
162.8005689274
 20
148.3633861304
 10
162.8120286597
 20
148.2318583479
 10
162.8190389406
 20
148.0798688792
 10
162.8209430995
 20
147.9094414236
  0
LWPOLYLINE
  5
406
100
AcDbEntity
  8
00_COMPONENTS_4
100
AcDbPolyline
 62
7
  6
CONTINUOUS
 90
23
 70
0
 10
165.2738082803
 20
162.3820650029
 10
165.2571338793
 20
162.7702980846
 10
165.2178245254
 20
163.1694168695
 10
165.1572043525
 20
163.5467411668
 10
165.0743372933
 20
163.9086577166
 10
164.9678011845
 20
164.2575508893
 10
164.8383430587
 20
164.5885722304
 10
164.6882791341
 20
164.8963685005
 10
164.5188562999
 20
165.1807462463
 10
164.3305345767
 20
165.4436220496
 10
164.1255851057
 20
165.6837533146
 10
163.9086644331
 20
165.8981403656
 10
163.6779836337
 20
166.0907365103
 10
163.4251867668
 20
166.2679266972
 10
163.1467341462
 20
166.4299919506
 10
162.844987748
 20
166.5730528621
 10
162.5187010278
 20
166.6960209076
 10
162.1646610414
 20
166.798306288
 10
161.7820189031
 20
166.8785384038
 10
161.373141981
 20
166.9359954006
 10
160.9380087757
 20
166.9712863709
 10
160.4758557679
 20
166.9864400798
 10
160.3574665528
 20
166.9860144037
  0
LINE
  5
407
100
AcDbEntity
  8
00_COMPONENTS_4
100
AcDbLine
 62
7
  6
CONTINUOUS
 10
162.2741978224
 20
162.3328167427
 11
162.2743221922
 21
162.3257413554
  0
LINE
  5
408
100
AcDbEntity
  8
00_COMPONENTS_4
100
AcDbLine
 62
7
  6
CONTINUOUS
 10
165.2738080526
 20
162.3820818449
 11
165.2738146167
 21
162.3817071125
  0
LWPOLYLINE
  5
409
100
AcDbEntity
  8
00_COMPONENTS_4
100
AcDbPolyline
 62
7
  6
CONTINUOUS
 90
20
 70
0
 10
162.2743221922
 20
162.3257413554
 10
162.2750081622
 20
162.2193856498
 10
162.2648275592
 20
161.8973112128
 10
162.2356373793
 20
161.5446007823
 10
162.1860113271
 20
161.1620441603
 10
162.1144398727
 20
160.7501018653
 10
162.0199096404
 20
160.3094878187
 10
161.9025731119
 20
159.8408472199
 10
161.7628087975
 20
159.3442103985
 10
161.6015882388
 20
158.8188453677
 10
161.4210250561
 20
158.264167105
 10
161.2233894623
 20
157.6800805321
 10
161.0114844075
 20
157.0666260627
 10
160.7888665354
 20
156.4247771694
 10
160.558834004
 20
155.7556585218
 10
160.3246547742
 20
155.0595108846
 10
160.0905206316
 20
154.3379631594
 10
159.8605581416
 20
153.5939411868
 10
159.6383598476
 20
152.8307568292
 10
159.5020947063
 20
152.3287644214
  0
LWPOLYLINE
  5
40A
100
AcDbEntity
  8
00_COMPONENTS_3
100
AcDbPolyline
 62
7
  6
CONTINUOUS
 90
23
 70
0
 10
165.8207138678
 20
147.8708639036
 10
165.8202110689
 20
148.0441146597
 10
165.8052732779
 20
148.4300906698
 10
165.7695815648
 20
148.7968571835
 10
165.7130813682
 20
149.1371393506
 10
165.6362599603
 20
149.4526251557
 10
165.5386100578
 20
149.7478100287
 10
165.4220522186
 20
150.0189969348
 10
165.29032145
 20
150.2627825912
 10
165.1431529313
 20
150.4848959651
 10
164.9769111205
 20
150.6920700851
 10
164.7925401253
 20
150.8829853715
 10
164.5909314865
 20
151.0567772408
 10
164.366023017
 20
151.2175188602
 10
164.1155806798
 20
151.3639579938
 10
163.8404693602
 20
151.4932724049
 10
163.5355308995
 20
151.6059571488
 10
163.1860990499
 20
151.7037973178
 10
162.7927344972
 20
151.7829750608
 10
162.3732117088
 20
151.8405720344
 10
161.9315812697
 20
151.8800125943
 10
161.4545536128
 20
151.9055397099
 10
161.042186096
 20
151.9172927008
  0
LWPOLYLINE
  5
40B
100
AcDbEntity
  8
00_COMPONENTS
100
AcDbPolyline
 62
7
  6
CONTINUOUS
 90
116
 70
0
 10
166.8039303259
 20
131.8426689975
 10
166.8048755328
 20
131.5022328182
 10
166.8034629347
 20
131.0948581611
 10
166.799581748
 20
130.6790909408
 10
166.793410875
 20
130.2560285161
 10
166.7849198855
 20
129.8176133301
 10
166.7742428817
 20
129.368989982
 10
166.7613912742
 20
128.9120787058
 10
166.7458793916
 20
128.4360562312
 10
166.7275609208
 20
127.9459211015
 10
166.7063542432
 20
127.4495630635
 10
166.6815273156
 20
126.9411926845
 10
166.6525008332
 20
126.4211581705
 10
166.6184476606
 20
125.890514123
 10
166.5778169019
 20
125.3444122168
 10
166.5277850456
 20
124.7728279612
 10
166.4652444211
 20
124.1771822112
 10
166.3884611884
 20
123.5718259407
 10
166.2929021895
 20
122.9518470088
 10
166.1767382543
 20
122.334677435
 10
166.048091023
 20
121.773462956
 10
165.9136586635
 20
121.2862297383
 10
165.771608777
 20
120.8537056052
 10
165.6203057133
 20
120.4656430563
 10
165.4615505505
 20
120.1219754957
 10
165.2958819553
 20
119.8183210842
 10
165.1167506127
 20
119.5411460039
 10
164.9203695789
 20
119.2870261819
 10
164.7102321741
 20
119.0610965083
 10
164.4876419112
 20
118.8636672756
 10
164.2524023867
 20
118.6924988144
 10
164.0009683058
 20
118.5427328789
 10
163.7293728206
 20
118.4109156493
 10
163.4447223281
 20
118.298843853
 10
163.1437229511
 20
118.2033306427
 10
162.8063137829
 20
118.1183019485
 10
162.4314070664
 20
118.0447988422
 10
162.02392128
 20
117.9840320137
 10
161.5673785078
 20
117.9341579726
 10
161.0590880895
 20
117.8957398072
 10
160.5002712245
 20
117.8692655056
 10
159.8784237305
 20
117.8542645244
 10
159.1902091046
 20
117.8506332309
 10
158.4406890052
 20
117.8576554643
 10
157.6333051374
 20
117.8738577859
 10
156.7686386894
 20
117.8974731927
 10
155.8385726787
 20
117.9268278132
 10
154.8304739526
 20
117.9602793744
 10
153.6972878999
 20
117.9970637022
 10
152.4214329102
 20
118.0345397965
 10
151.0410751196
 20
118.0677727051
 10
149.5760758113
 20
118.0929010758
 10
148.0018988596
 20
118.1074885256
 10
146.3203201911
 20
118.1091627293
 10
144.565617598
 20
118.0971469
 10
142.7244704594
 20
118.0720974724
 10
140.72043266
 20
118.0342543203
 10
138.5086330741
 20
117.9848775497
 10
136.2049225473
 20
117.9308173913
 10
133.981067248
 20
117.8809065079
 10
131.9397613841
 20
117.8400024889
 10
130.0499838773
 20
117.8078282182
 10
128.2623714988
 20
117.7829590249
 10
126.5699676506
 20
117.7644716445
 10
124.9837509106
 20
117.7515743329
 10
123.4904859516
 20
117.7434731586
 10
122.0809417035
 20
117.7399413071
 10
120.7602379394
 20
117.7413406359
 10
119.5346878231
 20
117.7484252858
 10
118.3768779907
 20
117.7626659666
 10
117.287136575
 20
117.7860053991
 10
116.3026376075
 20
117.819150695
 10
115.4480106944
 20
117.8611051135
 10
114.6907477064
 20
117.9121903875
 10
113.9882867261
 20
117.975217849
 10
113.3206054236
 20
118.0533884032
 10
112.7055479237
 20
118.1458989261
 10
112.153864007
 20
118.250652928
 10
111.6685041184
 20
118.3647481555
 10
111.237146314
 20
118.4879521848
 10
110.8460578282
 20
118.6223984045
 10
110.4920256825
 20
118.7677964145
 10
110.1776746998
 20
118.9212888571
 10
109.8974875983
 20
119.0836879641
 10
109.6452675566
 20
119.2581969612
 10
109.4145654008
 20
119.4490086419
 10
109.2007543266
 20
119.6602029874
 10
109.0068193007
 20
119.8863273423
 10
108.8262899251
 20
120.1311147115
 10
108.64513362
 20
120.4138921494
 10
108.4593451511
 20
120.7457058002
 10
108.2787279369
 20
121.1108186596
 10
108.1058018372
 20
121.5023785984
 10
107.9304853188
 20
121.941333181
 10
107.7497275737
 20
122.4389252437
 10
107.5729491791
 20
122.9702388062
 10
107.4051164915
 20
123.5147817362
 10
107.2461992872
 20
124.067227368
 10
107.0952354936
 20
124.6127083731
 10
106.9551321006
 20
125.1057495464
 10
106.8223916324
 20
125.5419439399
 10
106.6864245062
 20
125.9516938578
 10
106.5460960306
 20
126.3351154251
 10
106.4068876586
 20
126.6792170816
 10
106.2680521914
 20
126.9908596919
 10
106.1303896945
 20
127.2712838163
 10
105.9953699028
 20
127.5217619588
 10
105.8640834005
 20
127.7445717852
 10
105.736190899
 20
127.9438220707
 10
105.6141335037
 20
128.1190094246
 10
105.5033793841
 20
128.26599014
 10
105.4067220217
 20
128.3855740615
 10
105.3225984152
 20
128.4828111227
 10
105.2498010075
 20
128.5616202364
 10
105.1882094875
 20
128.6245625725
 10
105.1382305943
 20
128.672613254
  0
LINE
  5
40C
100
AcDbEntity
  8
00_COMPONENTS_3
100
AcDbLine
 62
7
  6
CONTINUOUS
 10
162.8207740817
 20
147.8829709464
 11
162.8209430995
 21
147.9094414236
  0
LINE
  5
40D
100
AcDbEntity
  8
00_COMPONENTS_3
100
AcDbLine
 62
7
  6
CONTINUOUS
 10
165.8202478579
 20
147.8227903332
 11
165.8207138678
 21
147.8708639036
  0
LWPOLYLINE
  5
40E
100
AcDbEntity
  8
00_COMPONENTS_3
100
AcDbPolyline
 62
7
  6
CONTINUOUS
 90
12
 70
0
 10
162.8207740817
 20
147.8829709464
 10
162.818867034
 20
147.7710265472
 10
162.8098623738
 20
147.5424158791
 10
162.7936871767
 20
147.2912544065
 10
162.7707071829
 20
147.02206797
 10
162.7412849439
 20
146.7361586412
 10
162.7056854366
 20
146.433574275
 10
162.6645965269
 20
146.1169526897
 10
162.6187195047
 20
145.7871080217
 10
162.5686711617
 20
145.444265725
 10
162.5152275573
 20
145.0899490003
 10
162.459022095
 20
144.7248920857
  0
LWPOLYLINE
  5
40F
100
AcDbEntity
  8
00_COMPONENTS_3
100
AcDbPolyline
 62
7
  6
CONTINUOUS
 90
124
 70
0
 10
161.2573670086
 20
134.6658476078
 10
161.1609049318
 20
133.5254731265
 10
161.1114640109
 20
132.9488695862
 10
161.0610480866
 20
132.3762291708
 10
161.0090439408
 20
131.8083491066
 10
160.9549307901
 20
131.2469620363
 10
160.8986232734
 20
130.6982652646
 10
160.8396247688
 20
130.1636971209
 10
160.7770101389
 20
129.6410163992
 10
160.710075379
 20
129.1306407401
 10
160.6383677144
 20
128.6349050742
 10
160.5608812435
 20
128.1523482653
 10
160.475995926
 20
127.6789444356
 10
160.3829966225
 20
127.2171584525
 10
160.2811626542
 20
126.7698370938
 10
160.1686514191
 20
126.3359932008
 10
160.044208076
 20
125.9168438431
 10
159.9083963517
 20
125.5184832518
 10
159.762548484
 20
125.1476024603
 10
159.6068903942
 20
124.8062455064
 10
159.4408292391
 20
124.4930256553
 10
159.2649065622
 20
124.207699248
 10
159.0779459436
 20
123.9469099561
 10
158.8774219402
 20
123.7075412117
 10
158.6619552241
 20
123.4877107792
 10
158.4288016915
 20
123.2838997958
 10
158.1729069697
 20
123.0931903919
 10
157.8897689819
 20
122.9140132172
 10
157.575879094
 20
122.7453639032
 10
157.2289320672
 20
122.5872691188
 10
156.847246362
 20
122.4400663265
 10
156.4309701135
 20
122.304427301
 10
155.9811406479
 20
122.1806262938
 10
155.4977718941
 20
122.0684987161
 10
154.9822442928
 20
121.9680827785
 10
154.4365542044
 20
121.8790819974
 10
153.861099123
 20
121.8007080007
 10
153.2571963187
 20
121.7323329254
 10
152.6242696753
 20
121.6733153184
 10
151.9580083499
 20
121.6229290404
 10
151.2534811573
 20
121.5804876241
 10
150.5104748881
 20
121.54565625
 10
149.7353122068
 20
121.5184610183
 10
148.9338201606
 20
121.4988116854
 10
148.1082440022
 20
121.4864594966
 10
147.2618888249
 20
121.481009994
 10
146.4072174865
 20
121.48208352
 10
145.5438692536
 20
121.4893144729
 10
144.6552894011
 20
121.5027667988
 10
143.7541689579
 20
121.5223224152
 10
142.8393487968
 20
121.5481217132
 10
141.8753605973
 20
121.5816348899
 10
140.8619485182
 20
121.6236341652
 10
139.8260391308
 20
121.6736276842
 10
138.7720870087
 20
121.7315896493
 10
137.6880483032
 20
121.79801608
 10
136.5988518592
 20
121.870606451
 10
135.5532150652
 20
121.9443293175
 10
134.563454441
 20
122.015903051
 10
133.6123924728
 20
122.0842123816
 10
132.697190382
 20
122.1470956014
 10
131.8118762266
 20
122.2027823162
 10
130.9543941284
 20
122.2492826218
 10
130.1264604546
 20
122.2847586663
 10
129.3207477427
 20
122.3079856195
 10
128.5363743043
 20
122.3177760971
 10
127.7831810073
 20
122.313507276
 10
127.0586980952
 20
122.295433623
 10
126.3549673391
 20
122.2638965641
 10
125.6736521816
 20
122.2198108401
 10
125.0115872346
 20
122.1641572366
 10
124.3695043459
 20
122.0986735635
 10
123.756016522
 20
122.0263166723
 10
123.1764899076
 20
121.9502221585
 10
122.6289859868
 20
121.8728269214
 10
122.1107954358
 20
121.7959262383
 10
121.6288305806
 20
121.7224830602
 10
121.1836184989
 20
121.6541068038
 10
120.7645901125
 20
121.5902731782
 10
120.3702313671
 20
121.5317710376
 10
120.0037745242
 20
121.4799595738
 10
119.6615963298
 20
121.4350089436
 10
119.3423689066
 20
121.3972097509
 10
119.0482773526
 20
121.3671489304
 10
118.7812650344
 20
121.3451947466
 10
118.544197441
 20
121.3312533313
 10
118.332442195
 20
121.3244664069
 10
118.1391804801
 20
121.3244132434
 10
117.9640885027
 20
121.3310892403
 10
117.8117137799
 20
121.3438233477
 10
117.6837413729
 20
121.3613781679
 10
117.5827737809
 20
121.3814246679
 10
117.5035710075
 20
121.402745272
 10
117.4391803636
 20
121.4256118877
 10
117.3912095216
 20
121.4481508916
 10
117.3596425179
 20
121.4675823839
 10
117.3337712042
 20
121.4884591702
 10
117.3066411711
 20
121.5165882547
 10
117.2763008868
 20
121.5561191064
 10
117.2405891897
 20
121.6126456563
 10
117.2016661671
 20
121.6864982721
 10
117.1606487637
 20
121.7789053963
 10
117.1166120898
 20
121.896306709
 10
117.0710577546
 20
122.0394298037
 10
117.0255518555
 20
122.2066278601
 10
116.9796893456
 20
122.4017130456
 10
116.9340484706
 20
122.6264602386
 10
116.8913664528
 20
122.8694998238
 10
116.8535920449
 20
123.1151088402
 10
116.8202297201
 20
123.3601427564
 10
116.7903979762
 20
123.6053424982
 10
116.7643358154
 20
123.8431934248
 10
116.7416062953
 20
124.0713394776
 10
116.7214006228
 20
124.2930018087
 10
116.7032513795
 20
124.5093397731
 10
116.6869376441
 20
124.7197630713
 10
116.6722679816
 20
124.9237296202
 10
116.6590315811
 20
125.1214953034
 10
116.6471424124
 20
125.3117663689
 10
116.6364679537
 20
125.4942756565
 10
116.6268045912
 20
125.6703889067
 10
116.6180560777
 20
125.840103077
 10
116.6102177051
 20
126.0017107503
 10
116.6032176103
 20
126.1550023916
  0
LINE
  5
410
100
AcDbEntity
  8
00_COMPONENTS_3
100
AcDbLine
 62
7
  6
CONTINUOUS
 10
164.2652776802
 20
134.6316692847
 11
164.3335887482
 21
135.4228630591
  0
LINE
  5
411
100
AcDbEntity
  8
00_COMPONENTS_3
100
AcDbLine
 62
7
  6
CONTINUOUS
 10
161.3212000949
 20
135.4105105842
 11
161.2573670086
 21
134.6658476078
  0
LWPOLYLINE
  5
412
100
AcDbEntity
  8
00_COMPONENTS_4
100
AcDbPolyline
 62
7
  6
CONTINUOUS
 90
13
 70
0
 10
160.7017825303
 20
138.4080091897
 10
160.7744116538
 20
139.2123000109
 10
160.8440560972
 20
140.0635485729
 10
160.9100868932
 20
140.9301972747
 10
160.9752601293
 20
141.8166619127
 10
161.043715385
 20
142.7318947806
 10
161.1186283735
 20
143.6663226111
 10
161.2038368791
 20
144.616657546
 10
161.3050718328
 20
145.600057526
 10
161.4264321798
 20
146.6093500644
 10
161.5719622522
 20
147.6302693874
 10
161.7476287559
 20
148.6688138433
 10
161.7899502303
 20
148.8824185532
  0
LWPOLYLINE
  5
413
100
AcDbEntity
  8
00_COMPONENTS_3
100
AcDbPolyline
 62
7
  6
CONTINUOUS
 90
16
 70
0
 10
164.623952233
 20
138.4240499361
 10
164.6883750216
 20
139.0095966956
 10
164.7895107718
 20
139.8627069777
 10
164.8948769189
 20
140.6883449198
 10
165.0031024206
 20
141.4809774308
 10
165.1121903734
 20
142.2370109231
 10
165.2208095208
 20
142.9583095284
 10
165.3279555516
 20
143.6511052125
 10
165.4317159832
 20
144.3182089858
 10
165.5290536366
 20
144.9567423701
 10
165.6169837591
 20
145.5653619486
 10
165.6929234187
 20
146.1470636914
 10
165.7535516793
 20
146.6998860486
 10
165.7959379269
 20
147.218462599
 10
165.8180795171
 20
147.7036721072
 10
165.8202478579
 20
147.8227903332
  0
LWPOLYLINE
  5
414
100
AcDbEntity
  8
00_COMPONENTS_3
100
AcDbPolyline
 62
7
  6
CONTINUOUS
 90
13
 70
0
 10
162.2799227231
 20
143.5719818868
 10
162.2186928105
 20
143.1713272152
 10
162.1573826298
 20
142.7627288446
 10
162.0964333492
 20
142.3472352405
 10
162.0361596862
 20
141.925550144
 10
161.9766318697
 20
141.4967568933
 10
161.9182082505
 20
141.0620501007
 10
161.8610992173
 20
140.6216718557
 10
161.8051084627
 20
140.1730316314
 10
161.7504426869
 20
139.7178126322
 10
161.6971811658
 20
139.2569084684
 10
161.6449091865
 20
138.7866107621
 10
161.6048734697
 20
138.4117093493
  0
LINE
  5
415
100
AcDbEntity
  8
00_COMPONENTS_3
100
AcDbLine
 62
7
  6
CONTINUOUS
 10
162.459022095
 20
144.7248920857
 11
162.2799227231
 21
143.5719818868
  0
LINE
  5
416
100
AcDbEntity
  8
00_COMPONENTS_4
100
AcDbLine
 62
7
  6
CONTINUOUS
 10
160.158657409
 20
134.4986159825
 11
160.2548828651
 21
135.0128655476
  0
LWPOLYLINE
  5
417
100
AcDbEntity
  8
00_COMPONENTS_4
100
AcDbPolyline
 62
7
  6
CONTINUOUS
 90
15
 70
0
 10
162.4727050441
 20
151.8269124308
 10
162.7757641146
 20
152.870458414
 10
163.0975412481
 20
153.8889160826
 10
163.4216744092
 20
154.8566138971
 10
163.7374650713
 20
155.7719470298
 10
164.0384131432
 20
156.641322367
 10
164.3150062255
 20
157.4608858928
 10
164.5610502832
 20
158.2327846463
 10
164.7733888108
 20
158.9653755333
 10
164.9496679404
 20
159.6647748764
 10
165.0881091524
 20
160.3314001744
 10
165.1872796267
 20
160.9627136994
 10
165.2486669704
 20
161.5575106289
 10
165.2741315197
 20
162.1156974928
 10
165.2738146167
 20
162.3817071125
  0
LWPOLYLINE
  5
418
100
AcDbEntity
  8
00_COMPONENTS
100
AcDbPolyline
 62
7
  6
CONTINUOUS
 90
25
 70
0
 10
169.8045155108
 20
131.7260461605
 10
169.8021489715
 20
132.07252072
 10
169.7916424497
 20
132.6718960825
 10
169.7716487809
 20
133.2404719671
 10
169.7397196124
 20
133.7779251581
 10
169.6933415101
 20
134.280153102
 10
169.6309258366
 20
134.7443686992
 10
169.549040624
 20
135.180121679
 10
169.4453817465
 20
135.5891687224
 10
169.3228480031
 20
135.9592469614
 10
169.1850741199
 20
136.2880764765
 10
169.0311132405
 20
136.5859644571
 10
168.8602142164
 20
136.858388461
 10
168.6743400843
 20
137.1054053239
 10
168.4745566952
 20
137.3283579413
 10
168.2584106036
 20
137.5314689926
 10
168.0279357503
 20
137.7134501109
 10
167.7840138142
 20
137.8744663161
 10
167.5208506043
 20
138.0178396781
 10
167.2378246432
 20
138.1420753725
 10
166.9369244916
 20
138.2451001883
 10
166.6148845443
 20
138.3268103848
 10
166.2711837667
 20
138.3856707337
 10
165.9085485389
 20
138.4196330404
 10
165.5846967006
 20
138.4279974226
  0
LINE
  5
419
100
AcDbEntity
  8
00_COMPONENTS_7
100
AcDbLine
 62
7
  6
CONTINUOUS
 10
158.8144977994
 20
204.076232622
 11
179.5144977994
 21
194.6661826154
  0
LINE
  5
41A
100
AcDbEntity
  8
00_COMPONENTS_7
100
AcDbLine
 62
7
  6
CONTINUOUS
 10
179.5144977994
 20
194.6661826154
 11
179.5144977994
 21
184.076232622
  0
LINE
  5
41B
100
AcDbEntity
  8
00_COMPONENTS_7
100
AcDbLine
 62
7
  6
CONTINUOUS
 10
179.5144977994
 20
121.076232622
 11
179.5144977994
 21
87.076232622
  0
LINE
  5
41C
100
AcDbEntity
  8
00_COMPONENTS_7
100
AcDbLine
 62
7
  6
CONTINUOUS
 10
185.5644977994
 20
184.076232622
 11
185.5644977994
 21
183.076232622
  0
LINE
  5
41D
100
AcDbEntity
  8
00_COMPONENTS_7
100
AcDbLine
 62
7
  6
CONTINUOUS
 10
185.5644977994
 20
122.076232622
 11
185.5644977994
 21
121.076232622
  0
LINE
  5
41E
100
AcDbEntity
  8
00_COMPONENTS_7
100
AcDbLine
 62
7
  6
CONTINUOUS
 10
189.0144977994
 20
106.076232622
 11
189.0144977994
 21
122.076232622
  0
LINE
  5
41F
100
AcDbEntity
  8
00_COMPONENTS_7
100
AcDbLine
 62
7
  6
CONTINUOUS
 10
189.0144977994
 20
183.076232622
 11
189.0144977994
 21
199.076232622
  0
LINE
  5
420
100
AcDbEntity
  8
00_COMPONENTS_7
100
AcDbLine
 62
7
  6
CONTINUOUS
 10
71.2144977994
 20
228.076232622
 11
89.2144977994
 21
228.076232622
  0
LINE
  5
421
100
AcDbEntity
  8
00_COMPONENTS_7
100
AcDbLine
 62
7
  6
CONTINUOUS
 10
106.0144977994
 20
228.076232622
 11
124.0144977994
 21
228.076232622
  0
LINE
  5
422
100
AcDbEntity
  8
00_COMPONENTS_7
100
AcDbLine
 62
7
  6
CONTINUOUS
 10
140.8144977994
 20
228.076232622
 11
158.8144977994
 21
228.076232622
  0
LINE
  5
423
100
AcDbEntity
  8
00_COMPONENTS_7
100
AcDbLine
 62
7
  6
CONTINUOUS
 10
205.0580592977
 20
199.076232622
 11
205.0580592977
 21
106.076232622
  0
CIRCLE
  5
424
100
AcDbEntity
  8
00_COMPONENTS_7
100
AcDbCircle
 62
7
  6
CONTINUOUS
 10
59.5144977994
 20
98.076232622
 40
4.5
  0
CIRCLE
  5
425
100
AcDbEntity
  8
00_COMPONENTS_7
100
AcDbCircle
 62
7
  6
CONTINUOUS
 10
33.0144977994
 20
114.076232622
 40
3.25
  0
ARC
  5
426
100
AcDbEntity
  8
00_COMPONENTS_59_4
100
AcDbCircle
 62
7
  6
CONTINUOUS
 10
61.9451058821
 20
156.083823013
 40
0.3653264118
100
AcDbArc
 50
91.9012332146
 51
102.0387543647
  0
ARC
  5
427
100
AcDbEntity
  8
00_COMPONENTS_4
100
AcDbCircle
 62
7
  6
CONTINUOUS
 10
113.4802940864
 20
122.0594581539
 40
12.807339861
100
AcDbArc
 50
21.1092621394
 51
21.4437768169
  0
ARC
  5
428
100
AcDbEntity
  8
00_COMPONENTS
100
AcDbCircle
 62
7
  6
CONTINUOUS
 10
94.3732530214
 20
122.1774107161
 40
9.8823142541
100
AcDbArc
 50
25.6456069804
 51
25.891854788
  0
ARC
  5
429
100
AcDbEntity
  8
00_COMPONENTS
100
AcDbCircle
 62
7
  6
CONTINUOUS
 10
94.6140277931
 20
122.2945055957
 40
9.6145762103
100
AcDbArc
 50
25.890658044
 51
26.3899174651
  0
ARC
  5
42A
100
AcDbEntity
  8
00_COMPONENTS_5
100
AcDbCircle
 62
7
  6
CONTINUOUS
 10
75.4368469182
 20
133.1199982053
 40
42.7643402139
100
AcDbArc
 50
93.456476721
 51
94.992822015
  0
ARC
  5
42B
100
AcDbEntity
  8
00_COMPONENTS_5
100
AcDbCircle
 62
7
  6
CONTINUOUS
 10
75.0780877739
 20
137.394097746
 40
38.4752378952
100
AcDbArc
 50
95.0145354939
 51
95.8729784807
  0
CIRCLE
  5
42C
100
AcDbEntity
  8
00_COMPONENTS_1
100
AcDbCircle
 62
7
  6
CONTINUOUS
 10
77.4909363011
 20
138.576232622
 40
4.0
  0
CIRCLE
  5
42D
100
AcDbEntity
  8
00_COMPONENTS_1
100
AcDbCircle
 62
7
  6
CONTINUOUS
 10
89.6909363011
 20
138.576232622
 40
4.0
  0
CIRCLE
  5
42E
100
AcDbEntity
  8
00_COMPONENTS_1
100
AcDbCircle
 62
7
  6
CONTINUOUS
 10
89.6909363011
 20
138.576232622
 40
3.6
  0
CIRCLE
  5
42F
100
AcDbEntity
  8
00_COMPONENTS_1
100
AcDbCircle
 62
7
  6
CONTINUOUS
 10
77.4909363011
 20
138.576232622
 40
3.4
  0
ARC
  5
430
100
AcDbEntity
  8
00_COMPONENTS_1
100
AcDbCircle
 62
7
  6
CONTINUOUS
 10
77.4859363011
 20
138.5781746358
 40
2.52
100
AcDbArc
 50
261.4420569698
 51
278.5579430302
  0
ARC
  5
431
100
AcDbEntity
  8
00_COMPONENTS_1
100
AcDbCircle
 62
7
  6
CONTINUOUS
 10
77.4859363011
 20
138.5781746358
 40
2.52
100
AcDbArc
 50
81.4420569698
 51
98.5579430302
  0
ARC
  5
432
100
AcDbEntity
  8
00_COMPONENTS_1
100
AcDbCircle
 62
7
  6
CONTINUOUS
 10
89.6909363011
 20
138.5778987104
 40
2.43
100
AcDbArc
 50
80.7098668064
 51
99.2901331936
  0
ARC
  5
433
100
AcDbEntity
  8
00_COMPONENTS_1
100
AcDbCircle
 62
7
  6
CONTINUOUS
 10
89.6909363011
 20
138.5778987104
 40
2.43
100
AcDbArc
 50
261.2418847245
 51
278.7581152755
  0
ARC
  5
434
100
AcDbEntity
  8
00_COMPONENTS_5
100
AcDbCircle
 62
7
  6
CONTINUOUS
 10
74.7644965692
 20
140.461301948
 40
35.3920452106
100
AcDbArc
 50
95.8760569074
 51
96.848647591
  0
CIRCLE
  5
435
100
AcDbEntity
  8
00_COMPONENTS_1
100
AcDbCircle
 62
7
  6
CONTINUOUS
 10
77.4909363011
 20
152.576232622
 40
4.0
  0
CIRCLE
  5
436
100
AcDbEntity
  8
00_COMPONENTS_1
100
AcDbCircle
 62
7
  6
CONTINUOUS
 10
89.6909363011
 20
152.576232622
 40
4.0
  0
CIRCLE
  5
437
100
AcDbEntity
  8
00_COMPONENTS_1
100
AcDbCircle
 62
7
  6
CONTINUOUS
 10
89.6909363011
 20
152.576232622
 40
3.6
  0
CIRCLE
  5
438
100
AcDbEntity
  8
00_COMPONENTS_1
100
AcDbCircle
 62
7
  6
CONTINUOUS
 10
77.4909363011
 20
152.576232622
 40
3.4
  0
ARC
  5
439
100
AcDbEntity
  8
00_COMPONENTS_1
100
AcDbCircle
 62
7
  6
CONTINUOUS
 10
77.4859363011
 20
152.5781746358
 40
2.52
100
AcDbArc
 50
261.4420569698
 51
278.5579430302
  0
ARC
  5
43A
100
AcDbEntity
  8
00_COMPONENTS_1
100
AcDbCircle
 62
7
  6
CONTINUOUS
 10
77.4859363011
 20
152.5781746358
 40
2.52
100
AcDbArc
 50
81.4420569698
 51
98.5579430302
  0
ARC
  5
43B
100
AcDbEntity
  8
00_COMPONENTS_1
100
AcDbCircle
 62
7
  6
CONTINUOUS
 10
89.6909363011
 20
152.5776917798
 40
2.43
100
AcDbArc
 50
80.7098668064
 51
99.2901331936
  0
ARC
  5
43C
100
AcDbEntity
  8
00_COMPONENTS_1
100
AcDbCircle
 62
7
  6
CONTINUOUS
 10
89.6909363011
 20
152.5776917798
 40
2.43
100
AcDbArc
 50
261.2418847245
 51
278.7581152755
  0
ARC
  5
43D
100
AcDbEntity
  8
00_COMPONENTS
100
AcDbCircle
 62
7
  6
CONTINUOUS
 10
112.1110327164
 20
131.5225614832
 40
54.6938434235
100
AcDbArc
 50
0.0602037685
 51
0.2291242733
  0
ARC
  5
43E
100
AcDbEntity
  8
00_COMPONENTS_7
100
AcDbCircle
 62
7
  6
CONTINUOUS
 10
104.1144977994
 20
127.576232622
 40
1.6
100
AcDbArc
 50
19.3629257236
 51
238.8066242019
  0
ARC
  5
43F
100
AcDbEntity
  8
00_COMPONENTS
100
AcDbCircle
 62
7
  6
CONTINUOUS
 10
104.1144977994
 20
127.576232622
 40
1.5
100
AcDbArc
 50
48.9481700134
 51
228.4789504767
  0
CIRCLE
  5
440
100
AcDbEntity
  8
00_COMPONENTS_7
100
AcDbCircle
 62
7
  6
CONTINUOUS
 10
33.0144977994
 20
191.076232622
 40
3.25
  0
ARC
  5
441
100
AcDbEntity
  8
00_COMPONENTS_59_4
100
AcDbCircle
 62
7
  6
CONTINUOUS
 10
101.7286961416
 20
173.2327732253
 40
15.5077143604
100
AcDbArc
 50
17.3267809456
 51
17.9182318223
  0
ARC
  5
442
100
AcDbEntity
  8
00_COMPONENTS_59_4
100
AcDbCircle
 62
7
  6
CONTINUOUS
 10
102.1021102459
 20
173.3553705959
 40
15.1146939964
100
AcDbArc
 50
17.911535057
 51
18.6288488663
  0
ARC
  5
443
100
AcDbEntity
  8
00_COMPONENTS_5
100
AcDbCircle
 62
7
  6
CONTINUOUS
 10
102.7949265736
 20
174.6355667424
 40
4.3085295433
100
AcDbArc
 50
80.08826025
 51
82.0461809589
  0
ARC
  5
444
100
AcDbEntity
  8
00_COMPONENTS_5
100
AcDbCircle
 62
7
  6
CONTINUOUS
 10
102.8096362799
 20
174.7142992626
 40
4.228440287
100
AcDbArc
 50
76.4751956251
 51
80.100968175
  0
ARC
  5
445
100
AcDbEntity
  8
00_COMPONENTS_5
100
AcDbCircle
 62
7
  6
CONTINUOUS
 10
102.8327306005
 20
174.8131882158
 40
4.1268927181
100
AcDbArc
 50
68.9844351178
 51
76.4658533119
  0
CIRCLE
  5
446
100
AcDbEntity
  8
00_COMPONENTS_1
100
AcDbCircle
 62
7
  6
CONTINUOUS
 10
77.4909363011
 20
166.576232622
 40
4.0
  0
CIRCLE
  5
447
100
AcDbEntity
  8
00_COMPONENTS_1
100
AcDbCircle
 62
7
  6
CONTINUOUS
 10
89.6909363011
 20
166.576232622
 40
4.0
  0
CIRCLE
  5
448
100
AcDbEntity
  8
00_COMPONENTS_1
100
AcDbCircle
 62
7
  6
CONTINUOUS
 10
89.6909363011
 20
166.576232622
 40
3.6
  0
CIRCLE
  5
449
100
AcDbEntity
  8
00_COMPONENTS_1
100
AcDbCircle
 62
7
  6
CONTINUOUS
 10
77.4909363011
 20
166.576232622
 40
3.4
  0
ARC
  5
44A
100
AcDbEntity
  8
00_COMPONENTS_1
100
AcDbCircle
 62
7
  6
CONTINUOUS
 10
77.4859363011
 20
166.5781746358
 40
2.52
100
AcDbArc
 50
261.4420569698
 51
278.5579430302
  0
ARC
  5
44B
100
AcDbEntity
  8
00_COMPONENTS_1
100
AcDbCircle
 62
7
  6
CONTINUOUS
 10
77.4859363011
 20
166.5781746358
 40
2.52
100
AcDbArc
 50
81.4420569698
 51
98.5579430302
  0
ARC
  5
44C
100
AcDbEntity
  8
00_COMPONENTS_1
100
AcDbCircle
 62
7
  6
CONTINUOUS
 10
89.6909363011
 20
166.5774848492
 40
2.43
100
AcDbArc
 50
80.7098668064
 51
99.2901331936
  0
ARC
  5
44D
100
AcDbEntity
  8
00_COMPONENTS_1
100
AcDbCircle
 62
7
  6
CONTINUOUS
 10
89.6909363011
 20
166.5774848492
 40
2.43
100
AcDbArc
 50
261.2418847245
 51
278.7581152755
  0
ARC
  5
44E
100
AcDbEntity
  8
00_COMPONENTS_7
100
AcDbCircle
 62
7
  6
CONTINUOUS
 10
104.1144977994
 20
177.576232622
 40
1.6
100
AcDbArc
 50
199.8988339703
 51
50.6295614502
  0
ARC
  5
44F
100
AcDbEntity
  8
00_COMPONENTS_5
100
AcDbCircle
 62
7
  6
CONTINUOUS
 10
104.1144977994
 20
177.576232622
 40
1.5
100
AcDbArc
 50
205.0822619713
 51
0.1543489842
  0
ARC
  5
450
100
AcDbEntity
  8
00_COMPONENTS_5
100
AcDbCircle
 62
7
  6
CONTINUOUS
 10
104.1038949319
 20
177.5962596052
 40
1.4890375448
100
AcDbArc
 50
206.6237568136
 51
213.3054936815
  0
CIRCLE
  5
451
100
AcDbEntity
  8
00_COMPONENTS_7
100
AcDbCircle
 62
7
  6
CONTINUOUS
 10
80.2144977994
 20
217.076232622
 40
4.5
  0
CIRCLE
  5
452
100
AcDbEntity
  8
00_COMPONENTS_7
100
AcDbCircle
 62
7
  6
CONTINUOUS
 10
115.0144977994
 20
98.076232622
 40
4.5
  0
ARC
  5
453
100
AcDbEntity
  8
00_COMPONENTS_3
100
AcDbCircle
 62
7
  6
CONTINUOUS
 10
118.9693415196
 20
127.5437570059
 40
5.4074743765
100
AcDbArc
 50
179.6760869792
 51
180.1554110486
  0
ARC
  5
454
100
AcDbEntity
  8
00_COMPONENTS_7
100
AcDbCircle
 62
7
  6
CONTINUOUS
 10
115.1144977994
 20
127.576232622
 40
1.6
100
AcDbArc
 50
336.099013389
 51
194.453112371
  0
ARC
  5
455
100
AcDbEntity
  8
00_COMPONENTS_3
100
AcDbCircle
 62
7
  6
CONTINUOUS
 10
115.0626144978
 20
127.6583728155
 40
1.5
100
AcDbArc
 50
359.574172145
 51
179.574172145
  0
CIRCLE
  5
456
100
AcDbEntity
  8
00_COMPONENTS_2
100
AcDbCircle
 62
7
  6
CONTINUOUS
 10
117.4709363011
 20
138.976232622
 40
3.1
  0
ARC
  5
457
100
AcDbEntity
  8
00_COMPONENTS_2
100
AcDbCircle
 62
7
  6
CONTINUOUS
 10
117.4709363011
 20
138.976232622
 40
1.1
100
AcDbArc
 50
287.2356917892
 51
323.1643082106
  0
ARC
  5
458
100
AcDbEntity
  8
00_COMPONENTS_2
100
AcDbCircle
 62
7
  6
CONTINUOUS
 10
117.4709363011
 20
138.976232622
 40
1.1
100
AcDbArc
 50
17.2356917894
 51
53.1643082108
  0
ARC
  5
459
100
AcDbEntity
  8
00_COMPONENTS_2
100
AcDbCircle
 62
7
  6
CONTINUOUS
 10
117.4709363011
 20
138.976232622
 40
1.1
100
AcDbArc
 50
107.2356917894
 51
143.1643082106
  0
ARC
  5
45A
100
AcDbEntity
  8
00_COMPONENTS_2
100
AcDbCircle
 62
7
  6
CONTINUOUS
 10
117.4709363011
 20
138.976232622
 40
1.1
100
AcDbArc
 50
197.2356917894
 51
233.1643082108
  0
ARC
  5
45B
100
AcDbEntity
  8
00_COMPONENTS
100
AcDbCircle
 62
7
  6
CONTINUOUS
 10
123.1417981285
 20
131.5868730636
 40
46.6628712232
100
AcDbArc
 50
0.4294309652
 51
0.7802337548
  0
ARC
  5
45C
100
AcDbEntity
  8
00_COMPONENTS
100
AcDbCircle
 62
7
  6
CONTINUOUS
 10
130.3167662262
 20
131.682348748
 40
39.4872683287
100
AcDbArc
 50
0.783478667
 51
1.2535846756
  0
ARC
  5
45D
100
AcDbEntity
  8
00_COMPONENTS_7
100
AcDbCircle
 62
7
  6
CONTINUOUS
 10
126.1144977994
 20
127.576232622
 40
1.6
100
AcDbArc
 50
113.2559168289
 51
251.3949248039
  0
ARC
  5
45E
100
AcDbEntity
  8
00_COMPONENTS_4
100
AcDbCircle
 62
7
  6
CONTINUOUS
 10
126.2797359182
 20
127.775702421
 40
1.5
100
AcDbArc
 50
91.0234946924
 51
233.7266984646
  0
CIRCLE
  5
45F
100
AcDbEntity
  8
00_COMPONENTS_2
100
AcDbCircle
 62
7
  6
CONTINUOUS
 10
127.3409363011
 20
136.156232622
 40
3.2
  0
CIRCLE
  5
460
100
AcDbEntity
  8
00_COMPONENTS_2
100
AcDbCircle
 62
7
  6
CONTINUOUS
 10
127.4209363011
 20
136.176232622
 40
2.895
  0
CIRCLE
  5
461
100
AcDbEntity
  8
00_COMPONENTS_2
100
AcDbCircle
 62
7
  6
CONTINUOUS
 10
127.3409363011
 20
147.156232622
 40
3.2
  0
CIRCLE
  5
462
100
AcDbEntity
  8
00_COMPONENTS_2
100
AcDbCircle
 62
7
  6
CONTINUOUS
 10
127.4209363011
 20
147.176232622
 40
2.895
  0
ARC
  5
463
100
AcDbEntity
  8
00_COMPONENTS
100
AcDbCircle
 62
7
  6
CONTINUOUS
 10
136.7733398089
 20
131.8189945692
 40
33.0292509264
100
AcDbArc
 50
1.2616339338
 51
1.7395101693
  0
ARC
  5
464
100
AcDbEntity
  8
00_COMPONENTS
100
AcDbCircle
 62
7
  6
CONTINUOUS
 10
141.9308290678
 20
131.972569208
 40
27.8694767483
100
AcDbArc
 50
1.745789554
 51
2.2999473775
  0
ARC
  5
465
100
AcDbEntity
  8
00_COMPONENTS
100
AcDbCircle
 62
7
  6
CONTINUOUS
 10
147.1376309754
 20
132.1793287014
 40
22.6585719575
100
AcDbArc
 50
2.3059164796
 51
3.0422078909
  0
ARC
  5
466
100
AcDbEntity
  8
00_COMPONENTS
100
AcDbCircle
 62
7
  6
CONTINUOUS
 10
151.1715213551
 20
132.3880442936
 40
18.6192904917
100
AcDbArc
 50
3.0596359548
 51
3.6852516892
  0
ARC
  5
467
100
AcDbEntity
  8
00_COMPONENTS
100
AcDbCircle
 62
7
  6
CONTINUOUS
 10
154.5231427381
 20
132.6042060661
 40
15.2607057145
100
AcDbArc
 50
3.6841709046
 51
4.9699697597
  0
CIRCLE
  5
468
100
AcDbEntity
  8
00_COMPONENTS_2
100
AcDbCircle
 62
7
  6
CONTINUOUS
 10
138.2209363011
 20
139.426232622
 40
4.0
  0
CIRCLE
  5
469
100
AcDbEntity
  8
00_COMPONENTS_2
100
AcDbCircle
 62
7
  6
CONTINUOUS
 10
138.2209363011
 20
139.576232622
 40
3.5814587385
  0
CIRCLE
  5
46A
100
AcDbEntity
  8
00_COMPONENTS_2
100
AcDbCircle
 62
7
  6
CONTINUOUS
 10
138.2209363011
 20
153.426232622
 40
4.0
  0
CIRCLE
  5
46B
100
AcDbEntity
  8
00_COMPONENTS_2
100
AcDbCircle
 62
7
  6
CONTINUOUS
 10
138.2209363011
 20
153.576232622
 40
3.5814587385
  0
CIRCLE
  5
46C
100
AcDbEntity
  8
00_COMPONENTS_7
100
AcDbCircle
 62
7
  6
CONTINUOUS
 10
170.5144977994
 20
98.076232622
 40
4.5
  0
CIRCLE
  5
46D
100
AcDbEntity
  8
00_COMPONENTS_7
100
AcDbCircle
 62
7
  6
CONTINUOUS
 10
197.0144977994
 20
114.076232622
 40
3.25
  0
ARC
  5
46E
100
AcDbEntity
  8
00_COMPONENTS
100
AcDbCircle
 62
7
  6
CONTINUOUS
 10
156.7006189883
 20
132.7848904091
 40
13.0757657663
100
AcDbArc
 50
5.0078182116
 51
5.2945509055
  0
ARC
  5
46F
100
AcDbEntity
  8
00_COMPONENTS_3
100
AcDbCircle
 62
7
  6
CONTINUOUS
 10
159.5770736676
 20
150.4281821328
 40
2.3870814208
100
AcDbArc
 50
359.5738379764
 51
359.9716856931
  0
ARC
  5
470
100
AcDbEntity
  8
00_COMPONENTS_7
100
AcDbCircle
 62
7
  6
CONTINUOUS
 10
115.1144977994
 20
177.576232622
 40
1.6
100
AcDbArc
 50
178.4473519036
 51
38.760635853
  0
ARC
  5
471
100
AcDbEntity
  8
00_COMPONENTS_7
100
AcDbCircle
 62
7
  6
CONTINUOUS
 10
126.1144977994
 20
177.576232622
 40
1.6
100
AcDbArc
 50
165.6057979238
 51
26.0757980559
  0
ARC
  5
472
100
AcDbEntity
  8
00_COMPONENTS_59_1
100
AcDbCircle
 62
7
  6
CONTINUOUS
 10
126.1144977994
 20
177.576232622
 40
1.5
100
AcDbArc
 50
186.073578079
 51
0.0643724355
  0
ARC
  5
473
100
AcDbEntity
  8
00_COMPONENTS_59_4
100
AcDbCircle
 62
7
  6
CONTINUOUS
 10
115.1144977993
 20
177.576232622
 40
1.5
100
AcDbArc
 50
196.9213502944
 51
16.8505677068
  0
CIRCLE
  5
474
100
AcDbEntity
  8
00_COMPONENTS_2
100
AcDbCircle
 62
7
  6
CONTINUOUS
 10
127.3409363011
 20
158.156232622
 40
3.2
  0
CIRCLE
  5
475
100
AcDbEntity
  8
00_COMPONENTS_2
100
AcDbCircle
 62
7
  6
CONTINUOUS
 10
127.4209363011
 20
158.176232622
 40
2.895
  0
CIRCLE
  5
476
100
AcDbEntity
  8
00_COMPONENTS_2
100
AcDbCircle
 62
7
  6
CONTINUOUS
 10
138.2209363011
 20
167.426232622
 40
4.0
  0
CIRCLE
  5
477
100
AcDbEntity
  8
00_COMPONENTS_2
100
AcDbCircle
 62
7
  6
CONTINUOUS
 10
138.2209363011
 20
167.576232622
 40
3.5814587385
  0
CIRCLE
  5
478
100
AcDbEntity
  8
00_COMPONENTS_2
100
AcDbCircle
 62
7
  6
CONTINUOUS
 10
127.3409363011
 20
169.156232622
 40
3.2
  0
CIRCLE
  5
479
100
AcDbEntity
  8
00_COMPONENTS_2
100
AcDbCircle
 62
7
  6
CONTINUOUS
 10
127.4209363011
 20
169.176232622
 40
2.895
  0
CIRCLE
  5
47A
100
AcDbEntity
  8
00_COMPONENTS_7
100
AcDbCircle
 62
7
  6
CONTINUOUS
 10
149.8144977994
 20
217.076232622
 40
4.5
  0
CIRCLE
  5
47B
100
AcDbEntity
  8
00_COMPONENTS_7
100
AcDbCircle
 62
7
  6
CONTINUOUS
 10
115.0144977994
 20
217.076232622
 40
4.5
  0
CIRCLE
  5
47C
100
AcDbEntity
  8
00_COMPONENTS_7
100
AcDbCircle
 62
7
  6
CONTINUOUS
 10
197.0144977994
 20
191.076232622
 40
3.25
  0
SPLINE
  5
47D
100
AcDbEntity
  8
00_COMPONENTS
100
AcDbSpline
 62
7
  6
CONTINUOUS
 70
0
 71
3
 72
16
 73
12
 74
0
 42
0.0000001
 43
0.0000001
 44
0.0000000001
 40
0.0
 40
0.0
 40
0.0
 40
0.0
 40
0.0540675712
 40
0.0871053426
 40
0.1258278847
 40
0.2233882053
 40
0.348809918
 40
0.4981540022
 40
0.6629618813
 40
0.8331962364
 40
1.0
 40
1.0
 40
1.0
 40
1.0
 10
160.2044407143
 20
135.005940751
 30
0.0
 10
160.2422878268
 20
135.0060750577
 30
0.0
 10
160.3036329202
 20
135.0259350633
 30
0.0
 10
160.3739448317
 20
135.079320867
 30
0.0
 10
160.4547716419
 20
135.1668434466
 30
0.0
 10
160.5474271154
 20
135.3268729919
 30
0.0
 10
160.6399388989
 20
135.5711380498
 30
0.0
 10
160.7142041201
 20
135.8703514423
 30
0.0
 10
160.7681262514
 20
136.2054084068
 30
0.0
 10
160.7986840989
 20
136.5556410733
 30
0.0
 10
160.804563237
 20
136.7916497323
 30
0.0
 10
160.8041098426
 20
136.9084116436
 30
0.0
  0
SPLINE
  5
47E
100
AcDbEntity
  8
00_COMPONENTS
100
AcDbSpline
 62
7
  6
CONTINUOUS
 70
0
 71
3
 72
16
 73
12
 74
0
 42
0.0000001
 43
0.0000001
 44
0.0000000001
 40
0.0
 40
0.0
 40
0.0
 40
0.0
 40
0.1667886224
 40
0.3370082665
 40
0.5018056206
 40
0.6511471753
 40
0.7765756416
 40
0.8741501515
 40
0.9128807313
 40
0.9459257323
 40
1.0
 40
1.0
 40
1.0
 40
1.0
 10
160.8041098428
 20
136.9084116027
 30
0.0
 10
160.8036072114
 20
137.0251558298
 30
0.0
 10
160.7957978353
 20
137.2610736076
 30
0.0
 10
160.7623831223
 20
137.6109959322
 30
0.0
 10
160.7057346807
 20
137.945562636
 30
0.0
 10
160.6290423183
 20
138.2441393458
 30
0.0
 10
160.5345556043
 20
138.4876444549
 30
0.0
 10
160.4406137406
 20
138.6469309829
 30
0.0
 10
160.3590890344
 20
138.7338219978
 30
0.0
 10
160.2883557517
 20
138.7866636283
 30
0.0
 10
160.2268583162
 20
138.8060609094
 30
0.0
 10
160.1890088129
 20
138.8059093879
 30
0.0
  0
SPLINE
  5
47F
100
AcDbEntity
  8
00_COMPONENTS
100
AcDbSpline
 62
7
  6
CONTINUOUS
 70
0
 71
3
 72
13
 73
9
 74
0
 42
0.0000001
 43
0.0000001
 44
0.0000000001
 40
0.0
 40
0.0
 40
0.0
 40
0.0
 40
0.2812998081
 40
0.560827485
 40
0.6879796552
 40
0.8029277126
 40
0.9061892907
 40
1.0
 40
1.0
 40
1.0
 40
1.0
 10
166.6308922207
 20
136.932273156
 30
0.0
 10
166.6301220917
 20
137.1202655056
 30
0.0
 10
166.5803756938
 20
137.4963526405
 30
0.0
 10
166.3900762485
 20
137.9255602773
 30
0.0
 10
166.1616045931
 20
138.1920051745
 30
0.0
 10
165.9746413009
 20
138.3310873021
 30
0.0
 10
165.7797559225
 20
138.411341962
 30
0.0
 10
165.6473901918
 20
138.4282779842
 30
0.0
 10
165.5846967006
 20
138.4279974226
 30
0.0
  0
SPLINE
  5
480
100
AcDbEntity
  8
00_COMPONENTS
100
AcDbSpline
 62
7
  6
CONTINUOUS
 70
0
 71
3
 72
13
 73
9
 74
0
 42
0.0000001
 43
0.0000001
 44
0.0000000001
 40
0.0
 40
0.0
 40
0.0
 40
0.0
 40
0.0938248398
 40
0.1971071041
 40
0.3120737932
 40
0.4392348828
 40
0.7187434937
 40
1.0
 40
1.0
 40
1.0
 40
1.0
 10
165.5977292929
 20
135.428025841
 30
0.0
 10
165.6604093497
 20
135.4283225792
 30
0.0
 10
165.7925875743
 20
135.4464736337
 30
0.0
 10
165.9866985082
 20
135.5284704549
 30
0.0
 10
166.1723794621
 20
135.6691676693
 30
0.0
 10
166.3984540345
 20
135.9374845481
 30
0.0
 10
166.585044285
 20
136.3680762348
 30
0.0
 10
166.6316619334
 20
136.7443781006
 30
0.0
 10
166.6308922189
 20
136.9322731555
 30
0.0
  0
SPLINE
  5
481
100
AcDbEntity
  8
00_COMPONENTS
100
AcDbSpline
 62
7
  6
CONTINUOUS
 70
0
 71
3
 72
18
 73
14
 74
0
 42
0.0000001
 43
0.0000001
 44
0.0000000001
 40
0.0
 40
0.0
 40
0.0
 40
0.0
 40
0.0029197038
 40
0.0120791191
 40
0.0280855341
 40
0.0515538928
 40
0.0831054151
 40
0.1232607414
 40
0.2301206482
 40
0.3734003816
 40
0.5530101193
 40
0.7642169754
 40
1.0
 40
1.0
 40
1.0
 40
1.0
 10
102.6145103713
 20
127.5700913365
 30
0.0
 10
102.6149883725
 20
127.5690506723
 30
0.0
 10
102.6189187686
 20
127.5660393526
 30
0.0
 10
102.6253762512
 20
127.5572074597
 30
0.0
 10
102.6380475136
 20
127.5428591059
 30
0.0
 10
102.6552647273
 20
127.5209826958
 30
0.0
 10
102.6782110277
 20
127.4915255912
 30
0.0
 10
102.7201472126
 20
127.4354287821
 30
0.0
 10
102.78579234
 20
127.3423593288
 30
0.0
 10
102.8778375853
 20
127.201106612
 30
0.0
 10
102.9859137591
 20
127.0215970416
 30
0.0
 10
103.1053110362
 20
126.8067267332
 30
0.0
 10
103.1855609428
 20
126.6508112984
 30
0.0
 10
103.2266689237
 20
126.567968882
 30
0.0
  0
SPLINE
  5
482
100
AcDbEntity
  8
00_COMPONENTS
100
AcDbSpline
 62
7
  6
CONTINUOUS
 70
0
 71
3
 72
53
 73
49
 74
0
 42
0.0000001
 43
0.0000001
 44
0.0000000001
 40
0.0
 40
0.0
 40
0.0
 40
0.0
 40
0.0193979347
 40
0.0313214241
 40
0.0442409125
 40
0.0569005117
 40
0.0683362537
 40
0.087814224
 40
0.0968016845
 40
0.1059201074
 40
0.1151453791
 40
0.124304025
 40
0.1332773927
 40
0.1420820908
 40
0.1509202095
 40
0.1601541021
 40
0.1700792477
 40
0.1807525704
 40
0.2039077145
 40
0.2300161493
 40
0.2596172034
 40
0.2753690746
 40
0.2918149268
 40
0.3278175456
 40
0.3694611929
 40
0.417951684
 40
0.4733628583
 40
0.5348566877
 40
0.597201536
 40
0.6540761075
 40
0.7027325225
 40
0.7427301262
 40
0.7755731868
 40
0.8045659403
 40
0.8324162656
 40
0.845938044
 40
0.8590450031
 40
0.8716655005
 40
0.8838466998
 40
0.895477038
 40
0.9064596232
 40
0.9170531492
 40
0.9277047452
 40
0.9386191085
 40
0.9498840831
 40
0.9616506617
 40
0.9740225617
 40
1.0
 40
1.0
 40
1.0
 40
1.0
 10
103.2820437374
 20
126.4545105506
 30
0.0
 10
103.4890865395
 20
126.0232671779
 30
0.0
 10
103.7743838539
 20
125.302820813
 30
0.0
 10
104.0921044526
 20
124.2589528582
 30
0.0
 10
104.3315477449
 20
123.3655753104
 30
0.0
 10
104.5857608929
 20
122.4887343648
 30
0.0
 10
104.9157386915
 20
121.4660669974
 30
0.0
 10
105.2625742306
 20
120.5437968571
 30
0.0
 10
105.6545824906
 20
119.7034166123
 30
0.0
 10
105.9792022236
 20
119.1120092396
 30
0.0
 10
106.3567931625
 20
118.5472335417
 30
0.0
 10
106.7944279233
 20
118.0314132103
 30
0.0
 10
107.290166111
 20
117.585931847
 30
0.0
 10
107.8367338733
 20
117.2188567797
 30
0.0
 10
108.4297832359
 20
116.9200010225
 30
0.0
 10
109.0740959947
 20
116.6693649492
 30
0.0
 10
109.7813003249
 20
116.4635690092
 30
0.0
 10
110.8379398356
 20
116.2409573159
 30
0.0
 10
112.3093618344
 20
116.0735634859
 30
0.0
 10
114.2534166524
 20
115.9980296723
 30
0.0
 10
116.0159281269
 20
115.9971860066
 30
0.0
 10
117.5398539841
 20
116.0115060938
 30
0.0
 10
119.2216083728
 20
116.0324359618
 30
0.0
 10
121.5418381606
 20
116.0601788365
 30
0.0
 10
124.6524680131
 20
116.0761638975
 30
0.0
 10
128.2417452261
 20
116.0723852899
 30
0.0
 10
132.3205314944
 20
116.0638416708
 30
0.0
 10
136.7409991533
 20
116.0756405185
 30
0.0
 10
141.1974010597
 20
116.1117936069
 30
0.0
 10
145.3372414387
 20
116.1442214573
 30
0.0
 10
148.926118697
 20
116.1522421401
 30
0.0
 10
151.9223175136
 20
116.146361868
 30
0.0
 10
154.4336750944
 20
116.1507777303
 30
0.0
 10
156.6451329598
 20
116.1894373517
 30
0.0
 10
158.3789854768
 20
116.2800877087
 30
0.0
 10
159.7151656908
 20
116.4244348848
 30
0.0
 10
160.6711674968
 20
116.5793445065
 30
0.0
 10
161.5823414749
 20
116.7935616536
 30
0.0
 10
162.4331094286
 20
117.0882371196
 30
0.0
 10
163.2067646755
 20
117.4645556621
 30
0.0
 10
163.8910157553
 20
117.9195380409
 30
0.0
 10
164.4807145681
 20
118.4572625483
 30
0.0
 10
164.9766384944
 20
119.080298193
 30
0.0
 10
165.38311014
 20
119.7834183504
 30
0.0
 10
165.7106460357
 20
120.5556087768
 30
0.0
 10
165.9726284671
 20
121.3895388811
 30
0.0
 10
166.2557091008
 20
122.5933717721
 30
0.0
 10
166.3930351835
 20
123.5308446269
 30
0.0
 10
166.4656949597
 20
124.1673366501
 30
0.0
  0
SPLINE
  5
483
100
AcDbEntity
  8
00_COMPONENTS
100
AcDbSpline
 62
7
  6
CONTINUOUS
 70
0
 71
3
 72
11
 73
7
 74
0
 42
0.0000001
 43
0.0000001
 44
0.0000000001
 40
0.0
 40
0.0
 40
0.0
 40
0.0
 40
0.2095140408
 40
0.4399510613
 40
0.7095064606
 40
1.0
 40
1.0
 40
1.0
 40
1.0
 10
166.4656949597
 20
124.1673366501
 30
0.0
 10
166.5244957296
 20
124.6824252307
 30
0.0
 10
166.6187430756
 20
125.7673627003
 30
0.0
 10
166.7163469426
 20
127.5204178574
 30
0.0
 10
166.7833052309
 20
129.4753943553
 30
0.0
 10
166.8056175051
 20
130.8612172224
 30
0.0
 10
166.8048459466
 20
131.5800312465
 30
0.0
  0
LINE
  5
484
100
AcDbEntity
  8
00_COMPONENTS
100
AcDbLine
 62
7
  6
CONTINUOUS
 10
169.8037264861
 20
131.8841529312
 11
169.8033587193
 21
131.9366072742
  0
SPLINE
  5
485
100
AcDbEntity
  8
00_COMPONENTS
100
AcDbSpline
 62
7
  6
CONTINUOUS
 70
0
 71
3
 72
15
 73
11
 74
0
 42
0.0000001
 43
0.0000001
 44
0.0000000001
 40
0.0
 40
0.0
 40
0.0
 40
0.0
 40
0.1657003887
 40
0.3068026614
 40
0.4286013092
 40
0.5367761262
 40
0.6393051086
 40
0.7453053243
 40
0.8634841923
 40
1.0
 40
1.0
 40
1.0
 40
1.0
 10
169.7205967195
 20
133.9914683194
 30
0.0
 10
169.694738583
 20
134.2704433914
 30
0.0
 10
169.6306886526
 20
134.7859721966
 30
0.0
 10
169.4605594658
 20
135.4927338484
 30
0.0
 10
169.2102760378
 20
136.072718233
 30
0.0
 10
168.8682598191
 20
136.5274556258
 30
0.0
 10
168.4289952852
 20
136.8481396944
 30
0.0
 10
167.8977727436
 20
137.0264991094
 30
0.0
 10
167.2828429758
 20
137.0581236646
 30
0.0
 10
166.8549881261
 20
136.9876004309
 30
0.0
 10
166.6308922207
 20
136.932273156
 30
0.0
  0
SPLINE
  5
486
100
AcDbEntity
  8
00_COMPONENTS_3
100
AcDbSpline
 62
7
  6
CONTINUOUS
 70
0
 71
3
 72
11
 73
7
 74
0
 42
0.0000001
 43
0.0000001
 44
0.0000000001
 40
0.0
 40
0.0
 40
0.0
 40
0.0
 40
0.2127039483
 40
0.4457251226
 40
0.706324347
 40
1.0
 40
1.0
 40
1.0
 40
1.0
 10
160.3387458574
 20
148.5224555108
 30
0.0
 10
160.3902871585
 20
148.5220578125
 30
0.0
 10
160.4988162599
 20
148.5348456242
 30
0.0
 10
160.6602631238
 20
148.5962804795
 30
0.0
 10
160.8197643965
 20
148.7035440985
 30
0.0
 10
160.9149065319
 20
148.7995670363
 30
0.0
 10
160.9608534897
 20
148.8539103895
 30
0.0
  0
SPLINE
  5
487
100
AcDbEntity
  8
00_COMPONENTS_3
100
AcDbSpline
 62
7
  6
CONTINUOUS
 70
0
 71
3
 72
10
 73
6
 74
0
 42
0.0000001
 43
0.0000001
 44
0.0000000001
 40
0.0
 40
0.0
 40
0.0
 40
0.0
 40
0.2265435343
 40
0.4799877411
 40
1.0
 40
1.0
 40
1.0
 40
1.0
 10
160.9608534897
 20
148.8539103895
 30
0.0
 10
161.0417685917
 20
148.9496120025
 30
0.0
 10
161.1851439462
 20
149.1765734328
 30
0.0
 10
161.3834143794
 20
149.6951215927
 30
0.0
 10
161.4415671149
 20
150.1266326702
 30
0.0
 10
161.4438133406
 20
150.4142944695
 30
0.0
  0
SPLINE
  5
488
100
AcDbEntity
  8
00_COMPONENTS_3
100
AcDbSpline
 62
7
  6
CONTINUOUS
 70
0
 71
3
 72
10
 73
6
 74
0
 42
0.0000001
 43
0.0000001
 44
0.0000000001
 40
0.0
 40
0.0
 40
0.0
 40
0.0
 40
0.5124102211
 40
0.7664436992
 40
1.0
 40
1.0
 40
1.0
 40
1.0
 10
161.4438133406
 20
150.4142944255
 30
0.0
 10
161.4456509836
 20
150.6747260454
 30
0.0
 10
161.4034859938
 20
151.067556621
 30
0.0
 10
161.2464021836
 20
151.5523053425
 30
0.0
 10
161.131494699
 20
151.7740141822
 30
0.0
 10
161.0651783752
 20
151.8724703994
 30
0.0
  0
SPLINE
  5
489
100
AcDbEntity
  8
00_COMPONENTS_3
100
AcDbSpline
 62
7
  6
CONTINUOUS
 70
0
 71
3
 72
11
 73
7
 74
0
 42
0.0000001
 43
0.0000001
 44
0.0000000001
 40
0.0
 40
0.0
 40
0.0
 40
0.0
 40
0.3003753857
 40
0.5632370878
 40
0.793448186
 40
1.0
 40
1.0
 40
1.0
 40
1.0
 10
161.0651783752
 20
151.8724703994
 30
0.0
 10
161.0169528741
 20
151.944068162
 30
0.0
 10
160.9151336707
 20
152.0713602201
 30
0.0
 10
160.737171665
 20
152.2171289527
 30
0.0
 10
160.5525738946
 20
152.3026095095
 30
0.0
 10
160.4265740089
 20
152.3219034225
 30
0.0
 10
160.3672149403
 20
152.3223488455
 30
0.0
  0
SPLINE
  5
48A
100
AcDbEntity
  8
00_COMPONENTS_3
100
AcDbSpline
 62
7
  6
CONTINUOUS
 70
0
 71
3
 72
15
 73
11
 74
0
 42
0.0000001
 43
0.0000001
 44
0.0000000001
 40
0.0
 40
0.0
 40
0.0
 40
0.0
 40
0.1183676808
 40
0.2474840845
 40
0.3783555
 40
0.4999999999
 40
0.6216444995
 40
0.7525159149
 40
0.8816323188
 40
1.0
 40
1.0
 40
1.0
 40
1.0
 10
116.561907626
 20
127.558438755
 30
0.0
 10
116.5632433727
 20
127.7379460282
 30
0.0
 10
116.487922542
 20
128.1179253589
 30
0.0
 10
116.148303376
 20
128.6009766891
 30
0.0
 10
115.6421973582
 20
128.9123736164
 30
0.0
 10
115.0727100661
 20
129.0167205973
 30
0.0
 10
114.5017347077
 20
128.9208498086
 30
0.0
 10
113.9910561018
 20
128.6170098697
 30
0.0
 10
113.644294542
 20
128.1390598859
 30
0.0
 10
113.5633341479
 20
127.7602420739
 30
0.0
 10
113.562001612
 20
127.5807347762
 30
0.0
  0
LINE
  5
48B
100
AcDbEntity
  8
00_COMPONENTS_3
100
AcDbLine
 62
7
  6
CONTINUOUS
 10
113.5618870353
 20
127.5290896039
 11
113.5619360849
 21
127.5137336945
  0
SPLINE
  5
48C
100
AcDbEntity
  8
00_COMPONENTS_3
100
AcDbSpline
 62
7
  6
CONTINUOUS
 70
0
 71
3
 72
59
 73
55
 74
0
 42
0.0000001
 43
0.0000001
 44
0.0000000001
 40
0.0
 40
0.0
 40
0.0
 40
0.0
 40
0.0045954987
 40
0.0103008061
 40
0.0238413571
 40
0.0325511637
 40
0.0429175026
 40
0.0545989197
 40
0.0674361989
 40
0.081668991
 40
0.0892280363
 40
0.0966234565
 40
0.1033986379
 40
0.1095011703
 40
0.1151800637
 40
0.1208348962
 40
0.1269166595
 40
0.1338903719
 40
0.1422303204
 40
0.1524189982
 40
0.164869339
 40
0.1796826885
 40
0.1967209544
 40
0.2156497405
 40
0.2357645951
 40
0.2561603284
 40
0.2764755736
 40
0.2965962737
 40
0.3167202616
 40
0.3372444035
 40
0.381155637
 40
0.431353444
 40
0.4596439063
 40
0.4903405273
 40
0.5592936842
 40
0.5957353059
 40
0.6313487573
 40
0.6645329921
 40
0.6941275543
 40
0.7201597228
 40
0.7433851262
 40
0.7637805961
 40
0.7813465192
 40
0.7965153968
 40
0.810351968
 40
0.8243755297
 40
0.8402044889
 40
0.8492370008
 40
0.8590945017
 40
0.8812492217
 40
0.9063814329
 40
0.9343943184
 40
0.9656733167
 40
1.0
 40
1.0
 40
1.0
 40
1.0
 10
113.5619360849
 20
127.5137336945
 30
0.0
 10
113.5623480608
 20
127.414433256
 30
0.0
 10
113.5662916425
 20
127.1918707303
 30
0.0
 10
113.5799959308
 20
126.6768814526
 30
0.0
 10
113.6032724583
 20
126.073222466
 30
0.0
 10
113.6386412271
 20
125.3693081955
 30
0.0
 10
113.6797656872
 20
124.705942013
 30
0.0
 10
113.7388481355
 20
123.9543881577
 30
0.0
 10
113.8256505427
 20
123.1214688879
 30
0.0
 10
113.9340166635
 20
122.38052078
 30
0.0
 10
114.0642573747
 20
121.7631449291
 30
0.0
 10
114.1912311094
 20
121.3105579336
 30
0.0
 10
114.3531102189
 20
120.9022286372
 30
0.0
 10
114.5559421515
 20
120.5541315166
 30
0.0
 10
114.8050851694
 20
120.2679292076
 30
0.0
 10
115.1116160701
 20
120.043928257
 30
0.0
 10
115.4869397444
 20
119.8850263609
 30
0.0
 10
115.9429504729
 20
119.7945834456
 30
0.0
 10
116.4953913308
 20
119.7753461675
 30
0.0
 10
117.16357348
 20
119.8304056238
 30
0.0
 10
117.9626166015
 20
119.9622394636
 30
0.0
 10
118.8980922621
 20
120.1665835545
 30
0.0
 10
119.9626652518
 20
120.4327010963
 30
0.0
 10
121.1366182212
 20
120.733304799
 30
0.0
 10
122.3860174443
 20
121.0316037018
 30
0.0
 10
123.6741283352
 20
121.2946964488
 30
0.0
 10
124.9733100691
 20
121.4981641283
 30
0.0
 10
126.2753953137
 20
121.6343471065
 30
0.0
 10
127.5871923771
 20
121.7040634667
 30
0.0
 10
129.4149528853
 20
121.7151832431
 30
0.0
 10
131.8900337951
 20
121.5746143572
 30
0.0
 10
134.5211055378
 20
121.3045436462
 30
0.0
 10
136.8675380761
 20
121.0582981332
 30
0.0
 10
139.6190312291
 20
120.78981567
 30
0.0
 10
142.5534027525
 20
120.5791941037
 30
0.0
 10
145.5993694663
 20
120.4860652033
 30
0.0
 10
147.8739127387
 20
120.4900582536
 30
0.0
 10
149.998839035
 20
120.5780436885
 30
0.0
 10
151.9112521967
 20
120.7484593117
 30
0.0
 10
153.5972519539
 20
121.0032033959
 30
0.0
 10
155.065820691
 20
121.3414085402
 30
0.0
 10
156.3202122876
 20
121.7684561649
 30
0.0
 10
157.3537579234
 20
122.2770188582
 30
0.0
 10
158.1818960841
 20
122.8566399228
 30
0.0
 10
158.8438599376
 20
123.5163935116
 30
0.0
 10
159.3867024744
 20
124.2943564294
 30
0.0
 10
159.7496526361
 20
125.0558883608
 30
0.0
 10
160.0047559358
 20
125.7617018631
 30
0.0
 10
160.2583850746
 20
126.6120695202
 30
0.0
 10
160.5195180036
 20
127.820576086
 30
0.0
 10
160.7618205681
 20
129.4300690833
 30
0.0
 10
160.961463169
 20
131.24367946
 30
0.0
 10
161.1403508124
 20
133.2587291257
 30
0.0
 10
161.2571517709
 20
134.6715432573
 30
0.0
 10
161.321134681
 20
135.4105226227
 30
0.0
  0
SPLINE
  5
48D
100
AcDbEntity
  8
00_COMPONENTS_3
100
AcDbSpline
 62
7
  6
CONTINUOUS
 70
0
 71
3
 72
14
 73
10
 74
0
 42
0.0000001
 43
0.0000001
 44
0.0000000001
 40
0.0
 40
0.0
 40
0.0
 40
0.0
 40
0.3414212601
 40
0.4913226525
 40
0.6248895291
 40
0.7417961201
 40
0.842538345
 40
0.9282488514
 40
1.0
 40
1.0
 40
1.0
 40
1.0
 10
161.6048597021
 20
138.4118905094
 30
0.0
 10
161.7190528696
 20
139.4929987779
 30
0.0
 10
161.9065909216
 20
141.0465179861
 30
0.0
 10
162.1941362897
 20
143.0153874467
 30
0.0
 10
162.3911326524
 20
144.2749231781
 30
0.0
 10
162.564346829
 20
145.3797233616
 30
0.0
 10
162.7013879597
 20
146.3359842653
 30
0.0
 10
162.791051287
 20
147.1533950411
 30
0.0
 10
162.8188503935
 20
147.6545155845
 30
0.0
 10
162.8207740817
 20
147.8829709464
 30
0.0
  0
SPLINE
  5
48E
100
AcDbEntity
  8
00_COMPONENTS_3
100
AcDbSpline
 62
7
  6
CONTINUOUS
 70
0
 71
3
 72
13
 73
9
 74
0
 42
0.0000001
 43
0.0000001
 44
0.0000000001
 40
0.0
 40
0.0
 40
0.0
 40
0.0
 40
0.2983951966
 40
0.5703522792
 40
0.6915385804
 40
0.8020471065
 40
0.9036303484
 40
1.0
 40
1.0
 40
1.0
 40
1.0
 10
161.9641869463
 20
150.4269962039
 30
0.0
 10
161.9649151616
 20
150.6173942476
 30
0.0
 10
161.9233088874
 20
150.9828130423
 30
0.0
 10
161.7605407791
 20
151.4008963497
 30
0.0
 10
161.5683344338
 20
151.6607641916
 30
0.0
 10
161.4076894247
 20
151.8029975198
 30
0.0
 10
161.2303369243
 20
151.8936767936
 30
0.0
 10
161.1036672485
 20
151.9161723505
 30
0.0
 10
161.0421860478
 20
151.9172902394
 30
0.0
  0
SPLINE
  5
48F
100
AcDbEntity
  8
00_COMPONENTS_3
100
AcDbSpline
 62
7
  6
CONTINUOUS
 70
0
 71
3
 72
20
 73
16
 74
0
 42
0.0000001
 43
0.0000001
 44
0.0000000001
 40
0.0
 40
0.0
 40
0.0
 40
0.0
 40
0.1396035078
 40
0.1997536044
 40
0.2541806465
 40
0.3037217377
 40
0.34965109
 40
0.3938916339
 40
0.4384824473
 40
0.5361566155
 40
0.5928570878
 40
0.6565519913
 40
0.7283864712
 40
0.8093102119
 40
1.0
 40
1.0
 40
1.0
 40
1.0
 10
165.8207138678
 20
147.8708639036
 30
0.0
 10
165.8224886197
 20
148.1291076641
 30
0.0
 10
165.8093434777
 20
148.4999804125
 30
0.0
 10
165.7308148025
 20
148.9642610731
 30
0.0
 10
165.6480440191
 20
149.2571132563
 30
0.0
 10
165.5374541537
 20
149.5124976483
 30
0.0
 10
165.3969416279
 20
149.7309732356
 30
0.0
 10
165.2254386874
 20
149.9138175426
 30
0.0
 10
164.9467705953
 20
150.1201092031
 30
0.0
 10
164.5999685399
 20
150.2594845326
 30
0.0
 10
164.2065645091
 20
150.3487308506
 30
0.0
 10
163.8539775395
 20
150.3983351812
 30
0.0
 10
163.4545912878
 20
150.4289690726
 30
0.0
 10
162.8193784022
 20
150.4482575568
 30
0.0
 10
162.3167591223
 20
150.4383017731
 30
0.0
 10
161.9641869463
 20
150.4269962039
 30
0.0
  0
SPLINE
  5
490
100
AcDbEntity
  8
00_COMPONENTS_3
100
AcDbSpline
 62
7
  6
CONTINUOUS
 70
0
 71
3
 72
14
 73
10
 74
0
 42
0.0000001
 43
0.0000001
 44
0.0000000001
 40
0.0
 40
0.0
 40
0.0
 40
0.0
 40
0.096063808
 40
0.1975677926
 40
0.3081657381
 40
0.4295017867
 40
0.5614895698
 40
0.7024060021
 40
1.0
 40
1.0
 40
1.0
 40
1.0
 10
161.0101224072
 20
148.9175185982
 30
0.0
 10
161.0721002899
 20
148.9177884481
 30
0.0
 10
161.2002303818
 20
148.9388735336
 30
0.0
 10
161.380457185
 20
149.0283364809
 30
0.0
 10
161.5448307494
 20
149.1700195735
 30
0.0
 10
161.6881221187
 20
149.3577879539
 30
0.0
 10
161.8052161579
 20
149.5848596518
 30
0.0
 10
161.9250000888
 20
149.9338211222
 30
0.0
 10
161.9619400701
 20
150.2184362679
 30
0.0
 10
161.9640458986
 20
150.4104264846
 30
0.0
  0
SPLINE
  5
491
100
AcDbEntity
  8
00_COMPONENTS_4
100
AcDbSpline
 62
7
  6
CONTINUOUS
 70
0
 71
3
 72
14
 73
10
 74
0
 42
0.0000001
 43
0.0000001
 44
0.0000000001
 40
0.0
 40
0.0
 40
0.0
 40
0.0
 40
0.300355232
 40
0.4507290187
 40
0.5915580039
 40
0.717363376
 40
0.8258189656
 40
0.9185169381
 40
1.0
 40
1.0
 40
1.0
 40
1.0
 10
160.7910265266
 20
165.4981746614
 30
0.0
 10
160.786626422
 20
165.7351184266
 30
0.0
 10
160.7441523147
 20
166.0920021701
 30
0.0
 10
160.6068038189
 20
166.5391948033
 30
0.0
 10
160.4660654783
 20
166.8381385535
 30
0.0
 10
160.2946775282
 20
167.0816425438
 30
0.0
 10
160.102271584
 20
167.2573689367
 30
0.0
 10
159.900377968
 20
167.359396914
 30
0.0
 10
159.7616958515
 20
167.38011523
 30
0.0
 10
159.6974152641
 20
167.3789409184
 30
0.0
  0
SPLINE
  5
492
100
AcDbEntity
  8
00_COMPONENTS_4
100
AcDbSpline
 62
7
  6
CONTINUOUS
 70
0
 71
3
 72
14
 73
10
 74
0
 42
0.0000001
 43
0.0000001
 44
0.0000000001
 40
0.0
 40
0.0
 40
0.0
 40
0.0
 40
0.0814867056
 40
0.1741920775
 40
0.2826550628
 40
0.4084643719
 40
0.5492923051
 40
0.6996605574
 40
1.0
 40
1.0
 40
1.0
 40
1.0
 10
159.7654960312
 20
163.5795508795
 30
0.0
 10
159.8297745328
 20
163.5806950082
 30
0.0
 10
159.9676155868
 20
163.6063999219
 30
0.0
 10
160.1657017841
 20
163.7156226291
 30
0.0
 10
160.3516694236
 20
163.8981362104
 30
0.0
 10
160.5142116184
 20
164.1476099445
 30
0.0
 10
160.6441481173
 20
164.4513708178
 30
0.0
 10
160.7654011636
 20
164.9031330832
 30
0.0
 10
160.7950919884
 20
165.2612578352
 30
0.0
 10
160.7910265227
 20
165.4981748266
 30
0.0
  0
SPLINE
  5
493
100
AcDbEntity
  8
00_COMPONENTS_4
100
AcDbSpline
 62
7
  6
CONTINUOUS
 70
0
 71
3
 72
10
 73
6
 74
0
 42
0.0000001
 43
0.0000001
 44
0.0000000001
 40
0.0
 40
0.0
 40
0.0
 40
0.0
 40
0.2213670505
 40
0.4739837793
 40
1.0
 40
1.0
 40
1.0
 40
1.0
 10
160.5278002565
 20
164.194987272
 30
0.0
 10
160.6006116067
 20
164.2684297898
 30
0.0
 10
160.73095974
 20
164.4515081429
 30
0.0
 10
160.9083798408
 20
164.8861336861
 30
0.0
 10
160.9540490779
 20
165.2553260531
 30
0.0
 10
160.9496573756
 20
165.5010306053
 30
0.0
  0
SPLINE
  5
494
100
AcDbEntity
  8
00_COMPONENTS_4
100
AcDbSpline
 62
7
  6
CONTINUOUS
 70
0
 71
3
 72
10
 73
6
 74
0
 42
0.0000001
 43
0.0000001
 44
0.0000000001
 40
0.0
 40
0.0
 40
0.0
 40
0.0
 40
0.5260158503
 40
0.7786334116
 40
1.0
 40
1.0
 40
1.0
 40
1.0
 10
160.9496583472
 20
165.5009882192
 30
0.0
 10
160.9452632953
 20
165.7466925822
 30
0.0
 10
160.8864345817
 20
166.1140148762
 30
0.0
 10
160.6936159989
 20
166.5420329414
 30
0.0
 10
160.5568069818
 20
166.7203355229
 30
0.0
 10
160.4814189891
 20
166.791130338
 30
0.0
  0
SPLINE
  5
495
100
AcDbEntity
  8
00_COMPONENTS_4
100
AcDbSpline
 62
7
  6
CONTINUOUS
 70
0
 71
3
 72
15
 73
11
 74
0
 42
0.0000001
 43
0.0000001
 44
0.0000000001
 40
0.0
 40
0.0
 40
0.0
 40
0.0
 40
0.0663891278
 40
0.1445867246
 40
0.2362939184
 40
0.3441060086
 40
0.4716913275
 40
0.6225397674
 40
0.7983537142
 40
1.0
 40
1.0
 40
1.0
 40
1.0
 10
162.2743221922
 20
162.3257413554
 30
0.0
 10
162.2782316895
 20
162.0953953948
 30
0.0
 10
162.2572929727
 20
161.5930765438
 30
0.0
 10
162.1464650326
 20
160.7796115963
 30
0.0
 10
161.935065779
 20
159.8383306217
 30
0.0
 10
161.6119723424
 20
158.7496232641
 30
0.0
 10
161.1783204256
 20
157.4812553937
 30
0.0
 10
160.6508516411
 20
155.9958586579
 30
0.0
 10
160.0599870701
 20
154.2602227607
 30
0.0
 10
159.6857656409
 20
153.004344981
 30
0.0
 10
159.5033522356
 20
152.3288001974
 30
0.0
  0
SPLINE
  5
496
100
AcDbEntity
  8
00_COMPONENTS_4
100
AcDbSpline
 62
7
  6
CONTINUOUS
 70
0
 71
3
 72
10
 73
6
 74
0
 42
0.0000001
 43
0.0000001
 44
0.0000000001
 40
0.0
 40
0.0
 40
0.0
 40
0.0
 40
0.5265217101
 40
0.775008696
 40
1.0
 40
1.0
 40
1.0
 40
1.0
 10
158.6795570003
 20
148.5355028797
 30
0.0
 10
158.3972160188
 20
146.8409667922
 30
0.0
 10
158.1435911126
 20
144.3207709514
 30
0.0
 10
157.9153862349
 20
141.0667679962
 30
0.0
 10
157.7937129701
 20
139.5265195669
 30
0.0
 10
157.7252287914
 20
138.7956358223
 30
0.0
  0
SPLINE
  5
497
100
AcDbEntity
  8
00_COMPONENTS_4
100
AcDbSpline
 62
7
  6
CONTINUOUS
 70
0
 71
3
 72
48
 73
44
 74
0
 42
0.0000001
 43
0.0000001
 44
0.0000000001
 40
0.0
 40
0.0
 40
0.0
 40
0.0
 40
0.0376636269
 40
0.0704641796
 40
0.0995326894
 40
0.1262541996
 40
0.1392473541
 40
0.1523472864
 40
0.1797931493
 40
0.209891722
 40
0.2438569634
 40
0.2626570139
 40
0.282722146
 40
0.3265959185
 40
0.3748321115
 40
0.4261033544
 40
0.4786115585
 40
0.5305399426
 40
0.5800650535
 40
0.6258614602
 40
0.6679441116
 40
0.7066643998
 40
0.7421762617
 40
0.7742733139
 40
0.8028985602
 40
0.8277639331
 40
0.8386611778
 40
0.8485663138
 40
0.8575524565
 40
0.8657276433
 40
0.8732456667
 40
0.8803217633
 40
0.887215965
 40
0.8942013207
 40
0.9015362001
 40
0.9094200778
 40
0.9179690893
 40
0.9271857605
 40
0.9368561596
 40
0.9467538211
 40
0.9663830821
 40
0.9844210322
 40
1.0
 40
1.0
 40
1.0
 40
1.0
 10
157.1980316751
 20
134.9936131334
 30
0.0
 10
157.0993800801
 20
134.5185091547
 30
0.0
 10
156.8840955464
 20
133.6351366518
 30
0.0
 10
156.4504145433
 20
132.4253134878
 30
0.0
 10
155.9309770694
 20
131.405222462
 30
0.0
 10
155.4193289883
 20
130.6775186904
 30
0.0
 10
154.9673612022
 20
130.1680906374
 30
0.0
 10
154.4709796294
 20
129.6883116687
 30
0.0
 10
153.7475283449
 20
129.1304157182
 30
0.0
 10
152.7192589533
 20
128.5467694758
 30
0.0
 10
151.7297409677
 20
128.1394302411
 30
0.0
 10
150.8374421537
 20
127.8484974738
 30
0.0
 10
149.8095653675
 20
127.5646978773
 30
0.0
 10
148.3934758579
 20
127.269284068
 30
0.0
 10
146.5661340008
 20
126.9953035353
 30
0.0
 10
144.6203861133
 20
126.7708890696
 30
0.0
 10
142.6253063801
 20
126.5616260896
 30
0.0
 10
140.6552968444
 20
126.3289035212
 30
0.0
 10
138.7786738657
 20
126.0475603462
 30
0.0
 10
137.0413837796
 20
125.7037009461
 30
0.0
 10
135.459245825
 20
125.3041666425
 30
0.0
 10
134.0270546233
 20
124.861008883
 30
0.0
 10
132.7385381026
 20
124.3947111459
 30
0.0
 10
131.5886971332
 20
123.9304784965
 30
0.0
 10
130.5745983922
 20
123.4976814797
 30
0.0
 10
129.8089060162
 20
123.1779851785
 30
0.0
 10
129.2559343896
 20
122.9765772607
 30
0.0
 10
128.8890918314
 20
122.8630667822
 30
0.0
 10
128.5489374132
 20
122.7843755613
 30
0.0
 10
128.2328243323
 20
122.7442362238
 30
0.0
 10
127.9384018718
 20
122.7457945623
 30
0.0
 10
127.6641462698
 20
122.7930813352
 30
0.0
 10
127.409626552
 20
122.8878206767
 30
0.0
 10
127.174420517
 20
123.0299854713
 30
0.0
 10
126.9579606271
 20
123.2188886816
 30
0.0
 10
126.7585231677
 20
123.4524266207
 30
0.0
 10
126.5757953064
 20
123.7286081417
 30
0.0
 10
126.4114832005
 20
124.0420438166
 30
0.0
 10
126.2613240648
 20
124.3812984205
 30
0.0
 10
126.0762776134
 20
124.8512620675
 30
0.0
 10
125.8715889777
 20
125.4289654101
 30
0.0
 10
125.6478598338
 20
126.07740963
 30
0.0
 10
125.5004975416
 20
126.4847526753
 30
0.0
 10
125.4282015992
 20
126.6719911215
 30
0.0
  0
SPLINE
  5
498
100
AcDbEntity
  8
00_COMPONENTS_4
100
AcDbSpline
 62
7
  6
CONTINUOUS
 70
0
 71
3
 72
13
 73
9
 74
0
 42
0.0000001
 43
0.0000001
 44
0.0000000001
 40
0.0
 40
0.0
 40
0.0
 40
0.0
 40
0.3869646816
 40
0.5462147736
 40
0.6817688872
 40
0.7932393669
 40
0.8813870334
 40
1.0
 40
1.0
 40
1.0
 40
1.0
 10
125.4010683885
 20
126.7416685668
 30
0.0
 10
125.3438311833
 20
126.8873692474
 30
0.0
 10
125.259558682
 20
127.0917940231
 30
0.0
 10
125.1387576905
 20
127.3399416063
 30
0.0
 10
125.0590152226
 20
127.4835201984
 30
0.0
 10
124.9835471462
 20
127.5971783829
 30
0.0
 10
124.9011781589
 20
127.694027294
 30
0.0
 10
124.8275565039
 20
127.7479878592
 30
0.0
 10
124.7799059314
 20
127.7536251952
 30
0.0
  0
SPLINE
  5
499
100
AcDbEntity
  8
00_COMPONENTS_4
100
AcDbSpline
 62
7
  6
CONTINUOUS
 70
0
 71
3
 72
17
 73
13
 74
0
 42
0.0000001
 43
0.0000001
 44
0.0000000001
 40
0.0
 40
0.0
 40
0.0
 40
0.0
 40
0.1454587701
 40
0.2753879026
 40
0.3857642693
 40
0.482430871
 40
0.5778124202
 40
0.6855909683
 40
0.7492810105
 40
0.8219872841
 40
0.9051843035
 40
1.0
 40
1.0
 40
1.0
 40
1.0
 10
160.9496583967
 20
165.501000325
 30
0.0
 10
161.2562119623
 20
165.5336474631
 30
0.0
 10
161.8380107902
 20
165.5842668109
 30
0.0
 10
162.6571872866
 20
165.5880234632
 30
0.0
 10
163.3681294977
 20
165.4879888287
 30
0.0
 10
163.9750525607
 20
165.2623636529
 30
0.0
 10
164.4934627383
 20
164.8786547638
 30
0.0
 10
164.8264419041
 20
164.4098894948
 30
0.0
 10
165.0332392127
 20
163.9343253828
 30
0.0
 10
165.1621114465
 20
163.4857140128
 30
0.0
 10
165.2477249257
 20
162.9602728062
 30
0.0
 10
165.2702834792
 20
162.5829876077
 30
0.0
 10
165.2738082805
 20
162.3820649867
 30
0.0
  0
SPLINE
  5
49A
100
AcDbEntity
  8
00_COMPONENTS_59_1
100
AcDbSpline
 62
7
  6
CONTINUOUS
 70
0
 71
3
 72
10
 73
6
 74
0
 42
0.0000001
 43
0.0000001
 44
0.0000000001
 40
0.0
 40
0.0
 40
0.0
 40
0.0
 40
0.5437843749
 40
0.7949786656
 40
1.0
 40
1.0
 40
1.0
 40
1.0
 10
61.6105944433
 20
169.0037559931
 30
0.0
 10
61.6109390838
 20
168.7205774878
 30
0.0
 10
61.6241198255
 20
168.306277202
 30
0.0
 10
61.6730688838
 20
167.7877375273
 30
0.0
 10
61.7089840436
 20
167.5525698581
 30
0.0
 10
61.73096837
 20
167.4480917916
 30
0.0
  0
SPLINE
  5
49B
100
AcDbEntity
  8
00_COMPONENTS_59_1
100
AcDbSpline
 62
7
  6
CONTINUOUS
 70
0
 71
3
 72
12
 73
8
 74
0
 42
0.0000001
 43
0.0000001
 44
0.0000000001
 40
0.0
 40
0.0
 40
0.0
 40
0.0
 40
0.4060472222
 40
0.6991742892
 40
0.8054938394
 40
0.8879825087
 40
1.0
 40
1.0
 40
1.0
 40
1.0
 10
61.73096837
 20
167.4480917916
 30
0.0
 10
61.7419389384
 20
167.395955385
 30
0.0
 10
61.7635542112
 20
167.3067265062
 30
0.0
 10
61.7981716589
 20
167.206501336
 30
0.0
 10
61.8287793945
 20
167.1506870504
 30
0.0
 10
61.8522152602
 20
167.1194556681
 30
0.0
 10
61.876497559
 20
167.104063561
 30
0.0
 10
61.8911955561
 20
167.1040704537
 30
0.0
  0
SPLINE
  5
49C
100
AcDbEntity
  8
00_COMPONENTS_59_1
100
AcDbSpline
 62
7
  6
CONTINUOUS
 70
0
 71
3
 72
13
 73
9
 74
0
 42
0.0000001
 43
0.0000001
 44
0.0000000001
 40
0.0
 40
0.0
 40
0.0
 40
0.0
 40
0.1043876499
 40
0.1854401437
 40
0.2918117372
 40
0.4259257961
 40
0.5889251743
 40
1.0
 40
1.0
 40
1.0
 40
1.0
 10
61.8869845723
 20
170.9040681004
 30
0.0
 10
61.8700320971
 20
170.9040616815
 30
0.0
 10
61.8422619835
 20
170.8834577633
 30
0.0
 10
61.8167535716
 20
170.8444757549
 30
0.0
 10
61.7938487624
 20
170.7970584189
 30
0.0
 10
61.7716477686
 20
170.7354514206
 30
0.0
 10
61.7399230281
 20
170.6247915672
 30
0.0
 10
61.7214272834
 20
170.5332857207
 30
0.0
 10
61.7098529692
 20
170.4675384887
 30
0.0
  0
SPLINE
  5
49D
100
AcDbEntity
  8
00_COMPONENTS_59_1
100
AcDbSpline
 62
7
  6
CONTINUOUS
 70
0
 71
3
 72
10
 73
6
 74
0
 42
0.0000001
 43
0.0000001
 44
0.0000000001
 40
0.0
 40
0.0
 40
0.0
 40
0.0
 40
0.2154378893
 40
0.4675450065
 40
1.0
 40
1.0
 40
1.0
 40
1.0
 10
61.7098529692
 20
170.4675384887
 30
0.0
 10
61.6915687881
 20
170.3636762407
 30
0.0
 10
61.6615424488
 20
170.1365896105
 30
0.0
 10
61.6208113239
 20
169.6486984563
 30
0.0
 10
61.6103259698
 20
169.2643987515
 30
0.0
 10
61.6105944432
 20
169.0037559448
 30
0.0
  0
SPLINE
  5
49E
100
AcDbEntity
  8
00_COMPONENTS_59_1
100
AcDbSpline
 62
7
  6
CONTINUOUS
 70
0
 71
3
 72
14
 73
10
 74
0
 42
0.0000001
 43
0.0000001
 44
0.0000000001
 40
0.0
 40
0.0
 40
0.0
 40
0.0
 40
0.0705770518
 40
0.1542907451
 40
0.257578018
 40
0.3825989286
 40
0.5266078978
 40
0.6831557051
 40
1.0
 40
1.0
 40
1.0
 40
1.0
 10
56.3494068814
 20
167.4978444344
 30
0.0
 10
56.3076718143
 20
167.497797434
 30
0.0
 10
56.215736403
 20
167.5169161805
 30
0.0
 10
56.0859633965
 20
167.6016301642
 30
0.0
 10
55.9643589163
 20
167.7427140812
 30
0.0
 10
55.8568674064
 20
167.9361255231
 30
0.0
 10
55.7693206041
 20
168.1729112466
 30
0.0
 10
55.6848403909
 20
168.5287059174
 30
0.0
 10
55.6614158184
 20
168.8097068338
 30
0.0
 10
55.6610956655
 20
168.9970695339
 30
0.0
  0
SPLINE
  5
49F
100
AcDbEntity
  8
00_COMPONENTS_59_1
100
AcDbSpline
 62
7
  6
CONTINUOUS
 70
0
 71
3
 72
21
 73
17
 74
0
 42
0.0000001
 43
0.0000001
 44
0.0000000001
 40
0.0
 40
0.0
 40
0.0
 40
0.0
 40
0.164946999
 40
0.2373105103
 40
0.3043182323
 40
0.3667659543
 40
0.4251862183
 40
0.4797225119
 40
0.5306533748
 40
0.5788395911
 40
0.6258410644
 40
0.7250016599
 40
0.7815165904
 40
0.8449404248
 40
0.9171984822
 40
1.0
 40
1.0
 40
1.0
 40
1.0
 10
55.6610349883
 20
168.9970667862
 30
0.0
 10
54.8956745364
 20
168.9615191902
 30
0.0
 10
53.7932223423
 20
168.9249310875
 30
0.0
 10
52.3796198453
 20
168.9578478403
 30
0.0
 10
51.4441980417
 20
169.0273081252
 30
0.0
 10
50.5795348173
 20
169.1519652478
 30
0.0
 10
49.7858337037
 20
169.3426004745
 30
0.0
 10
49.0705269695
 20
169.6101648933
 30
0.0
 10
48.4454337306
 20
169.9613046309
 30
0.0
 10
47.9162551131
 20
170.3917501891
 30
0.0
 10
47.3199634763
 20
171.074684652
 30
0.0
 10
46.8834656235
 20
171.9251910243
 30
0.0
 10
46.5832964762
 20
172.8984216859
 30
0.0
 10
46.4085212153
 20
173.775606768
 30
0.0
 10
46.2987668884
 20
174.7855100345
 30
0.0
 10
46.2757787561
 20
175.5061510124
 30
0.0
 10
46.2756795056
 20
175.8907674188
 30
0.0
  0
SPLINE
  5
4A0
100
AcDbEntity
  8
00_COMPONENTS_59_1
100
AcDbSpline
 62
7
  6
CONTINUOUS
 70
0
 71
3
 72
66
 73
62
 74
0
 42
0.0000001
 43
0.0000001
 44
0.0000000001
 40
0.0
 40
0.0
 40
0.0
 40
0.0
 40
0.0120578331
 40
0.0256027653
 40
0.0405166353
 40
0.0563406948
 40
0.0723033302
 40
0.0877715053
 40
0.0951915425
 40
0.1023607344
 40
0.1158767698
 40
0.1286057405
 40
0.1349673768
 40
0.1414934079
 40
0.1483178356
 40
0.155531576
 40
0.1631865418
 40
0.1713043576
 40
0.1883928857
 40
0.2057086448
 40
0.2390181959
 40
0.2704736337
 40
0.3001607236
 40
0.3272318612
 40
0.3528137986
 40
0.378045729
 40
0.3905685675
 40
0.4030482013
 40
0.4284430076
 40
0.4563867014
 40
0.4890024616
 40
0.5077458771
 40
0.5284653536
 40
0.5515143839
 40
0.5771470387
 40
0.6053920701
 40
0.6360285731
 40
0.6680583125
 40
0.6993437136
 40
0.7282248197
 40
0.7544677756
 40
0.7783126397
 40
0.8003382862
 40
0.821197734
 40
0.8408752425
 40
0.8593350071
 40
0.8680734762
 40
0.8763864874
 40
0.8841840861
 40
0.8914480532
 40
0.9046574226
 40
0.9167966833
 40
0.9226791434
 40
0.9284043247
 40
0.9392421789
 40
0.9492600769
 40
0.9583664366
 40
0.9666004945
 40
0.9807042873
 40
0.9919934783
 40
1.0
 40
1.0
 40
1.0
 40
1.0
 10
49.2756936613
 20
175.9195030234
 30
0.0
 10
49.276190202
 20
176.2940318989
 30
0.0
 10
49.303693383
 20
177.0893915359
 30
0.0
 10
49.4226577638
 20
178.3429749667
 30
0.0
 10
49.6374959582
 20
179.7025377435
 30
0.0
 10
49.9624755211
 20
181.1176952302
 30
0.0
 10
50.4104486899
 20
182.5175181845
 30
0.0
 10
50.8999880923
 20
183.6243611865
 30
0.0
 10
51.3687178128
 20
184.4329554001
 30
0.0
 10
51.8691437048
 20
185.1491734764
 30
0.0
 10
52.5734470706
 20
185.9209139291
 30
0.0
 10
53.4010068072
 20
186.5172477118
 30
0.0
 10
54.107133476
 20
186.8859696119
 30
0.0
 10
54.6751193592
 20
187.1171217247
 30
0.0
 10
55.286906072
 20
187.3035193766
 30
0.0
 10
55.9467256704
 20
187.4440579646
 30
0.0
 10
56.6559668965
 20
187.5333676033
 30
0.0
 10
57.6765306406
 20
187.5787280551
 30
0.0
 10
58.9986229171
 20
187.5064874868
 30
0.0
 10
61.0800930573
 20
187.1942491256
 30
0.0
 10
63.5695914469
 20
186.6355240635
 30
0.0
 10
66.4106760406
 20
185.9051752338
 30
0.0
 10
69.0695877215
 20
185.2424975232
 30
0.0
 10
71.574806072
 20
184.7216009732
 30
0.0
 10
73.9749881905
 20
184.3972342819
 30
0.0
 10
75.946532449
 20
184.3373610196
 30
0.0
 10
77.5043759021
 20
184.4410083043
 30
0.0
 10
79.0580853803
 20
184.6386930221
 30
0.0
 10
81.0629597045
 20
185.0505106347
 30
0.0
 10
83.6465647666
 20
185.7230490439
 30
0.0
 10
86.0315620197
 20
186.3405114564
 30
0.0
 10
88.2198134816
 20
186.8158560919
 30
0.0
 10
90.1325256395
 20
187.1537118655
 30
0.0
 10
92.2721729586
 20
187.4239687648
 30
0.0
 10
94.6562257537
 20
187.5991689313
 30
0.0
 10
97.2813407938
 20
187.6649092504
 30
0.0
 10
100.1052582243
 20
187.6330299271
 30
0.0
 10
103.0225082527
 20
187.5577174732
 30
0.0
 10
105.8852929989
 20
187.4842663299
 30
0.0
 10
108.5690291361
 20
187.4428402721
 30
0.0
 10
111.0220214606
 20
187.4455566679
 30
0.0
 10
113.2616377062
 20
187.4898442891
 30
0.0
 10
115.3330189014
 20
187.5647523613
 30
0.0
 10
117.2747394597
 20
187.6424776759
 30
0.0
 10
119.1072750749
 20
187.6738920239
 30
0.0
 10
120.5640060423
 20
187.5888100768
 30
0.0
 10
121.6538881252
 20
187.4130531761
 30
0.0
 10
122.4053371831
 20
187.2333871948
 30
0.0
 10
123.0955519838
 20
187.0046570843
 30
0.0
 10
123.899392758
 20
186.648172568
 30
0.0
 10
124.7634626664
 20
186.107912006
 30
0.0
 10
125.4826012608
 20
185.4474734244
 30
0.0
 10
125.9439545058
 20
184.8703838778
 30
0.0
 10
126.3216276245
 20
184.2830432876
 30
0.0
 10
126.668249806
 20
183.5289926426
 30
0.0
 10
126.9359376591
 20
182.6358152649
 30
0.0
 10
127.1079563562
 20
181.8030596435
 30
0.0
 10
127.262490874
 20
180.8385254156
 30
0.0
 10
127.3901656607
 20
179.8016381404
 30
0.0
 10
127.4982537769
 20
178.7698698635
 30
0.0
 10
127.5568323218
 20
178.1733888476
 30
0.0
 10
127.5808042887
 20
177.9258557675
 30
0.0
  0
SPLINE
  5
4A1
100
AcDbEntity
  8
00_COMPONENTS_59_1
100
AcDbSpline
 62
7
  6
CONTINUOUS
 70
0
 71
3
 72
14
 73
10
 74
0
 42
0.0000001
 43
0.0000001
 44
0.0000000001
 40
0.0
 40
0.0
 40
0.0
 40
0.0
 40
0.3168183254
 40
0.4733574398
 40
0.6173649426
 40
0.7423924505
 40
0.845691989
 40
0.9294178275
 40
1.0
 40
1.0
 40
1.0
 40
1.0
 10
55.6610956626
 20
168.997069365
 30
0.0
 10
55.6609945275
 20
169.1844002086
 30
0.0
 10
55.6837797388
 20
169.4654068861
 30
0.0
 10
55.7674310122
 20
169.8213414948
 30
0.0
 10
55.8544179209
 20
170.058306687
 30
0.0
 10
55.9614439036
 20
170.2519643681
 30
0.0
 10
56.0827004013
 20
170.3933478814
 30
0.0
 10
56.212252971
 20
170.4784003689
 30
0.0
 10
56.3041359225
 20
170.4977739546
 30
0.0
 10
56.3458702574
 20
170.4978423118
 30
0.0
  0
SPLINE
  5
4A2
100
AcDbEntity
  8
00_COMPONENTS_59_4
100
AcDbSpline
 62
7
  6
CONTINUOUS
 70
0
 71
3
 72
14
 73
10
 74
0
 42
0.0000001
 43
0.0000001
 44
0.0000000001
 40
0.0
 40
0.0
 40
0.0
 40
0.0
 40
0.0590321066
 40
0.1352332219
 40
0.2357538928
 40
0.3618319216
 40
0.509632705
 40
0.671265629
 40
1.0
 40
1.0
 40
1.0
 40
1.0
 10
64.0842517229
 20
156.8458654148
 30
0.0
 10
64.04280743
 20
156.8425733545
 30
0.0
 10
63.9497511096
 20
156.8079302472
 30
0.0
 10
63.8284152033
 20
156.6905885984
 30
0.0
 10
63.7159110775
 20
156.5078487233
 30
0.0
 10
63.6167051727
 20
156.2625769432
 30
0.0
 10
63.5371683953
 20
155.9657728936
 30
0.0
 10
63.4596868224
 20
155.5226571858
 30
0.0
 10
63.4394239823
 20
155.1764359829
 30
0.0
 10
63.4399592257
 20
154.9449172018
 30
0.0
  0
SPLINE
  5
4A3
100
AcDbEntity
  8
00_COMPONENTS_59_4
100
AcDbSpline
 62
7
  6
CONTINUOUS
 70
0
 71
3
 72
14
 73
10
 74
0
 42
0.0000001
 43
0.0000001
 44
0.0000000001
 40
0.0
 40
0.0
 40
0.0
 40
0.0
 40
0.3267640447
 40
0.4876798993
 40
0.6352704212
 40
0.7617374536
 40
0.8631405284
 40
0.9403637138
 40
1.0
 40
1.0
 40
1.0
 40
1.0
 10
63.4399592258
 20
154.9449172477
 30
0.0
 10
63.4405933206
 20
154.7158241253
 30
0.0
 10
63.4621708207
 20
154.3731778789
 30
0.0
 10
63.5402952368
 20
153.934312556
 30
0.0
 10
63.6198012762
 20
153.6393475298
 30
0.0
 10
63.7185133664
 20
153.3944090462
 30
0.0
 10
63.8302697715
 20
153.2105240699
 30
0.0
 10
63.9503337082
 20
153.0908120504
 30
0.0
 10
64.0427120642
 20
153.0529956453
 30
0.0
 10
64.0842453109
 20
153.0481847189
 30
0.0
  0
SPLINE
  5
4A4
100
AcDbEntity
  8
00_COMPONENTS_59_4
100
AcDbSpline
 62
7
  6
CONTINUOUS
 70
0
 71
3
 72
8
 73
4
 74
0
 42
0.0000001
 43
0.0000001
 44
0.0000000001
 40
0.0
 40
0.0
 40
0.0
 40
0.0
 40
1.0
 40
1.0
 40
1.0
 40
1.0
 10
61.8689085637
 20
156.4411147088
 30
0.0
 10
61.8473548483
 20
156.4365371017
 30
0.0
 10
61.8261392624
 20
156.430051195
 30
0.0
 10
61.8056317149
 20
156.4219915653
 30
0.0
  0
SPLINE
  5
4A5
100
AcDbEntity
  8
00_COMPONENTS_59_4
100
AcDbSpline
 62
7
  6
CONTINUOUS
 70
0
 71
3
 72
12
 73
8
 74
0
 42
0.0000001
 43
0.0000001
 44
0.0000000001
 40
0.0
 40
0.0
 40
0.0
 40
0.0
 40
0.1796851929
 40
0.2897516495
 40
0.4133659692
 40
0.6937035993
 40
1.0
 40
1.0
 40
1.0
 40
1.0
 10
61.8056317149
 20
156.4219915653
 30
0.0
 10
61.7117144064
 20
156.3850813144
 30
0.0
 10
61.5824915492
 20
156.2719258948
 30
0.0
 10
61.4544035279
 20
156.0788671505
 30
0.0
 10
61.3311541674
 20
155.8164211308
 30
0.0
 10
61.2292682216
 20
155.4278210063
 30
0.0
 10
61.2026764202
 20
155.0977019537
 30
0.0
 10
61.2031126343
 20
154.9256885066
 30
0.0
  0
SPLINE
  5
4A6
100
AcDbEntity
  8
00_COMPONENTS_59_4
100
AcDbSpline
 62
7
  6
CONTINUOUS
 70
0
 71
3
 72
9
 73
5
 74
0
 42
0.0000001
 43
0.0000001
 44
0.0000000001
 40
0.0
 40
0.0
 40
0.0
 40
0.0
 40
0.2330953954
 40
1.0
 40
1.0
 40
1.0
 40
1.0
 10
61.2031150254
 20
154.9257049691
 30
0.0
 10
61.3768998135
 20
154.9265849055
 30
0.0
 10
62.1224478354
 20
154.9312026459
 30
0.0
 10
62.867978026
 20
154.9382530835
 30
0.0
 10
63.4397247649
 20
154.9439131924
 30
0.0
  0
SPLINE
  5
4A7
100
AcDbEntity
  8
00_COMPONENTS_59_4
100
AcDbSpline
 62
7
  6
CONTINUOUS
 70
0
 71
3
 72
18
 73
14
 74
0
 42
0.0000001
 43
0.0000001
 44
0.0000000001
 40
0.0
 40
0.0
 40
0.0
 40
0.0
 40
0.0035365177
 40
0.0142547837
 40
0.03231789
 40
0.0578889582
 40
0.0911311374
 40
0.1322076038
 40
0.2384911928
 40
0.3777091675
 40
0.5506209076
 40
0.7579768006
 40
1.0
 40
1.0
 40
1.0
 40
1.0
 10
116.614492959
 20
177.5800432649
 30
0.0
 10
116.6141979409
 20
177.5798866893
 30
0.0
 10
116.6143242035
 20
177.5823510157
 30
0.0
 10
116.612993825
 20
177.5841423796
 30
0.0
 10
116.6118476314
 20
177.5897326852
 30
0.0
 10
116.6096962335
 20
177.5964088598
 30
0.0
 10
116.6071037429
 20
177.6055814471
 30
0.0
 10
116.6022848165
 20
177.6218932437
 30
0.0
 10
116.5946496832
 20
177.6478919234
 30
0.0
 10
116.5833655834
 20
177.6857473084
 30
0.0
 10
116.5692094159
 20
177.7327270721
 30
0.0
 10
116.5520512008
 20
177.7889347007
 30
0.0
 10
116.5395038754
 20
177.8294781291
 30
0.0
 10
116.5326967491
 20
177.8512979567
 30
0.0
  0
SPLINE
  5
4A8
100
AcDbEntity
  8
00_COMPONENTS_59_4
100
AcDbSpline
 62
7
  6
CONTINUOUS
 70
0
 71
3
 72
46
 73
42
 74
0
 42
0.0000001
 43
0.0000001
 44
0.0000000001
 40
0.0
 40
0.0
 40
0.0
 40
0.0
 40
0.0081712339
 40
0.0182851324
 40
0.0239653913
 40
0.0300146116
 40
0.0363811938
 40
0.0430159164
 40
0.0498646368
 40
0.0568708555
 40
0.0711380325
 40
0.0860445821
 40
0.1022831111
 40
0.1207394572
 40
0.142104967
 40
0.1668149339
 40
0.1946308843
 40
0.2252311006
 40
0.2594168897
 40
0.298506297
 40
0.3428887699
 40
0.3904307199
 40
0.4385136794
 40
0.4861059298
 40
0.5332806435
 40
0.5801023008
 40
0.6265343114
 40
0.6721127468
 40
0.7163738085
 40
0.7382710098
 40
0.7602407834
 40
0.7822979718
 40
0.8044010352
 40
0.8256940172
 40
0.8452123629
 40
0.8628289097
 40
0.8787738984
 40
0.9082837774
 40
0.9375333417
 40
0.9683182084
 40
1.0
 40
1.0
 40
1.0
 40
1.0
 10
116.4249105301
 20
178.1835552052
 30
0.0
 10
116.3682135429
 20
178.3516513615
 30
0.0
 10
116.2344715768
 20
178.7255127146
 30
0.0
 10
116.0341700124
 20
179.2062266982
 30
0.0
 10
115.8236816327
 20
179.6313997599
 30
0.0
 10
115.6289899888
 20
179.9729710478
 30
0.0
 10
115.3949809119
 20
180.3148458768
 30
0.0
 10
115.111313616
 20
180.6407192831
 30
0.0
 10
114.7789677666
 20
180.9382026877
 30
0.0
 10
114.2761261349
 20
181.2867815159
 30
0.0
 10
113.5608229225
 20
181.6247734272
 30
0.0
 10
112.6063154004
 20
181.8855784008
 30
0.0
 10
111.5368283215
 20
182.0292177933
 30
0.0
 10
110.3199977623
 20
182.082446512
 30
0.0
 10
108.918776344
 20
182.0711610217
 30
0.0
 10
107.3152469808
 20
182.0246330105
 30
0.0
 10
105.5112945544
 20
181.9724682453
 30
0.0
 10
103.5011645909
 20
181.935297704
 30
0.0
 10
101.2459686656
 20
181.9229115338
 30
0.0
 10
98.6915869863
 20
181.9369877728
 30
0.0
 10
95.8474191524
 20
181.969745235
 30
0.0
 10
92.8080056012
 20
182.0043634617
 30
0.0
 10
89.6987731973
 20
182.0261222801
 30
0.0
 10
86.5974490704
 20
182.032109498
 30
0.0
 10
83.5235091537
 20
182.027994387
 30
0.0
 10
80.4747829625
 20
182.0190637326
 30
0.0
 10
77.4607045239
 20
181.9982877157
 30
0.0
 10
74.5028636363
 20
181.9265291524
 30
0.0
 10
72.0812260581
 20
181.747801451
 30
0.0
 10
70.1867128046
 20
181.4742258698
 30
0.0
 10
68.7834584579
 20
181.188005939
 30
0.0
 10
67.3983609181
 20
180.8046018394
 30
0.0
 10
66.0645000039
 20
180.309506959
 30
0.0
 10
64.8309415178
 20
179.7166784483
 30
0.0
 10
63.7582513334
 20
179.0343881268
 30
0.0
 10
62.8562890375
 20
178.3134263853
 30
0.0
 10
61.8842224537
 20
177.3461010861
 30
0.0
 10
60.8945577673
 20
176.0506410721
 30
0.0
 10
59.9669594664
 20
174.3351523358
 30
0.0
 10
59.2460407395
 20
172.4747557017
 30
0.0
 10
58.8758549274
 20
171.1685472916
 30
0.0
 10
58.7087514402
 20
170.5013319286
 30
0.0
  0
SPLINE
  5
4A9
100
AcDbEntity
  8
00_COMPONENTS_59_4
100
AcDbSpline
 62
7
  6
CONTINUOUS
 70
0
 71
3
 72
13
 73
9
 74
0
 42
0.0000001
 43
0.0000001
 44
0.0000000001
 40
0.0
 40
0.0
 40
0.0
 40
0.0
 40
0.3087952885
 40
0.5833571309
 40
0.7038858029
 40
0.8129810148
 40
0.9119722246
 40
1.0
 40
1.0
 40
1.0
 40
1.0
 10
58.0811346718
 20
167.499837999
 30
0.0
 10
57.9094339184
 20
166.5246264487
 30
0.0
 10
57.6295247569
 20
164.6745090476
 30
0.0
 10
57.3483810227
 20
162.4348203666
 30
0.0
 10
57.173073347
 20
160.8275561584
 30
0.0
 10
57.0730549432
 20
159.7784776375
 30
0.0
 10
57.0027501492
 20
158.8315042824
 30
0.0
 10
56.9803529334
 20
158.2318152134
 30
0.0
 10
56.9810241231
 20
157.9495380284
 30
0.0
  0
SPLINE
  5
4AA
100
AcDbEntity
  8
00_COMPONENTS_59_4
100
AcDbSpline
 62
7
  6
CONTINUOUS
 70
0
 71
3
 72
21
 73
17
 74
0
 42
0.0000001
 43
0.0000001
 44
0.0000000001
 40
0.0
 40
0.0
 40
0.0
 40
0.0
 40
0.0669328635
 40
0.1229640591
 40
0.1688516436
 40
0.208060562
 40
0.2440719105
 40
0.2802122791
 40
0.3200405887
 40
0.366297859
 40
0.419916635
 40
0.4805388814
 40
0.5480014758
 40
0.622393402
 40
0.7936334687
 40
1.0
 40
1.0
 40
1.0
 40
1.0
 10
53.9810233467
 20
157.9480923706
 30
0.0
 10
53.9813934227
 20
157.7446912294
 30
0.0
 10
53.9920826921
 20
157.3708425829
 30
0.0
 10
54.0503206351
 20
156.8601017153
 30
0.0
 10
54.1529866403
 20
156.442144896
 30
0.0
 10
54.2996379134
 20
156.1023010136
 30
0.0
 10
54.4953726231
 20
155.8230699468
 30
0.0
 10
54.7488342728
 20
155.5920344888
 30
0.0
 10
55.071269744
 20
155.4030854275
 30
0.0
 10
55.4702698968
 20
155.2536178415
 30
0.0
 10
55.94551466
 20
155.1402619146
 30
0.0
 10
56.4919710172
 20
155.0581150204
 30
0.0
 10
57.1047683539
 20
155.0004620864
 30
0.0
 10
58.0548532824
 20
154.9467409193
 30
0.0
 10
59.4285087766
 20
154.9208390156
 30
0.0
 10
60.57599601
 20
154.9224881788
 30
0.0
 10
61.2031126262
 20
154.9256885065
 30
0.0
  0
SPLINE
  5
4AB
100
AcDbEntity
  8
00_COMPONENTS_59_4
100
AcDbSpline
 62
7
  6
CONTINUOUS
 70
0
 71
3
 72
14
 73
10
 74
0
 42
0.0000001
 43
0.0000001
 44
0.0000000001
 40
0.0
 40
0.0
 40
0.0
 40
0.0
 40
0.3202407652
 40
0.4686897137
 40
0.6043761189
 40
0.7246256747
 40
0.8287410522
 40
0.9187294088
 40
1.0
 40
1.0
 40
1.0
 40
1.0
 10
61.2031126262
 20
154.9256885065
 30
0.0
 10
61.2035928344
 20
154.7363224792
 30
0.0
 10
61.2293210668
 20
154.4579027679
 30
0.0
 10
61.3188886523
 20
154.1113344716
 30
0.0
 10
61.4064274782
 20
153.888004282
 30
0.0
 10
61.5139104906
 20
153.7030219655
 30
0.0
 10
61.6380828863
 20
153.5625383747
 30
0.0
 10
61.776466146
 20
153.4719705822
 30
0.0
 10
61.8783192578
 20
153.4495898276
 30
0.0
 10
61.9263750605
 20
153.4491980455
 30
0.0
  0
SPLINE
  5
4AC
100
AcDbEntity
  8
00_COMPONENTS_5
100
AcDbSpline
 62
7
  6
CONTINUOUS
 70
0
 71
3
 72
16
 73
12
 74
0
 42
0.0000001
 43
0.0000001
 44
0.0000000001
 40
0.0
 40
0.0
 40
0.0
 40
0.0
 40
0.1685362534
 40
0.3403872466
 40
0.5064946928
 40
0.6565815993
 40
0.7820066179
 40
0.8786857766
 40
0.9165950311
 40
0.9485756957
 40
1.0
 40
1.0
 40
1.0
 40
1.0
 10
62.6021428163
 20
140.9642694721
 30
0.0
 10
62.6024802949
 20
140.8473609268
 30
0.0
 10
62.6095398415
 20
140.6112115606
 30
0.0
 10
62.6406243366
 20
140.2610058926
 30
0.0
 10
62.6934785455
 20
139.9263515762
 30
0.0
 10
62.7651462944
 20
139.6279603349
 30
0.0
 10
62.8534993926
 20
139.3848543743
 30
0.0
 10
62.9413355442
 20
139.2254948821
 30
0.0
 10
63.0180193254
 20
139.1382613816
 30
0.0
 10
63.083863333
 20
139.0856141011
 30
0.0
 10
63.1420779771
 20
139.0657266143
 30
0.0
 10
63.1777495176
 20
139.0658136013
 30
0.0
  0
SPLINE
  5
4AD
100
AcDbEntity
  8
00_COMPONENTS_5
100
AcDbSpline
 62
7
  6
CONTINUOUS
 70
0
 71
3
 72
16
 73
12
 74
0
 42
0.0000001
 43
0.0000001
 44
0.0000000001
 40
0.0
 40
0.0
 40
0.0
 40
0.0
 40
0.0514170011
 40
0.0833899187
 40
0.12129066
 40
0.2179549833
 40
0.3433730766
 40
0.4934627688
 40
0.6595813341
 40
0.8314478151
 40
1.0
 40
1.0
 40
1.0
 40
1.0
 10
63.1676321562
 20
142.865800113
 30
0.0
 10
63.1319636409
 20
142.8657192604
 30
0.0
 10
63.0738481146
 20
142.845559305
 30
0.0
 10
63.0082756842
 20
142.7925908587
 30
0.0
 10
62.9320473021
 20
142.704978525
 30
0.0
 10
62.8450513124
 20
142.5451688479
 30
0.0
 10
62.757988479
 20
142.3015961734
 30
0.0
 10
62.6879102367
 20
142.0028042955
 30
0.0
 10
62.6368455021
 20
141.6678320738
 30
0.0
 10
62.6076391985
 20
141.3174150043
 30
0.0
 10
62.6018503542
 20
141.0811957854
 30
0.0
 10
62.6021428163
 20
140.9642694245
 30
0.0
  0
SPLINE
  5
4AE
100
AcDbEntity
  8
00_COMPONENTS_5
100
AcDbSpline
 62
7
  6
CONTINUOUS
 70
0
 71
3
 72
15
 73
11
 74
0
 42
0.0000001
 43
0.0000001
 44
0.0000000001
 40
0.0
 40
0.0
 40
0.0
 40
0.0
 40
0.1313372376
 40
0.2591220513
 40
0.3772285247
 40
0.4931793853
 40
0.6195527047
 40
0.7507618265
 40
0.8797096024
 40
1.0
 40
1.0
 40
1.0
 40
1.0
 10
102.859424782
 20
176.7786246892
 30
0.0
 10
102.9513900595
 20
176.6386599025
 30
0.0
 10
103.1814972204
 20
176.3912590236
 30
0.0
 10
103.6136782813
 20
176.1617274232
 30
0.0
 10
104.0750159038
 20
176.0803083494
 30
0.0
 10
104.5376924971
 20
176.1379091264
 30
0.0
 10
104.9776820425
 20
176.3413060057
 30
0.0
 10
105.340646701
 20
176.6886548483
 30
0.0
 10
105.5659091736
 20
177.1281252318
 30
0.0
 10
105.6148462371
 20
177.4481857262
 30
0.0
 10
105.6144295667
 20
177.601573422
 30
0.0
  0
SPLINE
  5
4AF
100
AcDbEntity
  8
00_COMPONENTS_5
100
AcDbSpline
 62
7
  6
CONTINUOUS
 70
0
 71
3
 72
9
 73
5
 74
0
 42
0.0000001
 43
0.0000001
 44
0.0000000001
 40
0.0
 40
0.0
 40
0.0
 40
0.0
 40
0.20276154
 40
1.0
 40
1.0
 40
1.0
 40
1.0
 10
105.6144349727
 20
177.601574836
 30
0.0
 10
105.6144267749
 20
177.6046179253
 30
0.0
 10
105.6134498873
 20
177.6196210345
 30
0.0
 10
105.6098493927
 20
177.6343255497
 30
0.0
 10
105.6064637998
 20
177.6458017463
 30
0.0
  0
SPLINE
  5
4B0
100
AcDbEntity
  8
00_COMPONENTS_5
100
AcDbSpline
 62
7
  6
CONTINUOUS
 70
0
 71
3
 72
9
 73
5
 74
0
 42
0.0000001
 43
0.0000001
 44
0.0000000001
 40
0.0
 40
0.0
 40
0.0
 40
0.0
 40
0.4233267784
 40
1.0
 40
1.0
 40
1.0
 40
1.0
 10
105.6064637998
 20
177.6458017463
 30
0.0
 10
105.5966790104
 20
177.678969398
 30
0.0
 10
105.5623521627
 20
177.7538287035
 30
0.0
 10
105.5176811945
 20
177.8224233208
 30
0.0
 10
105.4898410641
 20
177.8604238497
 30
0.0
  0
SPLINE
  5
4B1
100
AcDbEntity
  8
00_COMPONENTS_5
100
AcDbSpline
 62
7
  6
CONTINUOUS
 70
0
 71
3
 72
9
 73
5
 74
0
 42
0.0000001
 43
0.0000001
 44
0.0000000001
 40
0.0
 40
0.0
 40
0.0
 40
0.0
 40
0.4459076232
 40
1.0
 40
1.0
 40
1.0
 40
1.0
 10
105.4898410641
 20
177.8604238497
 30
0.0
 10
105.4242507992
 20
177.9499516186
 30
0.0
 10
105.2515729872
 20
178.1319479466
 30
0.0
 10
105.0508500019
 20
178.2809259074
 30
0.0
 10
104.9346508949
 20
178.3552016037
 30
0.0
  0
SPLINE
  5
4B2
100
AcDbEntity
  8
00_COMPONENTS_5
100
AcDbSpline
 62
7
  6
CONTINUOUS
 70
0
 71
3
 72
9
 73
5
 74
0
 42
0.0000001
 43
0.0000001
 44
0.0000000001
 40
0.0
 40
0.0
 40
0.0
 40
0.0
 40
0.2314943432
 40
1.0
 40
1.0
 40
1.0
 40
1.0
 10
104.9346508949
 20
178.3552016037
 30
0.0
 10
104.8894169466
 20
178.3841156211
 30
0.0
 10
104.6905563272
 20
178.5035625731
 30
0.0
 10
104.4790644633
 20
178.6015881256
 30
0.0
 10
104.3127232692
 20
178.6655725693
 30
0.0
  0
SPLINE
  5
4B3
100
AcDbEntity
  8
00_COMPONENTS_5
100
AcDbSpline
 62
7
  6
CONTINUOUS
 70
0
 71
3
 72
16
 73
12
 74
0
 42
0.0000001
 43
0.0000001
 44
0.0000000001
 40
0.0
 40
0.0
 40
0.0
 40
0.0
 40
0.0791954352
 40
0.1744554482
 40
0.2269603026
 40
0.2814780354
 40
0.3935707331
 40
0.5123365897
 40
0.6478047777
 40
0.810995341
 40
1.0
 40
1.0
 40
1.0
 40
1.0
 10
103.3911188756
 20
178.9026478953
 30
0.0
 10
103.1021377854
 20
178.9430417412
 30
0.0
 10
102.4552364378
 20
178.9681495207
 30
0.0
 10
101.6245908433
 20
178.8370871732
 30
0.0
 10
100.9057427351
 20
178.6395268119
 30
0.0
 10
100.138007185
 20
178.3891170035
 30
0.0
 10
99.1519048876
 20
178.0236735891
 30
0.0
 10
97.8924632359
 20
177.5385320245
 30
0.0
 10
96.4476648025
 20
177.0106741969
 30
0.0
 10
94.7342896429
 20
176.4669817833
 30
0.0
 10
93.4716804712
 20
176.1600758929
 30
0.0
 10
92.7885451894
 20
176.0249267451
 30
0.0
  0
SPLINE
  5
4B4
100
AcDbEntity
  8
00_COMPONENTS_5
100
AcDbSpline
 62
7
  6
CONTINUOUS
 70
0
 71
3
 72
12
 73
8
 74
0
 42
0.0000001
 43
0.0000001
 44
0.0000000001
 40
0.0
 40
0.0
 40
0.0
 40
0.0
 40
0.1256598575
 40
0.247880326
 40
0.4850065382
 40
0.7319037692
 40
1.0
 40
1.0
 40
1.0
 40
1.0
 10
92.7885451894
 20
176.0249267451
 30
0.0
 10
92.3323546429
 20
175.9346755676
 30
0.0
 10
91.4271461268
 20
175.7822327659
 30
0.0
 10
89.6424052365
 20
175.5847981647
 30
0.0
 10
87.398167705
 20
175.494532276
 30
0.0
 10
84.6146506073
 20
175.5516823192
 30
0.0
 10
82.7111396888
 20
175.6474989327
 30
0.0
 10
81.7202431731
 20
175.6973548769
 30
0.0
  0
SPLINE
  5
4B5
100
AcDbEntity
  8
00_COMPONENTS_5
100
AcDbSpline
 62
7
  6
CONTINUOUS
 70
0
 71
3
 72
9
 73
5
 74
0
 42
0.0000001
 43
0.0000001
 44
0.0000000001
 40
0.0
 40
0.0
 40
0.0
 40
0.0
 40
0.2425156992
 40
1.0
 40
1.0
 40
1.0
 40
1.0
 10
81.7202431731
 20
175.6973548769
 30
0.0
 10
81.4670534948
 20
175.7100938565
 30
0.0
 10
80.4230477018
 20
175.7626617829
 30
0.0
 10
79.3788061242
 20
175.8114820156
 30
0.0
 10
78.5874907383
 20
175.8398646608
 30
0.0
  0
SPLINE
  5
4B6
100
AcDbEntity
  8
00_COMPONENTS_5
100
AcDbSpline
 62
7
  6
CONTINUOUS
 70
0
 71
3
 72
9
 73
5
 74
0
 42
0.0000001
 43
0.0000001
 44
0.0000000001
 40
0.0
 40
0.0
 40
0.0
 40
0.0
 40
0.4675563701
 40
1.0
 40
1.0
 40
1.0
 40
1.0
 10
78.5874907383
 20
175.8398646608
 30
0.0
 10
77.6949201668
 20
175.8718790942
 30
0.0
 10
75.7849029992
 20
175.9179292386
 30
0.0
 10
73.8738083122
 20
175.8679917739
 30
0.0
 10
72.8585714047
 20
175.8065451411
 30
0.0
  0
SPLINE
  5
4B7
100
AcDbEntity
  8
00_COMPONENTS_5
100
AcDbSpline
 62
7
  6
CONTINUOUS
 70
0
 71
3
 72
9
 73
5
 74
0
 42
0.0000001
 43
0.0000001
 44
0.0000000001
 40
0.0
 40
0.0
 40
0.0
 40
0.0
 40
0.5083048256
 40
1.0
 40
1.0
 40
1.0
 40
1.0
 10
70.5441008778
 20
175.6008113982
 30
0.0
 10
70.0279146642
 20
175.5387667917
 30
0.0
 10
69.0149705048
 20
175.3940088187
 30
0.0
 10
68.0109362364
 20
175.1951185152
 30
0.0
 10
67.5212255332
 20
175.0806415248
 30
0.0
  0
SPLINE
  5
4B8
100
AcDbEntity
  8
00_COMPONENTS_5
100
AcDbSpline
 62
7
  6
CONTINUOUS
 70
0
 71
3
 72
11
 73
7
 74
0
 42
0.0000001
 43
0.0000001
 44
0.0000000001
 40
0.0
 40
0.0
 40
0.0
 40
0.0
 40
0.2533682348
 40
0.4975211579
 40
0.743502332
 40
1.0
 40
1.0
 40
1.0
 40
1.0
 10
64.0902984979
 20
173.9031825516
 30
0.0
 10
63.6867609656
 20
173.7068608897
 30
0.0
 10
62.91426149
 20
173.2776462891
 30
0.0
 10
61.8521346
 20
172.4929714715
 30
0.0
 10
60.897752801
 20
171.572338398
 30
0.0
 10
60.3399450038
 20
170.875514632
 30
0.0
 10
60.0763950121
 20
170.505471938
 30
0.0
  0
SPLINE
  5
4B9
100
AcDbEntity
  8
00_COMPONENTS_5
100
AcDbSpline
 62
7
  6
CONTINUOUS
 70
0
 71
3
 72
9
 73
5
 74
0
 42
0.0000001
 43
0.0000001
 44
0.0000000001
 40
0.0
 40
0.0
 40
0.0
 40
0.0
 40
0.2426034827
 40
1.0
 40
1.0
 40
1.0
 40
1.0
 10
58.4219420683
 20
167.5016079025
 30
0.0
 10
58.3722141046
 20
167.3876498625
 30
0.0
 10
58.1709476033
 20
166.9163020276
 30
0.0
 10
57.9838893339
 20
166.438953883
 30
0.0
 10
57.8482810492
 20
166.0752426648
 30
0.0
  0
SPLINE
  5
4BA
100
AcDbEntity
  8
00_COMPONENTS_5
100
AcDbSpline
 62
7
  6
CONTINUOUS
 70
0
 71
3
 72
13
 73
9
 74
0
 42
0.0000001
 43
0.0000001
 44
0.0000000001
 40
0.0
 40
0.0
 40
0.0
 40
0.0
 40
0.3317259642
 40
0.6075441707
 40
0.7235686829
 40
0.8265316817
 40
0.9180755792
 40
1.0
 40
1.0
 40
1.0
 40
1.0
 10
54.74912883
 20
155.0546415413
 30
0.0
 10
54.5192649797
 20
154.0677408433
 30
0.0
 10
54.1116552048
 20
152.2571362018
 30
0.0
 10
53.6825443171
 20
150.0882856887
 30
0.0
 10
53.4451392655
 20
148.5953952266
 30
0.0
 10
53.3246534194
 20
147.6543003486
 30
0.0
 10
53.2512249577
 20
146.812838854
 30
0.0
 10
53.2324437344
 20
146.2828991504
 30
0.0
 10
53.2324890664
 20
146.0326463004
 30
0.0
  0
SPLINE
  5
4BB
100
AcDbEntity
  8
00_COMPONENTS_5
100
AcDbSpline
 62
7
  6
CONTINUOUS
 70
0
 71
3
 72
21
 73
17
 74
0
 42
0.0000001
 43
0.0000001
 44
0.0000000001
 40
0.0
 40
0.0
 40
0.0
 40
0.0
 40
0.0716914819
 40
0.1350154393
 40
0.1922948727
 40
0.2464444023
 40
0.3004723586
 40
0.3560838223
 40
0.3846264874
 40
0.4135694721
 40
0.4722417972
 40
0.5317264215
 40
0.5923931345
 40
0.7210640049
 40
0.8588591508
 40
1.0
 40
1.0
 40
1.0
 40
1.0
 10
50.2325686034
 20
146.0078278043
 30
0.0
 10
50.2332920318
 20
145.6410259258
 30
0.0
 10
50.2671874052
 20
144.9491122297
 30
0.0
 10
50.461526416
 20
143.9795606295
 30
0.0
 10
50.8167393825
 20
143.1502028587
 30
0.0
 10
51.3406178437
 20
142.4727629712
 30
0.0
 10
52.0120865511
 20
141.9582987815
 30
0.0
 10
52.6537428219
 20
141.6521700447
 30
0.0
 10
53.201404718
 20
141.4644870871
 30
0.0
 10
53.7749804969
 20
141.3075235634
 30
0.0
 10
54.5150464935
 20
141.1651665683
 30
0.0
 10
55.4235214356
 20
141.0534207083
 30
0.0
 10
56.6931672257
 20
140.9558142643
 30
0.0
 10
58.3670054975
 20
140.9090481761
 30
0.0
 10
60.4525390832
 20
140.917888132
 30
0.0
 10
61.8794533702
 20
140.9458781863
 30
0.0
 10
62.6014093916
 20
140.9618928122
 30
0.0
  0
ELLIPSE
  5
4BC
100
AcDbEntity
  8
00_COMPONENTS_2
100
AcDbEllipse
 62
7
  6
CONTINUOUS
 10
109.3787881529
 20
172.076232622
 30
0.0
 11
3.1824074074
 21
-0.0
 31
0.0
 40
0.549898167
 41
2.9561630881
 42
3.3270222191
  0
ENDSEC
  0
SECTION
  2
OBJECTS
  0
DICTIONARY
  5
C
100
AcDbDictionary
280
0
281
1
  3
ACAD_GROUP
350
D
  3
ACAD_MLINESTYLE
350
17
  3
ACAD_LAYOUT
350
1A
  3
ACAD_PLOTSETTINGS
350
19
  3
ACAD_PLOTSTYLENAME
350
E
  0
DICTIONARY
  5
D
102
{ACAD_REACTORS
330
C
102
}
100
AcDbDictionary
280
0
281
1
  0
ACDBDICTIONARYWDFLT
  5
E
102
{ACAD_REACTORS
330
C
102
}
100
AcDbDictionary
281
1
  3
Normal
350
F
100
AcDbDictionaryWithDefault
340
F
  0
DICTIONARY
  5
17
102
{ACAD_REACTORS
330
C
102
}
100
AcDbDictionary
280
0
281
1
  3
Standard
350
18
  0
DICTIONARY
  5
19
102
{ACAD_REACTORS
330
C
102
}
100
AcDbDictionary
281
1
  0
DICTIONARY
  5
1A
102
{ACAD_REACTORS
330
C
102
}
100
AcDbDictionary
281
1
  3
Model
350
4BD
  3
Layout1
350
4BE
  0
ACDBPLACEHOLDER
  5
F
102
{ACAD_REACTORS
330
E
102
}
  0
MLINESTYLE
  5
18
102
{ACAD_REACTORS
330
17
102
}
100
AcDbMlineStyle
  2
STANDARD
 70
0
  3

 62
256
 51
90.0
 52
90.0
 71
2
 49
0.5
 62
256
  6
BYLAYER
 49
-0.5
 62
256
  6
BYLAYER
  0
LAYOUT
  5
4BD
102
{ACAD_REACTORS
330
1A
102
}
100
AcDbPlotSettings
  1

  2
none_device
  4

  6

 40
0.0
 41
0.0
 42
0.0
 43
0.0
 44
210.0
 45
297.0
 46
0.0
 47
0.0
 48
0.0
 49
0.0
140
0.0
141
0.0
142
1.0
143
1.0
 70
1024
 72
1
 73
0
 74
0
  7

 75
0
147
1.0
148
0.0
149
0.0
100
AcDbLayout
  1
Model
 70
0
 71
0
 10
0.0
 20
0.0
 11
210.0
 21
297.0
 12
0.0
 22
0.0
 32
0.0
 14
0.0
 24
0.0
 34
0.0
 15
0.0
 25
0.0
 35
0.0
146
0.0
 13
0.0
 23
0.0
 33
0.0
 16
1.0
 26
0.0
 36
0.0
 17
0.0
 27
1.0
 37
0.0
 76
0
330
225
345
0
346
0
  0
LAYOUT
  5
4BE
102
{ACAD_REACTORS
330
1A
102
}
100
AcDbPlotSettings
  1

  2
none_device
  4

  6

 40
0.0
 41
0.0
 42
0.0
 43
0.0
 44
210.0
 45
297.0
 46
0.0
 47
0.0
 48
0.0
 49
0.0
140
0.0
141
0.0
142
1.0
143
1.0
 70
0
 72
1
 73
0
 74
0
  7

 75
0
147
1.0
148
0.0
149
0.0
100
AcDbLayout
  1
Layout1
 70
0
 71
1
 10
0.0
 20
0.0
 11
210.0
 21
297.0
 12
0.0
 22
0.0
 32
0.0
 14
0.0
 24
0.0
 34
0.0
 15
0.0
 25
0.0
 35
0.0
146
0.0
 13
0.0
 23
0.0
 33
0.0
 16
1.0
 26
0.0
 36
0.0
 17
0.0
 27
1.0
 37
0.0
 76
0
330
226
345
0
346
0
  0
ENDSEC
  0
EOF
